Classification,Code,Description,Parent Code,Level,IsBasicLevel
H5,010121,"Horses; live, pure-bred breeding animals",0101,6,1
H5,010129,"Horses; live, other than pure-bred breeding animals",0101,6,1
H5,010130,Asses; live,0101,6,1
H5,010190,Mules and hinnies; live,0101,6,1
H5,010221,"Cattle; live, pure-bred breeding animals",0102,6,1
H5,010229,"Cattle; live, other than pure-bred breeding animals",0102,6,1
H5,010231,"Buffalo; live, pure-bred breeding animals",0102,6,1
H5,010239,"Buffalo; live, other than pure-bred breeding animals",0102,6,1
H5,010290,"Bovine animals; live, other than cattle and buffalo",0102,6,1
H5,010310,"Swine; live, pure-bred breeding animals",0103,6,1
H5,010391,"Swine; live, other than pure-bred breeding animals, weighing less than 50kg",0103,6,1
H5,010392,"Swine; live, other than pure-bred breeding animals, weighing 50kg or more",0103,6,1
H5,010410,Sheep; live,0104,6,1
H5,010420,Goats; live,0104,6,1
H5,010511,"Poultry; live, fowls of the species Gallus domesticus, weighing not more than 185g",0105,6,1
H5,010512,"Poultry; live, turkeys, weighing not more than 185g",0105,6,1
H5,010513,"Poultry; live, ducks, weighing not more than 185g",0105,6,1
H5,010514,"Poultry; live, geese, weighing not more than 185g",0105,6,1
H5,010515,"Poultry; live, guinea fowls, weighing not more than 185g",0105,6,1
H5,010594,"Poultry; live, fowls of the species Gallus domesticus, weighing more than 185g",0105,6,1
H5,010599,"Poultry; live, ducks, geese, turkeys and guinea fowls, weighing more than 185g",0105,6,1
H5,010611,"Mammals; live, primates",0106,6,1
H5,010612,"Mammals; live, whales, dolphins and porpoises (mammals of the order Cetacea); manatees and dugongs (mammals of the order Sirenia); seals, sea lions and walruses (mammals of the suborder Pinnipedia)",0106,6,1
H5,010613,"Mammals; live, camels and other camelids (Camelidae)",0106,6,1
H5,010614,"Mammals; live, rabbits and hares",0106,6,1
H5,010619,"Mammals; live, other than primates, whales, dolphins, porpoises (mammals of the order Cetacea); manatees, dugongs (mammals of the order Sirenia); seals, sea lions, walruses (mammals of the suborder Pinnipedia), camels, other camelids, rabbits and hares",0106,6,1
H5,010620,Reptiles; live (including snakes and turtles),0106,6,1
H5,010631,"Birds; live, birds of prey",0106,6,1
H5,010632,"Birds; live, Psittaciformes",0106,6,1
H5,010633,"Birds; live, ostriches; emus (Dromaius novaehollandiae)",0106,6,1
H5,010639,"Birds; live, other than birds of prey, Psittaciformes, ostriches and emus (Dromaius novaehollandiae)",0106,6,1
H5,010641,"Insects; live, bees",0106,6,1
H5,010649,"Insects; live, other than bees",0106,6,1
H5,010690,"Animals; live, n.e.c. in chapter 01, other than mammals, reptiles, birds and insects",0106,6,1
H5,020110,"Meat; of bovine animals, carcasses and half-carcasses, fresh or chilled",0201,6,1
H5,020120,"Meat; of bovine animals, cuts with bone in (excluding carcasses and half-carcasses), fresh or chilled",0201,6,1
H5,020130,"Meat; of bovine animals, boneless cuts, fresh or chilled",0201,6,1
H5,020210,"Meat; of bovine animals, carcasses and half-carcasses, frozen",0202,6,1
H5,020220,"Meat; of bovine animals, cuts with bone in (excluding carcasses and half-carcasses), frozen",0202,6,1
H5,020230,"Meat; of bovine animals, boneless cuts, frozen",0202,6,1
H5,020311,"Meat; of swine, carcasses and half-carcasses, fresh or chilled",0203,6,1
H5,020312,"Meat; of swine, hams, shoulders and cuts thereof, with bone in, fresh or chilled",0203,6,1
H5,020319,"Meat; of swine, n.e.c. in item no. 0203.1, fresh or chilled",0203,6,1
H5,020321,"Meat; of swine, carcasses and half-carcasses, frozen",0203,6,1
H5,020322,"Meat; of swine, hams, shoulders and cuts thereof, with bone in, frozen",0203,6,1
H5,020329,"Meat; of swine, n.e.c. in item no. 0203.2, frozen",0203,6,1
H5,020410,"Meat; of sheep, lamb carcasses and half-carcasses, fresh or chilled",0204,6,1
H5,020421,"Meat; of sheep, carcasses and half-carcasses (excluding carcasses and half-carcasses of lamb), fresh or chilled",0204,6,1
H5,020422,"Meat; of sheep (including lamb), cuts with bone in (excluding carcasses and half-carcasses), fresh or chilled",0204,6,1
H5,020423,"Meat; of sheep (including lamb), boneless cuts, fresh or chilled",0204,6,1
H5,020430,"Meat; of sheep, lamb carcasses and half-carcasses, frozen",0204,6,1
H5,020441,"Meat; of sheep, carcasses and half-carcasses (excluding carcasses and half-carcasses of lamb), frozen",0204,6,1
H5,020442,"Meat; of sheep (including lamb), cuts with bone in (excluding carcasses and half-carcasses), frozen",0204,6,1
H5,020443,"Meat; of sheep (including lamb), boneless cuts, frozen",0204,6,1
H5,020450,"Meat; of goats, fresh, chilled or frozen",0204,6,1
H5,020500,"Meat; of horses, asses, mules or hinnies, fresh, chilled or frozen",0205,6,1
H5,020610,"Offal, edible; of bovine animals, fresh or chilled",0206,6,1
H5,020621,"Offal, edible; of bovine animals, tongues, frozen",0206,6,1
H5,020622,"Offal, edible; of bovine animals, livers, frozen",0206,6,1
H5,020629,"Offal, edible; of bovine animals, (other than tongues and livers), frozen",0206,6,1
H5,020630,"Offal, edible; of swine, fresh or chilled",0206,6,1
H5,020641,"Offal, edible; of swine, livers, frozen",0206,6,1
H5,020649,"Offal, edible; of swine, (other than livers), frozen",0206,6,1
H5,020680,"Offal, edible; of sheep, goats, horses, asses, mules or hinnies, fresh or chilled",0206,6,1
H5,020690,"Offal, edible; of sheep, goats, horses, asses, mules or hinnies, frozen",0206,6,1
H5,020711,"Meat and edible offal; of fowls of the species Gallus domesticus, not cut in pieces, fresh or chilled",0207,6,1
H5,020712,"Meat and edible offal; of fowls of the species Gallus domesticus, not cut in pieces, frozen",0207,6,1
H5,020713,"Meat and edible offal; of fowls of the species Gallus domesticus, cuts and offal, fresh or chilled",0207,6,1
H5,020714,"Meat and edible offal; of fowls of the species Gallus domesticus, cuts and offal, frozen",0207,6,1
H5,020724,"Meat and edible offal; of turkeys, not cut in pieces, fresh or chilled",0207,6,1
H5,020725,"Meat and edible offal; of turkeys, not cut in pieces, frozen",0207,6,1
H5,020726,"Meat and edible offal; of turkeys, cuts and offal, fresh or chilled",0207,6,1
H5,020727,"Meat and edible offal; of turkeys, cuts and offal, frozen",0207,6,1
H5,020741,"Meat and edible offal; of ducks, not cut in pieces, fresh or chilled",0207,6,1
H5,020742,"Meat and edible offal; of ducks, not cut in pieces, frozen",0207,6,1
H5,020743,"Meat and edible offal; of ducks, fatty livers (foie gras), fresh or chilled",0207,6,1
H5,020744,"Meat and edible offal; of ducks, cuts and offal, excluding fatty livers, fresh or chilled",0207,6,1
H5,020745,"Meat and edible offal; of ducks, cuts and offal, excluding fatty livers, frozen",0207,6,1
H5,020751,"Meat and edible offal; of geese, not cut in pieces, fresh or chilled",0207,6,1
H5,020752,"Meat and edible offal; of geese, not cut in pieces, frozen",0207,6,1
H5,020753,"Meat and edible offal; of geese, fatty livers (foie gras), fresh or chilled",0207,6,1
H5,020754,"Meat and edible offal; of geese, cuts and offal, excluding fatty livers, fresh or chilled",0207,6,1
H5,020755,"Meat and edible offal; of geese, cuts and offal, excluding fatty livers, frozen",0207,6,1
H5,020760,"Meat and edible offal; of guinea fowls, fresh, chilled or frozen",0207,6,1
H5,020810,"Meat and edible meat offal; of rabbits or hares, fresh, chilled or frozen",0208,6,1
H5,020830,"Meat and edible meat offal; of primates, fresh, chilled or frozen",0208,6,1
H5,020840,"Meat and edible meat offal; of whales, dolphins and porpoises (mammals of the order Cetacea); of manatees and dugongs (mammals of the order Sirenia); of seals, sea lions and walruses (mammals of the suborder Pinnipedia), fresh, chilled or frozen",0208,6,1
H5,020850,"Meat and edible meat offal; of reptiles (including snakes and turtles), fresh, chilled or frozen",0208,6,1
H5,020860,"Meat and edible meat offal; of camels and other camelids (Camelidae), fresh, chilled or frozen",0208,6,1
H5,020890,"Meat and edible meat offal; n.e.c. in chapter 2, fresh, chilled or frozen",0208,6,1
H5,020910,"Fat; pig fat, free of lean meat, not rendered or otherwise extracted, fresh, chilled, frozen, salted, in brine, dried or smoked",0209,6,1
H5,020990,"Fat; poultry fat, not rendered or otherwise extracted, fresh, chilled, frozen, salted, in brine, dried or smoked",0209,6,1
H5,021011,"Meat; salted, in brine, dried or smoked, of swine, hams, shoulders and cuts thereof, with bone in",0210,6,1
H5,021012,"Meat; salted, in brine, dried or smoked, of swine, bellies (streaky) and cuts thereof",0210,6,1
H5,021019,"Meat; salted in brine, dried or smoked, of swine, n.e.c. in item no. 0210.1",0210,6,1
H5,021020,"Meat; salted, in brine, dried or smoked, of bovine animals",0210,6,1
H5,021091,"Meat and edible meat offal; salted, in brine, dried or smoked, and edible flours and meals of meat or meat offal, of primates",0210,6,1
H5,021092,"Meat and edible meat offal; salted, in brine, dried or smoked; edible flours, meals of meat or meat offal, of whales, dolphins, porpoises (of order Cetacea); manatees, dugongs (of order Sirenia); seals, sea lions, and walruses (of suborder Pinnipedia)",0210,6,1
H5,021093,"Meat and edible meat offal; salted, in brine, dried or smoked, and edible flours and meals of meat or meat offal, of reptiles (including snakes and turtles)",0210,6,1
H5,021099,"Meat and edible meat offal; salted, in brine, dried or smoked, and edible flours and meals of meat or meat offal, other than of primates, whales, dolphins, porpoises, manatees, dugongs, seals, sea lions, walruses, reptiles (including snakes and turtles)",0210,6,1
H5,030111,"Fish; live, ornamental, freshwater",0301,6,1
H5,030119,"Fish; live, ornamental, other than freshwater",0301,6,1
H5,030191,"Fish; live, trout (Salmo trutta, Oncorhynchus mykiss, Oncorhynchus clarki, Oncorhynchus aguabonita, Oncorhynchus gilae, Oncorhynchus apache and Oncorhynchus chrysogaster)",0301,6,1
H5,030192,"Fish; live, eels (Anguilla spp.)",0301,6,1
H5,030193,"Fish; live, carp (Cyprinus spp., Carassius spp., Ctenopharyngodon idellus, Hypophthalmichthys spp., Cirrhinus spp., Mylopharyngodon piceus, Catla catla, Labeo spp., Osteochilus hasselti, Leptobarbus hoeveni, Megalobrama spp.)",0301,6,1
H5,030194,"Fish; live, Atlantic and Pacific bluefin tunas (Thunnus thynnus, Thunnus orientalis)",0301,6,1
H5,030195,"Fish; live, southern bluefin tunas (Thunnus maccoyii)",0301,6,1
H5,030199,"Fish; live, n.e.c. in heading 0301",0301,6,1
H5,030211,"Fish; fresh or chilled, trout (Salmo trutta, Oncorhynchus mykiss, Oncorhynchus clarki, Oncorhynchus aguabonita, Oncorhynchus gilae, Oncorhynchus apache and Oncorhynchus chrysogaster), excluding fillets, fish meat of 0304, and edible fish offal of 0302.9",0302,6,1
H5,030213,"Fish; fresh or chilled, Pacific salmon (Oncorhynchus nerka, Oncorhynchus gorbuscha, Oncorhynchus keta, Oncorhynchus tschawytscha, Oncorhynchus kisutch, Oncorhynchus masou, Oncorhynchus rhodurus), not fillets, meat of 0304, and edible fish offal of 0302.9",0302,6,1
H5,030214,"Fish; fresh or chilled, Atlantic salmon (Salmo salar) and Danube salmon (Hucho hucho), excluding fillets, fish meat of 0304, and edible fish offal of subheadings 0302.91 to 0302.99",0302,6,1
H5,030219,"Fish; fresh or chilled, salmonidae, n.e.c. in item no. 0302.1, excluding fillets, fish meat of 0304, and edible fish offal of subheadings 0302.91 to 0302.99",0302,6,1
H5,030221,"Fish; fresh or chilled, halibut (Reinhardtius hippoglossoides, Hippoglossus hippoglossus, Hippoglossus stenolepis), excluding fillets, fish meat of 0304, and edible fish offal of subheadings 0302.91 to 0302.99",0302,6,1
H5,030222,"Fish; fresh or chilled, plaice (Pleuronectes platessa), excluding fillets, fish meat of 0304, and edible fish offal of subheadings 0302.91 to 0302.99",0302,6,1
H5,030223,"Fish; fresh or chilled, sole (Solea spp.), excluding fillets, fish meat of 0304, and edible fish offal of subheadings 0302.91 to 0302.99",0302,6,1
H5,030224,"Fish; fresh or chilled, turbots (Psetta maxima, Scophthalmidae), excluding fillets, fish meat of 0304, and edible fish offal of subheadings 0302.91 to 0302.99",0302,6,1
H5,030229,"Fish; fresh or chilled, flat fish, n.e.c. in item no. 0302.2, excluding fillets, fish meat of 0304, and edible fish offal of subheadings 0302.91 to 0302.99",0302,6,1
H5,030231,"Fish; fresh or chilled, albacore or longfinned tunas (Thunnus alalunga), excluding fillets, fish meat of 0304, and edible fish offal of subheadings 0302.91 to 0302.99",0302,6,1
H5,030232,"Fish; fresh or chilled, yellowfin tunas (Thunnus albacares), excluding fillets, fish meat of 0304, and edible fish offal of subheadings 0302.91 to 0302.99",0302,6,1
H5,030233,"Fish; fresh or chilled, skipjack or stripe-bellied bonito, excluding fillets, fish meat of 0304, and edible fish offal of subheadings 0302.91 to 0302.99",0302,6,1
H5,030234,"Fish; fresh or chilled, bigeye tunas (Thunnus obesus), excluding fillets, fish meat of 0304, and edible fish offal of subheadings 0302.91 to 0302.99",0302,6,1
H5,030235,"Fish; fresh or chilled, Atlantic and Pacific bluefin tunas (Thunnus thynnus, Thunnus orientalis), excluding fillets, fish meat of 0304, and edible fish offal of subheadings 0302.91 to 0302.99",0302,6,1
H5,030236,"Fish; fresh or chilled, southern bluefin tunas (Thunnus maccoyii), excluding fillets, fish meat of 0304, and edible fish offal of subheadings 0302.91 to 0302.99",0302,6,1
H5,030239,"Fish; fresh or chilled, tuna, n.e.c. in item no. 0302.3, excluding fillets, fish meat of 0304, and edible fish offal of subheadings 0302.91 to 0302.99",0302,6,1
H5,030241,"Fish; fresh or chilled, herrings (Clupea harengus, Clupea pallasii), excluding fillets, fish meat of 0304, and edible fish offal of subheadings 0302.91 to 0302.99",0302,6,1
H5,030242,"Fish; fresh or chilled, anchovies (Engraulis spp.), excluding fillets, fish meat of 0304, and edible fish offal of subheadings 0302.91 to 0302.99",0302,6,1
H5,030243,"Fish; fresh or chilled, sardines (Sardina pilchardus, Sardinops spp.), sardinella (Sardinella spp.), brisling or sprats (Sprattus sprattus), excluding fillets, fish meat of 0304, and edible fish offal of subheadings 0302.91 to 0302.99",0302,6,1
H5,030244,"Fish; fresh or chilled, mackerel (Scomber scombrus, Scomber australasicus, Scomber japonicus), excluding fillets, fish meat of 0304, and edible fish offal of subheadings 0302.91 to 0302.99",0302,6,1
H5,030245,"Fish; fresh or chilled, jack and horse mackerel (Trachurus spp.), excluding fillets, fish meat of 0304, and edible fish offal of subheadings 0302.91 to 0302.99",0302,6,1
H5,030246,"Fish; fresh or chilled, cobia (Rachycentron canadum), excluding fillets, fish meat of 0304, and edible fish offal of subheadings 0302.91 to 0302.99",0302,6,1
H5,030247,"Fish; fresh or chilled, swordfish (Xiphias gladius), excluding fillets, fish meat of 0304, and edible fish offal of subheadings 0302.91 to 0302.99",0302,6,1
H5,030249,"Fish; fresh or chilled, n.e.c. in item no. 0302.4, excluding fillets, fish meat of 0304, and edible fish offal of subheadings 0302.91 to 0302.99",0302,6,1
H5,030251,"Fish; fresh or chilled, cod (Gadus morhua, Gadus ogac, Gadus macrocephalus), excluding fillets, fish meat of 0304, and edible fish offal of subheadings 0302.91 to 0302.99",0302,6,1
H5,030252,"Fish; fresh or chilled, haddock (Melanogrammus aeglefinus), excluding fillets, fish meat of 0304, and edible fish offal of subheadings 0302.91 to 0302.99",0302,6,1
H5,030253,"Fish; fresh or chilled, coalfish (Pollachius virens), excluding fillets, fish meat of 0304, and edible fish offal of subheadings 0302.91 to 0302.99",0302,6,1
H5,030254,"Fish; fresh or chilled, hake (Merluccius spp., Urophycis spp.), excluding fillets, fish meat of 0304, and edible fish offal of subheadings 0302.91 to 0302.99",0302,6,1
H5,030255,"Fish; fresh or chilled, Alaska pollack (Theragra chalcogramma), excluding fillets, fish meat of 0304, and edible fish offal of subheadings 0302.91 to 0302.99",0302,6,1
H5,030256,"Fish; fresh or chilled, blue whitings (Micromesistius poutassou, Micromesistius australis),excluding fillets, fish meat of 0304, and edible fish offal of subheadings 0302.91 to 0302.99",0302,6,1
H5,030259,"Fish; fresh or chilled, n.e.c. in item no. 0302.5, excluding fillets, fish meat of 0304, and edible fish offal of subheadings 0302.91 to 0302.99",0302,6,1
H5,030271,"Fish; fresh or chilled, tilapias (Oreochromis spp.), excluding fillets, fish meat of 0304, and edible fish offal of subheadings 0302.91 to 0302.99",0302,6,1
H5,030272,"Fish; fresh or chilled, catfish (Pangasius spp., Silurus spp., Clarias spp., Ictalurus spp.), excluding fillets, fish meat of 0304, and edible fish offal of subheadings 0302.91 to 0302.99",0302,6,1
H5,030273,"Fish; fresh or chilled, Carp (as specified by the WCO.), excluding fillets, fish meat of 0304, and edible fish offal of subheadings 0302.91 to 0302.99",0302,6,1
H5,030274,"Fish; fresh or chilled, eels (Anguilla spp.), excluding fillets, fish meat of 0304, and edible fish offal of subheadings 0302.91 to 0302.99",0302,6,1
H5,030279,"Fish; fresh or chilled, Nile perch (Lates niloticus) and snakeheads (Channa spp.), excluding fillets, fish meat of 0304, and edible fish offal of subheadings 0302.91 to 0302.99",0302,6,1
H5,030281,"Fish; fresh or chilled, dogfish and other sharks, excluding fillets, fish meat of 0304, and edible fish offal of subheadings 0302.91 to 0302.99",0302,6,1
H5,030282,"Fish; fresh or chilled, rays and skates (Rajidae), excluding fillets, fish meat of 0304, and edible fish offal of subheadings 0302.91 to 0302.99",0302,6,1
H5,030283,"Fish; fresh or chilled, toothfish (Dissostichus spp.), excluding fillets, fish meat of 0304, and edible fish offal of subheadings 0302.91 to 0302.99",0302,6,1
H5,030284,"Fish; fresh or chilled, seabass (Dicentrarchus spp.), excluding fillets, fish meat of 0304, and edible fish offal of subheadings 0302.91 to 0302.99",0302,6,1
H5,030285,"Fish; fresh or chilled, seabream (Sparidae), excluding fillets, fish meat of 0304, and edible fish offal of subheadings 0302.91 to 0302.99",0302,6,1
H5,030289,"Fish; fresh or chilled, n.e.c. in heading 0302, excluding fillets, fish meat of 0304, and edible fish offal of subheadings 0302.91 to 0302.99",0302,6,1
H5,030291,"Fish; fresh or chilled, livers, roes and milt",0302,6,1
H5,030292,"Fish; fresh or chilled, shark fins",0302,6,1
H5,030299,"Fish; fresh or chilled, fish fins (other than shark fins), heads, tails, maws and other edible fish offal",0302,6,1
H5,030311,"Fish; frozen, Pacific salmon, sockeye salmon (red salmon) (Oncorhynchus nerka), excluding fillets, fish meat of 0304, and edible fish offal of subheadings 0303.91 to 0303.99",0303,6,1
H5,030312,"Fish; frozen, Pacific salmon (Oncorhynchus gorbuscha/keta/tschawytscha/ kisutch/masou/rhodurus) other than sockeye salmon (Oncorhynchus nerka), excluding fillets, fish meat of 0304, and edible fish offal of subheadings 0303.91 to 0303.99",0303,6,1
H5,030313,"Fish; frozen, Atlantic salmon (Salmo salar) and Danube salmon (Hucho hucho), excluding fillets, fish meat of 0304, and edible fish offal of subheadings 0303.91 to 0303.99",0303,6,1
H5,030314,"Fish; frozen, trout (Salmo trutta, Oncorhynchus mykiss, Oncorhynchus clarki, Oncorhynchus aguabonita, Oncorhynchus gilae, Oncorhynchus apache and Oncorhynchus chrysogaster), excluding fillets, meat of 0304, and edible fish offal of 0303.91 to 0303.99",0303,6,1
H5,030319,"Fish; frozen, salmonidae, n.e.c. in item no. 0303.1, excluding fillets, fish meat of 0304, and edible fish offal of subheadings 0303.91 to 0303.99",0303,6,1
H5,030323,"Fish; frozen, tilapias (Oreochromis spp.), excluding fillets, fish meat of 0304, and edible fish offal of subheadings 0303.91 to 0303.99",0303,6,1
H5,030324,"Fish; frozen, catfish (Pangasius spp., Silurus spp., Clarias spp., Ictalurus spp.), excluding fillets, fish meat of 0304, and edible fish offal of subheadings 0303.91 to 0303.99",0303,6,1
H5,030325,"Fish; frozen, carp  (as specified by the WCO), excluding fillets, fish meat of 0304, and edible fish offal of subheadings 0303.91 to 0303.99",0303,6,1
H5,030326,"Fish; frozen, eels (Anguilla spp.), excluding fillets, fish meat of 0304, and edible fish offal of subheadings 0303.91 to 0303.99",0303,6,1
H5,030329,"Fish; frozen, Nile perch (Lates niloticus) and snakeheads (Channa spp.), excluding fillets, fish meat of 0304, and edible fish offal of subheadings 0303.91 to 0303.99",0303,6,1
H5,030331,"Fish; frozen, halibut (Reinhardtius hippoglossoides, Hippoglossus hippoglossus, Hippoglossus stenolepis), excluding fillets, fish meat of 0304, and edible fish offal of subheadings 0303.91 to 0303.99",0303,6,1
H5,030332,"Fish; frozen, plaice (Pleuronectes platessa), excluding fillets, fish meat of 0304, and edible fish offal of subheadings 0303.91 to 0303.99",0303,6,1
H5,030333,"Fish; frozen, sole (Solea spp.), excluding fillets, fish meat of 0304, and edible fish offal of subheadings 0303.91 to 0303.99",0303,6,1
H5,030334,"Fish; frozen, turbots (Psetta maxima, Scophthalmidae), excluding fillets, fish meat of 0304, and edible fish offal of subheadings 0303.91 to 0303.99",0303,6,1
H5,030339,"Fish; frozen, flat fish, n.e.c. in item no. 0303.3, excluding fillets, fish meat of 0304, and edible fish offal of subheadings 0303.91 to 0303.99",0303,6,1
H5,030341,"Fish; frozen, albacore or longfinned tunas (Thunnus alalunga), excluding fillets, fish meat of 0304, and edible fish offal of subheadings 0303.91 to 0303.99",0303,6,1
H5,030342,"Fish; frozen, yellowfin tunas (Thunnus albacares), excluding fillets, fish meat of 0304, and edible fish offal of subheadings 0303.91 to 0303.99",0303,6,1
H5,030343,"Fish; frozen, skipjack or stripe-bellied bonito, excluding fillets, fish meat of 0304, and edible fish offal of subheadings 0303.91 to 0303.99",0303,6,1
H5,030344,"Fish; frozen, bigeye tunas (Thunnus obesus), excluding fillets, fish meat of 0304, and edible fish offal of subheadings 0303.91 to 0303.99",0303,6,1
H5,030345,"Fish; frozen, Atlantic and Pacific bluefin tunas (Thunnus thynnus, Thunnus orientalis), excluding fillets, fish meat of 0304, and edible fish offal of subheadings 0303.91 to 0303.99",0303,6,1
H5,030346,"Fish; frozen, southern bluefin tunas (Thunnus maccoyii), excluding fillets, fish meat of 0304, and edible fish offal of subheadings 0303.91 to 0303.99",0303,6,1
H5,030349,"Fish; frozen, tuna, n.e.c. in item no. 0303.4, excluding fillets, fish meat of 0304, and edible fish offal of subheadings 0303.91 to 0303.99",0303,6,1
H5,030351,"Fish; frozen, herrings (Clupea harengus, Clupea pallasii), excluding fillets, fish meat of 0304, and edible fish offal of subheadings 0303.91 to 0303.99",0303,6,1
H5,030353,"Fish; frozen, sardines (Sardina pilchardus, Sardinops spp.), sardinella (Sardinella spp.), brisling or sprats (Sprattus sprattus), excluding fillets, fish meat of 0304, and edible fish offal of subheadings 0303.91 to 0303.99",0303,6,1
H5,030354,"Fish; frozen, mackerel (Scomber scombrus, Scomber australasicus, Scomber japonicus), excluding fillets, fish meat of 0304, and edible fish offal of subheadings 0303.91 to 0303.99",0303,6,1
H5,030355,"Fish; frozen, jack and horse mackerel (Trachurus spp.), excluding fillets, fish meat of 0304, and edible fish offal of subheadings 0303.91 to 0303.99",0303,6,1
H5,030356,"Fish; frozen, cobia (Rachycentron canadum), excluding fillets, fish meat of 0304, and edible fish offal of subheadings 0303.91 to 0303.99",0303,6,1
H5,030357,"Fish; frozen, swordfish (Xiphias gladius), excluding fillets, fish meat of 0304, and edible fish offal of subheadings 0303.91 to 0303.99",0303,6,1
H5,030359,"Fish; frozen, n.e.c. in item no. 0303.5, excluding fillets, fish meat of 0304, and edible fish offal of subheadings 0303.91 to 0303.99",0303,6,1
H5,030363,"Fish; frozen, cod (Gadus morhua, Gadus ogac, Gadus macrocephalus), excluding fillets, fish meat of 0304, and edible fish offal of subheadings 0303.91 to 0303.99",0303,6,1
H5,030364,"Fish; frozen, haddock (Melanogrammus aeglefinus), excluding fillets, fish meat of 0304, and edible fish offal of subheadings 0303.91 to 0303.99",0303,6,1
H5,030365,"Fish; frozen, coalfish (Pollachius virens), excluding fillets, fish meat of 0304, and edible fish offal of subheadings 0303.91 to 0303.99",0303,6,1
H5,030366,"Fish; frozen, hake (Merluccius spp., Urophycis spp.), excluding fillets, fish meat of 0304, and edible fish offal of subheadings 0303.91 to 0303.99",0303,6,1
H5,030367,"Fish; frozen, Alaska pollack (Theraga chalcogramma), excluding fillets, fish meat of 0304, and edible fish offal of subheadings 0303.91 to 0303.99",0303,6,1
H5,030368,"Fish; frozen, blue whitings (Micromesistius poutassou, Micromesistius australis), excluding fillets, fish meat of 0304, and edible fish offal of subheadings 0303.91 to 0303.99",0303,6,1
H5,030369,"Fish; frozen, of Bregmacerotidae, Euclichthyidae, Gadidae, Macrouridae, Melanonidae, Merlucciidae, Moridae, Muraenolepididae, other than cod, haddock, coalfish, hake, Alaska pollack, blue whitings, not fillets, meat of 0304, and edible offal of 0303.9",0303,6,1
H5,030381,"Fish; frozen, dogfish and other sharks, excluding fillets, fish meat of 0304, and edible fish offal of subheadings 0303.91 to 0303.99",0303,6,1
H5,030382,"Fish; frozen, rays and skates (Rajidae), excluding fillets, fish meat of 0304, and edible fish offal of subheadings 0303.91 to 0303.99",0303,6,1
H5,030383,"Fish; frozen, toothfish (Dissostichus spp.), excluding fillets, livers, roes, and edible fish offal of subheadings 0303.91 to 0303.99",0303,6,1
H5,030384,"Fish; frozen, seabass (Dicentrarchus spp.), excluding fillets, fish meat of 0304, and edible fish offal of subheadings 0303.91 to 0303.99",0303,6,1
H5,030389,"Fish; frozen, n.e.c. in heading 0303, excluding fillets, fish meat of 0304, and edible fish offal of subheadings 0303.91 to 0303.99",0303,6,1
H5,030391,"Fish; frozen, livers, roes and milt",0303,6,1
H5,030392,"Fish; frozen, shark fins",0303,6,1
H5,030399,"Fish; frozen, fish fins (other than shark fins), heads, tails, maws and other edible fish offal",0303,6,1
H5,030431,"Fish fillets; fresh or chilled, tilapias (Oreochromis spp.)",0304,6,1
H5,030432,"Fish fillets; fresh or chilled, catfish (Pangasius spp., Silurus spp., Clarias spp., Ictalurus spp.)",0304,6,1
H5,030433,"Fish fillets; fresh or chilled, Nile perch (Lates niloticus)",0304,6,1
H5,030439,"Fish fillets; fresh or chilled, carp (as specified by the WCO), eels (Anguilla spp.), and snakeheads (Channa spp.)",0304,6,1
H5,030441,"Fish fillets; fresh or chilled, salmon, Pacific (Oncorhynchus nerka, Oncorhynchus gorbuscha, Oncorhynchus keta, Oncorhynchus tschawytscha, Oncorhynchus kisutch, Oncorhynchus masou and Oncorhynchus rhodurus), Atlantic (Salmo salar), Danube (Hucho hucho)",0304,6,1
H5,030442,"Fish fillets; fresh or chilled, trout (Salmo trutta, Oncorhynchus mykiss, Oncorhynchus clarki, Oncorhynchus aguabonita, Oncorhynchus gilae, Oncorhynchus apache and Oncorhynchus chrysogaster)",0304,6,1
H5,030443,"Fish fillets; fresh or chilled, flat fish (Pleuronectidae, Bothidae, Cynoglossidae, Soleidae, Scophthalmidae and Citharidae)",0304,6,1
H5,030444,"Fish fillets; fresh or chilled, of the families Bregmacerotidae, Euclichthyidae, Gadidae, Macrouridae, Melanonidae, Merlucciidae, Moridae, and Muraenolepididae",0304,6,1
H5,030445,"Fish fillets; fresh or chilled, swordfish (Xiphias gladius)",0304,6,1
H5,030446,"Fish fillets; fresh or chilled, toothfish (Dissostichus spp.)",0304,6,1
H5,030447,"Fish fillets; fresh or chilled, dogfish and other sharks",0304,6,1
H5,030448,"Fish fillets; fresh or chilled, rays and skates (Rajidae)",0304,6,1
H5,030449,"Fish fillets; fresh or chilled, other than fish of heading 0304.4",0304,6,1
H5,030451,"Fish meat, excluding fillets, whether or not minced; fresh or chilled, tilapias, catfish, carp, eels, Nile perch, and snakeheads",0304,6,1
H5,030452,"Fish meat, excluding fillets, whether or not minced; fresh or chilled, salmonidae",0304,6,1
H5,030453,"Fish meat, excluding fillets, whether or not minced; fresh or chilled, of the families Bregmacerotidae, Euclichthyidae, Gadidae, Macrouridae, Melanonidae, Merlucciidae, Moridae, and Muraenolepididae",0304,6,1
H5,030454,"Fish meat, excluding fillets, whether or not minced; fresh or chilled, swordfish (Xiphias gladius)",0304,6,1
H5,030455,"Fish meat, excluding fillets, whether or not minced; fresh or chilled, toothfish (Dissostichus spp.)",0304,6,1
H5,030456,"Fish meat; excluding fillets, whether or not minced; fresh or chilled, dogfish and other sharks",0304,6,1
H5,030457,"Fish meat; excluding fillets, whether or not minced; fresh or chilled, rays and skates (Rajidae)",0304,6,1
H5,030459,"Fish meat; excluding fillets, whether or not minced; fresh or chilled, of fish n.e.c. in item no. 0304.5",0304,6,1
H5,030461,"Fish fillets; frozen, tilapias (Oreochromis spp.)",0304,6,1
H5,030462,"Fish fillets; frozen, catfish (Pangasius spp., Silurus spp., Clarias spp., Ictalurus spp.)",0304,6,1
H5,030463,"Fish fillets; frozen, Nile Perch (Lates niloticus)",0304,6,1
H5,030469,"Fish fillets; frozen, carp (Cyprinus/Carassius/Ctenopharyngodon idellus/Hypophthalmichthys/Cirrhinus/Mylopharyngodon piceus/Catla catla/Labeo/Osteochilus hasselti/Leptobarbus hoeveni/Megalobrama), eels (Anguilla) and snakeheads (Channa)",0304,6,1
H5,030471,"Fish fillets; frozen, cod (Gadus morhua, Gadus ogac, Gadus macrocephalus)",0304,6,1
H5,030472,"Fish fillets; frozen, haddock (Melanogrammus aeglefinus)",0304,6,1
H5,030473,"Fish fillets; frozen, coalfish (Pollachius virens)",0304,6,1
H5,030474,"Fish fillets; frozen, hake (Merluccius spp., Urophycis spp.)",0304,6,1
H5,030475,"Fish fillets; frozen, Alaska pollack (Theragra chalcogramma)",0304,6,1
H5,030479,"Fish fillets; frozen, of the families Bregmacerotidae, Euclichthyidae, Gadidae, Macrouridae, Melanonidae, Merlucciidae, Moridae and Muraenolepididae other than cod, haddock, coalfish, hake, and Alaska pollack",0304,6,1
H5,030481,"Fish fillets; frozen, salmon, Pacific (Oncorhynchus nerka, Oncorhynchus gorbuscha, Oncorhynchus keta, Oncorhynchus tschawytscha, Oncorhynchus kisutch, Oncorhynchus masou, Oncorhynchus rhodurus), Atlantic (Salmo salar), and Danube (Hucho hucho)",0304,6,1
H5,030482,"Fish fillets; frozen, trout (Salmo trutta, Oncorhynchus mykiss, Oncorhynchus clarki, Oncorhynchus aguabonita, Oncorhynchus gilae, Oncorhynchus apache and Oncorhynchus chrysogaster)",0304,6,1
H5,030483,"Fish fillets; frozen, flat fish (Pleuronectidae, Bothidae, Cynoglossidae, Soleidae, Scophthalmidae and Citharidae)",0304,6,1
H5,030484,"Fish fillets; frozen, swordfish (Xiphias gladius)",0304,6,1
H5,030485,"Fish fillets; frozen, toothfish (Dissostichus spp.)",0304,6,1
H5,030486,"Fish fillets; frozen, herrings (Clupea harengus, Clupea pallasii)",0304,6,1
H5,030487,"Fish fillets; frozen, tunas (of the genus Thunnus), skipjack or stripe-bellied bonito (Euthynnus (Katsuwonus) pelamis)",0304,6,1
H5,030488,"Fish fillets; frozen, dogfish, other sharks, rays and skates (Rajidae)",0304,6,1
H5,030489,"Fish fillets; frozen, of fish n.e.c. in heading 0304.8",0304,6,1
H5,030491,"Fish meat, excluding fillets, whether or not minced; frozen, swordfish (Xiphias gladius)",0304,6,1
H5,030492,"Fish meat, excluding fillets, whether or not minced; frozen, toothfish (Dissostichus spp.)",0304,6,1
H5,030493,"Fish meat, excluding fillets, whether or not minced; frozen, tilapias, catfish, carp, eels, Nile perch, and snakeheads",0304,6,1
H5,030494,"Fish meat, excluding fillets, whether or not minced; frozen, Alaska Pollack (Theragra chalcogramma)",0304,6,1
H5,030495,"Fish meat, excluding fillets, whether or not minced; frozen, of the families Bregmacerotidae, Euclichthyidae, Gadidae, Macrouridae, Melanonidae, Merlucciidae, Moridae and Muraenolepididae, other than Alaska Pollack (Theragra chalcogramma)",0304,6,1
H5,030496,"Fish meat, excluding fillets, whether or not minced; frozen, dogfish and other sharks",0304,6,1
H5,030497,"Fish meat, excluding fillets, whether or not minced; frozen, rays and skates (Rajidae)",0304,6,1
H5,030499,"Fish meat, excluding fillets, whether or not minced; frozen, n.e.c. in item no. 0304.9",0304,6,1
H5,030510,"Fish; flours, meals and pellets, fit for human consumption",0305,6,1
H5,030520,"Fish; livers, roes and milt of fish, dried, smoked, salted or in brine",0305,6,1
H5,030531,"Fish fillets; dried, salted or in brine, but not smoked, tilapias, catfish, carp, eels, Nile perch, and snakeheads",0305,6,1
H5,030532,"Fish fillets; dried, salted or in brine, but not smoked, of the families Bregmacerotidae, Euclichthyidae, Gadidae, Macrouridae, Melanonidae, Merlucciidae, Moridae and Muraenolepididae",0305,6,1
H5,030539,"Fish fillets; dried, salted or in brine, but not smoked, n.e.c. in item no. 0305.3",0305,6,1
H5,030541,"Fish; smoked, whether or not cooked before or during smoking, salmon, Pacific (Oncorhynchus nerka, gorbuscha, keta, tschawytscha, kisutch, masou, rhodurus), Atlantic (Salmo salar) and Danube (Hucho hucho), includes fillets, but excludes edible fish offal",0305,6,1
H5,030542,"Fish; smoked, whether or not cooked before or during smoking, herrings (Clupea harengus, Clupea pallasii), includes fillets, but excludes edible fish offal",0305,6,1
H5,030543,"Fish; smoked, whether or not cooked before or during smoking, trout (Salmo trutta, Oncorhynchus mykiss/clarki/aguabonita/gilae/apache/chrysogaster), includes fillets, but excludes edible fish offal",0305,6,1
H5,030544,"Fish; smoked, whether or not cooked before or during smoking, tilapias, catfish, carp, eels, Nile perch, and snakeheads, includes fillets, but excludes edible fish offal",0305,6,1
H5,030549,"Fish; smoked, whether or not cooked before or during smoking, n.e.c. in item no. 0305.4, includes fillets, but excludes edible fish offal",0305,6,1
H5,030551,"Fish; dried, whether or not salted but not smoked, other than edible fish offal, cod (Gadus morhua, Gadus ogac, Gadus macrocephalus)",0305,6,1
H5,030552,"Fish; dried, whether or not salted but not smoked, tilapias, catfish, carp, eels, Nile perch, and snakeheads",0305,6,1
H5,030553,"Fish; dried, whether or not salted but not smoked, fish of the families Bregmacerotidae, Euclichthyidae, Gadidae, Macrouridae, Melanonidae, Merlucciidae, Moridae and Muraenolepididae, other than cod",0305,6,1
H5,030554,"Dried herrings, anchovies, sardines, sardinella, brisling or sprats, mackerel (incl Indian, jack, or horse), seerfishes, jacks, crevalles, cobia, silver pomfrets, Pacific saury, scads, capelin, swordfish, Kawakawa, bonitos, marlins, sailfishes, spearfish",0305,6,1
H5,030559,"Fish; dried, whether or not salted but not smoked, other than edible fish offal, n.e.c. in item no. 0305.5",0305,6,1
H5,030561,"Fish; salted or in brine, not dried or smoked, other than edible fish offal, herrings (Clupea harengas, Clupea pallasii)",0305,6,1
H5,030562,"Fish; salted or in brine, not dried or smoked, other than edible fish offal, cod (Gadus morhua, Gadus ogac, Gadus macrocephalus)",0305,6,1
H5,030563,"Fish; salted or in brine, not dried or smoked, other than edible fish offal, anchovies (Engrails spp.)",0305,6,1
H5,030564,"Fish; salted or in brine, not dried or smoked, other than edible fish offal, tilapias, catfish, carp, eels, Nile perch, and snakeheads",0305,6,1
H5,030569,"Fish; salted or in brine, not dried or smoked, other than edible fish offal, n.e.c. in item no. 0305.6",0305,6,1
H5,030571,"Fish; edible offal, shark fins",0305,6,1
H5,030572,"Fish; edible offal, fish heads, tails and maws",0305,6,1
H5,030579,"Fish; edible offal, other than shark fins, fish heads, tails and maws",0305,6,1
H5,030611,"Crustaceans; frozen, rock lobsters and other sea crawfish (Palinurus spp., Panulirus spp., Jasus spp.), in shell or not, smoked, cooked or not before or during smoking; in shell, cooked by steaming or by boiling in water",0306,6,1
H5,030612,"Crustaceans; frozen, lobsters (Homarus spp.), in shell or not, smoked, cooked or not before or during smoking; in shell, cooked by steaming or by boiling in water",0306,6,1
H5,030614,"Crustaceans; frozen, crabs, in shell or not, smoked, cooked or not before or during smoking; in shell, cooked by steaming or by boiling in water",0306,6,1
H5,030615,"Crustaceans; frozen, Norway lobsters (Nephrops norvegicus), in shell or not, smoked, cooked or not before or during smoking; in shell, cooked by steaming or by boiling in water",0306,6,1
H5,030616,"Crustaceans; frozen, cold-water shrimps and prawns (Pandalus spp., Crangon crangon), in shell or not, smoked, cooked or not before or during smoking; in shell, cooked by steaming or by boiling in water",0306,6,1
H5,030617,"Crustaceans; frozen, shrimps and prawns, excluding cold-water varieties, in shell or not, smoked, cooked or not before or during smoking; in shell, cooked by steaming or by boiling in water",0306,6,1
H5,030619,"Crustaceans; frozen, n.e.c. in item no. 0306.1, in shell or not, smoked, cooked or not before or during smoking; in shell, cooked by steaming or by boiling in water; including edible flours, meals, and pellets of crustaceans",0306,6,1
H5,030631,"Crustaceans; live, fresh or chilled, rock lobsters and other sea crawfish (Palinurus spp., Panulirus spp., Jasus spp.), in shell or not",0306,6,1
H5,030632,"Crustaceans; live, fresh or chilled, lobsters (Homarus spp.), whether in shell or not",0306,6,1
H5,030633,"Crustaceans; live, fresh or chilled, crabs, whether in shell or not",0306,6,1
H5,030634,"Crustaceans; live, fresh or chilled, Norway lobsters (Nephrops norvegicus), in shell or not",0306,6,1
H5,030635,"Crustaceans; live, fresh or chilled, cold-water shrimps and prawns (Pandalus spp., Crangon crangon), in shell or not",0306,6,1
H5,030636,"Crustaceans; live, fresh or chilled, shrimps and prawns excluding cold-water varieties, in shell or not",0306,6,1
H5,030639,"Crustaceans; live, fresh or chilled, n.e.c. in item no. 0306.3, in shell or not, including edible flours, meals, and pellets of crustaceans",0306,6,1
H5,030691,"Crustaceans; rock lobsters and other sea crawfish (Palinurus spp., Panulirus spp., Jasus spp.), smoked, cooked or not, whether in shell or not, whether or not cooked before or during smoking",0306,6,1
H5,030692,"Crustaceans; lobsters (Homarus spp.), smoked, cooked or not, whether in shell or not, whether or not cooked before or during smoking",0306,6,1
H5,030693,"Crustaceans; crabs, smoked, cooked or not, whether in shell or not, whether or not cooked before or during smoking",0306,6,1
H5,030694,"Crustaceans; Norway lobsters (Nephrops norvegicus), smoked, cooked or not, whether in shell or not, whether or not cooked before or during smoking",0306,6,1
H5,030695,"Crustaceans; shrimps and prawns, smoked, cooked or not, whether in shell or not, whether or not cooked before or during smoking",0306,6,1
H5,030699,"Crustaceans; smoked, whole, cooked or not, n.e.c. in item no. 0306.9, in shell or not, including edible flours, meals, and pellets of crustaceans",0306,6,1
H5,030711,"Molluscs; oysters, whether in shell or not, live, fresh or chilled",0307,6,1
H5,030712,"Molluscs; oysters, whether in shell or not, frozen",0307,6,1
H5,030719,"Molluscs; oysters, whether in shell or not, dried, salted or in brine, smoked, cooked or not before or during the smoking process",0307,6,1
H5,030721,"Molluscs; scallops, whether in shell or not, including queen scallops, of the genera Pecten, Chlamys or Placopecten, live, fresh or chilled",0307,6,1
H5,030722,"Molluscs; scallops, whether in shell or not, including queen scallops of the genera Pecten, Chlamys or Placopecten, frozen",0307,6,1
H5,030729,"Molluscs; scallops, whether in shell or not, including queen scallops of the genera Pecten, Chlamys or Placopecten, dried, salted, in brine, or smoked, cooked or not before or during the smoking process",0307,6,1
H5,030731,"Molluscs; mussels (Mytilus spp., Perna spp.), whether in shell or not, live, fresh or chilled",0307,6,1
H5,030732,"Molluscs; mussels (Mytilus spp., Perna spp.), whether in shell or not, frozen",0307,6,1
H5,030739,"Molluscs; mussels (Mytilus spp., Perna spp.), whether in shell or not, dried, salted, in brine, or smoked, cooked or not before or during the smoking process",0307,6,1
H5,030742,"Molluscs; cuttle fish and squid, whether in shell or not, live, fresh or chilled",0307,6,1
H5,030743,"Molluscs; cuttle fish and squid, whether in shell or not, includes flours, meals, and pellets of molluscs, fit for human consumption, frozen",0307,6,1
H5,030749,"Molluscs; cuttle fish and squid, whether in shell or not, includes flours, meals, and pellets of molluscs, fit for human consumption, dried, salted, in brine, or smoked, cooked or not before or during the smoking process",0307,6,1
H5,030751,"Molluscs; octopus (Octopus spp.), live, fresh or chilled",0307,6,1
H5,030752,"Molluscs; octopus (Octopus spp.), frozen",0307,6,1
H5,030759,"Molluscs; octopus (Octopus spp.), dried, salted, in brine, or smoked, cooked or not before or during the smoking process",0307,6,1
H5,030760,"Molluscs; snails, other than sea snails, whether in shell or not, live, fresh, chilled, frozen, dried, salted, in brine, or smoked, cooked or not before or during the smoking process",0307,6,1
H5,030771,"Molluscs; clams, cockles and ark shells (families Arcidae, Arcticidae, Cardiidae, Donacidae, Hiatellidae, Mactridae, Mesodesmatidae, Myidae, Semelidae, Solecurtidae, Solenidae, Tridacnidae and Veneridae), whether in shell or not, live, fresh or chilled",0307,6,1
H5,030772,"Molluscs; clams, cockles, ark shells (Arcidae, Arcticidae, Cardiidae, Donacidae, Hiatellidae, Mactridae, Mesodesmatidae, Myidae, Semelidae, Solecurtidae, Solenidae, Tridacnidae and Veneridae), whether in shell or not, frozen",0307,6,1
H5,030779,"Molluscs; clams, cockle, ark shells (families Arcidae, Arcticidae, Cardiidae, Donacidae, Hiatellidae, Mactridae, Mesodesmatidae, Myidae, Semelidae, Solecurtidae, Solenidae, Tridacnidae, Veneridae), whether in shell or not, dried, salted, in brine, smoked",0307,6,1
H5,030781,"Molluscs; abalone (Haliotis spp.), whether in shell or not, live, fresh or chilled",0307,6,1
H5,030782,"Molluscs; stromboid conchs (Strombus spp.), whether in shell or not, live, fresh or chilled",0307,6,1
H5,030783,"Molluscs; abalone (Haliotis spp.), whether in shell or not, frozen",0307,6,1
H5,030784,"Molluscs; stromboid conchs (Strombus spp.), whether in shell or not, frozen",0307,6,1
H5,030787,"Molluscs; abalone (Haliotis spp.), whether in shell or not, dried, salted, in brine, or smoked, cooked or not before or during the smoking process",0307,6,1
H5,030788,"Molluscs; stromboid conchs (Strombus spp.), whether in shell or not, includes flours, meals, and pellets of molluscs, fit for human consumption, dried, salted, in brine, or smoked, cooked or not before or during the smoking process",0307,6,1
H5,030791,"Molluscs; n.e.c. in heading 0307, whether in shell or not, includes flours, meals, and pellets of molluscs, fit for human consumption, live or fresh, chilled",0307,6,1
H5,030792,"Molluscs; n.e.c. in heading 0307, whether in shell or not, includes flours, meals, and pellets of molluscs, fit for human consumption, frozen",0307,6,1
H5,030799,"Molluscs; n.e.c. in heading 0307, whether in shell or not, includes flours, meals, and pellets of molluscs, fit for human consumption, dried, salted, in brine, or smoked, cooked or not before or during the smoking process",0307,6,1
H5,030811,"Aquatic invertebrates; sea cucumbers (Stichopus japonicus, Holothuroidea), live, fresh or chilled",0308,6,1
H5,030812,"Aquatic invertebrates; sea cucumbers (Stichopus japonicus, Holothuroidea), frozen",0308,6,1
H5,030819,"Aquatic invertebrates; sea cucumbers (Stichopus japonicus, Holothuroidea), dried, salted or in brine, smoked, whether or not cooked before or during the smoking process",0308,6,1
H5,030821,"Aquatic invertebrates; sea urchins (Strongylocentrotus spp., Paracentrotus lividus, Loxechinus albus, Echinus esculentus), live, fresh or chilled",0308,6,1
H5,030822,"Aquatic invertebrates; sea urchins (Strongylocentrotus spp., Paracentrotus lividus, Loxechinus albus, Echinus esculentus), frozen",0308,6,1
H5,030829,"Aquatic invertebrates; sea urchins (Strongylocentrotus spp., Paracentrotus lividus, Loxechinus albus, Echinus esculentus), dried, salted or in brine, smoked, whether or not cooked before or during smoking process",0308,6,1
H5,030830,"Aquatic invertebrates; jellyfish (Rhopilema spp.), live, fresh, chilled, frozen, dried, salted or in brine, smoked, whether or not cooked before or during smoking",0308,6,1
H5,030890,"Aquatic invertebrates; other than crustaceans, molluscs, sea urchins, sea cucumbers and jellyfish, live, fresh, chilled, frozen, dried, salted or in brine, smoked, cooked or not before or during smoking, includes edible flours, meals, and pellets",0308,6,1
H5,040110,"Dairy produce; milk and cream, not concentrated, not containing added sugar or other sweetening matter, of a fat content, by weight, not exceeding 1%",0401,6,1
H5,040120,"Dairy produce; milk and cream, not concentrated, not containing added sugar or other sweetening matter, of a fat content, by weight, exceeding 1% but not exceeding 6%",0401,6,1
H5,040140,"Dairy produce; milk and cream, not concentrated, not containing added sugar or other sweetening matter, of a fat content, by weight, exceeding 6% but not exceeding 10%",0401,6,1
H5,040150,"Dairy produce; milk and cream, not concentrated, not containing added sugar or other sweetening matter, of a fat content, by weight, exceeding 10%",0401,6,1
H5,040210,"Dairy produce; milk and cream, concentrated or containing added sugar or other sweetening matter, in powder, granules or other solid forms, of a fat content not exceeding 1.5% (by weight)",0402,6,1
H5,040221,"Dairy produce; milk and cream, concentrated, not containing added sugar or other sweetening matter, in powder, granules or other solid forms, of a fat content exceeding 1.5% (by weight)",0402,6,1
H5,040229,"Dairy produce; milk and cream, containing added sugar or other sweetening matter, in powder, granules or other solid forms, of a fat content exceeding 1.5% (by weight)",0402,6,1
H5,040291,"Dairy produce; milk and cream, concentrated, not containing added sugar or other sweetening matter, other than in powder, granules or other solid forms",0402,6,1
H5,040299,"Dairy produce; milk and cream, containing added sugar or other sweetening matter, other than in powder, granules or other solid forms",0402,6,1
H5,040310,"Dairy produce; yoghurt, whether or not concentrated or containing added sugar or other sweetening matter or flavoured or containing added fruit or cocoa",0403,6,1
H5,040390,"Dairy produce; buttermilk, curdled milk or cream, kephir, fermented or acidified milk or cream, whether or not concentrated or containing added sweetening, flavouring, fruit or cocoa (excluding yoghurt)",0403,6,1
H5,040410,"Dairy produce; whey, whether or not concentrated or containing added sugar or other sweetening matter",0404,6,1
H5,040490,"Dairy produce; natural milk constituents (excluding whey), whether or not containing added sugar or other sweetening matter, n.e.c. in chapter 04",0404,6,1
H5,040510,"Dairy produce; derived from milk, butter",0405,6,1
H5,040520,Dairy produce; dairy spreads,0405,6,1
H5,040590,Dairy produce; fats and oils derived from milk (other than butter or dairy spreads),0405,6,1
H5,040610,"Dairy produce; fresh cheese (including whey cheese), not fermented, and curd",0406,6,1
H5,040620,"Dairy produce; cheese of all kinds, grated or powdered",0406,6,1
H5,040630,"Dairy produce; cheese, processed (not grated or powdered)",0406,6,1
H5,040640,"Dairy produce; cheese, blue-veined and other cheese containing veins produced by Penicillium roqueforti (not grated, powdered or processed)",0406,6,1
H5,040690,"Dairy produce; cheese (not grated, powdered or processed), n.e.c. in heading no. 0406",0406,6,1
H5,040711,"Birds' eggs, in shell; fresh, fertilised eggs for incubation, of fowls of the species Gallus domesticus (domestic hens)",0407,6,1
H5,040719,"Birds' eggs, in shell; fresh, fertilised eggs for incubation, other than fowls of the species Gallus domesticus (domestic hens)",0407,6,1
H5,040721,"Birds' eggs, in shell; fresh, not for incubation, of fowls of the species Gallus domesticus (domestic hens)",0407,6,1
H5,040729,"Birds' eggs, in shell; fresh, not for incubation, other than fowls of the species Gallus domesticus (domestic hens)",0407,6,1
H5,040790,"Birds' eggs, in shell; preserved or cooked",0407,6,1
H5,040811,"Eggs; birds' eggs, yolks, dried, whether or not containing added sugar or other sweetening matter",0408,6,1
H5,040819,"Eggs; birds' eggs, yolks, fresh, cooked by steaming or by boiling in water, moulded, frozen or otherwise preserved, whether or not containing added sugar or other sweetening matter",0408,6,1
H5,040891,"Eggs; birds' eggs (not in shell, excluding yolks only), dried, whether or not containing added sugar or other sweetening matter",0408,6,1
H5,040899,"Eggs; birds' eggs (not in shell, excluding yolks only), fresh, cooked by steaming or boiling in water, moulded, frozen, otherwise preserved, whether or not containing added sugar or other sweetening matter",0408,6,1
H5,040900,Honey; natural,0409,6,1
H5,041000,"Animal products; edible, n.e.c. in this or other chapters",0410,6,1
H5,050100,"Animal products; hair, human, unworked, whether or not washed or scoured, and waste of human hair",0501,6,1
H5,050210,"Animal products; hair and bristles, of pigs, hogs or boars, and waste thereof",0502,6,1
H5,050290,"Animal products; badger hair and other brush making hair and waste of such bristles or hair, n.e.c. in heading no. 0502 (excluding horsehair)",0502,6,1
H5,050400,"Animal products; guts, bladders and stomachs of animals (other than fish), whole and pieces thereof, fresh, chilled, frozen, salted, in brine, dried or smoked",0504,6,1
H5,050510,"Animal products; feathers and down used for stuffing, not further worked than cleaned, disinfected or treated for preservation",0505,6,1
H5,050590,"Animal products; skins and other parts of birds, feathers and down (not for stuffing), powder and waste of such, not further worked than cleaned, disinfected or treated for preservation",0505,6,1
H5,050610,Animal products; ossein and bones treated with acid,0506,6,1
H5,050690,"Animal products; bones and horn-cores and powder or waste of such, unworked, defatted, simply prepared (not cut to shape), or treated with acid or degelatinised, n.e.c. in heading no. 0506",0506,6,1
H5,050710,"Animal products; ivory, unworked or simply prepared but not cut to shape, ivory powder and waste",0507,6,1
H5,050790,"Animal products; tortoise-shell, whalebone and whalebone hair, horns, antlers, hooves, nails, claws and beaks, unworked or simply prepared but not cut to shape, waste and powder of these products",0507,6,1
H5,050800,"Animal products; coral and similar materials, shells of molluscs, crustaceans, echinoderms, cuttle-bone, unworked or simply prepared but not cut to shape, powder and waste thereof",0508,6,1
H5,051000,"Animal products; ambergris, castoreum, civet, musk, cantharides, bile (dried or not) glands and other animal products, for pharmaceutical purposes, fresh, chilled, frozen or otherwise provisionally preserved",0510,6,1
H5,051110,Animal products; bovine semen,0511,6,1
H5,051191,"Animal products; of fish or crustaceans, molluscs or other aquatic invertebrates; dead animals of chapter 03, unfit for human consumption",0511,6,1
H5,051199,Animal products; n.e.c. in chapter 5,0511,6,1
H5,060110,"Plants, live; bulbs, tubers, tuberous roots, corms, crowns and rhizomes, dormant",0601,6,1
H5,060120,"Plants, live; bulbs, tubers, tuberous roots, corms, crowns and rhizomes, in growth or in flower, chicory plants and roots other than of heading no. 1212",0601,6,1
H5,060210,"Plants, live; unrooted cuttings and slips",0602,6,1
H5,060220,"Plants, live; edible fruit or nut trees, shrubs and bushes, grafted or not",0602,6,1
H5,060230,"Plants, live; rhododendrons and azaleas, grafted or not",0602,6,1
H5,060240,"Plants, live; roses, grafted or not",0602,6,1
H5,060290,"Plants, live; n.e.c. in heading no. 0602",0602,6,1
H5,060311,"Flowers, cut; roses, flowers and buds of a kind suitable for bouquets or ornamental purposes, fresh",0603,6,1
H5,060312,"Flowers, cut; carnations, flowers and buds of a kind suitable for bouquets or ornamental purposes, fresh",0603,6,1
H5,060313,"Flowers, cut; orchids, flowers and buds of a kind suitable for bouquets or ornamental purposes, fresh",0603,6,1
H5,060314,"Flowers, cut; chrysanthemums, flowers and buds of a kind suitable for bouquets or ornamental purposes, fresh",0603,6,1
H5,060315,"Flowers, cut; lilies (Lilium spp.), flowers and flower buds of a kind suitable for bouquets or ornamental purposes, fresh",0603,6,1
H5,060319,"Flowers, cut; flowers and buds of a kind suitable for bouquets or ornamental purposes, fresh, other than roses, carnations, orchids, chrysanthemums or lillies",0603,6,1
H5,060390,"Flowers, cut; flowers and flower buds of a kind suitable for bouquets or ornamental purposes, dried, dyed, bleached, impregnated or otherwise prepared",0603,6,1
H5,060420,"Foliage, branches and other parts of plants, without flowers or flower buds, and grasses, mosses and lichens; suitable for bouquets or for ornamental purposes, fresh",0604,6,1
H5,060490,"Foliage, branches and other parts of plants, without flowers or flower buds, and grasses, mosses and lichens; suitable for bouquets or for ornamental purposes, dried, dyed, bleached, impregnated or otherwise prepared",0604,6,1
H5,070110,"Vegetables; seed potatoes, fresh or chilled",0701,6,1
H5,070190,"Vegetables; potatoes (other than seed), fresh or chilled",0701,6,1
H5,070200,"Vegetables; tomatoes, fresh or chilled",0702,6,1
H5,070310,"Vegetables, alliaceous; onions and shallots, fresh or chilled",0703,6,1
H5,070320,"Vegetables, alliaceous; garlic, fresh or chilled",0703,6,1
H5,070390,"Vegetables, alliaceous; leeks and other kinds n.e.c. in heading no. 0703, fresh or chilled",0703,6,1
H5,070410,"Vegetables, brassica; cauliflowers and headed broccoli, fresh or chilled",0704,6,1
H5,070420,"Vegetables, brassica; brussel sprouts, fresh or chilled",0704,6,1
H5,070490,"Vegetables, brassica; edible, n.e.c. in heading no. 0704, fresh or chilled",0704,6,1
H5,070511,"Vegetables; cabbage (head) lettuce (lactuca sativa), fresh or chilled",0705,6,1
H5,070519,"Vegetables; lettuce (lactuca sativa), (other than cabbage lettuce), fresh or chilled",0705,6,1
H5,070521,"Vegetables; witloff chicory (cichorium intybus var. foliosum), fresh or chilled",0705,6,1
H5,070529,"Vegetables; chicory (cichorium spp.), (other than witloof chicory), fresh or chilled",0705,6,1
H5,070610,"Vegetables, root; carrots and turnips, fresh or chilled",0706,6,1
H5,070690,"Vegetables, root; salad beetroot, salsify, celeric, radishes and similar edible roots, fresh or chilled",0706,6,1
H5,070700,"Vegetables; cucumbers and gherkins, fresh or chilled",0707,6,1
H5,070810,"Vegetables, leguminous; peas (pisum sativum), shelled or unshelled, fresh or chilled",0708,6,1
H5,070820,"Vegetables, leguminous; beans (vigna spp., phaseolus spp.), shelled or unshelled, fresh or chilled",0708,6,1
H5,070890,"Vegetables, leguminous; (other than peas and beans), shelled or unshelled, fresh or chilled",0708,6,1
H5,070920,"Vegetables; asparagus, fresh or chilled",0709,6,1
H5,070930,"Vegetables; aubergines, (e.g. plants), fresh or chilled",0709,6,1
H5,070940,"Vegetables; celery (other than celeriac), fresh or chilled",0709,6,1
H5,070951,"Vegetables; mushrooms of the genus Agaricus, fresh or chilled",0709,6,1
H5,070959,"Vegetables; truffles and mushrooms (other than of the genus Agaricus), fresh or chilled",0709,6,1
H5,070960,"Vegetables; fruits of the genus capsicum or of the genus pimenta, fresh or chilled",0709,6,1
H5,070970,"Vegetables; spinach, New Zealand spinach and orache spinach (garden spinach), fresh or chilled",0709,6,1
H5,070991,"Vegetables; globe artichokes, fresh or chilled",0709,6,1
H5,070992,"Vegetables; olives, fresh or chilled",0709,6,1
H5,070993,"Vegetables; pumpkins, squash and gourds (Cucurbita spp.), fresh or chilled",0709,6,1
H5,070999,"Vegetables; edible, n.e.c. in chapter 07, fresh or chilled",0709,6,1
H5,071010,"Vegetables; potatoes, uncooked or cooked by steaming or boiling in water, frozen",0710,6,1
H5,071021,"Vegetables, leguminous; peas (pisum sativum), shelled or unshelled, uncooked or cooked by steaming or boiling in water, frozen",0710,6,1
H5,071022,"Vegetables, leguminous; beans (vigna spp., phaseolus spp.), shelled or unshelled, uncooked or cooked by steaming or boiling in water, frozen",0710,6,1
H5,071029,"Vegetables, leguminous; (other than peas or beans), shelled or unshelled, uncooked or cooked by steaming or boiling in water, frozen",0710,6,1
H5,071030,"Vegetables; spinach, New Zealand spinach and orache spinach (garden spinach), uncooked or cooked by steaming or boiling in water, frozen",0710,6,1
H5,071040,"Vegetables; sweetcorn, uncooked or cooked by steaming or boiling in water, frozen",0710,6,1
H5,071080,"Vegetables; uncooked or cooked by steaming or boiling in water, n.e.c. in heading no. 0710, frozen",0710,6,1
H5,071090,"Vegetable mixtures; uncooked or cooked by steaming or boiling in water, frozen",0710,6,1
H5,071120,"Vegetables; olives, provisionally preserved but unsuitable in that state for immediate consumption",0711,6,1
H5,071140,"Vegetables; cucumbers and gherkins, provisionally preserved but unsuitable in that state for immediate consumption",0711,6,1
H5,071151,"Vegetables; mushrooms of the genus Agaricus, provisionally preserved but unsuitable in that state for immediate consumption",0711,6,1
H5,071159,"Vegetables; mushrooms other than of the genus Agaricus, provisionally preserved but unsuitable in that state for immediate consumption",0711,6,1
H5,071190,"Vegetables and mixed vegetables; n.e.c. in heading no. 0711, provisionally preserved but unsuitable in that state for immediate consumption",0711,6,1
H5,071220,"Vegetables; onions, whole, cut, sliced, broken or in powder but not further prepared, dried",0712,6,1
H5,071231,"Vegetables; mushrooms of the genus Agaricus, whole, cut, sliced, broken or in powder but not further prepared, dried",0712,6,1
H5,071232,"Vegetables; wood ears (Auricularia spp), whole, cut, sliced, broken or in powder but not further prepared, dried",0712,6,1
H5,071233,"Vegetables; jelly fungi (Tremella spp)), whole, cut, sliced, broken or in powder but not further prepared, dried",0712,6,1
H5,071239,"Vegetables; mushrooms, other than the genus Agaricus and truffles, whole, cut, sliced, broken or in powder but not further prepared, dried",0712,6,1
H5,071290,"Vegetables; mixtures of vegetables n.e.c. in heading no. 0712, whole, cut, sliced, broken or in powder but not further prepared, dried",0712,6,1
H5,071310,"Vegetables, leguminous; peas (pisum sativum), shelled, whether or not skinned or split, dried",0713,6,1
H5,071320,"Vegetables, leguminous; chickpeas (garbanzos), shelled, whether or not skinned or split, dried",0713,6,1
H5,071331,"Vegetables, leguminous; beans of the species vigna mungo (l.) hepper or vigna radiata (l.) wilczek, shelled, whether or not skinned or split, dried",0713,6,1
H5,071332,"Vegetables, leguminous; small red (adzuki) beans (phaseolus or vigna angularis), shelled, whether or not skinned or split, dried",0713,6,1
H5,071333,"Vegetables, leguminous; kidney beans, including white pea beans (phaseolus vulgaris), shelled, whether or not skinned or split, dried",0713,6,1
H5,071334,"Vegetables, leguminous; bambara beans (Vigna subterranea or Voandzeia subterranea), shelled, whether or not skinned or split, dried",0713,6,1
H5,071335,"Vegetables, leguminous; cow peas (Vigna unguiculata), shelled, whether or not skinned or split, dried",0713,6,1
H5,071339,"Vegetables, leguminous; n.e.c. in item no. 0713.3, shelled, whether or not skinned or split, dried",0713,6,1
H5,071340,"Vegetables, leguminous; lentils, shelled, whether or not skinned or split, dried",0713,6,1
H5,071350,"Vegetables, leguminous; broad beans (vicia faba var. major) and horse beans (vicia faba var. equina and vicia faba var. minor), shelled, whether or not skinned or split, dried",0713,6,1
H5,071360,"Vegetables, leguminous; pigeon peas (Cajanus cajan), shelled, whether or not skinned or split, dried",0713,6,1
H5,071390,"Vegetables, leguminous; n.e.c. in heading no. 0713, shelled, whether or not skinned or split, dried",0713,6,1
H5,071410,"Vegetable roots and tubers; manioc (cassava), with high starch or inulin content, fresh, chilled, frozen or dried, whether or not sliced or in the form of pellets",0714,6,1
H5,071420,"Vegetable roots and tubers; sweet potatoes, with high starch or inulin content, fresh, chilled, frozen or dried, whether or not sliced or in the form of pellets",0714,6,1
H5,071430,"Vegetable roots and tubers; yams (Dioscorea spp.) with high starch or inulin content, fresh, chilled, frozen or dried, whether or not sliced or in the form of pellets",0714,6,1
H5,071440,"Vegetable roots and tubers; taro (Colocasia spp.) with high starch or inulin content, fresh, chilled, frozen or dried, whether or not sliced or in the form of pellets",0714,6,1
H5,071450,"Vegetable roots and tubers; yautia (Xanthosoma spp.) with high starch or inulin content, fresh, chilled, frozen or dried, whether or not sliced or in the form of pellets",0714,6,1
H5,071490,"Vegetable roots and tubers; arrowroot, salep, Jerusalem artichokes and similar roots and tubers (not manioc, sweet potatoes, yams, taro or yautia), high starch or inulin content, fresh, chilled, frozen, dried, sliced or not, or in pellet form; sago pith",0714,6,1
H5,080111,"Nuts, edible; coconuts, desiccated",0801,6,1
H5,080112,"Nuts, edible; coconuts, in the inner shell (endocarp)",0801,6,1
H5,080119,"Nuts, edible; coconuts, fresh or dried, other than desiccated or in the inner shell (endocarp)",0801,6,1
H5,080121,"Nuts, edible; brazil nuts, fresh or dried, in shell",0801,6,1
H5,080122,"Nuts, edible; brazil nuts, fresh or dried, shelled",0801,6,1
H5,080131,"Nuts, edible; cashew nuts, fresh or dried, in shell",0801,6,1
H5,080132,"Nuts, edible; cashew nuts, fresh or dried, shelled",0801,6,1
H5,080211,"Nuts, edible; almonds, fresh or dried, in shell",0802,6,1
H5,080212,"Nuts, edible; almonds, fresh or dried, shelled",0802,6,1
H5,080221,"Nuts, edible; hazelnuts or filberts (corylus spp.), fresh or dried, in shell",0802,6,1
H5,080222,"Nuts, edible; hazelnuts or filberts (corylus spp.), fresh or dried, shelled",0802,6,1
H5,080231,"Nuts, edible; walnuts, fresh or dried, in shell",0802,6,1
H5,080232,"Nuts, edible; walnuts, fresh or dried, shelled",0802,6,1
H5,080241,"Nuts, edible; chestnuts (Castanea spp.), fresh or dried, in shell",0802,6,1
H5,080242,"Nuts, edible; chestnuts (Castanea spp.), fresh or dried, shelled",0802,6,1
H5,080251,"Nuts, edible; pistachios, fresh or dried, in shell",0802,6,1
H5,080252,"Nuts, edible; pistachios, fresh or dried, shelled",0802,6,1
H5,080261,"Nuts, edible; macadamia, fresh or dried, in shell",0802,6,1
H5,080262,"Nuts, edible; macadamia, fresh or dried, shelled",0802,6,1
H5,080270,"Nuts, edible; kola nuts (Cola spp.), fresh or dried, whether or not shelled or peeled",0802,6,1
H5,080280,"Nuts, edible; areca nuts, fresh or dried, whether or not shelled or peeled",0802,6,1
H5,080290,"Nuts, edible; n.e.c. in heading no. 0801 and 0802, fresh or dried, whether or not shelled or peeled",0802,6,1
H5,080310,"Fruit, edible; plantains, fresh or dried",0803,6,1
H5,080390,"Fruit, edible; bananas, other than plantains, fresh or dried",0803,6,1
H5,080410,"Fruit, edible; dates, fresh or dried",0804,6,1
H5,080420,"Fruit, edible; figs, fresh or dried",0804,6,1
H5,080430,"Fruit, edible; pineapples, fresh or dried",0804,6,1
H5,080440,"Fruit, edible; avocados, fresh or dried",0804,6,1
H5,080450,"Fruit, edible; guavas, mangoes and mangosteens, fresh or dried",0804,6,1
H5,080510,"Fruit, edible; oranges, fresh or dried",0805,6,1
H5,080521,"Fruit, edible; mandarins (including tangerines and satsumas), fresh or dried",0805,6,1
H5,080522,"Fruit, edible; clementines, fresh or dried",0805,6,1
H5,080529,"Fruit, edible; tangelos, wilkings and similar citrus hybrid, fresh or dried",0805,6,1
H5,080540,"Fruit, edible; grapefruit, including pomelos, fresh or dried",0805,6,1
H5,080550,"Fruit, edible; lemons (Citrus limon, Citrus limonum), limes (Citrus aurantifolia , Citrus latifolia), fresh or dried",0805,6,1
H5,080590,"Fruit, edible; citrus fruit n.e.c. in heading no. 0805, fresh or dried",0805,6,1
H5,080610,"Fruit, edible; grapes, fresh",0806,6,1
H5,080620,"Fruit, edible; grapes, dried",0806,6,1
H5,080711,"Fruit, edible; watermelons, fresh",0807,6,1
H5,080719,"Fruit, edible; melons, other than watermelons, fresh",0807,6,1
H5,080720,"Fruit, edible; papaws (papayas), fresh",0807,6,1
H5,080810,"Fruit, edible; apples, fresh",0808,6,1
H5,080830,"Fruit, edible; pears, fresh",0808,6,1
H5,080840,"Fruit, edible; quinces, fresh",0808,6,1
H5,080910,"Fruit, edible; apricots, fresh",0809,6,1
H5,080921,"Fruit, edible; sour cherries (Prunus cerasus), fresh",0809,6,1
H5,080929,"Fruit, edible; cherries, other than sour cherries (Prunus cerasus), fresh",0809,6,1
H5,080930,"Fruit, edible; peaches, including nectarines, fresh",0809,6,1
H5,080940,"Fruit, edible; plums and sloes, fresh",0809,6,1
H5,081010,"Fruit, edible; strawberries, fresh",0810,6,1
H5,081020,"Fruit, edible; raspberries, blackberries, mulberries, and loganberries, fresh",0810,6,1
H5,081030,"Fruit, edible; black, white or red currants and gooseberries, fresh",0810,6,1
H5,081040,"Fruit, edible; cranberries, bilberries and other fruits of the genus vaccinium, fresh",0810,6,1
H5,081050,"Fruit, edible; kiwifruit, fresh",0810,6,1
H5,081060,"Fruit, edible; durians, fresh",0810,6,1
H5,081070,"Fruit, edible; persimmons, fresh",0810,6,1
H5,081090,"Fruit, edible; fruits n.e.c. in heading no. 0801 to 0810, fresh",0810,6,1
H5,081110,"Fruit, edible; strawberries, uncooked or cooked by steaming or boiling in water, frozen, whether or not containing added sugar or other sweetening matter",0811,6,1
H5,081120,"Fruit, edible; raspberries, blackberries, mulberries, loganberries, black, white or red currants and gooseberries, uncooked or cooked, whether or not containing added sugar or other sweetening matter",0811,6,1
H5,081190,"Fruit, edible; fruit and nuts n.e.c. in heading no. 0811, uncooked or cooked, frozen whether or not containing added sugar or other sweetening matter",0811,6,1
H5,081210,"Fruit, edible; cherries, provisionally preserved, but unsuitable in that state for immediate consumption",0812,6,1
H5,081290,"Fruit, edible; fruit and nuts n.e.c. in heading no. 0812, provisionally preserved, but unsuitable in that state for immediate consumption",0812,6,1
H5,081310,"Fruit, edible; apricots, dried",0813,6,1
H5,081320,"Fruit, edible; prunes, dried",0813,6,1
H5,081330,"Fruit, edible; apples, dried",0813,6,1
H5,081340,"Fruit, edible; fruit n.e.c. in heading no. 0812, dried",0813,6,1
H5,081350,"Nuts, edible; mixtures of nuts or dried fruits of chapter 08",0813,6,1
H5,081400,"Peel; of citrus fruit or melons (including watermelons), fresh, frozen, dried or provisionally preserved in brine, in sulphur water and other preservative solutions",0814,6,1
H5,090111,Coffee; not roasted or decaffeinated,0901,6,1
H5,090112,"Coffee; decaffeinated, not roasted",0901,6,1
H5,090121,"Coffee; roasted, not decaffeinated",0901,6,1
H5,090122,"Coffee; roasted, decaffeinated",0901,6,1
H5,090190,"Coffee; husks and skins, coffee substitutes containing coffee in any proportion",0901,6,1
H5,090210,"Tea, green; (not fermented), in immediate packings of a content not exceeding 3kg",0902,6,1
H5,090220,"Tea, green; (not fermented), in immediate packings of a content exceeding 3kg",0902,6,1
H5,090230,"Tea, black; (fermented) and partly fermented tea, in immediate packings of a content not exceeding 3kg",0902,6,1
H5,090240,"Tea, black; (fermented) and partly fermented tea, in immediate packings of a content exceeding 3kg",0902,6,1
H5,090300,Mate,0903,6,1
H5,090411,"Spices; pepper (of the genus piper), neither crushed nor ground",0904,6,1
H5,090412,"Spices; pepper (of the genus piper), crushed or ground",0904,6,1
H5,090421,"Spices; fruits of the genus Capsicum or Pimenta, dried, neither crushed nor ground",0904,6,1
H5,090422,"Spices; fruits of the genus Capsicum or Pimenta, crushed or ground",0904,6,1
H5,090510,"Spices; vanilla, neither crushed nor ground",0905,6,1
H5,090520,"Spices; vanilla, crushed or ground",0905,6,1
H5,090611,"Spices; cinnamon (Cinnamomum zeylanicum Blume), neither crushed nor ground",0906,6,1
H5,090619,"Spices; cinnamon and cinnamon-tree flowers, other than cinnamon (Cinnamomum zeylanicum Blume), neither crushed nor ground",0906,6,1
H5,090620,"Spices; cinnamon and cinnamon-tree flowers, crushed or ground",0906,6,1
H5,090710,"Spices; cloves (whole fruit, cloves and stems), neither crushed nor ground",0907,6,1
H5,090720,"Spices; cloves (whole fruit, cloves and stems), crushed or ground",0907,6,1
H5,090811,"Spices; nutmeg, neither crushed nor ground",0908,6,1
H5,090812,"Spices; nutmeg, crushed or ground",0908,6,1
H5,090821,"Spices; mace, neither crushed nor ground",0908,6,1
H5,090822,"Spices; mace, crushed or ground",0908,6,1
H5,090831,"Spices; cardamoms, neither crushed nor ground",0908,6,1
H5,090832,"Spices; cardamoms, crushed or ground",0908,6,1
H5,090921,"Spices; coriander seeds, neither crushed nor ground",0909,6,1
H5,090922,"Spices; coriander seeds, crushed or ground",0909,6,1
H5,090931,"Spices; cumin seeds, neither crushed nor ground",0909,6,1
H5,090932,"Spices; cumin seeds, crushed or ground",0909,6,1
H5,090961,"Spices; seeds of anise, badian, caraway or fennel; juniper berries, neither crushed nor ground",0909,6,1
H5,090962,"Spices; seeds of anise, badian, caraway or fennel; juniper berries, crushed or ground",0909,6,1
H5,091011,"Spices; ginger, neither crushed nor ground",0910,6,1
H5,091012,"Spices; ginger, crushed or ground",0910,6,1
H5,091020,Spices; saffron,0910,6,1
H5,091030,Spices; turmeric (curcuma),0910,6,1
H5,091091,Spices; mixtures of 2 or more products of different headings,0910,6,1
H5,091099,Spices; n.e.c. in heading no. 0910,0910,6,1
H5,100111,"Cereals; wheat and meslin, durum wheat, seed",1001,6,1
H5,100119,"Cereals; wheat and meslin, durum wheat, other than seed",1001,6,1
H5,100191,"Cereals; wheat and meslin, other than durum wheat, seed",1001,6,1
H5,100199,"Cereals; wheat and meslin, other than durum wheat, other than seed",1001,6,1
H5,100210,"Cereals; rye, seed",1002,6,1
H5,100290,"Cereals; rye, other than seed",1002,6,1
H5,100310,"Cereals; barley, seed",1003,6,1
H5,100390,"Cereals; barley, other than seed",1003,6,1
H5,100410,"Cereals; oats, seeds",1004,6,1
H5,100490,"Cereals; oats, other than seed",1004,6,1
H5,100510,"Cereals; maize (corn), seed",1005,6,1
H5,100590,"Cereals; maize (corn), other than seed",1005,6,1
H5,100610,Cereals; rice in the husk (paddy or rough),1006,6,1
H5,100620,Cereals; husked (brown) rice,1006,6,1
H5,100630,"Cereals; rice, semi-milled or wholly milled, whether or not polished or glazed",1006,6,1
H5,100640,"Cereals; rice, broken",1006,6,1
H5,100710,"Cereals; grain sorghum, seed",1007,6,1
H5,100790,"Cereals; grain sorghum, other than seed",1007,6,1
H5,100810,Cereals; buckwheat,1008,6,1
H5,100821,"Cereals; millet, seed",1008,6,1
H5,100829,"Cereals; millet, other than seed",1008,6,1
H5,100830,Cereals; canary seeds,1008,6,1
H5,100840,Cereals; fonio (Digitaria spp.),1008,6,1
H5,100850,Cereals; quinoa (Chenopodium quinoa),1008,6,1
H5,100860,Cereals; triticale,1008,6,1
H5,100890,Cereals; n.e.c. in chapter 10,1008,6,1
H5,110100,Wheat or meslin flour,1101,6,1
H5,110220,Cereal flour; of maize (corn),1102,6,1
H5,110290,"Cereal flours; other than wheat, meslin, and maize (corn)",1102,6,1
H5,110311,Cereal groats and meal; of wheat,1103,6,1
H5,110313,Cereal groats and meal; of maize (corn),1103,6,1
H5,110319,Cereal groats and meal; n.e.c. in heading no. 1103,1103,6,1
H5,110320,Cereal pellets,1103,6,1
H5,110412,"Cereal grains; rolled or flaked, of oats",1104,6,1
H5,110419,"Cereal grains; rolled or flaked, other than oats",1104,6,1
H5,110422,"Cereal grains; worked (e.g. hulled, pearled, sliced or kibbled) of oats",1104,6,1
H5,110423,"Cereal grains; worked (e.g. hulled, pearled, sliced or kibbled) of maize (corn)",1104,6,1
H5,110429,"Cereal grains; worked, other than rolled or flaked (e.g. Hulled, pearled, sliced or kibbled) of cereals, excluding oats and maize, and rice of heading no.1006",1104,6,1
H5,110430,"Cereal; germ of cereals, whole, rolled, flaked or ground",1104,6,1
H5,110510,"Flour, meal and powder; of potatoes",1105,6,1
H5,110520,"Flakes, granules and pellets; of potatoes",1105,6,1
H5,110610,"Flour, meal and powder; of the dried leguminous vegetables of heading no. 0713",1106,6,1
H5,110620,"Flour, meal and powder; of sago or of roots or tubers of heading no. 0714",1106,6,1
H5,110630,"Flour, meal and powder; of the products of chapter 8",1106,6,1
H5,110710,Malt; not roasted,1107,6,1
H5,110720,Malt; roasted,1107,6,1
H5,110811,Starch; wheat,1108,6,1
H5,110812,Starch; maize (corn) starch,1108,6,1
H5,110813,Starch; potato,1108,6,1
H5,110814,Starch; manioc (cassava),1108,6,1
H5,110819,Starch; n.e.c. in item no. 1108.11 to 1108.14,1108,6,1
H5,110820,Inulin,1108,6,1
H5,110900,Wheat gluten; whether or not dried,1109,6,1
H5,120110,"Soya beans; seed, whether or not broken",1201,6,1
H5,120190,"Soya beans; other than seed, whether or not broken",1201,6,1
H5,120230,"Ground-nuts; seed, not roasted or otherwise cooked, whether or not shelled or broken",1202,6,1
H5,120241,"Ground-nuts; other than seed, not roasted or otherwise cooked, in shell",1202,6,1
H5,120242,"Ground-nuts; other than seed, not roasted or otherwise cooked, shelled, whether or not broken,",1202,6,1
H5,120300,Copra,1203,6,1
H5,120400,"Oil seeds; linseed, whether or not broken",1204,6,1
H5,120510,"Oil seeds; low erucic acid rape or colza seeds, whether or not broken",1205,6,1
H5,120590,"Oil seeds; rape or colza seeds, other than low erucic, whether or not broken",1205,6,1
H5,120600,"Oil seeds; sunflower seeds, whether or not broken",1206,6,1
H5,120710,"Oil seeds; palm nuts and kernels, whether or not broken",1207,6,1
H5,120721,"Oil seeds; cotton seeds, seed, whether or not broken",1207,6,1
H5,120729,"Oil seeds; cotton seeds, other than seed, whether or not broken",1207,6,1
H5,120730,"Oil seeds; castor oil seeds, whether or not broken",1207,6,1
H5,120740,"Oil seeds; sesamum seeds, whether or not broken",1207,6,1
H5,120750,"Oil seeds; mustard seeds, whether or not broken",1207,6,1
H5,120760,"Oil seeds; safflower (Carthamus tinctorius) seeds, whether or not broken",1207,6,1
H5,120770,"Oil seeds; melon seeds, whether or not broken",1207,6,1
H5,120791,"Oil seeds; poppy seeds, whether or not broken",1207,6,1
H5,120799,"Oil seeds and oleaginous fruits; n.e.c. in heading no. 1207, whether or not broken",1207,6,1
H5,120810,Flours and meals; of soya beans,1208,6,1
H5,120890,Flours and meals of oil seeds or oleaginous fruits; excluding soya beans and mustard seeds,1208,6,1
H5,120910,"Seed; sugar beet seeds, of a kind used for sowing",1209,6,1
H5,120921,"Seeds of forage plants; lucerne (alfalfa) seeds, of a kind used for sowing",1209,6,1
H5,120922,"Seeds of forage plants; clover (Trifolium spp.) seeds, of a kind used for sowing",1209,6,1
H5,120923,"Seeds of forage plants; fescue seeds, of a kind used for sowing",1209,6,1
H5,120924,"Seeds of forage plants; Kentucky blue grass (Poa pratensis L.) seeds, of a kind used for sowing",1209,6,1
H5,120925,"Seeds of forage plants; rye grass (Lolium multiflorum Lam., Lolium perenne L.) seeds, of a kind used for sowing",1209,6,1
H5,120929,"Seeds of forage plants; other than lucerne, clover, fescue, Kentucky blue grass, and rye grass seeds, of a kind used for sowing",1209,6,1
H5,120930,"Seeds of herbaceous plants; cultivated principally for their flowers, of a kind used for sowing",1209,6,1
H5,120991,"Seeds; vegetable seeds, of a kind used for sowing",1209,6,1
H5,120999,"Seeds; n.e.c. in heading 1209, of a kind used for sowing",1209,6,1
H5,121010,Hop cones; neither ground nor powdered nor in the form of pellets,1210,6,1
H5,121020,"Hop cones; ground, powdered or in the form of pellets; lupulin",1210,6,1
H5,121120,"Ginseng roots, of a kind used primarily in perfumery, in pharmacy or for insecticidal, fungicidal or similar purposes, fresh, chilled, frozen or dried, whether or not cut, crushed or powdered",1211,6,1
H5,121130,"Coca leaf; of a kind used primarily in perfumery, in pharmacy or for insecticidal, fungicidal or similar purposes, fresh, chilled, frozen or dried, whether or not cut, crushed or powdered",1211,6,1
H5,121140,"Poppy straw; of a kind used primarily in perfumery, in pharmacy or for insecticidal, fungicidal or similar purposes, fresh, chilled, frozen or dried, whether or not cut, crushed or powdered",1211,6,1
H5,121150,"Ephedra, of a kind used primarily in perfumery, in pharmacy or for insecticidal, fungicidal or similar purposes, fresh, chilled, frozen or dried, whether or not cut, crushed or powdered",1211,6,1
H5,121190,"Plants and parts (including seeds and fruits) n.e.c. in heading no. 1211, of a kind used primarily in perfumery, in pharmacy or for insecticidal, fungicidal or similar purposes, fresh, chilled, frozen or dried, whether or not cut, crushed or powdered",1211,6,1
H5,121221,"Seaweeds and other algae; fit for human consumption, fresh, chilled, frozen or dried, whether or not ground",1212,6,1
H5,121229,"Seaweeds and other algae; not fit for human consumption, fresh, chilled, frozen or dried, whether or not ground",1212,6,1
H5,121291,"Sugar beet; fit for human consumption, fresh, chilled, frozen or dried, whether or not ground",1212,6,1
H5,121292,"Locust beans (carob); fit for human consumption, fresh, chilled, frozen or dried, whether or not ground",1212,6,1
H5,121293,"Sugar cane; fit for human consumption, fresh, chilled, frozen or dried, whether or not ground",1212,6,1
H5,121294,"Chicory roots (Chicorium intybus sativum); fit for human consumption, fresh, chilled, frozen or dried, whether or not ground",1212,6,1
H5,121299,"Vegetable products; fit for human consumption, n.e.c. in heading no. 1212, fresh, chilled, frozen or dried, whether or not ground",1212,6,1
H5,121300,"Cereal straw and husks; unprepared, whether or not chopped, ground, pressed or in the form of pellets",1213,6,1
H5,121410,Lucerne (alfalfa) meal and pellets,1214,6,1
H5,121490,"Forage products including swedes, mangolds, fodder roots, hay, sainfoin, clover, forage kale, lupines, vetches etc., pelletised or otherwise",1214,6,1
H5,130120,Gum Arabic,1301,6,1
H5,130190,"Natural gums, resins, gum-resins and oleoresins, n.e.c. in heading no. 1301",1301,6,1
H5,130211,Vegetable saps and extracts; opium,1302,6,1
H5,130212,Vegetable saps and extracts; of liquorice,1302,6,1
H5,130213,Vegetable saps and extracts; of hops,1302,6,1
H5,130214,Vegetable saps and extracts; of ephedra,1302,6,1
H5,130219,Vegetable saps and extracts; n.e.c. in item no. 1302.1,1302,6,1
H5,130220,Pectic substances; pectinates and pectates,1302,6,1
H5,130231,"Mucilages and thickeners; agar-agar, whether or not modified, derived from vegetable products",1302,6,1
H5,130232,"Mucilages and thickeners; whether or not modified, derived from locust beans, locust bean seeds or guar seeds",1302,6,1
H5,130239,"Mucilages and thickeners; whether or not modified, derived from vegetable products, n.e.c. in item no. 1302.3",1302,6,1
H5,140110,Bamboo used primarily for plaiting,1401,6,1
H5,140120,Rattans used primarily for plaiting,1401,6,1
H5,140190,Vegetable materials of a kind used primarily for plaiting; n.e.c. in heading no. 1401,1401,6,1
H5,140420,Vegetable products; cotton linters,1404,6,1
H5,140490,Vegetable products; n.e.c. in chapter 14,1404,6,1
H5,150110,"Pig fat; lard, other than that of heading 0209 and 1503",1501,6,1
H5,150120,"Pig fat; not lard, other than that of heading 0209 or 1503",1501,6,1
H5,150190,Poultry fat; other than that of heading 0209 or 1503,1501,6,1
H5,150210,Tallow; other than those of heading 1503,1502,6,1
H5,150290,"Fats of bovine animals, sheep or goats; excluding tallow, and other than those of heading 1503",1502,6,1
H5,150300,"Lard stearin, lard oil, oleostearin, oleo-oil and tallow oil; not emulsified or mixed or otherwise prepared",1503,6,1
H5,150410,"Oils of fish; fish-liver oils and their fractions, whether or not refined, but not chemically modified",1504,6,1
H5,150420,"Fats and oils and their fractions; of fish, (excluding liver-oils)",1504,6,1
H5,150430,Fats and oils and their fractions; of marine mammals,1504,6,1
H5,150500,Wool grease and fatty substances derived therefrom (including lanolin),1505,6,1
H5,150600,"Animal fats and oils and their fractions; whether or not refined, but not chemically modified, n.e.c. in chapter 15",1506,6,1
H5,150710,"Vegetable oils; soya-bean oil and its fractions, crude, whether or not degummed, not chemically modified",1507,6,1
H5,150790,"Vegetable oils; soya-bean oil and its fractions, other than crude, whether or not refined, but not chemically modified",1507,6,1
H5,150810,"Vegetable oils; ground-nut oil and its fractions, crude, not chemically modified",1508,6,1
H5,150890,"Vegetable oils; ground-nut oil and its fractions, other than crude, whether or not refined, but not chemically modified",1508,6,1
H5,150910,"Vegetable oils; olive oil and its fractions, virgin, whether or not refined, but not chemically modified",1509,6,1
H5,150990,"Vegetable oils; olive oil and its fractions, other than virgin, whether or not refined, but not chemically modified",1509,6,1
H5,151000,"Vegetable oils; oils and their fractions n.e.c. in chapter 15, obtained solely from olives, whether or not refined, but not chemically modified, including blends of these oils or fractions with oils or fractions of heading no. 1509",1510,6,1
H5,151110,"Vegetable oils; palm oil and its fractions, crude, not chemically modified",1511,6,1
H5,151190,"Vegetable oils; palm oil and its fractions, other than crude, whether or not refined, but not chemically modified",1511,6,1
H5,151211,"Vegetable oils; sunflower seed or safflower oil and their fractions, crude, not chemically modified",1512,6,1
H5,151219,"Vegetable oils; sunflower seed or safflower oil and their fractions, other than crude, whether or not refined, but not chemically modified",1512,6,1
H5,151221,"Vegetable oils; cotton-seed oil and its fractions; crude, whether or not gossypol has been removed, not chemically modified",1512,6,1
H5,151229,"Vegetable oils; cotton-seed oil and its fractions, other than crude, whether or not refined, but not chemically modified",1512,6,1
H5,151311,"Vegetable oils; coconut (copra) oil and its fractions, crude, not chemically modified",1513,6,1
H5,151319,"Vegetable oils; coconut (copra) oil and its fractions, other than crude, whether or not refined, but not chemically modified",1513,6,1
H5,151321,"Vegetable oils; palm kernel or babassu oil and their fractions, crude, not chemically modified",1513,6,1
H5,151329,"Vegetable oils; palm kernel or babassu oil and their fractions, other than crude, whether or not refined, but not chemically modified",1513,6,1
H5,151411,"Vegetable oils; low erucic acid rape or colza oil and its fractions, crude",1514,6,1
H5,151419,"Vegetable oils; low erucic acid rape or colza oil and its fractions, other than crude, but not chemically modified",1514,6,1
H5,151491,"Vegetable oils; excluding low erucic acid rape or colza oil and its fractions, crude",1514,6,1
H5,151499,"Vegetable oils; excluding low erucic acid rape or colza oil and its fractions, other than crude, but not chemically modified",1514,6,1
H5,151511,"Vegetable oils; linseed oil and its fractions, crude, not chemically modified",1515,6,1
H5,151519,"Vegetable oils; linseed oil and its fractions, other than crude, whether or not refined, but not chemically modified",1515,6,1
H5,151521,"Vegetable oils; maize (corn) oil and its fractions, crude, not chemically modified",1515,6,1
H5,151529,"Vegetable oils; maize (corn) oil and its fractions, other than crude, whether or not refined, but not chemically modified",1515,6,1
H5,151530,"Vegetable oils; castor oil and its fractions, whether or not refined, but not chemically modified",1515,6,1
H5,151550,"Vegetable oils; sesame oil and its fractions, whether or not refined, but not chemically modified",1515,6,1
H5,151590,"Vegetable fats and oils and their fractions; fixed, n.e.c. in heading no. 1515, whether or not refined, but not chemically modified",1515,6,1
H5,151610,"Animal fats and oils and their fractions; partly or wholly hydrogenated, inter-esterified, re-esterified or elaidinised, whether or not refined, but not further prepared",1516,6,1
H5,151620,"Vegetable fats and oils and their fractions; partly or wholly hydrogenated, inter-esterified, re-esterified or elaidinised, whether or not refined, but not further prepared",1516,6,1
H5,151710,Margarine; excluding liquid margarine,1517,6,1
H5,151790,"Edible mixtures or preparations of animal or vegetable fats or oils or of fractions of different fats or oils of this chapter, other than edible fats or oils of heading no. 1516",1517,6,1
H5,151800,"Animal or vegetable fats and oils and their fractions; oxidised, boiled or otherwise chemically modified, (excluding those of heading no. 1516), inedible mixtures or preparations of fats or oils",1518,6,1
H5,152000,"Glycerol, crude; glycerol waters and glycerol lyes",1520,6,1
H5,152110,Vegetable waxes (other than triglycerides); whether or not refined or coloured,1521,6,1
H5,152190,"Waxes, other than vegetable, n.e.c. in heading no. 1521; whether or not refined or coloured",1521,6,1
H5,152200,Degras; residues resulting from the treatment of fatty substances or animal or vegetable waxes,1522,6,1
H5,160100,"Meat preparations; sausages and similar products, of meat, meat offal or blood, and food preparations based on these products",1601,6,1
H5,160210,"Meat preparations; homogenised preparations of meat, meat offal or blood",1602,6,1
H5,160220,Meat preparations; of the prepared or preserved liver of any animal (excluding homogenised preparations),1602,6,1
H5,160231,"Meat preparations; of turkeys, prepared or preserved meat or meat offal (excluding livers and homogenised preparations)",1602,6,1
H5,160232,"Meat preparations; of the poultry of heading no. 0105, (i.e. of fowls of the species Gallus domesticus)",1602,6,1
H5,160239,"Meat preparations; of poultry (excluding turkeys), prepared or preserved meat or meat offal (excluding livers and homogenised preparations)",1602,6,1
H5,160241,"Meat preparations; of swine, hams and cuts thereof, prepared or preserved (excluding homogenised preparations)",1602,6,1
H5,160242,"Meat preparations; of swine, shoulders and cuts thereof, prepared or preserved (excluding homogenised preparations)",1602,6,1
H5,160249,"Meat preparations; of swine, meat or meat offal (including mixtures), prepared or preserved, n.e.c. in heading no. 1602",1602,6,1
H5,160250,"Meat preparations; of bovine animals, meat or meat offal, prepared or preserved (excluding livers and homogenised preparations)",1602,6,1
H5,160290,"Meat preparations; of meat, meat offal or the blood of any animal, n.e.c. in heading no. 1602",1602,6,1
H5,160300,"Extracts and juices; of meat, fish or crustaceans, molluscs or other aquatic invertebrates",1603,6,1
H5,160411,"Fish preparations; salmon, prepared or preserved, whole or in pieces (but not minced)",1604,6,1
H5,160412,"Fish preparations; herrings, prepared or preserved, whole or in pieces (but not minced)",1604,6,1
H5,160413,"Fish preparations; sardines, sardinella and brisling or sprats, prepared or preserved, whole or in pieces (but not minced)",1604,6,1
H5,160414,"Fish preparations; tunas, skipjack and Atlantic bonito (sarda spp.), prepared or preserved, whole or in pieces (but not minced)",1604,6,1
H5,160415,"Fish preparations; mackerel, prepared or preserved, whole or in pieces (but not minced)",1604,6,1
H5,160416,"Fish preparations; anchovies, prepared or preserved, whole or in pieces (but not minced)",1604,6,1
H5,160417,"Fish preparations; eels, prepared or preserved, whole or in pieces (but not minced)",1604,6,1
H5,160418,"Fish preparations; shark fins, prepared or preserved, whole or in pieces (but not minced)",1604,6,1
H5,160419,"Fish preparations; fish prepared or preserved, whole or in pieces (but not minced), n.e.c. in heading no. 1604",1604,6,1
H5,160420,"Fish preparations; fish minced or in forms n.e.c. in heading no. 1604, prepared or preserved",1604,6,1
H5,160431,Fish preparations; caviar,1604,6,1
H5,160432,"Fish preparations; caviar substitutes, prepared from fish eggs",1604,6,1
H5,160510,"Crustacean preparations; crab, prepared or preserved",1605,6,1
H5,160521,"Crustacean preparations; shrimps and prawns, prepared or preserved, not in airtight containers",1605,6,1
H5,160529,"Crustacean preparations; shrimps and prawns, prepared or preserved, in airtight containers",1605,6,1
H5,160530,"Crustacean preparations; lobster, prepared or preserved",1605,6,1
H5,160540,"Crustacean preparations; other than crab, shrimps, prawns, and lobsters, prepared or preserved",1605,6,1
H5,160551,"Mollusc preparations; oysters, prepared or preserved",1605,6,1
H5,160552,"Mollusc preparations; scallops, including queen scallops, prepared or preserved",1605,6,1
H5,160553,"Mollusc preparations; mussels, prepared or preserved",1605,6,1
H5,160554,"Mollusc preparations; cuttle fish and squid, prepared or preserved",1605,6,1
H5,160555,"Mollusc preparations; octopus, prepared or preserved",1605,6,1
H5,160556,"Mollusc preparations; clams, cockles and arkshells, prepared or preserved",1605,6,1
H5,160557,"Mollusc preparations; abalone, prepared or preserved",1605,6,1
H5,160558,"Mollusc preparations; snails, other than sea snails, prepared or preserved",1605,6,1
H5,160559,"Mollusc preparations; n.e.c. in item no. 1605.5, preparations such as pastes, sausages, prepared meals and the like",1605,6,1
H5,160561,"Aquatic invertebrates; sea cucumbers, prepared or preserved",1605,6,1
H5,160562,"Aquatic invertebrates; sea urchins, prepared or preserved",1605,6,1
H5,160563,"Aquatic invertebrates; jellyfish, prepared or preserved",1605,6,1
H5,160569,"Aquatic invertebrates; other than crustaceans, molluscs, sea cucumbers, sea urchins, and jellyfish, prepared or preserved",1605,6,1
H5,170112,"Sugars; beet sugar, raw, in solid form, not containing added flavouring or colouring matter",1701,6,1
H5,170113,"Sugars; cane sugar, raw, in solid form, as specified in Subheading Note 2 to this chapter, not containing added flavouring or colouring matter",1701,6,1
H5,170114,"Sugars; cane sugar, raw, in solid form, other than as specified in Subheading Note 2 to this chapter, not containing added flavouring or colouring matter",1701,6,1
H5,170191,"Sugars; sucrose, chemically pure, in solid form, containing added flavouring or colouring matter",1701,6,1
H5,170199,"Sugars; sucrose, chemically pure, in solid form, not containing added flavouring or colouring matter",1701,6,1
H5,170211,"Sugars; lactose and lactose syrup, containing by weight 99% or more lactose, expressed as anhydrous lactose, calculated on the dry matter",1702,6,1
H5,170219,"Sugars; lactose and lactose syrup, containing by weight less than 99% lactose, expressed as anhydrous lactose, calculated on the dry matter",1702,6,1
H5,170220,"Sugars; maple sugar, chemically pure, in solid form; maple syrup, not containing added flavouring or colouring matter",1702,6,1
H5,170230,"Sugars; glucose and glucose syrup, not containing fructose or containing in the dry state less than 20% by weight of fructose, the syrup not containing added flavouring or colouring matter",1702,6,1
H5,170240,"Sugars; glucose and glucose syrup, containing in the dry state at least 20% but less than 50% by weight of fructose, excluding invert sugar, the syrup not containing added flavouring or colouring matter",1702,6,1
H5,170250,"Sugars; fructose, chemically pure, in solid form",1702,6,1
H5,170260,"Sugars; fructose, other than chemically pure fructose, and fructose syrup (containing in the dry state more than 50% by weight of fructose), excluding invert sugar",1702,6,1
H5,170290,"Sugars; n.e.c. in heading no. 1702, including invert sugar and other sugar and sugar syrup blends containing, in the dry state, 50% by weight of fructose",1702,6,1
H5,170310,"Sugars; molasses, from sugar cane, resulting from the extraction or refining of sugar",1703,6,1
H5,170390,"Sugars; molasses, from sugar beet, resulting from the extraction or refining of sugar",1703,6,1
H5,170410,"Sugar confectionery; chewing gum, whether or not sugar-coated, not containing cocoa",1704,6,1
H5,170490,"Sugar confectionery; (excluding chewing gum, including white chocolate), not containing cocoa",1704,6,1
H5,180100,"Cocoa beans; whole or broken, raw or roasted",1801,6,1
H5,180200,"Cocoa; shells, husks, skins and other cocoa waste",1802,6,1
H5,180310,"Cocoa; paste, not defatted",1803,6,1
H5,180320,"Cocoa; paste, wholly or partly defatted",1803,6,1
H5,180400,"Cocoa; butter, fat and oil",1804,6,1
H5,180500,"Cocoa; powder, not containing added sugar or other sweetening matter",1805,6,1
H5,180610,"Cocoa; powder, containing added sugar or other sweetening matter",1806,6,1
H5,180620,"Chocolate & other food preparations containing cocoa; in blocks, slabs or bars weighing more than 2kg or in liquid, paste, powder, granular or other bulk form in containers or immediate packings, content exceeding 2kg",1806,6,1
H5,180631,"Chocolate and other food preparations containing cocoa; in blocks, slabs or bars, filled, weighing 2kg or less",1806,6,1
H5,180632,"Chocolate and other food preparations containing cocoa; in blocks, slabs or bars, (not filled), weighing 2kg or less",1806,6,1
H5,180690,Chocolate and other food preparations containing cocoa; n.e.c. in chapter 18,1806,6,1
H5,190110,"Food preparations; of flour, meal, starch, malt extract or milk products, suitable for infants or young children, put up for retail sale",1901,6,1
H5,190120,"Food preparations; mixes and doughs for the preparation of bread, pastry, cakes, biscuits and other bakers' wares",1901,6,1
H5,190190,"Food preparations; of flour, meal, starch, malt extract or milk products, for uses n.e.c. in heading no. 1901",1901,6,1
H5,190211,"Food preparations; pasta, containing eggs, uncooked, not stuffed or otherwise prepared",1902,6,1
H5,190219,"Food preparations; pasta, uncooked (excluding that containing eggs), not stuffed or otherwise prepared",1902,6,1
H5,190220,"Food preparations; pasta, stuffed (with meat or other substances), whether or not cooked or otherwise prepared",1902,6,1
H5,190230,"Food preparations; pasta (excluding stuffed), cooked or otherwise prepared",1902,6,1
H5,190240,Food preparations; couscous,1902,6,1
H5,190300,"Food preparations; tapioca and substitutes thereof, prepared from starch in the form of flakes, grains, pearls, siftings or similar",1903,6,1
H5,190410,Food preparations; obtained by the swelling or roasting of cereals or cereal products,1904,6,1
H5,190420,Food preparations; obtained from unroasted cereal flakes or from mixtures of unroasted cereal flakes and roasted cereal flakes or swelled cereals,1904,6,1
H5,190430,"Prepared foods obtained by the swelling or roasting of cereals or cereal products (e.g. corn flakes); cereals, not maize (corn), in grain form or in the form of flakes or other worked grains, from bulgur wheat",1904,6,1
H5,190490,"Food preparations; cereal or cereal products (excluding maize), in grain form, pre-cooked or otherwise prepared",1904,6,1
H5,190510,"Food preparations; crispbread, whether or not containing cocoa",1905,6,1
H5,190520,"Food preparations; gingerbread and the like, whether or not containing cocoa",1905,6,1
H5,190531,"Food preparations; sweet biscuits, whether or not containing cocoa",1905,6,1
H5,190532,"Food preparations; waffles and wafers, whether or not containing cocoa",1905,6,1
H5,190540,"Food preparations; rusks, toasted bread and similar toasted products, whether or not containing cocoa",1905,6,1
H5,190590,"Food preparations; bakers' wares n.e.c. in heading no. 1605, whether or not containing cocoa; communion wafers, empty cachets suitable for pharmaceutical use, sealing wafers, rice papers and similar products",1905,6,1
H5,200110,"Vegetable preparations; cucumbers and gherkins, prepared or preserved by vinegar or acetic acid",2001,6,1
H5,200190,"Vegetable preparations; vegetables, fruit, nuts and other edible parts of plants, prepared or preserved by vinegar or acetic acid (excluding cucumbers and gherkins)",2001,6,1
H5,200210,"Vegetable preparations; tomatoes, whole or in pieces, prepared or preserved otherwise than by vinegar or acetic acid",2002,6,1
H5,200290,"Vegetable preparations; tomatoes, (other than whole or in pieces), prepared or preserved otherwise than by vinegar or acetic acid",2002,6,1
H5,200310,"Vegetable preparations; mushrooms of the genus Agaricus, prepared or preserved otherwise than by vinegar or acetic acid",2003,6,1
H5,200390,"Vegetable preparations; mushrooms and truffles, other than mushrooms of the genus Agaricus, prepared or preserved otherwise than by vinegar or acetic acid",2003,6,1
H5,200410,"Vegetable preparations; potatoes, prepared or preserved otherwise than by vinegar or acetic acid, frozen",2004,6,1
H5,200490,"Vegetable preparations; vegetables and mixtures of vegetables (excluding potatoes), prepared or preserved otherwise than by vinegar or acetic acid, frozen",2004,6,1
H5,200510,"Vegetable preparations; homogenised vegetables, prepared or preserved otherwise than by vinegar or acetic acid, not frozen",2005,6,1
H5,200520,"Vegetable preparations; potatoes, prepared or preserved otherwise than by vinegar or acetic acid, not frozen",2005,6,1
H5,200540,"Vegetable preparations; peas (pisum sativum), prepared or preserved otherwise than by vinegar or acetic acid, not frozen",2005,6,1
H5,200551,"Vegetable preparations; beans, shelled, prepared or preserved otherwise than by vinegar or acetic acid, not frozen",2005,6,1
H5,200559,"Vegetable preparations; beans, (not shelled), prepared or preserved otherwise than by vinegar or acetic acid, not frozen",2005,6,1
H5,200560,"Vegetable preparations; asparagus, prepared or preserved otherwise than by vinegar or acetic acid, not frozen",2005,6,1
H5,200570,"Vegetable preparations; olives, prepared or preserved otherwise than by vinegar or acetic acid, not frozen",2005,6,1
H5,200580,"Vegetable preparations; sweetcorn (zea mays var. saccharata), prepared or preserved otherwise than by vinegar or acetic acid, not frozen",2005,6,1
H5,200591,"Vegetable preparations; bamboo shoots, prepared or preserved otherwise than by vinegar or acetic acid, not frozen",2005,6,1
H5,200599,"Vegetable preparations; vegetables and mixtures of vegetables n.e.c. in heading no. 2005, prepared or preserved otherwise than by vinegar or acetic acid, not frozen",2005,6,1
H5,200600,"Vegetables, fruit, nuts, fruit-peel and other parts of plants, preserved by sugar (drained, glace or crystallised)",2006,6,1
H5,200710,"Jams, fruit jellies, marmalades, fruit or nut puree and fruit or nut pastes; homogenised, cooked preparations, whether or not containing added sugar or other sweetening matter",2007,6,1
H5,200791,"Jams, jellies, marmalades, purees and pastes; of citrus fruit, being cooked preparations (excluding homogenised), whether or not containing added sugar or other sweetening matter",2007,6,1
H5,200799,"Jams, fruit jellies, marmalades, purees and pastes; of fruit or nuts n.e.c. in heading no. 2007, cooked preparations (excluding homogenised), whether or not containing added sugar or other sweetening matter",2007,6,1
H5,200811,"Nuts; ground-nuts, whether or not containing added sugar, other sweetening matter or spirit",2008,6,1
H5,200819,"Nuts and other seeds; whether or not containing added sugar, other sweetening matter or spirit (excluding ground-nuts except in mixtures)",2008,6,1
H5,200820,"Fruit; pineapples, prepared or preserved in ways n.e.c. in heading no. 2007, whether or not containing added sugar, other sweetening matter or spirit",2008,6,1
H5,200830,"Fruit; citrus, prepared or preserved in ways n.e.c. in heading no. 2007, whether or not containing added sugar, other sweetening matter or spirit",2008,6,1
H5,200840,"Fruit; pears, prepared or preserved in ways n.e.c. in heading no. 2007, whether or not containing added sugar, other sweetening matter or spirit",2008,6,1
H5,200850,"Fruit; apricots, prepared or preserved in ways n.e.c. in heading no. 2007, whether or not containing added sugar, other sweetening matter or spirit",2008,6,1
H5,200860,"Fruit; cherries, prepared or preserved in ways n.e.c. in heading no. 2007, whether or not containing added sugar, other sweetening matter or spirit",2008,6,1
H5,200870,"Fruit; peaches, including nectarines, prepared or preserved in ways n.e.c. in heading no. 2007 and 2008, whether or not containing added sugar, other sweetening matter or spirit",2008,6,1
H5,200880,"Fruit; strawberries, prepared or preserved in ways n.e.c. in heading no. 2007, whether or not containing added sugar, other sweetening matter or spirit",2008,6,1
H5,200891,"Fruit, palm hearts; prepared or preserved, whether or not containing added sugar, other sweetening matter or spirit",2008,6,1
H5,200893,"Fruit; cranberries (Vaccinium macrocarpon, Vaccinium oxycoccos, Vaccinium vitis-idaea), prepared or preserved, whether or not containing added sugar, other sweetening matter or spirit",2008,6,1
H5,200897,"Fruit, nuts and other edible parts of plants; mixtures (other than those of subheading no 2008.19); prepared or preserved in ways n.e.c. in headings 2007 and 2008, whether or not containing added sugar, or other sweetening matter or spirit, n.e.c.",2008,6,1
H5,200899,"Fruit, nuts and other edible parts of plants; prepared or preserved, whether or not containing added sugar, other sweetening matter or spirit, n.e.c. in heading no. 2008",2008,6,1
H5,200911,"Juice; orange, frozen, unfermented, (not containing added spirit), whether or not containing added sugar or other sweetening matter",2009,6,1
H5,200912,"Juice; orange, not frozen, of a Brix value not exceeding 20, unfermented, not containing added spirit, whether or not containing added sugar or other sweetening matter",2009,6,1
H5,200919,"Juice; orange, not frozen, of a Brix value exceeding 20, unfermented, not containing added spirit, whether or not containing added sugar or other sweetening matter",2009,6,1
H5,200921,"Juice; grapefruit (including pomelo), of a Brix value not exceeding 20, unfermented, (not containing added spirit), whether or not containing added sugar or other sweetening matter",2009,6,1
H5,200929,"Juice; grapefruit (including pomelo), of a Brix value exceeding 20, unfermented, not containing added spirit, whether or not containing added sugar or other sweetening matter",2009,6,1
H5,200931,"Juice; of single citrus fruit (excluding orange or grapefruit), of a Brix value not exceeding 20, unfermented, not containing added spirit, whether or not containing added sugar or other sweetening matter",2009,6,1
H5,200939,"Juice; of single citrus fruit (excluding orange or grapefruit), of a Brix value exceeding 20, unfermented, not containing added spirit, whether or not containing added sugar or other sweetening matter",2009,6,1
H5,200941,"Juice; pineapple, of a Brix value not exceeding 20, unfermented, (not containing added spirit), whether or not containing added sugar or other sweetening matter",2009,6,1
H5,200949,"Juice; pineapple, of a Brix value exceeding 20, unfermented, not containing added spirit, whether or not containing added sugar or other sweetening matter",2009,6,1
H5,200950,"Juice; tomato, unfermented, not containing added spirit, whether or not containing added sugar or other sweetening matter",2009,6,1
H5,200961,"Juice; grape, of a Brix value not exceeding 30, unfermented, (not containing added spirit), whether or not containing added sugar or other sweetening matter",2009,6,1
H5,200969,"Juice; grape, of a Brix value exceeding 30, unfermented, not containing added spirit, whether or not containing added sugar or other sweetening matter",2009,6,1
H5,200971,"Juice; apple, of a Brix value not exceeding 20, unfermented, (not containing added spirit), whether or not containing added sugar or other sweetening matter",2009,6,1
H5,200979,"Juice; apple, of a Brix value exceeding 20, unfermented, not containing added spirit, whether or not containing added sugar or other sweetening matter",2009,6,1
H5,200981,"Juice; Cranberry (Vaccinium macrocarpon, Vaccinium oxycoccos, Vaccinium vitis-idaea) juice, unfermented, not containing added spirit, whether or not containing added sugar or other sweetening matter",2009,6,1
H5,200989,"Juice; of any single fruit or vegetable n.e.c. in heading no. 2009, unfermented, not containing added spirit, whether or not containing added sugar or other sweetening matter",2009,6,1
H5,200990,"Juices; mixtures of fruits or vegetables, unfermented, not containing added spirit, whether or not containing added sugar or other sweetening matter",2009,6,1
H5,210111,"Extracts, essences and concentrates; of coffee, and preparations with a basis of these extracts, essences or concentrates or with a basis of coffee",2101,6,1
H5,210112,"Preparations with a basis of extracts, essences or concentrates or with a basis of coffee",2101,6,1
H5,210120,"Extracts, essences and concentrates; of tea or mate, and preparations with a basis of these extracts, essences or concentrates or with a basis of tea or mate",2101,6,1
H5,210130,"Chicory, roasted and other roasted coffee substitutes; extracts, essences and concentrates thereof",2101,6,1
H5,210210,Yeasts; active,2102,6,1
H5,210220,"Yeasts; inactive, other single-cell micro-organisms, dead",2102,6,1
H5,210230,Baking powders; prepared,2102,6,1
H5,210310,Sauces; soya,2103,6,1
H5,210320,Sauces; tomato ketchup and other tomato sauces,2103,6,1
H5,210330,Mustard flour and meal and prepared mustard,2103,6,1
H5,210390,Sauces and preparations therefor; mixed condiments and mixed seasonings,2103,6,1
H5,210410,Soups and broths and preparations therefor,2104,6,1
H5,210420,Homogenised composite food preparations,2104,6,1
H5,210500,Ice cream and other edible ice; whether or not containing cocoa,2105,6,1
H5,210610,Protein; concentrates and textured protein substances,2106,6,1
H5,210690,Food preparations; n.e.c. in item no. 2106.10,2106,6,1
H5,220110,"Waters; mineral and aerated, including natural or artificial, (not containing added sugar or other sweetening matter nor flavoured)",2201,6,1
H5,220190,"Waters; other than mineral and aerated, (not containing added sugar or other sweetening matter nor flavoured), ice and snow",2201,6,1
H5,220210,"Waters; including mineral and aerated, containing added sugar or other sweetening matter or flavoured",2202,6,1
H5,220291,Non-alcoholic beverages; non-alcoholic beer,2202,6,1
H5,220299,"Non-alcoholic beverages; other than non-alcoholic beer, n.e.c. in item no. 2202.10, not including fruit or vegetable juices of heading no. 2009",2202,6,1
H5,220300,Beer; made from malt,2203,6,1
H5,220410,Wine; sparkling,2204,6,1
H5,220421,"Wine; still, in containers holding 2 litres or less",2204,6,1
H5,220422,"Wine; still, in containers holding more than 2 litres but not more than 10 litres",2204,6,1
H5,220429,"Wine; still, in containers holding more than 10 litres",2204,6,1
H5,220430,"Grape must; n.e.c. in heading no. 2009, n.e.c. in item no. 2204.2",2204,6,1
H5,220510,"Vermouth and other wine of fresh grapes, flavoured with plants or aromatic substances, in containers holding 2 litres or less",2205,6,1
H5,220590,"Vermouth and other wine of fresh grapes, flavoured with plants or aromatic substances, in containers holding more than 2 litres",2205,6,1
H5,220600,"Beverages, fermented; (e.g. cider, perry, mead, sake)",2206,6,1
H5,220710,Undenatured ethyl alcohol; of an alcoholic strength by volume of 80% vol. or higher,2207,6,1
H5,220720,"Ethyl alcohol and other spirits; denatured, of any strength",2207,6,1
H5,220820,Spirits obtained by distilling grape wine or grape marc,2208,6,1
H5,220830,Whiskies,2208,6,1
H5,220840,Rum and other spirits obtained by distilling fermented sugar-cane products,2208,6,1
H5,220850,Gin and geneva,2208,6,1
H5,220860,Vodka,2208,6,1
H5,220870,Liqueurs and cordials,2208,6,1
H5,220890,"Spirits, liqueurs and other spirituous beverages; n.e.c. in heading no. 2208",2208,6,1
H5,220900,Vinegar and substitutes for vinegar; obtained from acetic acid,2209,6,1
H5,230110,"Flours, meals and pellets; of meat or meat offal, greaves",2301,6,1
H5,230120,"Flours, meals and pellets; of fish or of crustaceans, molluscs or other aquatic invertebrates",2301,6,1
H5,230210,"Bran, sharps and other residues; of maize (corn), whether or not in the form of pellets, derived from the sifting, milling or other workings thereof",2302,6,1
H5,230230,"Bran, sharps and other residues; of wheat, whether or not in the form of pellets, derived from the sifting, milling or other workings thereof",2302,6,1
H5,230240,"Bran, sharps and other residues; of other cereals, whether or not in the form of pellets, derived from the sifting, milling or other workings thereof",2302,6,1
H5,230250,"Bran, sharps and other residues; of leguminous plants, whether or not in the form of pellets, derived from the sifting, milling or other workings thereof",2302,6,1
H5,230310,Residues of starch manufacture and similar residues; whether or not in the form of pellets,2303,6,1
H5,230320,"Beet-pulp, bagasse and other waste of sugar manufacture; whether or not in the form of pellets",2303,6,1
H5,230330,Brewing or distilling dregs and waste; whether or not in the form of pellets,2303,6,1
H5,230400,"Oil-cake and other solid residues; whether or not ground or in the form of pellets, resulting from the extraction of soya-bean oil",2304,6,1
H5,230500,"Oil-cake and other solid residues; whether or not ground or in the form of pellets, resulting from the extraction of ground-nut oil",2305,6,1
H5,230610,"Oil-cake and other solid residues; whether or not ground or in the form of pellets, resulting from the extraction of cotton seed oils",2306,6,1
H5,230620,"Oil-cake and other solid residues; whether or not ground or in the form of pellets, resulting from the extraction of linseed oils",2306,6,1
H5,230630,"Oil-cake and other solid residues; whether or not ground or in the form of pellets, resulting from the extraction of sunflower seed oils",2306,6,1
H5,230641,"Oil-cake and other solid residues; whether or not ground or in the form of pellets, resulting from the extraction of low erucic acid rape or colza seed oils",2306,6,1
H5,230649,"Oil-cake and other solid residues; whether or not ground or in the form of pellets, resulting from the extraction of rape seed oils (other than low erucic acid rape or colza)",2306,6,1
H5,230650,"Oil-cake and other solid residues; whether or not ground or in the form of pellets, resulting from the extraction of coconut or copra seed oils",2306,6,1
H5,230660,"Oil-cake and other solid residues; whether or not ground or in the form of pellets, resulting from the extraction of palm nuts or kernels oils",2306,6,1
H5,230690,"Oil-cake and other solid residues; whether or not ground or in the form of pellets, resulting from the extraction of oils, n.e.c. in heading no. 2306",2306,6,1
H5,230700,Wine lees; argol,2307,6,1
H5,230800,"Vegetable materials and vegetable waste, vegetable residues and by-products; whether or not in the form of pellets, of a kind used in animal feeding, not elsewhere specified or included",2308,6,1
H5,230910,"Dog or cat food; put up for retail sale, used in animal feeding",2309,6,1
H5,230990,"Dog or cat food; (not put up for retail sale), used in animal feeding",2309,6,1
H5,240110,"Tobacco, (not stemmed or stripped)",2401,6,1
H5,240120,Tobacco; partly or wholly stemmed or stripped,2401,6,1
H5,240130,Tobacco refuse,2401,6,1
H5,240210,"Cigars, cheroots and cigarillos; containing tobacco including the weight of every band, wrapper or attachment thereto",2402,6,1
H5,240220,Cigarettes; containing tobacco,2402,6,1
H5,240290,"Cigars, cigarillos and cheroots; containing tobacco substitutes including the weight of every band, wrapper or attachment thereto",2402,6,1
H5,240311,"Tobacco; smoking, water pipe tobacco as specified in Subheading Note 1 to this Chapter, whether or not containing tobacco substitutes in any proportion",2403,6,1
H5,240319,"Tobacco; smoking, other than water pipe tobacco, whether or not containing tobacco substitutes in any proportion",2403,6,1
H5,240391,Tobacco; homogenised or reconstituted,2403,6,1
H5,240399,Tobacco; other than homogenised or reconstituted or smoking,2403,6,1
H5,250100,Salt (including table salt and denatured salt); pure sodium chloride whether or not in aqueous solution; sea water,2501,6,1
H5,250200,Iron pyrites; unroasted,2502,6,1
H5,250300,"Sulphur of all kinds; other than sublimed, precipitated and colloidal sulphur",2503,6,1
H5,250410,"Graphite; natural, in powder or in flakes",2504,6,1
H5,250490,"Graphite; natural, in other forms, excluding powder or flakes",2504,6,1
H5,250510,"Sands; natural, silica and quartz sands, whether or not coloured",2505,6,1
H5,250590,"Sands; natural, (other than silica and quartz sands), whether or not coloured, (other than metal-bearing sands of chapter 26)",2505,6,1
H5,250610,Quartz; other than natural sands,2506,6,1
H5,250620,"Quartzite; whether or not roughly trimmed or merely cut, by sawing or otherwise, into blocks or slabs of a rectangular (including square) shape",2506,6,1
H5,250700,Kaolin and other kaolinic clays; whether or not calcined,2507,6,1
H5,250810,"Clays (excluding expanded clays of heading no. 6806); bentonite, whether or not calcined",2508,6,1
H5,250830,"Clays (excluding expanded clays of heading no. 6806); fireclay, whether or not calcined",2508,6,1
H5,250840,"Clays (excluding expanded clays of heading no. 6806); n.e.c. in heading no. 2508, whether or not calcined",2508,6,1
H5,250850,"Clays (excluding expanded clays of heading no. 6806); andalusite, kyanite and sillimanite, whether or not calcined",2508,6,1
H5,250860,Clays (excluding expanded clays of heading no. 6806); mullite,2508,6,1
H5,250870,Clays (excluding expanded clays of heading no. 6806); chamotte or dinas earths,2508,6,1
H5,250900,Chalk,2509,6,1
H5,251010,"Natural calcium phosphates, natural aluminium calcium phosphates and phosphatic chalk; unground",2510,6,1
H5,251020,"Natural calcium phosphates, natural aluminium calcium phosphates and phosphatic chalk; ground",2510,6,1
H5,251110,Barium sulphate (barytes); natural,2511,6,1
H5,251120,"Barium carbonate (witherite); natural, whether or not calcined, other than barium oxide of heading no. 2816",2511,6,1
H5,251200,"Siliceous fossil meals (e.g. kieselguhr, tripolite and diatomite) and similar siliceous earths; whether or not calcined, of an apparent specific gravity of 1 or less",2512,6,1
H5,251310,"Pumice stone, whether or not heat treated",2513,6,1
H5,251320,"Emery, natural corundum, natural garnet and other natural abrasives, whether or not heat-treated",2513,6,1
H5,251400,"Slate; whether or not roughly trimmed or merely cut, by sawing or otherwise, into blocks or slabs of a rectangular (including square) shape",2514,6,1
H5,251511,"Marble and travertine; having a specific gravity of 2.5 or more, crude or roughly trimmed by sawing or otherwise, into blocks or slabs of a rectangular (including square) shape",2515,6,1
H5,251512,"Marble and travertine; merely cut, by sawing or otherwise, into blocks or slabs of a rectangular (including square) shape, having a specific gravity of 2.5 or more",2515,6,1
H5,251520,"Ecaussine and other calcareous monumental or building stone; alabaster, having a specific gravity of 2.5 or more",2515,6,1
H5,251611,Granite; crude or roughly trimmed,2516,6,1
H5,251612,"Granite; merely cut, by sawing or otherwise, into blocks or slabs of a rectangular (including square) shape",2516,6,1
H5,251620,"Sandstone;. whether or not roughly trimmed, cut, by sawing etc, into blocks or slabs of a rectangular (including square) shape",2516,6,1
H5,251690,"Monumental or building stone; n.e.c. in heading no. 2516, whether or not roughly trimmed or merely cut, by sawing or otherwise, into blocks or slabs of a rectangular (including square) shape",2516,6,1
H5,251710,"Pebbles, gravel, broken or crushed stone; of a kind commonly used for concrete aggregates, for road metalling or for railway or other ballast, shingle and flint, whether or not heat-treated",2517,6,1
H5,251720,"Macadam of slag, dross or similar industrial waste; whether or not incorporating the materials in item no. 2517.10",2517,6,1
H5,251730,Tarred macadam,2517,6,1
H5,251741,"Stones; of marble, in granules, chippings and powder, whether or not heat-treated",2517,6,1
H5,251749,"Stones; of heading no. 2515 or 2516 (excluding marble), in granules, chippings and powder, whether or not heat-treated",2517,6,1
H5,251810,"Dolomite, not calcined or sintered; including dolomite roughly trimmed, or merely cut by sawing or otherwise into blocks or slabs of rectangular (including square) shape",2518,6,1
H5,251820,"Dolomite, calcined or sintered; including dolomite roughly trimmed, or merely cut by sawing or otherwise into blocks or slabs of rectangular (including square) shape",2518,6,1
H5,251830,Dolomite ramming mix,2518,6,1
H5,251910,Magnesium carbonate (magnesite); natural,2519,6,1
H5,251990,"Magnesia, fused or dead-burned (sintered); whether or not containing small quantities of other oxides added before sintering, other magnesium oxide, whether or not pure, (not natural magnesium carbonate)",2519,6,1
H5,252010,Gypsum; anhydrite,2520,6,1
H5,252020,"Plasters; (consisting of calcined gypsum or calcium sulphate), whether or not coloured, with or without small quantities of accelerators or retarders",2520,6,1
H5,252100,"Limestone flux; limestone and other calcareous stone, of a kind used for the manufacture of lime or cement",2521,6,1
H5,252210,Quicklime; excluding calcium oxide and hydroxide of heading no. 2825,2522,6,1
H5,252220,Slaked lime; excluding calcium oxide and hydroxide of heading no. 2825,2522,6,1
H5,252230,Hydraulic lime; excluding calcium oxide and hydroxide of heading no. 2825,2522,6,1
H5,252310,Cement clinkers (whether or not coloured),2523,6,1
H5,252321,"Cement; portland, white, whether or not artificially coloured",2523,6,1
H5,252329,"Cement; portland, other than white, whether or not artificially coloured",2523,6,1
H5,252330,"Cement; aluminous (ciment fondu), whether or not coloured or in the form of clinkers",2523,6,1
H5,252390,Cement; hydraulic kinds n.e.c. in heading no. 2523,2523,6,1
H5,252410,Asbestos; crocidolite (blue asbestos),2524,6,1
H5,252490,Asbestos; other than crocidolite (blue asbestos),2524,6,1
H5,252510,Mica; crude and rifted into sheets or splittings,2525,6,1
H5,252520,Mica; powder,2525,6,1
H5,252530,Mica; waste,2525,6,1
H5,252610,"Steatite; natural, (not crushed or powdered), whether or not roughly trimmed or merely cut, by sawing or otherwise, into blocks or slabs of a rectangular (including square) shape; talc",2526,6,1
H5,252620,"Steatite; natural, crushed, powdered, whether or not roughly trimmed or merely cut, by sawing or otherwise, into blocks or slabs of a rectangular (including square) shape; talc",2526,6,1
H5,252800,"Natural borates and concentrates thereof (whether or not calcined), but not including borates separated from natural brine; natural boric acid containing not more than 85 % of H3BO3 calculated on the dry weight",2528,6,1
H5,252910,Feldspar,2529,6,1
H5,252921,Fluorspar; containing by weight 97% or less of calcium fluoride,2529,6,1
H5,252922,Fluorspar; containing by weight more than 97% of calcium fluoride,2529,6,1
H5,252930,Leucite; nepheline and nepheline syenite,2529,6,1
H5,253010,"Vermiculite, perlite and chlorites; unexpanded",2530,6,1
H5,253020,"Kieserite, epsomite (natural magnesium sulphates)",2530,6,1
H5,253090,Mineral substances; n.e.c. in chapter 25,2530,6,1
H5,260111,Iron ores and concentrates; non-agglomerated,2601,6,1
H5,260112,Iron ores and concentrates; agglomerated (excluding roasted iron pyrites),2601,6,1
H5,260120,Iron pyrites; roasted,2601,6,1
H5,260200,"Manganese ores and concentrates, including ferruginous manganese ores and concentrates with a manganese content of 20% or more, calculated on the dry weight",2602,6,1
H5,260300,Copper ores and concentrates,2603,6,1
H5,260400,Nickel ores and concentrates,2604,6,1
H5,260500,Cobalt ores and concentrates,2605,6,1
H5,260600,Aluminium ores and concentrates,2606,6,1
H5,260700,Lead ores and concentrates,2607,6,1
H5,260800,Zinc ores and concentrates,2608,6,1
H5,260900,Tin ores and concentrates,2609,6,1
H5,261000,Chromium ores and concentrates,2610,6,1
H5,261100,Tungsten ores and concentrates,2611,6,1
H5,261210,Uranium ores and concentrates,2612,6,1
H5,261220,Thorium ores and concentrates,2612,6,1
H5,261310,Molybdenum ores and concentrates; roasted,2613,6,1
H5,261390,Molybdenum ores and concentrates; other than roasted,2613,6,1
H5,261400,Titanium ores and concentrates,2614,6,1
H5,261510,Zirconium ores and concentrates,2615,6,1
H5,261590,"Niobium, tantalum, vanadium ores and concentrates",2615,6,1
H5,261610,Silver ores and concentrates,2616,6,1
H5,261690,Precious metal ores and concentrates; (excluding silver),2616,6,1
H5,261710,Antimony ores and concentrates,2617,6,1
H5,261790,Ores and concentrates n.e.c. in chapter 26; other than antimony,2617,6,1
H5,261800,"Slag, granulated (slag sand); from the manufacture or iron or steel",2618,6,1
H5,261900,"Slag, dross; (other than granulated slag), scalings and other waste from the manufacture of iron or steel",2619,6,1
H5,262011,"Slag, ash and residues; (not from the manufacture of iron or steel), containing mainly zinc, hard zinc spelter",2620,6,1
H5,262019,"Slag, ash and residues; (not from the manufacture of iron or steel), containing mainly zinc, other than hard zinc spelter",2620,6,1
H5,262021,"Slag, ash and residues; (not from the manufacture of iron or steel), containing mainly lead; leaded gasoline sludges and leaded anti-knock compound sludges",2620,6,1
H5,262029,"Slag, ash and residues; (not from the manufacture of iron or steel), containing mainly lead; excluding leaded gasoline sludges and leaded anti-knock compound sludges",2620,6,1
H5,262030,"Slag, ash and residues; (not from the manufacture of iron or steel), containing mainly copper",2620,6,1
H5,262040,"Slag, ash and residues; (not from the manufacture of iron or steel), containing mainly aluminium",2620,6,1
H5,262060,"Slag, ash and residues; (not from the manufacture of iron or steel), containing arsenic, mercury, thallium or their mixtures, of a kind used for the extraction of arsenic or those metals or for the manufacture of their chemical compounds",2620,6,1
H5,262091,"Slag, ash and residues; (not from the manufacture of iron or steel), containing antimony, beryllium, cadmium, chromium or their mixtures",2620,6,1
H5,262099,"Slag, ash and residues; (not from the manufacture of iron or steel), containing mainly metals or their compounds, n.e.c. in heading no. 2620",2620,6,1
H5,262110,Slag and ash; ash and residues from the incineration of municipal waste,2621,6,1
H5,262190,Slag and ash n.e.c. in chapter 26; including seaweed ash (kelp) but excluding ash and residues from the incineration of municipal waste,2621,6,1
H5,270111,"Coal; anthracite, whether or not pulverised, but not agglomerated",2701,6,1
H5,270112,"Coal; bituminous, whether or not pulverised, but not agglomerated",2701,6,1
H5,270119,"Coal; (other than anthracite and bituminous), whether or not pulverised but not agglomerated",2701,6,1
H5,270120,"Briquettes, ovoids and similar solid fuels; manufactured from coal",2701,6,1
H5,270210,"Lignite; whether or not pulverised, but not agglomerated, excluding jet",2702,6,1
H5,270220,"Lignite; agglomerated, excluding jet",2702,6,1
H5,270300,"Peat; (including peat litter), whether or not agglomerated",2703,6,1
H5,270400,"Coke and semi-coke; of coal, lignite or peat, whether or not agglomerated; retort carbon",2704,6,1
H5,270500,"Gases; coal, water, producer and similar gases (excluding petroleum and other gaseous hydrocarbons)",2705,6,1
H5,270600,"Tar; distilled from coal, lignite or peat, and other mineral tars, whether or not dehydrated or partially distilled, including reconstituted tars",2706,6,1
H5,270710,Oils and products of the distillation of high temperature coal tar; benzol (benzene),2707,6,1
H5,270720,Oils and products of the distillation of high temperature coal tar; toluol (toluene),2707,6,1
H5,270730,Oils and products of the distillation of high temperature coal tar; xylol (xylenes),2707,6,1
H5,270740,Oils and products of the distillation of high temperature coal tar; naphthalene,2707,6,1
H5,270750,"Aromatic hydrocarbon mixtures; n.e.c. in heading no. 2707, of which 65% or more by volume (including losses) distils at 250 degrees Celsius by the ISO 3405 method (equivalent to the ASTM D 86 method)",2707,6,1
H5,270791,Oils and other products of the distillation of high temperature coal tar; creosote oils,2707,6,1
H5,270799,Oils and other products of the distillation of high temperature coal tar; n.e.c. in heading no. 2707,2707,6,1
H5,270810,Pitch; obtained from coal tar or from other mineral tars,2708,6,1
H5,270820,Pitch coke; obtained from coal tar or from other mineral tars,2708,6,1
H5,270900,"Oils; petroleum oils and oils obtained from bituminous minerals, crude",2709,6,1
H5,271012,"Petroleum oils and oils from bituminous minerals, not containing biodiesel, not crude, not waste oils; preparations n.e.c, containing by weight 70% or more of petroleum oils or oils from bituminous minerals; light oils and preparations",2710,6,1
H5,271019,"Petroleum oils and oils from bituminous minerals, not containing biodiesel, not crude, not waste oils; preparations n.e.c, containing by weight 70% or more of petroleum oils or oils from bituminous minerals; not light oils and preparations",2710,6,1
H5,271020,"Petroleum oils and oils from bituminous minerals, containing biodiesel, not crude, not waste oils; preparations n.e.c, containing by weight 70% or more of petroleum oils or oils from bituminous minerals",2710,6,1
H5,271091,"Waste Oils; of petroleum or obtained from bituminous minerals, not crude; and preparations n.e.c., weight 70% or preparations of the same, containing polychlorinated biphenyls (PCBs), polychorinated terphenyls (PCTs) or polybrominated biphenyls (PBBs)",2710,6,1
H5,271099,"Waste Oils; of petroleum or obtained from bituminous minerals, not crude and preparations n.e.c., weight 70% or preparations of the same, not containing polychlorinated biphenyls (PCBs), polychorinated terphenyls (PCTs) or polybrominated biphenyls (PBBs)",2710,6,1
H5,271111,"Petroleum gases and other gaseous hydrocarbons; liquefied, natural gas",2711,6,1
H5,271112,"Petroleum gases and other gaseous hydrocarbons; liquefied, propane",2711,6,1
H5,271113,"Petroleum gases and other gaseous hydrocarbons; liquefied, butanes",2711,6,1
H5,271114,"Petroleum gases and other gaseous hydrocarbons; liquefied, ethylene, propylene, butylene and butadiene",2711,6,1
H5,271119,"Petroleum gases and other gaseous hydrocarbons; liquefied, n.e.c. in heading no. 2711",2711,6,1
H5,271121,"Petroleum gases and other gaseous hydrocarbons; in gaseous state, natural gas",2711,6,1
H5,271129,"Petroleum gases and other gaseous hydrocarbons; in gaseous state, other than natural gas",2711,6,1
H5,271210,Petroleum jelly,2712,6,1
H5,271220,"Paraffin wax; containing by weight less than 0.75% of oil, obtained by synthesis or by other processes, whether or not coloured",2712,6,1
H5,271290,"Paraffin wax; containing by weight 0.75% or more of oil, obtained by synthesis or by other processes, whether or not coloured",2712,6,1
H5,271311,"Petroleum coke; (not calcined), obtained from bituminous minerals",2713,6,1
H5,271312,"Petroleum coke; calcined, obtained from bituminous minerals",2713,6,1
H5,271320,Petroleum bitumen; obtained from bituminous minerals,2713,6,1
H5,271390,Residues; of petroleum oils or of oils obtained from bituminous minerals,2713,6,1
H5,271410,Bituminous or oil shale and tar sands,2714,6,1
H5,271490,"Bitumen and asphalt, natural; asphaltites and asphaltic rock",2714,6,1
H5,271500,"Bituminous mixtures based on natural asphalt, on natural bitumen, on petroleum bitumen, on mineral tar or on mineral tar pitch (e.g. bituminous mastics, cut-backs)",2715,6,1
H5,271600,Electrical energy,2716,6,1
H5,280110,Chlorine,2801,6,1
H5,280120,Iodine,2801,6,1
H5,280130,Fluorine; bromine,2801,6,1
H5,280200,"Sulphur; sublimed or precipitated, colloidal sulphur",2802,6,1
H5,280300,Carbon; carbon blacks and other forms of carbon n.e.c.,2803,6,1
H5,280410,Hydrogen,2804,6,1
H5,280421,"Gases, rare; argon",2804,6,1
H5,280429,"Gases, rare; other than argon",2804,6,1
H5,280430,Nitrogen,2804,6,1
H5,280440,Oxygen,2804,6,1
H5,280450,Boron; tellurium,2804,6,1
H5,280461,Silicon; containing by weight not less than 99.99% of silicon,2804,6,1
H5,280469,Silicon; containing by weight less than 99.99% of silicon,2804,6,1
H5,280470,Phosphorus,2804,6,1
H5,280480,Arsenic,2804,6,1
H5,280490,Selenium,2804,6,1
H5,280511,Alkali or alkali-earth metals; sodium,2805,6,1
H5,280512,Alkali or alkali-earth metals; calcium,2805,6,1
H5,280519,Alkali or alkali-earth metals; other than sodium and calcium,2805,6,1
H5,280530,"Earth-metals, rare; scandium and yttrium, whether or not intermixed or interalloyed",2805,6,1
H5,280540,Mercury,2805,6,1
H5,280610,Hydrogen chloride (hydrochloric acid),2806,6,1
H5,280620,Chlorosulphuric acid,2806,6,1
H5,280700,Sulphuric acid; oleum,2807,6,1
H5,280800,Nitric acid; sulphonitric acids,2808,6,1
H5,280910,Diphosphorus pentoxide,2809,6,1
H5,280920,Phosphoric acid and polyphosphoric acids,2809,6,1
H5,281000,Oxides of boron; boric acids,2810,6,1
H5,281111,Hydrogen fluoride (hydrofluoric acid),2811,6,1
H5,281112,Hydrogen cyanide (hydrocyanic acid),2811,6,1
H5,281119,Inorganic acids; other than hydrogen fluoride,2811,6,1
H5,281121,Carbon dioxide,2811,6,1
H5,281122,Silicon dioxide,2811,6,1
H5,281129,"Inorganic oxygen compounds; of non-metals, n.e.c. in item no. 2811.2",2811,6,1
H5,281211,Carbonyl dichloride (phosgene),2812,6,1
H5,281212,Phosphorus oxychloride,2812,6,1
H5,281213,Phosphorus trichloride,2812,6,1
H5,281214,Phosphorus pentachloride,2812,6,1
H5,281215,Sulphur monochloride,2812,6,1
H5,281216,Sulphur dichloride,2812,6,1
H5,281217,Thionyl chloride,2812,6,1
H5,281219,"Arsenic trichloride and other chlorides and chloride oxides, n.e.c. in item no. 2812",2812,6,1
H5,281290,Halides and halide oxides of non-metals; excluding chloride,2812,6,1
H5,281310,Carbon disulphide,2813,6,1
H5,281390,"Sulphides of non-metals, (excluding carbon); commercial phosphorus trisulphide",2813,6,1
H5,281410,Ammonia; anhydrous,2814,6,1
H5,281420,Ammonia; in aqueous solution,2814,6,1
H5,281511,Sodium hydroxide (caustic soda); solid,2815,6,1
H5,281512,Sodium hydroxide (caustic soda); in aqueous solution (soda lye or liquid soda),2815,6,1
H5,281520,Potassium hydroxide (caustic potash),2815,6,1
H5,281530,Peroxides of sodium or potassium,2815,6,1
H5,281610,Hydroxide and peroxide of magnesium,2816,6,1
H5,281640,"Oxides, hydroxides and peroxides, of strontium or barium",2816,6,1
H5,281700,Zinc; oxide and peroxide,2817,6,1
H5,281810,Aluminium oxide; artificial corundum,2818,6,1
H5,281820,Aluminium oxide; other than artificial corundum,2818,6,1
H5,281830,Aluminium hydroxide,2818,6,1
H5,281910,Chromium trioxide,2819,6,1
H5,281990,Chromium oxides and hydroxides; excluding chromium trioxide,2819,6,1
H5,282010,Manganese dioxide,2820,6,1
H5,282090,Manganese oxides; excluding manganese dioxide,2820,6,1
H5,282110,Iron oxides and hydroxides,2821,6,1
H5,282120,Earth colours; containing 70% or more by weight of combined iron evaluated as Fe2o3,2821,6,1
H5,282200,Cobalt oxides and hydroxides; commercial cobalt oxides,2822,6,1
H5,282300,Titanium oxides,2823,6,1
H5,282410,"Lead; lead monoxide (litharge, massicot)",2824,6,1
H5,282490,Lead oxides; n.e.c. in heading no. 2824,2824,6,1
H5,282510,Hydrazine and hydroxylamine and their inorganic salts,2825,6,1
H5,282520,Lithium oxide and hydroxide,2825,6,1
H5,282530,Vanadium oxides and hydroxides,2825,6,1
H5,282540,Nickel oxides and hydroxides,2825,6,1
H5,282550,Copper oxides and hydroxides,2825,6,1
H5,282560,Germanium oxides and zirconium dioxide,2825,6,1
H5,282570,Molybdenum oxides and hydroxides,2825,6,1
H5,282580,Antimony oxides,2825,6,1
H5,282590,"Inorganic bases, metal oxides, hydroxides and peroxides; n.e.c. in heading no. 2825",2825,6,1
H5,282612,Fluorides; of aluminium,2826,6,1
H5,282619,Fluorides; other than of aluminium,2826,6,1
H5,282630,Sodium hexafluoroaluminate (synthetic cryolite),2826,6,1
H5,282690,"Fluorides; fluorosilicates, fluoroaluminates and other complex fluorine salts, n.e.c. in heading no. 2826",2826,6,1
H5,282710,Chlorides; of ammonium,2827,6,1
H5,282720,Chlorides; of calcium,2827,6,1
H5,282731,Chlorides; of magnesium,2827,6,1
H5,282732,Chlorides; of aluminium,2827,6,1
H5,282735,Chlorides; of nickel,2827,6,1
H5,282739,"Chlorides; other than of ammonium, calcium, magnesium, aluminium and nickel",2827,6,1
H5,282741,Chloride oxides and chloride hydroxides; of copper,2827,6,1
H5,282749,Chloride oxides and chloride hydroxides; other than of copper,2827,6,1
H5,282751,Bromides; of sodium or of potassium,2827,6,1
H5,282759,Bromides and bromide oxides; other than item no. 2827.51,2827,6,1
H5,282760,Iodides and iodide oxides,2827,6,1
H5,282810,Hypochlorites; commercial calcium hypochlorite and other calcium hypochlorites,2828,6,1
H5,282890,Hypochlorites; n.e.c. in heading no. 2828,2828,6,1
H5,282911,Chlorates; of sodium,2829,6,1
H5,282919,Chlorates; other than sodium,2829,6,1
H5,282990,Perchlorates; bromates and perbromates; iodates and periodates,2829,6,1
H5,283010,"Sulphides; of sodium, whether or not chemically defined",2830,6,1
H5,283090,"Sulphides and polysulphides; whether or not chemically defined, other than sulphides of sodium",2830,6,1
H5,283110,Dithionites and sulphoxylates; of sodium,2831,6,1
H5,283190,Dithionites and sulphoxylates; other than sodium,2831,6,1
H5,283210,Sulphites; of sodium,2832,6,1
H5,283220,Sulphites; other than of sodium,2832,6,1
H5,283230,Thiosulphates,2832,6,1
H5,283311,Sodium sulphates; disodium sulphate,2833,6,1
H5,283319,Sodium sulphates; other than disodium sulphate,2833,6,1
H5,283321,Sulphates; of magnesium,2833,6,1
H5,283322,Sulphates; of aluminium,2833,6,1
H5,283324,Sulphates; of nickel,2833,6,1
H5,283325,Sulphates; of copper,2833,6,1
H5,283327,Sulphates; of barium,2833,6,1
H5,283329,Sulphates; n.e.c. in item no. 2833.2,2833,6,1
H5,283330,Alums,2833,6,1
H5,283340,Peroxosulphates (persulphates),2833,6,1
H5,283410,Nitrites,2834,6,1
H5,283421,Nitrates; of potassium,2834,6,1
H5,283429,Nitrates; of other than potassium,2834,6,1
H5,283510,"Phosphinates (hypophosphites) and phosphonates (phosphites), whether or not chemically defined",2835,6,1
H5,283522,"Phosphates; of mono- or disodium, whether or not chemically defined",2835,6,1
H5,283524,"Phosphates; of potassium, whether or not chemically defined",2835,6,1
H5,283525,"Phosphates; calcium hydrogenorthophosphate (dicalcium phosphate), whether or not chemically defined",2835,6,1
H5,283526,"Phosphates; of calcium n.e.c. in item no. 2835.25, whether or not chemically defined",2835,6,1
H5,283529,"Phosphates; (other than of mono- or disodium, other than of potassium or of calcium hydrogenorthophosphate (dicalcium phosphate) and excluding other phosphates of calcium), whether or not chemically defined",2835,6,1
H5,283531,"Polyphosphates; sodium triphosphate (sodium tripolyphosphate), whether or not chemically defined",2835,6,1
H5,283539,"Polyphosphates; other than sodium triphosphate (sodium tripolyphosphate), whether or not chemically defined",2835,6,1
H5,283620,Carbonates; disodium carbonate,2836,6,1
H5,283630,Carbonates; sodium hydrogen carbonate (sodium bicarbonate),2836,6,1
H5,283640,Carbonates; potassium carbonate,2836,6,1
H5,283650,Carbonates; calcium carbonate,2836,6,1
H5,283660,Carbonates; barium carbonate,2836,6,1
H5,283691,Carbonates; lithium carbonate,2836,6,1
H5,283692,Carbonates; strontium carbonate,2836,6,1
H5,283699,Carbonates; n.e.c. in heading no. 2836 and other than lithium or strontium,2836,6,1
H5,283711,Cyanides and cyanide oxides; of sodium,2837,6,1
H5,283719,Cyanides and cyanide oxides; other than of sodium,2837,6,1
H5,283720,Complex cyanides,2837,6,1
H5,283911,Silicates; sodium metasilicates,2839,6,1
H5,283919,Silicates; of sodium (excluding sodium metasilicates),2839,6,1
H5,283990,"Silicates; commercial alkali metal silicates, other than of sodium",2839,6,1
H5,284011,"Borates; disodium tetraborate (refined borax), anhydrous",2840,6,1
H5,284019,"Borates; disodium tetraborate (refined borax), other than anhydrous",2840,6,1
H5,284020,Borates; n.e.c. in heading no. 2840,2840,6,1
H5,284030,Peroxoborates (perborates),2840,6,1
H5,284130,Salts; sodium dichromate,2841,6,1
H5,284150,"Salts; chromates, dichromates, peroxochromates; n.e.c. in heading no. 2841",2841,6,1
H5,284161,"Salts; of oxometallic or peroxometallic acids, manganites, manganates and permanganates, potassium permanganate",2841,6,1
H5,284169,"Salts; of oxometallic or peroxometallic acids, manganites, manganates and permanganates, other than potassium permanganate",2841,6,1
H5,284170,Salts; molybdates,2841,6,1
H5,284180,Salts; tungstates (wolframates),2841,6,1
H5,284190,Salts of oxometallic or peroxometallic acids; n.e.c. in heading no. 2841,2841,6,1
H5,284210,"Salts of inorganic acids or peroxoacids, double or complex silicates, including aluminosilicates, whether or not chemically defined, excluding azides",2842,6,1
H5,284290,"Salts; of inorganic acids or peroxoacids, other than double or complex silicates, including aluminosilicates, whether or not chemically, excluding azides",2842,6,1
H5,284310,Colloidal precious metals; whether or not chemically defined,2843,6,1
H5,284321,Silver compounds; silver nitrates,2843,6,1
H5,284329,Silver compounds; excluding silver nitrates,2843,6,1
H5,284330,Gold compounds,2843,6,1
H5,284390,"Inorganic or organic compounds of precious metals, n.e.c.; amalgams",2843,6,1
H5,284410,"Uranium; natural uranium and its compounds, alloys, dispersions (including cermets), ceramic products and mixtures containing natural uranium or natural uranium compounds",2844,6,1
H5,284420,"Uranium; enriched in U235, plutonium, their compounds, alloys dispersions (including cermets), ceramic products and mixtures containing uranium enriched in U235, plutonium or compounds of these products",2844,6,1
H5,284430,"Uranium; depleted in U235, thorium, their compounds, alloys, dispersions (including cermets), ceramic products and mixtures containing uranium depleted in U235, thorium; compounds of these products",2844,6,1
H5,284440,"Radioactive elements, isotopes, compounds, n.e.c. in heading no. 2844 alloys, dispersions (including cermets), ceramic products and mixtures containing these elements, isotopes or compounds; radioactive residues",2844,6,1
H5,284450,Spent (irradiated) fuel elements (cartridges) of nuclear reactors,2844,6,1
H5,284510,Heavy water (deuterium oxide),2845,6,1
H5,284590,"Isotopes (excluding those of heading no. 2844); compounds, inorganic or organic, of such isotopes, whether or not chemically defined",2845,6,1
H5,284610,Cerium compounds,2846,6,1
H5,284690,"Compounds, inorganic or organic (excluding cerium), of rare-earth metals, of yttrium, scandium or of mixtures of these metals",2846,6,1
H5,284700,Hydrogen peroxide; whether or not solidified with urea,2847,6,1
H5,284910,"Carbides; of calcium, whether or not chemically defined",2849,6,1
H5,284920,"Carbides; of silicon, whether or not chemically defined",2849,6,1
H5,284990,"Carbides; whether or not chemically defined, other than of calcium or silicon",2849,6,1
H5,285000,"Hydrides, nitrides, azides, silicides and borides, whether or not chemically defined, other than compounds which are also carbides of heading no. 2849",2850,6,1
H5,285210,"Inorganic or organic compounds of mercury, excluding amalgams, chemically defined",2852,6,1
H5,285290,"Inorganic or organic compounds of mercury; excluding amalgams, not chemically defined,",2852,6,1
H5,285310,Inorganic compounds; cyanogen chloride (chlorcyan),2853,6,1
H5,285390,"Phosphides, chemically defined or not, not ferrophosphorus; other inorganic compounds n.e.c. (including distilled, conductivity water and water of like purity); liquid air, rare gases removed or not; compressed air; amalgams, not precious metal amalgams",2853,6,1
H5,290110,Acyclic hydrocarbons; saturated,2901,6,1
H5,290121,"Acyclic hydrocarbons; unsaturated, ethylene",2901,6,1
H5,290122,"Acyclic hydrocarbons; unsaturated, propene (propylene)",2901,6,1
H5,290123,"Acyclic hydrocarbons; unsaturated, butene (butylene) and isomers thereof",2901,6,1
H5,290124,"Acyclic hydrocarbons; unsaturated, buta-1,3-diene and isoprene",2901,6,1
H5,290129,"Acyclic hydrocarbons; unsaturated, n.e.c. in heading no. 2901",2901,6,1
H5,290211,Cyclic hydrocarbons; cyclohexane,2902,6,1
H5,290219,"Cyclic hydrocarbons; cyclanes, cyclenes and cycloterpenes, excluding cyclohexane",2902,6,1
H5,290220,Cyclic hydrocarbons; benzene,2902,6,1
H5,290230,Cyclic hydrocarbons; toluene,2902,6,1
H5,290241,Cyclic hydrocarbons; o-xylene,2902,6,1
H5,290242,Cyclic hydrocarbons; m-xylene,2902,6,1
H5,290243,Cyclic hydrocarbons; p-xylene,2902,6,1
H5,290244,Cyclic hydrocarbons; mixed xylene isomers,2902,6,1
H5,290250,Cyclic hydrocarbons; styrene,2902,6,1
H5,290260,Cyclic hydrocarbons; ethylbenzene,2902,6,1
H5,290270,Cyclic hydrocarbons; cumene,2902,6,1
H5,290290,Cyclic hydrocarbons; n.e.c. in heading no. 2902,2902,6,1
H5,290311,Saturated chlorinated derivatives of acyclic hydrocarbons; chloromethane (methyl chloride) and chloroethane (ethyl chloride),2903,6,1
H5,290312,Saturated chlorinated derivatives of acyclic hydrocarbons; dichloromethane (methylene chloride),2903,6,1
H5,290313,Saturated chlorinated derivatives of acyclic hydrocarbons; chloroform (trichloromethane),2903,6,1
H5,290314,Saturated chlorinated derivatives of acyclic hydrocarbons; carbon tetrachloride,2903,6,1
H5,290315,"Saturated chlorinated derivatives of acyclic hydrocarbons; ethylene dichloride (ISO) (1,2-dichloroethane)",2903,6,1
H5,290319,Saturated chlorinated derivatives of acyclic hydrocarbons; n.e.c. in item no. 2903.1,2903,6,1
H5,290321,Unsaturated chlorinated derivatives of acyclic hydrocarbons; vinyl chloride (chloroethylene),2903,6,1
H5,290322,Unsaturated chlorinated derivatives of acyclic hydrocarbons; trichloroethylene,2903,6,1
H5,290323,Unsaturated chlorinated derivatives of acyclic hydrocarbons; tetrachloroethylene (perchloroethylene),2903,6,1
H5,290329,Unsaturated chlorinated derivatives of acyclic hydrocarbons; n.e.c. in item no. 2903.2,2903,6,1
H5,290331,"Fluorinated, brominated or iodinated derivatives of acyclic hydrocarbons; ethylene dibromide (ISO) (1,2-dibromoethane)",2903,6,1
H5,290339,"Fluorinated, brominated or iodinated derivatives of acyclic hydrocarbons; other than ethylene dibromide (ISO) (1,2-dibromoethane)",2903,6,1
H5,290371,Halogenated derivatives of acyclic hydrocarbons containing two or more different halogens; chlorodifluoromethane,2903,6,1
H5,290372,Halogenated derivatives of acyclic hydrocarbons containing two or more different halogens; dichlorotrifluoroethane,2903,6,1
H5,290373,Halogenated derivatives of acyclic hydrocarbons containing two or more different halogens; dichlorofluoroethanes,2903,6,1
H5,290374,Halogenated derivatives of acyclic hydrocarbons containing two or more different halogens; chlorodifluoroethanes,2903,6,1
H5,290375,Halogenated derivatives of acyclic hydrocarbons containing two or more different halogens; dichloropentafluoropropanes,2903,6,1
H5,290376,"Halogenated derivatives of acyclic hydrocarbons containing two or more different halogens; bromochlorodifluoromethane, bromotrifluoromethane, and dibromotetrafluoroethanes",2903,6,1
H5,290377,"Halogenated derivatives of acyclic hydrocarbons containing two or more different halogens; n.e.c. in headings 290371 to 290376, perhalogenated only with fluorine and chlorine",2903,6,1
H5,290378,"Halogenated derivatives of acyclic hydrocarbons containing two or more different halogens; perhalogenated derivatives, other than those only with fluorine and chlorine, n.e.c. in item no. 2903.71 to 2903.76",2903,6,1
H5,290379,Halogenated derivatives of acyclic hydrocarbons containing two or more different halogens; n.e.c. in item no. 2903.7,2903,6,1
H5,290381,"Halogenated derivatives of cyclanic, cyclenic or cycloterpenic hydrocarbons; 1,2,3,4,5,6-Hexachlorocyclohexane (HCH (ISO)), including lindane (ISO, INN)",2903,6,1
H5,290382,"Halogenated derivatives of cyclanic, cyclenic or cycloterpenic hydrocarbons; aldrin (ISO), chlordane (ISO), and heptachlor (ISO)",2903,6,1
H5,290383,"Halogenated derivatives of cyclanic, cyclenic or cycloterpenic hydrocarbons; mirex (ISO)",2903,6,1
H5,290389,"Halogenated derivatives of cyclanic, cyclenic or cycloterpenic hydrocarbons; n.e.c. in item no. 2903.8",2903,6,1
H5,290391,"Halogenated derivatives of aromatic hydrocarbons; chlorobenzene, o-dichlorobenzene, and p-dichlorobenzene",2903,6,1
H5,290392,"Halogenated derivatives of aromatic hydrocarbons; hexachlorobenzene (ISO) and DDT (ISO) (clofenotane (INN), and 1,1,1-trichloro-2,2-bis(p-chlorophenyl)ethane)",2903,6,1
H5,290393,Halogenated derivatives of aromatic hydrocarbons; pentachlorobenzene (ISO),2903,6,1
H5,290394,Halogenated derivatives of aromatic hydrocarbons; hexabromobiphenyls,2903,6,1
H5,290399,"Halogenated derivatives of aromatic hydrocarbons; n.e.c. in item no. 2903.91, 2903.92, 2903.93 and 2903.94",2903,6,1
H5,290410,"Derivatives of hydrocarbons; containing only sulpho groups, their salts and ethyl esters, whether or not halogenated",2904,6,1
H5,290420,"Derivatives of hydrocarbons; containing only nitro or only nitroso groups, whether or not halogenated",2904,6,1
H5,290431,"Derivatives of hydrocarbons; perfluorooctane sulphonic acid, whether or not halogenated",2904,6,1
H5,290432,"Derivatives of hydrocarbons; ammonium perfluorooctane sulphonate, whether or not halogenated",2904,6,1
H5,290433,"Derivatives of hydrocarbons; lithium perfluorooctane sulphonate, whether or not halogenated",2904,6,1
H5,290434,"Derivatives of hydrocarbons; potassium perfluorooctane sulphonate, whether or not halogenated",2904,6,1
H5,290435,"Derivatives of hydrocarbons; salts of perfluorooctane sulphonic acid n.e.c in heading no. 2904, whether or not halogenated",2904,6,1
H5,290436,"Derivatives of hydrocarbons; perfluorooctane sulphonyl fluoride, whether or not halogenated",2904,6,1
H5,290491,"Derivatives of hydrocarbons; trichloronitromethane (chloropicrin), whether or not halogenated",2904,6,1
H5,290499,"Derivatives of hydrocarbons n.e.c. in heading no. 2904, whether or not halogenated",2904,6,1
H5,290511,"Alcohols; saturated monohydric, methanol (methyl alcohol)",2905,6,1
H5,290512,"Alcohols; saturated monohydric, propan-1-ol (propyl alcohol) and propan-2-ol (isopropyl alcohol)",2905,6,1
H5,290513,"Alcohols; saturated monohydric, butan-1-ol (n-butyl alcohol)",2905,6,1
H5,290514,"Alcohols; saturated monohydric, butanols excluding item no. 2905.13",2905,6,1
H5,290516,"Alcohols; saturated monohydric, octanol (octyl alcohol) and isomers thereof",2905,6,1
H5,290517,"Alcohols; saturated monohydric, dodecan-1-ol (lauryl alcohol), hexadecan-1-ol (cetyl alcohol) and octadecan-1-ol (stearyl alcohol)",2905,6,1
H5,290519,"Alcohols; saturated monohydric, n.e.c. in item no. 2905.1",2905,6,1
H5,290522,"Alcohols; unsaturated monohydric, acyclic terpene alcohols",2905,6,1
H5,290529,"Alcohols; acyclic, unsaturated monohydric, (other than acyclic terpene alcohols)",2905,6,1
H5,290531,"Alcohols; acyclic, diols; ethylene glycol (ethanediol)",2905,6,1
H5,290532,"Alcohols; acyclic, diols; propylene glycol (propane-1, 2-diol)",2905,6,1
H5,290539,"Alcohols; acyclic, diols, other than ethylene glycol (ethandiol) or propylene glycol (propane-1,2-diol)",2905,6,1
H5,290541,"Alcohols; polyhydric, 2-ethyl-2- (hydroxymethyl) propane-1,3-diol (trimethylolpropane)",2905,6,1
H5,290542,"Alcohols; polyhydric, pentaerythritol",2905,6,1
H5,290543,"Alcohols; polyhydric, mannitol",2905,6,1
H5,290544,"Alcohols; polyhydric, d-glucitol (sorbitol)",2905,6,1
H5,290545,"Alcohols; polyhydric, glycerol",2905,6,1
H5,290549,"Alcohols; polyhydric, n.e.c. in item no. 2905.4",2905,6,1
H5,290551,"Alcohols; acyclic; halogenated, sulphonated, nitrated or nitrosated derivatives thereof, ethchlorvynol (INN)",2905,6,1
H5,290559,"Alcohols; acyclic; halogenated, sulphonated, nitrated or nitrosated derivatives thereof, other than ethchlorvynol (INN)",2905,6,1
H5,290611,"Alcohols; cyclanic, cyclenic or cycloterpenic and derivatives, menthol",2906,6,1
H5,290612,"Alcohols; cyclanic, cyclenic or cycloterpenic and derivatives, cyclohexanol, methylcyclohexanols and dimethylcyclohexanols",2906,6,1
H5,290613,"Alcohols; cyclanic, cyclenic or cycloterpenic and derivatives, sterols and inositols",2906,6,1
H5,290619,"Alcohols; cyclanic, cyclenic or cycloterpenic and derivatives, n.e.c. in item no. 2906.1",2906,6,1
H5,290621,"Alcohols; aromatic alcohols and derivatives, benzyl alcohol",2906,6,1
H5,290629,"Alcohols; aromatic and derivatives, other than benzyl alcohol",2906,6,1
H5,290711,Monophenols; phenol (hydroxybenzene) and its salts,2907,6,1
H5,290712,Monophenols; cresols and their salts,2907,6,1
H5,290713,"Monophenols; octylphenol, nonylphenol and their isomers, salts thereof",2907,6,1
H5,290715,Monophenols; naphthols and their salts,2907,6,1
H5,290719,Monophenols; n.e.c. in item no. 2907.1,2907,6,1
H5,290721,Polyphenols; resorcinol and its salts,2907,6,1
H5,290722,Polyphenols; hydroquinone (quinol) and its salts,2907,6,1
H5,290723,"Polyphenols; 4,4'-isopropylidenediphenol (bisphenol A, diphenylolpropane) and its salts",2907,6,1
H5,290729,Phenol-alcohols and polyphenols n.e.c. in item number 2907.2,2907,6,1
H5,290811,Phenol or phenol-alcohol derivatives containing only halogen substituents and their salts; pentachlorophenol (ISO),2908,6,1
H5,290819,Phenol or phenol-alcohol derivatives containing only halogen substituents and their salts; other than pentachlorophenol (ISO),2908,6,1
H5,290891,"Phenol or phenol-alcohol derivatives, sulphonated, nitrated or nitrosated derivatives thereof; dinoseb (ISO) and its salts",2908,6,1
H5,290892,"Phenol or phenol-alcohol derivatives, sulphonated, nitrated or nitrosated derivatives thereof; 4,6-dinitro-o-cresol (DNOC (ISO)) and its salts",2908,6,1
H5,290899,"Phenol or phenol-alcohol derivatives, sulphonated, nitrated or nitrosated derivatives thereof; other than dinoseb (ISO), and 4,6-dinitro-o-cresol (DNOC (ISO)), and their salts",2908,6,1
H5,290911,"Ethers; acyclic, and their halogenated, sulphonated, nitrated or nitrosated derivatives, diethyl ether",2909,6,1
H5,290919,"Ethers; acyclic, and their halogenated, sulphonated, nitrated or nitrosated derivatives, other than diethyl ether",2909,6,1
H5,290920,"Ethers; cyclanic, cyclenic or cycloterpenic and their halogenated, sulphonated, nitrated or nitrosated derivatives",2909,6,1
H5,290930,"Ethers; aromatic, and their halogenated, sulphonated, nitrated or nitrosated derivatives",2909,6,1
H5,290941,"Ether-alcohols and their halogenated, sulphonated, nitrated or nitrosated derivatives; 2,2-oxydiethanol (diethylene glycol, digol)",2909,6,1
H5,290943,"Ether-alcohols and their halogenated, sulphonated, nitrated or nitrosated derivatives; monobutyl ethers of ethylene glycol or of diethylene glycol",2909,6,1
H5,290944,"Ether-alcohols and their halogenated, sulphonated, nitrated or nitrosated derivatives; monoalkylethers of ethylene glycol or of diethylene glycol n.e.c. in heading no. 2909",2909,6,1
H5,290949,"Ether-alcohols and their halogenated, sulphonated, nitrated or nitrosated derivatives; n.e.c. in item no. 2909.4",2909,6,1
H5,290950,"Ether-phenols, ether-alcohol-phenols and their halogenated, sulphonated, nitrated or nitrosated derivatives",2909,6,1
H5,290960,"Alcohol peroxides, ether peroxides, ketone peroxides and their halogenated, sulphonated, nitrated or nitrosated derivatives",2909,6,1
H5,291010,"Epoxides, epoxyalcohols, epoxyphenols and epoxyethers; with a three-membered ring and their halogenated, sulphonated, nitrated or nitrosated derivatives; oxirane (ethylene oxide)",2910,6,1
H5,291020,"Epoxides, epoxyalcohols, epoxyphenols and epoxyethers; with a three-membered ring and their halogenated, sulphonated, nitrated or nitrosated derivatives, methyloxirane (propylene oxide)",2910,6,1
H5,291030,"Epoxides, epoxyalcohols, epoxyphenols and epoxyethers; with a three-membered ring and their halogenated, sulphonated, nitrated or nitrosated derivatives, 1-chloro-2,3-epoxypropane (epichlorohydrin)",2910,6,1
H5,291040,"Epoxides, epoxyalcohols, epoxyphenols and epoxyethers; with a three-membered ring and their halogenated, sulphonated, nitrated or nitrosated derivatives, dieldrin (ISO, INN)",2910,6,1
H5,291050,"Epoxides, epoxyalcohols, epoxyphenols and epoxyethers; with a three-membered ring and their halogenated, sulphonated, nitrated or nitrosated derivatives, endrin (ISO)",2910,6,1
H5,291090,"Epoxides, epoxyalcohols, epoxyphenols and epoxyethers; with a three-membered ring and their halogenated, sulphonated, nitrated or nitrosated derivatives, n.e.c. in heading no. 2910",2910,6,1
H5,291100,"Acetals and hemiacetals; whether or not with other oxygen function, and their halogenated, sulphonated, nitrated or nitrosated derivatives",2911,6,1
H5,291211,"Aldehydes; acyclic, without other oxygen function, methanal (formaldehyde)",2912,6,1
H5,291212,"Aldehydes; acyclic, without other oxygen function, ethanal (acetaldehyde)",2912,6,1
H5,291219,"Aldehydes; acyclic, without other oxygen function, n.e.c. in item no. 2912.1",2912,6,1
H5,291221,"Aldehydes; cyclic, without other oxygen function, benzaldehyde",2912,6,1
H5,291229,"Aldehydes; cyclic, without other oxygen function, other than benzaldehyde",2912,6,1
H5,291241,"Aldehydes; aldehyde-ethers, aldehyde-phenols and aldehydes with other oxygen function, vanillin (4-hydroxy-3-methoxybenzaldehyde)",2912,6,1
H5,291242,"Aldehydes; aldehyde-ethers, aldehyde-phenols and aldehydes with other oxygen function, ethylvanillin (3-ethoxy-4-hydroxybenzaldehyde)",2912,6,1
H5,291249,"Aldehyde-alcohols, aldehyde-ethers, aldehyde-phenols and aldehydes with other oxygen function; other than vanillin (4-hydroxy-3-methoxybenzaldehyde) and ethylvanillin (3-ethoxy-4-hydroxybenzaldehyde)",2912,6,1
H5,291250,Aldehydes; cyclic polymers of aldehydes,2912,6,1
H5,291260,Paraformaldehyde,2912,6,1
H5,291300,"Aldehydes; halogenated, sulphonated, nitrated or nitrosated derivatives of products of heading no. 2912",2913,6,1
H5,291411,"Ketones; acyclic, without other oxygen function, acetone",2914,6,1
H5,291412,"Ketones; acyclic, without other oxygen function, butanone (methyl ethyl ketone)",2914,6,1
H5,291413,"Ketones; acyclic, without other oxygen function, 4-methylpentan-2-one (methyl isobutyl ketone)",2914,6,1
H5,291419,"Ketones; acyclic, without other oxygen function, n.e.c. in item no. 2914.1",2914,6,1
H5,291422,"Ketones; cyclanic, cyclenic or cycloterpenic, without other oxygen function, cyclohexanone and methylcyclohexanones",2914,6,1
H5,291423,"Ketones; cyclanic, cyclenic or cycloterpenic, without other oxygen function, ionones and methylionones",2914,6,1
H5,291429,"Ketones; cyclanic, cyclenic or cycloterpenic, without other oxygen function, other than cyclohexanone, methylcyclohexanones, ionones, and methylionones",2914,6,1
H5,291431,"Ketones; aromatic, (without other oxygen function), phenylacetone (phenylpropan-2-one)",2914,6,1
H5,291439,"Ketones; aromatic, (without other oxygen function), excluding phenylacetone (phenylpropan-2-one)",2914,6,1
H5,291440,Ketone-alcohols and ketone-aldehydes,2914,6,1
H5,291450,Ketone-phenols and ketones with other oxygen function,2914,6,1
H5,291461,Quinones; anthraquinone,2914,6,1
H5,291462,Quinones; coenzyme Q10 (ubidecarenone (INN)),2914,6,1
H5,291469,Quinones; other than anthraquinone and coenzyme Q10 (ubidecarenone (INN)),2914,6,1
H5,291471,"Ketones and quinones; halogenated, sulphonated, nitrated or nitrosated derivatives; chlordecone (ISO)",2914,6,1
H5,291479,"Ketones and quinones; halogenated, sulphonated, nitrated or nitrosated derivatives, other than chlordecone (ISO)",2914,6,1
H5,291511,Acids; saturated acyclic monocarboxylic acids; formic acid,2915,6,1
H5,291512,Acids; saturated acyclic monocarboxylic acids; salts of formic acids,2915,6,1
H5,291513,Acids; saturated acyclic monocarboxylic acids; esters of formic acid,2915,6,1
H5,291521,Acids; saturated acyclic monocarboxylic acids; acetic acid,2915,6,1
H5,291524,Acids; saturated acyclic monocarboxylic acids; acetic anhydride,2915,6,1
H5,291529,Acids; saturated acyclic monocarboxylic acids; acetic acid and its salts n.e.c. in item no. 2915.2,2915,6,1
H5,291531,Acids; saturated acyclic monocarboxylic acids; ethyl acetate,2915,6,1
H5,291532,Acids; saturated acyclic monocarboxylic acids; vinyl acetate,2915,6,1
H5,291533,Acids; saturated acyclic monocarboxylic acids; n-butyl acetate,2915,6,1
H5,291536,Acids; saturated acyclic monocarboxylic acids; dinoseb (ISO) acetate,2915,6,1
H5,291539,Acids; saturated acyclic monocarboxylic acids; esters of acetic acid n.e.c. in item no. 2915.3,2915,6,1
H5,291540,"Acids; saturated acyclic monocarboxylic acids; mono-, di- or trichloroacetic acids, their salts and esters",2915,6,1
H5,291550,"Acids; saturated acyclic monocarboxylic acids; propionic acid, its salts and esters",2915,6,1
H5,291560,"Acids; saturated acyclic monocarboxylic acids; butanoic acids, pentanoic acids, their salts and esters",2915,6,1
H5,291570,"Acids; saturated acyclic monocarboxylic acids; palmitic acid, stearic acid, their salts and esters",2915,6,1
H5,291590,"Acids; saturated acyclic monocarboxylic acids; anhydrides, halides, peroxides, peroxyacids and halogenated, sulphonated, nitrated or nitrosated derivatives, n.e.c. in heading no. 2915",2915,6,1
H5,291611,Acids; unsaturated acyclic monocarboxylic acids; acrylic acid and its salts,2916,6,1
H5,291612,Acids; unsaturated acyclic monocarboxylic acids; esters of acrylic acid,2916,6,1
H5,291613,Acids; unsaturated acyclic monocarboxylic acids; methacrylic acid and its salts,2916,6,1
H5,291614,Acids; unsaturated acyclic monocarboxylic acids; esters of methacrylic acid,2916,6,1
H5,291615,"Acids; unsaturated acyclic monocarboxylic acids; oleic, linoleic or linolenic acids, their salts and esters",2916,6,1
H5,291616,"Acids; unsaturated acyclic monocarboxylic, cyclic monocarboxylic, their anhydrides, halides, peroxides and peroxyacids; their halogenated, sulphonated, nitrated or nitrosated derivatives, binapacryl (ISO)",2916,6,1
H5,291619,"Acids; unsaturated acyclic monocarboxylic, cyclic monocarboxylic, their anhydrides, halides, peroxides and peroxyacids; their halogenated, sulphonated, nitrated or nitrosated derivatives, n.e.c. in item no. 2916.1",2916,6,1
H5,291620,"Acids; cyclanic, cyclenic or cycloterpenic monocarboxylic acids, their anhydrides, halides, peroxides, peroxyacids and their derivatives",2916,6,1
H5,291631,"Acids; aromatic monocarboxylic acids, benzoic acid, its salts and esters",2916,6,1
H5,291632,"Acids; aromatic monocarboxylic acids, benzoyl peroxide and benzoyl chloride",2916,6,1
H5,291634,"Acids; aromatic monocarboxylic acids, phenylacetic acid and its salts",2916,6,1
H5,291639,"Acids; aromatic monocarboxylic acids, and their anhydrides, halides, peroxides, peroxyacids and their derivatives, other than benzoic acid, its salts and esters, benzoyl peroxide and benzoyl chloride, phenylacetic acid and its salts",2916,6,1
H5,291711,"Acids; acyclic polycarboxylic acids; oxalic acid, its salts and esters",2917,6,1
H5,291712,"Acids; acyclic polycarboxylic acids; adipic acid, its salts and esters",2917,6,1
H5,291713,"Acids; acyclic polycarboxylic acids; azelaic acid, sebacic acid, their salts and esters",2917,6,1
H5,291714,Acids; acyclic polycarboxylic acids; maleic anhydride,2917,6,1
H5,291719,Acids; acyclic polycarboxylic acids; n.e.c. in item no. 2917.1,2917,6,1
H5,291720,"Acids; cyclanic, cyclenic or cycloterpenic polycarboxylic acids, their anhydrides, halides, peroxides, peroxyacids and derivatives",2917,6,1
H5,291732,Acids; aromatic polycarboxylic acids; dioctyl orthophthalates,2917,6,1
H5,291733,Acids; aromatic polycarboxylic acids; dinonyl or didecyl orthophthalates,2917,6,1
H5,291734,Acids; aromatic polycarboxylic acids; other esters of orthophthalic acids,2917,6,1
H5,291735,Acids; aromatic polycarboxylic acids; phthalic anhydride,2917,6,1
H5,291736,Acids; aromatic polycarboxylic acids; terephthalic acid and its salts,2917,6,1
H5,291737,Acids; aromatic polycarboxylic acids; dimethyl terephthalate,2917,6,1
H5,291739,Acids; aromatic polycarboxylic acids; n.e.c. in item no. 2917.3,2917,6,1
H5,291811,"Acids; carboxylic acids, (with alcohol function but without other oxygen function), lactic acid, its salts and esters",2918,6,1
H5,291812,"Acids; carboxylic acids, (with alcohol function but without other oxygen function), tartaric acid",2918,6,1
H5,291813,"Acids; carboxylic acids, (with alcohol function but without other oxygen function); salts and esters of tartaric acid",2918,6,1
H5,291814,"Acids; carboxylic acids, (with alcohol function but without other oxygen function), citric acid",2918,6,1
H5,291815,"Acids; carboxylic acids, (with alcohol function but without other oxygen function), salts and esters of citric acid",2918,6,1
H5,291816,"Acids; carboxylic acids, (with alcohol function but without other oxygen function), gluconic acid, its salts and esters",2918,6,1
H5,291817,"Acids; carboxylic acids, (with alcohol function but without other oxygen function), 2,2-Diphenyl-2-hydroxyacetic acid (benzilic acid)",2918,6,1
H5,291818,"Acids; carboxylic acids, (with alcohol function but without other oxygen function), chlorobenzilate (ISO)",2918,6,1
H5,291819,"Acids; carboxylic acids, (with alcohol function but without other oxygen function), other than lactic, tartaric, citric, and gluconic acids and their salts and esters",2918,6,1
H5,291821,"Acids; carboxylic acids, (with phenol function but without other oxygen function), salicylic acid and its salts",2918,6,1
H5,291822,"Acids; carboxylic acids, (with phenol function but without other oxygen function), o-acetylsalicylic acid, its salts and esters",2918,6,1
H5,291823,"Acids; carboxylic acids, (with phenol function but without other oxygen function), other esters of salicylic acid and its salts n.e.c. in item no. 2918.2",2918,6,1
H5,291829,"Acids; carboxylic acids, (with phenol function but without other oxygen function), their anhydrides, halides, peroxides, peroxyacids and their derivatives, n.e.c. in item no. 2918.2",2918,6,1
H5,291830,"Acids; carboxylic acids, (with aldehyde or ketone function but without other oxygen function), their anhydrides, halides, peroxides, peroxyacids and their derivatives",2918,6,1
H5,291891,"Acids; carboxylic acids, with additional oxygen function (not alcohol, phenol, aldehyde or ketone) and their anhydrides, halides, peroxides and peroxyacids; 2,4,5-T (ISO) (2,4,5-trichlorophenoxyacetic acid), its salts and esters",2918,6,1
H5,291899,"Acids; carboxylic acids, with additional oxygen function (not alcohol, phenol, aldehyde or ketone) and their anhydrides, halides, peroxides and peroxyacids; their halogenated, sulphonated, nitrated or nitrosated derivatives; other than 2,4,5-T (ISO)",2918,6,1
H5,291910,"Esters; phosphoric, and their salts, including lactophosphates, their halogenated, sulphonated, nitrated or nitrosated derivatives; tris(2,3-dibromopropyl) phosphate",2919,6,1
H5,291990,"Esters; phosphoric, and their salts, including lactophosphates, their halogenated, sulphonated, nitrated or nitrosated derivatives; other than tris(2,3-dibromopropyl) phosphate",2919,6,1
H5,292011,"Esters; thiophosphoric esters (phosphorothioates) and their salts, their halogenated, sulphonated, nitrated or nitrosated derivatives, parathion (ISO) and parathion-methyl (ISO) (methyl-parathion)",2920,6,1
H5,292019,Esters; thiophosphoric esters (phosphorothioates) and their salts; other than parathion (ISO) and parathion-methyl (ISO) (methyl-parathion),2920,6,1
H5,292021,"Esters; phosphite esters and their salts; their halogenated, sulphonated, nitrated or nitrosated derivatives, dimethyl phosphite",2920,6,1
H5,292022,"Esters; phosphite esters and their salts; their halogenated, sulphonated, nitrated or nitrosated derivatives, diethyl phosphite",2920,6,1
H5,292023,"Esters; phosphite esters and their salts; their halogenated, sulphonated, nitrated or nitrosated derivatives, trimethyl phosphite",2920,6,1
H5,292024,"Esters; phosphite esters and their salts; their halogenated, sulphonated, nitrated or nitrosated derivatives, triethyl phosphite",2920,6,1
H5,292029,"Esters; phosphite esters and their salts; their halogenated, sulphonated, nitrated or nitrosated derivatives, n.e.c. in heading no. 2920",2920,6,1
H5,292030,"Esters; of other inorganic acids of non-metals (excluding esters of hydrogen halides) and their salts; their halogenated, sulphonated, nitrated or nitrosated derivatives, endosulfan (ISO)",2920,6,1
H5,292090,"Esters; other than thiophosphoric esters (phosphorothioates) and phosphite esters and their salts, their halogenated, sulphonated, nitrated or nitrosated derivatives, n.e.c. in heading no. 2920",2920,6,1
H5,292111,"Amine-function compounds; acyclic monoamines and their derivatives, methylamine, di- or trimethylamine and their salts",2921,6,1
H5,292112,"Amine-function compounds; acyclic monoamines and their derivatives, and salts thereof, 2-(N,N-Dimethylamino)ethylchloride hydrochloride",2921,6,1
H5,292113,"Amine-function compounds; acyclic monoamines and their derivatives, and salts thereof, 2-(N,N-Diethylamino)ethylchloride hydrochloride",2921,6,1
H5,292114,"Amine-function compounds; acyclic monoamines and their derivatives, and salts thereof, 2-(N,N-Diisopropylamino)ethylchloride hydrochloride",2921,6,1
H5,292119,"Amine-function compounds; acyclic monoamines and their derivatives, and salts thereof, n.e.c. in item no. 2921.1",2921,6,1
H5,292121,"Amine-function compounds; acyclic polyamines and their derivatives, ethylenediamine and its salts",2921,6,1
H5,292122,"Amine-function compounds; acyclic polyamines and their derivatives, hexamethylenediamine and its salts",2921,6,1
H5,292129,"Amine-function compounds; acyclic polyamines and their derivatives, and salts thereof, n.e.c. in item no. 2921.2",2921,6,1
H5,292130,"Amine-function compounds; cyclanic, cyclenic or cycloterpenic mono- or polyamines and their derivatives; salts thereof",2921,6,1
H5,292141,"Amine-function compounds; aromatic monoamines and their derivatives, aniline and its salts",2921,6,1
H5,292142,"Amine-function-compounds; aromatic monoamines and their derivatives, aniline derivatives and their salts",2921,6,1
H5,292143,"Amine-function compounds; aromatic monoamines and their derivatives, toluidines and their derivatives; salts thereof",2921,6,1
H5,292144,"Amine-function compounds; aromatic monoamines and their derivatives, diphenylamine and its derivatives; salts thereof",2921,6,1
H5,292145,"Amine-function compounds; aromatic monoamines and their derivatives; 1-naphthylamine (alpha-naphthylamine), 2-naphthylamine (beta-naphthaylamine) and their derivatives; salts thereof",2921,6,1
H5,292146,"Amine-function compounds; aromatic monoamines and derivatives; amphetamine (INN), benzphetamine (INN), dexamphetamine (INN), etilamphetamine (INN), fencamfamin (INN), lefetamine (INN), levamphetamine (INN), mefenorex (INN), phentermine (INN); salts of",2921,6,1
H5,292149,Amine-function compounds; aromatic monoamines and their derivatives; salts thereof; n.e.c. in item no. 2921.4,2921,6,1
H5,292151,"Amine-function compounds; aromatic amines and their derivatives; o-, m-, p-phenylenediamine, diaminotoluenes and their derivatives; salts thereof",2921,6,1
H5,292159,"Amine-function compounds; aromatic polyamines and their derivatives, other than item no. 2921.51",2921,6,1
H5,292211,"Amino-alcohols, other than those containing more than one kind of oxygen function; their ethers and esters; salts thereof, monoethanolamine and its salts",2922,6,1
H5,292212,"Amino-alcohols, other than those containing more than one kind of oxygen function; their ethers and esters; salts thereof, diethanolamine and its salts",2922,6,1
H5,292214,"Amino-alcohols, other than those containing more than one kind of oxygen function; their ethers and esters; salts thereof; dextropropoxyphene (INN) and its salts",2922,6,1
H5,292215,"Amino-alcohols, other than those containing more than one kind of oxygen function; their ethers and esters; salts thereof, triethanolamine",2922,6,1
H5,292216,"Amino-alcohols, other than those containing more than one kind of oxygen function; their ethers and esters; salts thereof, Diethanolammonium perfluorooctane sulphonate",2922,6,1
H5,292217,"Amino-alcohols, other than those containing more than one kind of oxygen function; their ethers and esters; salts thereof, Methyldiethanolamine and ethyldiethanolamine",2922,6,1
H5,292218,"Amino-alcohols, other than those containing more than one kind of oxygen function; their ethers and esters; salts thereof, 2-(N,N- Diisopropylamino)ethanol",2922,6,1
H5,292219,"Amino-alcohols, other than those containing more than one kind of oxygen function, their ethers and esters; salts thereof, n.e.c. in item no. 2922.1",2922,6,1
H5,292221,"Amino-naphthols and other amino-phenols, other than those containing more than one kind of oxygen function; their ethers and esters; salts thereof, aminohydroxynaphthalenesulphonic acids and their salts",2922,6,1
H5,292229,"Amino-naphthols and other amino-phenols, other than those containing more than one kind of oxygen function, their ethers and esters; salts thereof n.e.c. in item no. 2922.2",2922,6,1
H5,292231,"Amino-aldehydes, amino-ketones and amino-quinones; other than those containing more than one kind of oxygen function; salts thereof",2922,6,1
H5,292239,"Amino-aldehydes, amino-ketones and amino-quinones; other than those containing more than one kind of oxygen function; salts thereof, excluding amfepramone (INN), methadone (INN), and normethadone (INN) and salts thereof",2922,6,1
H5,292241,"Amino-acids, other than those containing more than one kind of oxygen function, and their esters; lysine and its esters; salts thereof",2922,6,1
H5,292242,"Amino-acids, other than those containing more than one kind of oxygen function, and their esters; glutamic acid and its esters; salts thereof",2922,6,1
H5,292243,"Amino-acids, other than those containing more than one kind of oxygen function, and their esters; anthranilic acid and its esters; salts thereof",2922,6,1
H5,292244,"Amino-acids, other than those containing more than one kind of oxygen function, and their esters; tilidine (INN) and its esters; salts thereof",2922,6,1
H5,292249,"Amino-acids, other than those containing more than one kind of oxygen function, their esters; salts thereof, excluding lysine, glutamic acid, anthranalic acid and tilidine, their esters and salts thereof",2922,6,1
H5,292250,"Amino-alcohol-phenols, amino-acid-phenols and other amino-compounds with oxygen function",2922,6,1
H5,292310,"Quaternary ammonium salts and hydroxides; choline and its salts, whether or not chemically defined",2923,6,1
H5,292320,"Lecithins and other phosphoaminolipids, whether or not chemically defined",2923,6,1
H5,292330,"Quaternary ammonium salts and hydroxides; tetraethylammonium perfluorooctane sulphonate, whether or not chemically defined",2923,6,1
H5,292340,"Quaternary ammonium salts and hydroxides; didecyldimethylammonium perfluorooctane sulphonate, whether or not chemically defined",2923,6,1
H5,292390,Quaternary ammonium salts and hydroxides; whether or not chemically defined n.e.c. in heading no. 2923,2923,6,1
H5,292411,Acyclic amides (including acyclic carbamates) and their derivatives; salts thereof; meprobamate (INN),2924,6,1
H5,292412,"Acyclic amides (including acyclic carbamates) and their derivatives; salts thereof; fluoroacetamide (ISO), monocrotophos (ISO) and phosphamidon (ISO)",2924,6,1
H5,292419,"Acyclic amides (including acyclic carbamates) and their derivatives; salts thereof, other than meprobamate (INN), fluoroacetamide (ISO), monocrotophos (ISO) or phosphamidon (ISO)",2924,6,1
H5,292421,"Cyclic amides (including cyclic carbamates) and their derivatives, ureines and their derivatives; salts thereof",2924,6,1
H5,292423,Cyclic amides (including cyclic carbamates) and their derivatives; 2-acetamidobenzoic acid (N-acetylanthranillic acid) and its salts,2924,6,1
H5,292424,Cyclic amides (including cyclic carbamates) and their derivatives; ethinamate and its salts,2924,6,1
H5,292425,Cyclic amides (including cyclic carbamates) and their derivatives; alachlor (ISO) and its salts,2924,6,1
H5,292429,"Cyclic amides (including cyclic carbamates) and their derivatives; other than the derivatives and salts of ureines, 2-acetamidobenzoic acid (N-acetylanthancillic acid),ethinamate S, and alachlor (ISO) and their derivatives and salts",2924,6,1
H5,292511,Imides and their derivatives; saccharin and its salts,2925,6,1
H5,292512,Imides and their derivatives; glutethimide (INN),2925,6,1
H5,292519,Imides and their derivatives; other than saccharin and glutethimide (INN),2925,6,1
H5,292521,Imines and their derivatives; salts thereof; chlordimeform (ISO),2925,6,1
H5,292529,Imines and their derivatives; salts thereof; other than chlordimeform (ISO),2925,6,1
H5,292610,Nitrile-function compounds; acrylonitrile,2926,6,1
H5,292620,Nitrile-function compounds; 1-cyanoguanidine (dicyandiamide),2926,6,1
H5,292630,"Nitrile-function compounds; fenproporex (INN) and its salts; methadone (INN) intermediate (4-cyano-2-dimethylamino-4,4-diphenylbutane)",2926,6,1
H5,292640,Nitrile-function compounds; alpha-phenylacetoacetonitrile,2926,6,1
H5,292690,Nitrile-function compounds; n.e.c. heading no. 2926,2926,6,1
H5,292700,"Diazo-, azo- or azoxy compounds",2927,6,1
H5,292800,Organic derivatives of hydrazine or of hydroxylamine,2928,6,1
H5,292910,"Nitrogen-function compounds; n.e.c. in chapter 29, isocyanates",2929,6,1
H5,292990,"Nitrogen-function compounds; n.e.c. in chapter 29, excluding isocyanates",2929,6,1
H5,293020,Organo-sulphur compounds; thiocarbamates and dithiocarbamates,2930,6,1
H5,293030,"Organo-sulphur compounds; thiuram mono-, di- or tetrasulphides",2930,6,1
H5,293040,Organo-sulphur compounds; methionine,2930,6,1
H5,293060,"Organo-sulphur compounds; 2-(N,N-Diethylamino)ethanethiol",2930,6,1
H5,293070,Organo-sulphur compounds; bis(2-hydroxyethyl)sulfide (thiodiglycol (INN)),2930,6,1
H5,293080,"Organo-sulphur compounds; aldicarb (ISO), captafol (ISO) and methamidophos (ISO)",2930,6,1
H5,293090,Organo-sulphur compounds; n.e.c. in heading no. 2930,2930,6,1
H5,293110,Organo-inorganic compounds; tetramethyl lead and tetraethyl lead,2931,6,1
H5,293120,Organo-inorganic compounds; tributyltin compounds,2931,6,1
H5,293131,"Organo-inorganic compounds; organo-phosphorus derivatives, dimethyl methylphosphonate",2931,6,1
H5,293132,"Organo-inorganic compounds; organo-phosphorus derivatives, dimethyl propylphosphonate",2931,6,1
H5,293133,"Organo-inorganic compounds; organo-phosphorus derivatives, diethyl ethylphosphonate",2931,6,1
H5,293134,"Organo-inorganic compounds; organo-phosphorus derivatives, sodium-3-(hydroxysilyl)propyl methylphosphonate",2931,6,1
H5,293135,"Organo-inorganic compounds; organo-phosphorus derivatives, 2,4,6-tripropyl-1,3,5,2,4,6-trioxatriphosphinane 2,4,6-trioxide",2931,6,1
H5,293136,"Organo-inorganic compounds; organo-phosphorus derivatives, (5-ethyl-2-methyl-2-oxido-1,3,2-dioxaphosphinan-5-yl)methyl methyl methylphosphonate",2931,6,1
H5,293137,"Organo-inorganic compounds; organo-phosphorus derivatives, bis[(5-Ethyl-2-methyl-2-oxido-1,3,2-dioxaphosphinan-5-yl)methyl methyl methylphosphonate]",2931,6,1
H5,293138,"Organo-inorganic compounds; organo-phosphorus derivatives, salt of methylphosphonic acid and (aminoiminomethyl)urea (1 : 1)",2931,6,1
H5,293139,"Organo-inorganic compounds; other organo-phosphorus derivatives, n.e.c. in heading no. 2931",2931,6,1
H5,293190,"Organo-inorganic compounds; other than tetramethyl lead, tetraethyl lead, tributyltin compounds, and other organo-phosphorus derivatives",2931,6,1
H5,293211,"Heterocyclic compounds; with oxygen hetero-atom(s) only, containing an unfused furan ring (whether or not hydrogenated) in the structure, tetrahydrofuran",2932,6,1
H5,293212,"Heterocyclic compounds; with oxygen hetero-atom(s) only, containing an unfused furan ring (whether or not hydrogenated) in the structure, 2-furaldehyde (furfuraldehyde)",2932,6,1
H5,293213,"Heterocyclic compounds; with oxygen hetero-atom(s) only, containing an unfused furan ring (whether or not hydrogenated) in the structure, furfuryl alcohol and tetrahydrofurfuryl alcohol",2932,6,1
H5,293214,"Heterocyclic compounds; with oxygen hetero-atom(s) only, containing an unfused furan ring (whether or not hydrogenated) in the structure, sucralose",2932,6,1
H5,293219,"Heterocyclic compounds; with oxygen hetero-atom(s) only, containing an unfused furan ring (whether or not hydrogenated) in the structure, n.e.c. in item no. 2932.1",2932,6,1
H5,293220,"Heterocyclic compounds; with oxygen hetero-atom(s) only, containing an unfused furan ring (whether or not hydrogenated) in the structure, lactones",2932,6,1
H5,293291,"Heterocyclic compounds; with oxygen hetero-atom(s) only, (other than lactones or compounds containing an unfused furan ring (whether or not hydrogenated) in the structure), isosafrole",2932,6,1
H5,293292,"Heterocyclic compounds; with oxygen hetero-atom(s) only, (other than lactones or compounds containing an unfused furan ring (whether or not hydrogenated) in the structure), 1-(1,3-benzodiaxol-5-yl) propan-2-one",2932,6,1
H5,293293,"Heterocyclic compounds; with oxygen hetero-atom(s) only, (other than lactones or compounds containing an unfused furan ring (whether or not hydrogenated) in the structure), piperonal",2932,6,1
H5,293294,"Heterocyclic compounds; with oxygen hetero-atom(s) only, (other than lactones or compounds containing an unfused furan ring (whether or not hydrogenated) in the structure), safrole",2932,6,1
H5,293295,"Heterocyclic compounds; with oxygen hetero-atom(s) only, (other than lactones or compounds containing an unfused furan ring (whether or not hydrogenated) in the structure), tetrahydrocannabinols (all isomers)",2932,6,1
H5,293299,"Heterocyclic compounds; with oxygen hetero-atom(s) only, no lactones or unfused furan rings (hydrogenated or not) in the structure, other than isosafrole, 1-(1,3-benzodiaxol-5-yl) propan-2-one, piperonal, safrole, tetrahydrocannabinols (all isomers)",2932,6,1
H5,293311,"Heterocyclic compounds; with nitrogen hetero-atom(s) only, containing an unfused pyrazole ring (whether or not hydrogenated) in the structure, phenazone (antipyrin) and its derivatives",2933,6,1
H5,293319,"Heterocyclic compounds; with nitrogen hetero-atom(s) only, containing an unfused pyrazole ring (whether or not hydrogenated) in the structure, other than henazone (antipyrin) and its derivatives",2933,6,1
H5,293321,"Heterocyclic compounds; with nitrogen hetero-atom(s) only, containing an unfused imidazole ring (whether or not hydrogenated) in the structure, hydantoin and its derivatives",2933,6,1
H5,293329,"Heterocyclic compounds; with nitrogen hetero-atom(s) only, containing an unfused imidazole ring (whether or not hydrogenated) in the structure, other than hydantoin and its derivatives",2933,6,1
H5,293331,"Heterocyclic compounds; containing an unfused pyridine ring (whether or not hydrogenated) in the structure, pyridine and its salts",2933,6,1
H5,293332,"Heterocyclic compounds; containing an unfused pyridine ring (whether or not hydrogenated) in the structure, piperidine and its salts",2933,6,1
H5,293333,"Heterocyclic compounds; containing an unfused pyridine ring (whether or not hydrogenated) in the structure, other than pyridine and its salts, other than piperidine and its salts",2933,6,1
H5,293339,"Heterocyclic compounds; containing an unfused pyridine ring (whether or not hydrogenated) in the structure, n.e.c. in 2933.3",2933,6,1
H5,293341,"Heterocyclic compounds; containing a quinoline or isoquinoline ring-system (whether or not hydrogenated) in the structure, not further fused, levorphanol (INN) and its salts",2933,6,1
H5,293349,"Heterocyclic compounds; containing a quinoline or isoquinoline ring-system (whether or not hydrogenated) in the structure, not further fused, other than levorphanol (INN) and its salts",2933,6,1
H5,293352,"Heterocyclic compounds; containing a pyrimidine ring (whether or not hydrogenated) or piperazine ring in the structure, malonylurea (barbituric acid) and its salts",2933,6,1
H5,293353,"Allobarbital (INN), amobarbital (INN), barbital (INN), butalbital (INN), butobarbital, cyclobarbital (INN), methylphenobarbital (INN), pentobarbital (INN), phenobarbital (INN), secbutabarbital (INN), secobarbital (INN) and vinylbital (INN); salts thereof",2933,6,1
H5,293354,"Heterocyclic compounds; containing a pyrimidine ring (whether or not hydrogenated) or piperazine ring in the structure, other derivatives of malonylurea (barbituric acid) and salts thereof, n.e.c. in 2933.53",2933,6,1
H5,293355,"Heterocyclic compounds; containing a pyrimidine ring (whether or not hydrogenated) or piperazine ring in the structure; loprazolam (INN), mecloqualone (INN), methaqualone (INN), and zipeprol (INN); salts thereof",2933,6,1
H5,293359,"Heterocyclic compounds; containing a pyrimidine ring (whether or not hydrogenated) or piperazine ring in the structure, (other than malonylurea and its derivatives, loprazolam, mecloqualone, methaqualone, zipeprol, and salts thereof) n.e.c. in 2933.5",2933,6,1
H5,293361,"Heterocyclic compounds; containing an unfused triazine ring (whether or not hydrogenated) in the structure, melamine",2933,6,1
H5,293369,"Heterocyclic compounds; containing an unfused triazine ring (whether or not hydrogenated) in the structure, others excluding melamine",2933,6,1
H5,293371,Heterocyclic compounds; lactams; 6-hexanelactam (epsilon-caprolactam),2933,6,1
H5,293372,Heterocyclic compounds; lactams; clobazam (INN) and methyprylon (INN),2933,6,1
H5,293379,Heterocyclic compounds; lactams; other than 6-hexanelactam (epsilon caprolactam) and clobazam (INN) and methyprylon (INN),2933,6,1
H5,293391,"Heterocyclic compounds; alprazolam (INN), camazepam (INN), chlordiazepoxide (INN), clonazepam (INN), clorazepate, delorazepam (INN), diazepam (INN), estazolam (INN), ethyl loflazepate (INN), fludiazepam (INN), flunitrazepam (INN), (cont)",2933,6,1
H5,293392,Heterocyclic compounds; azinphos-methyl (ISO),2933,6,1
H5,293399,Heterocyclic compounds; n.e.c. in headings no. 2933,2933,6,1
H5,293410,Heterocyclic compounds; containing an unfused thiazole ring (whether or not hydrogenated) in the structure,2934,6,1
H5,293420,"Heterocyclic compounds; containing in the structure, a benzothiazole ring-system (whether or not hydrogenated), not further fused",2934,6,1
H5,293430,"Heterocyclic compounds; containing in the structure, a phenothiazine ring-system (whether or not hydrogenated), not further fused",2934,6,1
H5,293491,"Other heterocyclic compounds, n.e.c. in 2934.1, 2934.2 and 2934.3",2934,6,1
H5,293499,"Nucleic acids and their salts, other heterocyclic compounds, n.e.c. in heading number 2934",2934,6,1
H5,293510,Sulphonamides; N-methylperfluorooctane sulphonamide,2935,6,1
H5,293520,Sulphonamides; N-ethylperfluorooctane sulphonamide,2935,6,1
H5,293530,Sulphonamides; N-ethyl-N-(2-hydroxyethyl) perfluorooctane sulphonamide,2935,6,1
H5,293540,Sulphonamides; N-(2-hydroxyethyl)-N-methylperfluorooctane sulphonamide,2935,6,1
H5,293550,Sulphonamides; other perfluorooctane sulphonamides,2935,6,1
H5,293590,Sulphonamides; n.e.c. in heading no. 2935,2935,6,1
H5,293621,"Vitamins; vitamins A and their derivatives, unmixed",2936,6,1
H5,293622,"Vitamins; vitamin B1 and its derivatives, unmixed",2936,6,1
H5,293623,"Vitamins; vitamin B2 and its derivatives, unmixed",2936,6,1
H5,293624,"Vitamins; D- or DL-pantothenic acid (vitamin B3 or vitamin B5) and its derivatives, unmixed",2936,6,1
H5,293625,"Vitamins; vitamin B6 and its derivatives, unmixed",2936,6,1
H5,293626,"Vitamins; vitamin B12 and its derivatives, unmixed",2936,6,1
H5,293627,"Vitamins; vitamin C and its derivatives, unmixed",2936,6,1
H5,293628,"Vitamins; vitamin E and its derivatives, unmixed",2936,6,1
H5,293629,"Vitamins; n.e.c. in item no. 2936.2, and their derivatives, unmixed",2936,6,1
H5,293690,"Vitamins; n.e.c. in heading no. 2936, including natural concentrates",2936,6,1
H5,293711,"Polypeptide hormones, protein hormones and glycoprotein hormones, their derivatives and structural analogues; somatotropin, its derivatives and structural analogues",2937,6,1
H5,293712,"Polypeptide hormones, protein hormones and glycoprotein hormones, their derivatives and structural analogues; insulin and its salts",2937,6,1
H5,293719,"Polypeptide hormones, protein hormones and glycoprotein hormones, their derivatives and structural analogues; other than somatotropin, (its derivatives and structural anaologues) and insulin and its salts",2937,6,1
H5,293721,"Steroidal hormones, their derivatives and structural analogues; cortisone, hydrocortisone, prednisone (dehydrocortisone) and prednisolone (dehydrohydrocortisone)",2937,6,1
H5,293722,"Steroidal hormones, their derivatives and structural analogues; halogenated derivatives of corticosteroidal hormones",2937,6,1
H5,293723,"Steroidal hormones, their derivatives and structural analogues; oestrogens and progestogens",2937,6,1
H5,293729,"Steroidal hormones, their derivatives and structural analogues; other than cortisone, hydrocortisone, prednisone (dehydrocortisone), prednisolone (dehydrohydrocortisone), halogenated derivatives of corticosteroidal hormones, oestrogen and progestogens",2937,6,1
H5,293750,"Prostaglandins, thromboxanes and leukotrienes, their derivatives and structural analogues",2937,6,1
H5,293790,"Hormones, prostaglandins, thromboxanes and leukotrienes, natural or reproduced by synthesis; derivatives and structural analogues thereof, including chain modified polypeptides, used primarily as hormones, n.e.c. in heading 2937",2937,6,1
H5,293810,Glycosides; rutoside (rutin) and its derivatives,2938,6,1
H5,293890,"Glycosides; natural or reproduced by synthesis, other than rutoside (rutin) and its derivatives",2938,6,1
H5,293911,Alkaloids; of opium and their derivatives; salts thereof,2939,6,1
H5,293919,"Alkaloids; of opium and their derivatives; other than in 2939.11, salts thereof",2939,6,1
H5,293920,Alkaloids; of cinchona and their derivatives; salts thereof,2939,6,1
H5,293930,Alkaloids; caffeine and its salts,2939,6,1
H5,293941,Alkaloids; ephedrine and its salts,2939,6,1
H5,293942,Alkaloids; pseudoephedrine (INN) and its salts,2939,6,1
H5,293943,Alkaloids; cathine (INN) and its salts,2939,6,1
H5,293944,Alkaloids; norephedrine and its salts,2939,6,1
H5,293949,"Alkaloids; other than ephedrine, pseudoephedrine (INN), norephedrine, and cathine (INN) and their salts",2939,6,1
H5,293951,"Alkaloids; theophylline and aminophylline (theophylline-ethylenediamine) and their derivatives; salts thereof, fenetylline (INN) and its salts",2939,6,1
H5,293959,"Alkaloids; theophylline and aminophylline (theophylline-ethylenediamine) and their derivatives; salts thereof, other than fenetylline",2939,6,1
H5,293961,"Alkaloids; of rye ergot and their derivatives, ergometrine (INN) and its salts",2939,6,1
H5,293962,"Alkaloids; of rye ergot and their derivatives, ergotamine (INN) and its salts",2939,6,1
H5,293963,"Alkaloids; of rye ergot and their derivatives, lysergic acid and its salts",2939,6,1
H5,293969,"Alkaloids; of rye ergot and their derivatives, salts thereof, n.e.c. in item no. 2939.6",2939,6,1
H5,293971,"Alkaloids; of vegetal origin, cocaine, ecgonine, levometamfetamine, metamfetamine (INN), metamfetamine racemate; salts, esters and other derivatives thereof",2939,6,1
H5,293979,"Alkaloids; of vegetal origin, other than cocaine, ecgonine, levometamfetamine, metamfetamine (INN), metamfetamine racemate; salts, esters and other derivatives; n.e.c. in heading no. 2939",2939,6,1
H5,293980,"Alkaloids; natural or reproduced by synthesis, and their salts, esters and other derivatives n.e.c. in heading no. 2939",2939,6,1
H5,294000,"Sugars, chemically pure, other than sucrose, lactose, maltose, glucose and fructose; sugar ethers, sugar acetals and sugar esters, and their salts, other than the products of heading 29.37, 29.38, or 29.39",2940,6,1
H5,294110,Antibiotics; penicillins and their derivatives with a penicillanic acid structure; salts thereof,2941,6,1
H5,294120,Antibiotics; streptomycins and their derivatives; salts thereof,2941,6,1
H5,294130,Antibiotics; tetracyclines and their derivatives; salts thereof,2941,6,1
H5,294140,Antibiotics; chloramphenicol and its derivatives; salts thereof,2941,6,1
H5,294150,Antibiotics; erythromycin and its derivatives; salts thereof,2941,6,1
H5,294190,Antibiotics; n.e.c. in heading no. 2941,2941,6,1
H5,294200,Organic compounds; n.e.c. in chapter 29,2942,6,1
H5,300120,"Glands and other organs; extracts of glands or other organs or of their secretions, for organo-therapeutic uses",3001,6,1
H5,300190,"Glands and other organs; heparin and its salts; other human or animal substances prepared for therapeutic or prophylactic uses, n.e.c. in heading 3001",3001,6,1
H5,300211,"Blood, human or animal, antisera, other blood fractions and immunological products; malaria diagnostic test kits",3002,6,1
H5,300212,"Blood, human or animal, antisera, other blood fractions and immunological products; antisera and other blood fractions",3002,6,1
H5,300213,"Blood, human or animal, antisera, other blood fractions and immunological products; immunological products, unmixed, not put up in measured doses or in forms or packings for retail sale",3002,6,1
H5,300214,"Blood, human or animal, antisera, other blood fractions and immunological products; immunological products, mixed, put up in measured doses or in forms or packings for retail sale",3002,6,1
H5,300215,"Blood, human or animal, antisera, other blood fractions and immunological products; immunological products, put up in measured doses or in forms or packings for retail sale",3002,6,1
H5,300219,"Blood, human or animal, antisera, other blood fractions and immunological products; n.e.c. in heading 3002.1",3002,6,1
H5,300220,Vaccines; for human medicine,3002,6,1
H5,300230,Vaccines; for veterinary medicine,3002,6,1
H5,300290,"Toxins, cultures of micro-organisms (excluding yeasts) and similar products",3002,6,1
H5,300310,"Medicaments; containing penicillins, streptomycins or their derivatives, for therapeutic or prophylactic uses, (not in measured doses, not packaged for retail sale)",3003,6,1
H5,300320,"Medicaments; containing antibiotics other than penicillins, streptomycins and their derivatives, for therapeutic or prophylactic uses, (not in measured doses, not packaged for retail sale)",3003,6,1
H5,300331,"Medicaments; containing insulin, for therapeutic or prophylactic uses, not packaged for retail sale",3003,6,1
H5,300339,"Medicaments; containing hormones (excluding insulin), (but not containing antibiotics), for therapeutic or prophylactic uses, not packaged for retail sale",3003,6,1
H5,300341,"Medicaments; containing alkaloids or their derivatives, containing ephedrine or its salts, for therapeutic or prophylactic uses, (not packaged for retail sale)",3003,6,1
H5,300342,"Medicaments; containing alkaloids or their derivatives, containing pseudoephedrine (INN) or its salts, for therapeutic or prophylactic uses, (not packaged for retail sale)",3003,6,1
H5,300343,"Medicaments; containing alkaloids or their derivatives, containing norephedrine or its salts, for therapeutic or prophylactic uses, (not packaged for retail sale)",3003,6,1
H5,300349,"Medicaments; containing alkaloids or their derivatives; other than ephedrine, pseudoephedrine (INN) or norephedrine or their salts; for therapeutic or prophylactic uses, (not packaged for retail sale)",3003,6,1
H5,300360,"Medicaments; containing antimalarial active principles described in subheading note 2 to this chapter, for therapeutic or prophylactic uses, (not packaged for retail sale)",3003,6,1
H5,300390,"Medicaments; (not containing antibiotics, hormones, alkaloids or their derivatives), for therapeutic or prophylactic uses, (not packaged for retail sale)",3003,6,1
H5,300410,"Medicaments; containing penicillins, streptomycins or their derivatives, for therapeutic or prophylactic uses, packaged for retail sale",3004,6,1
H5,300420,"Medicaments; containing antibiotics (other than penicillins, streptomycins or their derivatives), for therapeutic or prophylactic uses, packaged for retail sale",3004,6,1
H5,300431,"Medicaments; containing insulin, for therapeutic or prophylactic uses, packaged for retail sale",3004,6,1
H5,300432,"Medicaments; containing corticosteroid hormones, their derivatives or structural analogues (but not containing antibiotics), for therapeutic or prophylactic uses, packaged for retail sale",3004,6,1
H5,300439,"Medicaments; containing hormones (but not insulin), adrenal cortex hormones or antibiotics, for therapeutic or prophylactic uses, packaged for retail sale",3004,6,1
H5,300441,"Medicaments; containing alkaloids or their derivatives, containing ephedrine or its salts, for therapeutic or prophylactic uses, packaged for retail sale",3004,6,1
H5,300442,"Medicaments; containing alkaloids or their derivatives, containing pseudoephedrine (INN) or its salts, for therapeutic or prophylactic uses, packaged for retail sale",3004,6,1
H5,300443,"Medicaments; containing alkaloids or their derivatives, containing norephedrine or its salts, for therapeutic or prophylactic uses, packaged for retail sale",3004,6,1
H5,300449,"Medicaments; containing alkaloids or their derivatives; other than ephedrine, pseudoephedrine (INN) or norephedrine or their salts; for therapeutic or prophylactic uses, packaged for retail sale",3004,6,1
H5,300450,"Medicaments; containing vitamins or their derivatives, for therapeutic or prophylactic use, packaged for retail sale",3004,6,1
H5,300460,"Medicaments; containing antimalarial active principles described in Subheading Note 2 to this Chapter, for therapeutic or prophylactic uses, packaged for retail sale",3004,6,1
H5,300490,"Medicaments; consisting of mixed or unmixed products n.e.c. in heading no. 3004, for therapeutic or prophylactic uses, packaged for retail sale",3004,6,1
H5,300510,"Dressings, adhesive; and other articles having an adhesive layer, packed for retail sale for medical, surgical, dental or veterinary purposes",3005,6,1
H5,300590,"Wadding, gauze, bandages and similar articles; (excluding adhesive dressings), impregnated or coated with pharmaceutical substances, packaged for retail sale",3005,6,1
H5,300610,"Pharmaceutical goods; sterile surgical catgut, suture materials, tissue adhesives, laminaria, laminaria tents, absorbable surgical or dental haemostatics, and surgical or dental adhesion barriers",3006,6,1
H5,300620,Pharmaceutical goods; blood-grouping reagents,3006,6,1
H5,300630,"Pharmaceutical goods; opacifying preparations for x-ray examinations, diagnostic reagents designed to be administered to the patient",3006,6,1
H5,300640,"Pharmaceutical goods; dental cements and other dental fillings, bone reconstruction cements",3006,6,1
H5,300650,Pharmaceutical goods; first aid boxes and kits,3006,6,1
H5,300660,"Pharmaceutical goods; chemical contraceptive preparations based on hormones, on other products of heading 2937 or on spermicides",3006,6,1
H5,300670,Pharmaceutical goods; Gel preparations designed to be used in human or veterinary medicine as a lubricant for parts of the body for surgical operations or physical examinations or as a coupling agent between the body and medical instruments,3006,6,1
H5,300691,Pharmaceutical goods; appliances identifiable for ostomy use,3006,6,1
H5,300692,Pharmaceutical goods; waste pharmaceuticals,3006,6,1
H5,310100,"Fertilizers, animal or vegetable; whether or not mixed together or chemically treated; fertilizers, produced by the mixing or chemical treatment of animal or vegetable products",3101,6,1
H5,310210,"Fertilizers, mineral or chemical; nitrogenous, urea, whether or not in aqueous solution",3102,6,1
H5,310221,"Fertilizers, mineral or chemical; nitrogenous, ammonium sulphate",3102,6,1
H5,310229,"Fertilizers, mineral or chemical; nitrogenous, other than ammonium sulphate",3102,6,1
H5,310230,"Fertilizers, mineral or chemical; nitrogenous, ammonium nitrate, whether or not in aqueous solution",3102,6,1
H5,310240,"Fertilizers, mineral or chemical; ammonium nitrate with calcium carbonate or other inorganic non-fertilizing substances, mixtures thereof",3102,6,1
H5,310250,"Fertilizers, mineral or chemical; nitrogenous, sodium nitrate",3102,6,1
H5,310260,"Fertilizers, mineral or chemical; nitrogenous, double salts and mixtures of calcium nitrate and ammonium nitrate",3102,6,1
H5,310280,"Fertilizers, mineral or chemical; nitrogenous, mixtures of urea and ammonium nitrate in aqueous or ammoniacal solution",3102,6,1
H5,310290,"Fertilizers, mineral or chemical; nitrogenous, other kinds including mixtures not specified in the foregoing subheadings",3102,6,1
H5,310311,"Fertilizers, mineral or chemical; phosphatic, superphosphates, containing by weight 35% or more of diphosphorus pentaoxide (P2O5)",3103,6,1
H5,310319,"Fertilizers, mineral or chemical; phosphatic, superphosphates, other than containing by weight 35% or more of diphosphorus pentaoxide (P2O5)",3103,6,1
H5,310390,"Fertilizers, mineral or chemical; phosphatic, n.e.c. in heading no. 3103",3103,6,1
H5,310420,"Fertilizers, mineral or chemical; potassic, potassium chloride",3104,6,1
H5,310430,"Fertilizers, mineral or chemical; potassic, potassium sulphate",3104,6,1
H5,310490,"Fertilizers, mineral or chemical; potassic, n.e.c. in heading no. 3104",3104,6,1
H5,310510,"Fertilizers, mineral or chemical; in tablets or similar forms or in packages of a gross weight not exceeding 10kg",3105,6,1
H5,310520,"Fertilizers, mineral or chemical; containing the three fertilizing elements nitrogen, phosphorus and potassium",3105,6,1
H5,310530,"Fertilizers, mineral or chemical; diammonium hydrogenorthophosphate (diammonium phosphate)",3105,6,1
H5,310540,"Fertilizers, mineral or chemical; ammonium dihydrogenorthophosphate (monoammonium phosphate) and mixtures thereof with diammonium hydrogenorthophosphate (diammonium phosphate)",3105,6,1
H5,310551,"Fertilizers, mineral or chemical; containing nitrates and phosphates",3105,6,1
H5,310559,"Fertilizers, mineral or chemical; containing the two fertilizing elements nitrogen and phosphorus, other than nitrates and phosphates",3105,6,1
H5,310560,"Fertilizers, mineral or chemical; containing the two fertilizing elements phosphorus and potassium",3105,6,1
H5,310590,"Fertilizers, mineral or chemical; n.e.c. in heading no. 3105",3105,6,1
H5,320110,Tanning extracts of vegetable origin; quebracho extract,3201,6,1
H5,320120,Tanning extracts of vegetable origin; wattle extract,3201,6,1
H5,320190,"Tanning extracts of vegetable origin; tannins and their salts, ethers, esters and other derivatives, (excluding quebracho or wattle extract)",3201,6,1
H5,320210,Tanning substances; synthetic organic tanning substances,3202,6,1
H5,320290,"Tanning substances; inorganic tanning substances; tanning preparations, whether or not containing natural tanning substances; enzymatic preparations for pre- tanning",3202,6,1
H5,320300,"Colouring matter of vegetable or animal origin, including dyeing extracts not animal black, whether or not chemically defined; preparations based on colouring matter of vegetable or animal origin",3203,6,1
H5,320411,Dyes; disperse dyes and preparations based thereon,3204,6,1
H5,320412,"Dyes; acid, whether or not premetallised and preparations based thereon, mordant dyes and preparations based thereon",3204,6,1
H5,320413,Dyes; basic dyes and preparations based thereon,3204,6,1
H5,320414,Dyes; direct dyes and preparations based thereon,3204,6,1
H5,320415,Dyes; vat dyes (including those usable in that state as pigments) and preparations based thereon,3204,6,1
H5,320416,Dyes; reactive dyes and preparations based thereon,3204,6,1
H5,320417,Dyes; pigments and preparations based thereon,3204,6,1
H5,320419,"Dyes; n.e.c., including mixtures of colouring matter of two or more of those from item no. 3204.11 to 3204.19",3204,6,1
H5,320420,Dyes; synthetic organic products of a kind used as fluorescent brightening agents,3204,6,1
H5,320490,"Dyes; synthetic organic products n.e.c. in heading no. 3204 (e.g. of a kind used as luminophores), whether or not chemically defined",3204,6,1
H5,320500,Colour lakes; preparations based on colour lakes as specified in note 3 to this chapter,3205,6,1
H5,320611,"Colouring matter; pigments and preparations based on titanium dioxide, containing 80% or more by weight of titanium dioxide calculated on the dry matter",3206,6,1
H5,320619,"Colouring matter; pigments and preparations based on titanium dioxide, containing less than 80% by weight of titanium dioxide calculated on the dry weight",3206,6,1
H5,320620,Colouring matter; pigments and preparations based on chromium compounds,3206,6,1
H5,320641,Colouring matter; ultramarine and preparations based thereon,3206,6,1
H5,320642,Colouring matter; lithopone and other pigments and preparations based on zinc sulphide,3206,6,1
H5,320649,Colouring matter; other preparations n.e.c. in item no. 3206.4,3206,6,1
H5,320650,Colouring matter; inorganic products of a kind used as luminophores,3206,6,1
H5,320710,"Pigments; prepared pigments, opacifiers, colours and similar preparations",3207,6,1
H5,320720,"Enamels and glazes; vitrifiable enamels and glazes, engobes (slips) and similar preparations",3207,6,1
H5,320730,Lustres; liquid lustres and similar preparations,3207,6,1
H5,320740,"Glass; glass frit and other glass, in the form of powder, granules or flakes",3207,6,1
H5,320810,"Paints and varnishes; based on polyesters, dispersed or dissolved in a non-aqueous medium",3208,6,1
H5,320820,"Paints and varnishes; based on acrylic or vinyl polymers, dispersed or dissolved in a non-aqueous medium",3208,6,1
H5,320890,"Paints and varnishes; based on polymers n.e.c. in heading no. 3208, dispersed or dissolved in a non-aqueous medium",3208,6,1
H5,320910,"Paints and varnishes; based on acrylic or vinyl polymers, dispersed or dissolved in an aqueous medium",3209,6,1
H5,320990,"Paints and varnishes; (based on polymers other than acrylic or vinyl), dispersed or dissolved in an aqueous medium",3209,6,1
H5,321000,"Paints and varnishes; (including enamels, lacquers and distempers), prepared water pigments of a kind used for finishing leather",3210,6,1
H5,321100,Driers; prepared,3211,6,1
H5,321210,"Pigments; of a kind used in the manufacture of paints, stamping foils",3212,6,1
H5,321290,"Pigments; of a kind used in the manufacture of paints, other than stamping foils",3212,6,1
H5,321310,"Colours; in sets, of a kind used by artists, students or signboard painters",3213,6,1
H5,321390,"Colours; (other than in sets), of a kind used by artists, students or signboard painters",3213,6,1
H5,321410,Mastics; painters' fillings,3214,6,1
H5,321490,Mastics; n.e.c. in heading no. 3214,3214,6,1
H5,321511,"Ink; for printing, black, whether or not concentrated or solid",3215,6,1
H5,321519,"Ink; for printing, other than black, whether or not concentrated or solid",3215,6,1
H5,321590,"Ink; writing, drawing and other inks, n.e.c. in heading no. 3215, whether or not concentrated or solid",3215,6,1
H5,330112,"Oils, essential; of orange (terpeneless or not), including concretes and absolutes",3301,6,1
H5,330113,"Oils, essential; of lemon (terpeneless or not), including concretes and absolutes",3301,6,1
H5,330119,"Oils, essential; of citrus fruits n.e.c. in heading no. 3301 (terpeneless or not), including concretes and absolutes",3301,6,1
H5,330124,"Oils, essential; of peppermint (Mentha piperita), terpeneless or not, including concretes and absolutes",3301,6,1
H5,330125,"Oils, essential; of mints (excluding peppermint), terpeneless or not, including concretes and absolutes",3301,6,1
H5,330129,"Oils, essential; n.e.c. in heading no. 3301 (terpeneless or not), including concretes and absolutes",3301,6,1
H5,330130,Resinoids,3301,6,1
H5,330190,"Oils, essential; concentrates in fats, fixed oils, waxes and the like, terpenic by-products, aqueous distillates and solutions, extracted oleoresins, n.e.c. in heading no. 3301",3301,6,1
H5,330210,Odoriferous substances and mixtures; of a kind used in the food or drink industries,3302,6,1
H5,330290,Odoriferous substances and mixtures; used as raw materials in industries other than the food or drink industries,3302,6,1
H5,330300,Perfumes and toilet waters,3303,6,1
H5,330410,Cosmetic and toilet preparations; lip make-up,3304,6,1
H5,330420,Cosmetic and toilet preparations; eye make-up,3304,6,1
H5,330430,Cosmetic and toilet preparations; manicure or pedicure preparations,3304,6,1
H5,330491,"Cosmetic and toilet preparations; powders, whether or not compressed (excluding lip, eye, manicure or pedicure preparations)",3304,6,1
H5,330499,"Cosmetic and toilet preparations; n.e.c. in heading no. 3304, for the care of the skin (excluding medicaments, including sunscreen or sun tan preparations)",3304,6,1
H5,330510,Hair preparations; shampoos,3305,6,1
H5,330520,Hair preparations; for permanent waving or straightening,3305,6,1
H5,330530,Hair preparations; lacquers,3305,6,1
H5,330590,Hair preparations; n.e.c. in heading no. 3305,3305,6,1
H5,330610,Oral or dental hygiene preparations; dentifrices,3306,6,1
H5,330620,Oral or dental hygiene preparations; yarn used to clean between the teeth (dental floss),3306,6,1
H5,330690,Oral or dental hygiene preparations; other than dentifrices,3306,6,1
H5,330710,"Perfumery, cosmetic or toilet preparations; pre-shave, shaving or after-shave preparations",3307,6,1
H5,330720,"Perfumery, cosmetic or toilet preparations; personal deodorants and antiperspirants",3307,6,1
H5,330730,"Perfumery, cosmetic or toilet preparations; perfumed bath salts and other bath preparations",3307,6,1
H5,330741,"Perfumes and deodorizers; perfuming or deodorizing preparations for rooms, agarbatti and other odoriferous preparations which operate by burning (including those used during religious rites)",3307,6,1
H5,330749,"Perfumes and deodorizers; perfuming or deodorizing preparations for rooms, (excluding those which operate by burning)",3307,6,1
H5,330790,Perfumes and deodorizers; perfuming or deodorizing preparations n.e.c. in heading no. 3307,3307,6,1
H5,340111,"Soap and organic surface-active products; in the form of bars, cakes, moulded shapes, and paper, wadding, felt and nonwovens, impregnated, coated or covered with soap or detergent, for toilet use (including medicated products)",3401,6,1
H5,340119,"Soap and organic surface-active products; in the form of bars, cakes, moulded shapes, and paper, wadding, felt and nonwovens, impregnated, coated or covered with soap or detergent, not for toilet use",3401,6,1
H5,340120,Soap; in forms n.e.c. in item no. 3401.11,3401,6,1
H5,340130,"Organic surface-active products and preparations for washing the skin, in the form of liquid or cream and put up for retail sale, whether or not containing soap",3401,6,1
H5,340211,"Organic surface-active agents; anionic (other than soap), whether or not put up for retail sale",3402,6,1
H5,340212,"Organic surface-active agents; cationic (other than soap), whether or not put up for retail sale",3402,6,1
H5,340213,"Organic surface-active agents; non-ionic (other than soap), whether or not put up for retail sale",3402,6,1
H5,340219,"Organic surface-active agents; whether or not put up for retail sale, n.e.c. in heading no. 3402",3402,6,1
H5,340220,"Washing and cleaning preparations; surface-active, whether or not containing soap (excluding those of heading no. 3401), put up for retail sale",3402,6,1
H5,340290,"Washing and cleaning preparations; surface-active, whether or not containing soap (excluding those of heading no. 3401), including auxiliary washing preparations, not for retail sale",3402,6,1
H5,340311,"Lubricating preparations; for the treatment of textile and similar materials (leather, furskins etc), containing less than 70% (by weight) of petroleum oils or oils obtained from bituminous minerals",3403,6,1
H5,340319,"Lubricating preparations; (other than for the treatment of textile and similar materials), containing less than 70% (by weight) of petroleum oils or oils obtained from bituminous minerals",3403,6,1
H5,340391,"Lubricating preparations; for the treatment of textile and similar materials (leather, furskins etc), (not containing petroleum oils or oils obtained from bituminous minerals)",3403,6,1
H5,340399,"Lubricating preparations; other than for the treatment of textile and similar materials, not containing petroleum oils or oils obtained from bituminous minerals",3403,6,1
H5,340420,"Waxes; artificial and prepared, of poly(oxyethylene) (polyethylene glycol)",3404,6,1
H5,340490,"Waxes; artificial and prepared, other than of polyethylene glycol",3404,6,1
H5,340510,"Polishes, creams and similar preparations; for footwear or leather, excluding waxes of heading no. 3404",3405,6,1
H5,340520,"Polishes, creams and similar preparations; for the maintenance of wooden furniture, floors or other woodwork, excluding waxes of heading no. 3404",3405,6,1
H5,340530,"Polishes, creams and similar preparations; for coachwork, other than metal polishes, excluding waxes of heading no. 3404",3405,6,1
H5,340540,"Scouring pastes and powders and other scouring preparations; (whether or not in the form of paper, wadding, felt, nonwovens, cellular plastics, cellular rubber, impregnated, coated or covered)",3405,6,1
H5,340590,"Polishes, creams and similar preparations; n.e.c. in heading no. 3405, excluding waxes of heading no. 3404",3405,6,1
H5,340600,"Candles, tapers and the like",3406,6,1
H5,340700,"Modelling pastes; preparations known as dental wax, put up in sets, in packings for retail sale or in plates, horseshoe shapes, sticks or similar forms, other preparations for use in dentistry",3407,6,1
H5,350110,Casein,3501,6,1
H5,350190,Caseinates and other casein derivatives; casein glues,3501,6,1
H5,350211,"Albumins; egg albumin, dried",3502,6,1
H5,350219,"Albumins; egg albumin, not dried",3502,6,1
H5,350220,"Albumins; milk albumin, including concentrates of two or more whey proteins",3502,6,1
H5,350290,"Albumins, albuminates and other albumin derivatives; other than egg or milk albumin, including concentrates of two or more whey proteins",3502,6,1
H5,350300,"Gelatin (including gelatin in rectangular sheets, whether or not surface-worked or coloured) and gelatin derivatives; isinglass; other glues of animal origin, excluding casein glues of heading no. 3501",3503,6,1
H5,350400,"Peptones and their derivatives; other protein substances and their derivatives n.e.c. or included, hide powder, whether or not chromed",3504,6,1
H5,350510,Dextrins and other modified starches,3505,6,1
H5,350520,"Glues; based on starches, or on dextrins or other modified starches",3505,6,1
H5,350610,"Glues or adhesives; prepared, products suitable for use as glues or adhesives, put up for retail sale as glues or adhesives, not exceeding a net weight of 1kg",3506,6,1
H5,350691,"Adhesives; prepared, based on polymers of heading 3901 to 3913 or on rubber",3506,6,1
H5,350699,"Glues and other adhesives; prepared, n.e.c. in heading no. 3506, not exceeding a net weight of 1kg",3506,6,1
H5,350710,Enzymes; rennet and concentrates thereof,3507,6,1
H5,350790,Enzymes and prepared enzymes; other than rennet and concentrates thereof,3507,6,1
H5,360100,Explosives; propellent powders,3601,6,1
H5,360200,"Explosives, prepared; other than propellent powders",3602,6,1
H5,360300,"Fuses and detonators; safety or detonating fuses, percussion or detonating caps, igniters, electric detonators",3603,6,1
H5,360410,Pyrotechnic products; fireworks,3604,6,1
H5,360490,"Pyrotechnic products; signalling flares, rain rockets, fog signals and other pyrotechnic articles (excluding fireworks)",3604,6,1
H5,360500,Matches; other than pyrotechnic articles of heading no. 3604,3605,6,1
H5,360610,"Fuels; liquid or liquefied-gas, in containers, of a kind used for filling or refilling cigarette or similar lighters, (of a capacity not exceeding 300cm3)",3606,6,1
H5,360690,Ferro-cerium and other pyrophoric alloys in all forms; articles of combustible materials n.e.c. in chapter 36,3606,6,1
H5,370110,"Photographic plates and film; for x-ray, in the flat, sensitised, unexposed, of any material other than paper, paperboard or textiles",3701,6,1
H5,370120,"Photographic plates and film; instant print film, in the flat, sensitised, unexposed, whether or not in packs",3701,6,1
H5,370130,"Photographic plates and film; in the flat, sensitised, unexposed, with any side exceeding 225mm, of any materials other than paper, paperboard or textiles",3701,6,1
H5,370191,"Photographic plates and film; for colour photography (polychrome), in the flat, sensitised, unexposed, with no side exceeding 255mm, of any material other than paper, paperboard or textiles",3701,6,1
H5,370199,"Photographic plates and film; (for other than colour photography), in the flat, sensitised, unexposed, with no side exceeding 255mm, of any material other than paper, paperboard or textiles",3701,6,1
H5,370210,"Photographic film; for x-rays, in rolls, sensitised and unexposed (other than of paper, paperboard or textiles)",3702,6,1
H5,370231,"Photographic film; for colour photography (polychrome), in rolls, sensitised, unexposed, without sprocket holes, of a width not exceeding 105mm (other than of paper, paperboard or textiles)",3702,6,1
H5,370232,"Photographic film; in rolls, with silver halide emulsion, sensitised, unexposed, without sprocket holes, of a width not exceeding 105mm (other than of paper, paperboard or textiles)",3702,6,1
H5,370239,"Photographic film; in rolls, (other than with silver halide emulsion and for colour photography), sensitised, unexposed, without sprocket holes, of a width not exceeding 105mm (other than of paper, paperboard or textiles)",3702,6,1
H5,370241,"Photographic film; for colour photography (polychrome), in rolls, sensitised, unexposed, without sprocket holes, of a width exceeding 610mm and of a length exceeding 200m (other than of paper, paperboard or textiles)",3702,6,1
H5,370242,"Photographic film; in rolls, (other than for colour photography), sensitised, unexposed, without sprocket holes, of a width exceeding 610mm and of a length exceeding 200m (other than of paper, paperboard or textiles)",3702,6,1
H5,370243,"Photographic film; in rolls, sensitised, unexposed, without sprocket holes, of a width exceeding 610mm and of a length not exceeding 200m (other than of paper, paperboard or textiles)",3702,6,1
H5,370244,"Photographic film; in rolls, sensitised, unexposed, without sprocket holes, of a width exceeding 105mm but not exceeding 610mm (other than of paper, paperboard or textiles)",3702,6,1
H5,370252,"Photographic film; for colour photography (polychrome), in rolls, sensitised, unexposed, of a width not exceeding 16mm (other than of paper, paperboard or textiles)",3702,6,1
H5,370253,"Photographic film; for colour photography (polychrome) slides, in rolls, sensitised, unexposed, of a width exceeding 16mm but not exceeding 35mm and of a length not exceeding 30m (other than of paper, paperboard or textiles)",3702,6,1
H5,370254,"Photographic film; for colour photography (polychrome), in rolls, sensitised, unexposed, of a width exceeding 16mm but not 35mm and of a length not exceeding 30m, excluding film for slides (other than of paper, paperboard or textiles)",3702,6,1
H5,370255,"Photographic film; for colour photography (polychrome), in rolls, sensitised, unexposed, of a width exceeding 16mm but not 35mm and of a length exceeding 30m (other than of paper, paperboard or textiles)",3702,6,1
H5,370256,"Photographic film; for colour photography (polychrome), in rolls, sensitised, unexposed, of a width exceeding 35mm (other than of paper, paperboard or textiles)",3702,6,1
H5,370296,"Photographic film; other than for colour photography, in rolls, sensitised, unexposed, of a width not exceeding 35mm and of a length not exceeding 30m (other than of paper, paperboard or textiles)",3702,6,1
H5,370297,"Photographic film; other than for colour photography, in rolls, sensitised, unexposed, of a width not exceeding 35mm and of a length exceeding 30m (other than paper, paperboard or textiles)",3702,6,1
H5,370298,"Photographic film; other than for colour photography, in rolls, sensitised, unexposed, of a width exceeding 35mm (other than of paper, paperboard or textiles)",3702,6,1
H5,370310,"Photographic paper, paperboard and textiles; in rolls, sensitised, unexposed, of a width exceeding 610mm",3703,6,1
H5,370320,"Photographic paper, paperboard and textiles; for colour photography (polychrome), (other than in rolls of a width exceeding 610mm), sensitised, unexposed",3703,6,1
H5,370390,"Photographic paper, paperboard and textiles; (for other than colour photography, other than in rolls of a width exceeding 610mm), sensitised, unexposed",3703,6,1
H5,370400,"Photographic plates, film, paper, paperboard and textiles; exposed but not developed",3704,6,1
H5,370500,"Photographic plates and film; exposed and developed, other than cinematographic film",3705,6,1
H5,370610,"Cinematographic film; exposed and developed, whether or not incorporating sound track or consisting only of sound track, of a width of 35cm or more",3706,6,1
H5,370690,"Cinematographic film; exposed and developed, whether or not incorporating a sound track or consisting only of sound track, of a width less than 35mm",3706,6,1
H5,370710,"Photographic goods; sensitised emulsions, put up in measured portions or put up for retail sale in a form ready for use",3707,6,1
H5,370790,"Photographic goods; chemical preparations other than sensitised emulsions, put up in measured portions or put up for retail sale in a form ready for use",3707,6,1
H5,380110,Graphite; artificial,3801,6,1
H5,380120,Graphite; colloidal or semi-colloidal,3801,6,1
H5,380130,Carbonaceous pastes; for electrodes and similar pastes for furnace linings,3801,6,1
H5,380190,"Graphite or other carbon based preparations; in the form of pastes, blocks, plates or other semi-manufactures",3801,6,1
H5,380210,Carbon; activated,3802,6,1
H5,380290,"Chemical products; activated natural mineral products, animal black, including spent animal black",3802,6,1
H5,380300,"Chemical products; tall oil, whether or not refined",3803,6,1
H5,380400,"Lyes, residual; from the manufacture of wood pulp, whether or not concentrated, desugared or chemically treated, including lignin sulphonates but excluding tall oil of heading no. 3803",3804,6,1
H5,380510,"Terpenic oils; gum, wood or sulphate turpentine oils",3805,6,1
H5,380590,"Terpenic oils; produced by the treatment of coniferous woods, crude dipentene, sulphite turpentine and other crude para-cymene, n.e.c. in heading no. 3805",3805,6,1
H5,380610,Rosin and resin acids,3806,6,1
H5,380620,"Rosin and resin; salts of rosin, of resin acids or of derivatives of rosin or resin acids, other than salts of rosin adducts",3806,6,1
H5,380630,Ester gums,3806,6,1
H5,380690,"Rosin; spirit and oils, n.e.c. in heading no. 3806",3806,6,1
H5,380700,"Wood tar; wood tar oils; wood creosote; wood naphtha; vegetable pitch; brewers' pitch and similar preparations based on rosin, resin acids or on vegetable pitch",3807,6,1
H5,380852,"Insecticides and the like; containing goods specified in Subheading Note 1 to this Chapter; for retail sale or as preparations or articles; DDT (ISO) (clofenotane (INN)), in packings of 300g or less",3808,6,1
H5,380859,"Insecticides, rodenticides, fungicides, disinfectants, herbicides and the like; containing goods specified in Subheading Note 1 to this Chapter; not DDT (ISO) (clofenotane (INN)), put up in forms or packings for retail sale or as preparations or articles",3808,6,1
H5,380861,Insecticides and the like; containing goods specified in Subheading Note 2 to this Chapter; in packings of a net weight content not exceeding 300g; for retail sale or as preparations or articles,3808,6,1
H5,380862,"Insecticides; containing goods specified in Subheading Note 2 to this Chapter; put up in forms or packings for retail sale or as preparations or articles, in packings of a net weight content exceeding 300g but not exceeding 7.5kg",3808,6,1
H5,380869,"Insecticides; containing goods named in Subheading Note 2 to this Chapter, put up in forms or packings for retail sale or as preparations or articles, in packings of a net weight content exceeding 7.5kg",3808,6,1
H5,380891,Insecticides; other than containing goods specified in Subheading Notes 1 & 2 to this Chapter; put up in forms or packings for retail sale or as preparations or articles,3808,6,1
H5,380892,Fungicides; other than containing goods specified in Subheading Note 1 to this Chapter; put up in forms or packings for retail sale or as preparations or articles,3808,6,1
H5,380893,"Herbicides, anti-sprouting products and plant-growth regulators; other than containing goods of Subheading Note 1 to this Chapter; put up in forms or packings for retail sale or as preparations or articles",3808,6,1
H5,380894,Disinfectants; other than containing goods specified in Subheading Note 1 in this Chapter; put up in forms or packings for retail sale or as preparations or articles,3808,6,1
H5,380899,"Rodenticides and other similar products n.e.c. in heading no. 3808.9; other than containing goods specified in Subheading Note 1 in this Chapter, put up in forms or packings for retail sale or as preparations or articles",3808,6,1
H5,380910,"Finishing agents and dye carriers; to accelerate dyeing or fixing of dye-stuffs, other products and preparations, used in textile, paper, leather etc industries, with basis of amylaceous substances, n.e.c.",3809,6,1
H5,380991,"Finishing agents and dye carriers; to accelerate dyeing or fixing of dye-stuffs, other products and preparations, used in the textile industry (excluding those with a basis of amylaceous substances)",3809,6,1
H5,380992,"Finishing agents and dye carriers; to accelerate dyeing or fixing of dye-stuffs, other products and preparations, used in the paper industry (excluding those with a basis of amylaceous substances)",3809,6,1
H5,380993,"Finishing agents and dye carriers; to accelerate dyeing or fixing of dye-stuffs, other products and preparations, used in the leather or like (excluding paper and textile) industries, (excluding those with a basis of amylaceous substances)",3809,6,1
H5,381010,"Pickling preparations for metal surfaces; soldering, brazing or welding powders and pastes consisting of metal and other materials",3810,6,1
H5,381090,"Fluxes and other auxiliary preparations; for soldering, brazing or welding, or preparations used as cores or coatings for welding electrodes or rods",3810,6,1
H5,381111,Anti-knock preparations; based on lead compounds,3811,6,1
H5,381119,Anti-knock preparations; other than those based on lead compounds,3811,6,1
H5,381121,Lubricating oil additives; containing petroleum oils or oils obtained from bituminous minerals,3811,6,1
H5,381129,Lubricating oil additives; not containing petroleum oils or oils obtained from bituminous minerals,3811,6,1
H5,381190,"Oxidation and gum inhibitors, viscosity improvers, anti-corrosive preparations, other prepared additives for mineral oils or liquids used as mineral oils (including gasoline), n.e.c. in heading no. 3811",3811,6,1
H5,381210,Rubber accelerators; prepared,3812,6,1
H5,381220,"Plasticisers, compound; for rubber or plastics",3812,6,1
H5,381231,"Anti-oxidising preparations and other compound stabilisers; for rubber or plastics, mixtures of oligomers of 2,2,4-trimethyl-1,2-dihydroquinoline (TMQ)",3812,6,1
H5,381239,"Anti-oxidising preparations and other compound stabilisers; for rubber or plastics, other than mixtures of oligomers of 2,2,4-trimethyl-1,2-dihydroquinoline (TMQ)",3812,6,1
H5,381300,Fire-extinguishers; preparations and charges and charged fire-extinguishing grenades,3813,6,1
H5,381400,"Solvents and thinners; organic composite solvents and thinners, n.e.c. or included, prepared paint or varnish removers",3814,6,1
H5,381511,"Catalysts, supported; reaction initiators, reaction accelerators and catalytic preparations, with nickel or nickel compounds as the active substance, n.e.c. or included",3815,6,1
H5,381512,"Catalysts, supported; reaction initiators, reaction accelerators and catalytic preparations, with precious metal or precious metal compounds as the active substance, n.e.c. or included",3815,6,1
H5,381519,"Catalysts, supported; reaction initiators, reaction accelerators and catalytic preparations, with an active substance other than nickel or precious metals or their compounds, n.e.c. or included",3815,6,1
H5,381590,"Reaction initiators, reaction accelerators and catalytic preparations, unsupported, n.e.c. or included",3815,6,1
H5,381600,"Refractory cements, mortars, concretes and similar compositions; other than products of heading no. 3801",3816,6,1
H5,381700,"Mixed alkylbenzenes and mixed alkylnaphthalenes, other than those of heading no. 2707 or 2902",3817,6,1
H5,381800,"Chemical elements; doped for use in electronics, in the form of discs, wafers or similar forms; chemical compounds doped for use in electronics",3818,6,1
H5,381900,"Hydraulic fluids; for brakes and other prepared liquids for hydraulic transmission, not containing or containing less than 70% by weight of petroleum oils or oils obtained from bituminous minerals",3819,6,1
H5,382000,Anti-freezing preparations and prepared de-icing fluids,3820,6,1
H5,382100,"Prepared culture media for the development or maintenance of micro-organisms (including viruses and the like) or of plant, human or animal cells",3821,6,1
H5,382200,"Reagents; diagnostic or laboratory reagents on a backing and prepared diagnostic or laboratory reagents whether or not on a backing, other than those of heading no. 3002 or 3006; certified reference material",3822,6,1
H5,382311,"Industrial monocarboxylic fatty acids, acid oils from refining; stearic acid",3823,6,1
H5,382312,"Industrial monocarboxylic fatty acids, acid oils from refining; oleic acid",3823,6,1
H5,382313,"Industrial monocarboxylic fatty acids, acid oils from refining; tall oil fatty acids",3823,6,1
H5,382319,"Industrial monocarboxylic fatty acids; acid oils from refining; (other than stearic acid, oleic acid or tall oil fatty acids)",3823,6,1
H5,382370,Industrial fatty alcohols,3823,6,1
H5,382410,"Binders, prepared; for foundry moulds or cores",3824,6,1
H5,382430,"Metal carbides, non-agglomerated; mixed together or with metallic binders",3824,6,1
H5,382440,"Cements, mortars or concretes; their prepared additives",3824,6,1
H5,382450,Mortars and concretes; non-refractory,3824,6,1
H5,382460,Sorbitol; other than that of subheading no. 2905.44,3824,6,1
H5,382471,"Mixtures containing halogenated derivatives of methane, ethane or propane; containing chlorofluorocarbons (CFCs), whether or not containing hydrochlorofluorocarbons (HCFCs), perfluorocarbons (PFCs) or hydrofluorocarbons (HFCs)",3824,6,1
H5,382472,"Mixtures containing halogenated derivatives of methane, ethane or propane; containing bromochlorodifluoromethane, bromotrifluoromethane or dibromotetrafluoroethanes",3824,6,1
H5,382473,"Mixtures containing halogenated derivatives of methane, ethane or propane; containing hydrobromofluorocarbons (HBFCs)",3824,6,1
H5,382474,"Mixtures containing halogenated derivatives of methane, ethane or propane; containing hydrochlorofluorocarbons (HCFCs), whether or not containing perfluorocarbons (PFCs) or hydrofluorocarbons (HFCs), but not containing chlorofluorocarbons (CFCs)",3824,6,1
H5,382475,"Mixtures containing halogenated derivatives of methane, ethane or propane; containing carbon tetrachloride",3824,6,1
H5,382476,"Mixtures containing halogenated derivatives of methane, ethane or propane; containing 1,1,1-trichloroethane (methyl chloroform)",3824,6,1
H5,382477,"Mixtures containing halogenated derivatives of methane, ethane or propane; containing bromomethane (methyl bromide) or bromochloromethane",3824,6,1
H5,382478,"Mixtures containing halogenated derivatives of methane, ethane or propane; containing perfluorocarbons (PFCs) or hydrofluorocarbons (HFCs), but not containing chlorofluorocarbons (CFCs) or hydrochlorofluorocarbons (HCFCs)",3824,6,1
H5,382479,"Mixtures containing halogenated derivatives of methane, ethane or propane; n.e.c. in item no. 3827.7",3824,6,1
H5,382481,"Chemical products, mixtures and preparations; containing goods specified in Subheading Note 3 to this Chapter; containing oxirane (ethylene oxide)",3824,6,1
H5,382482,"Chemical products, mixtures and preparations; containing goods specified in Subheading Note 3 to this Chapter; containing polychlorinated biphenyls (PCBs), polychlorinated terphenyls (PCTs) or polybrominated biphenyls (PBBs)",3824,6,1
H5,382483,"Chemical products, mixtures and preparations; containing goods specified in Subheading Note 3 to this Chapter; containing tris(2,3-dibromopropyl) phosphate",3824,6,1
H5,382484,"Chemical products, mixtures and preparations; containing aldrin, camphechlor (toxaphene), chlordane, chlordecone, DDT (chlorfenotane, 1,1,1-trichloro-2,2-bis(p-chlorophenyl)ethane), dieldrin, endosulfan, endrin, heptachlor or mirex",3824,6,1
H5,382485,"Chemical products, mixtures and preparations; containing goods specified in Subheading Note 3 to this Chapter; containing 1,2,3,4,5,6-hexachlorocyclohexane (HCH (ISO)), including lindane (ISO, INN)",3824,6,1
H5,382486,"Chemical products, mixtures and preparations; containing goods specified in Subheading Note 3 to this Chapter; containing pentachlorobenzene (ISO), or hexachlorobenzene (ISO)",3824,6,1
H5,382487,"Chemical products, mixtures and preparations; containing goods specified in Subheading Note 3 to this Chapter; containing perfluorooctane sulphonic acid, its salts, perfluorooctane sulphonamides, or perfluorooctane sulphonyl fluoride",3824,6,1
H5,382488,"Chemical products, mixtures and preparations; containing goods specified in Subheading Note 3 to this Chapter; containing tetra-, penta-, hexa-, hepta- or octabromodiphenyl ethers",3824,6,1
H5,382491,"Chemical products, mixtures and preparations; consisting mainly of (5-ethyl-2-methyl-2-oxido-1,3,2-dioxaphosphinan-5-yl)methyl methylphosphonate and bis[(5-ethyl-2-methyl-2-oxido-1,3,2-dioxaphosphinan-5-yl)methyl] methylphosphonate",3824,6,1
H5,382499,"Chemical products, mixtures and preparations; n.e.c. heading 3824",3824,6,1
H5,382510,"Residual products of the chemical or allied industries, not elsewhere specified or included; municipal waste",3825,6,1
H5,382520,"Residual products of the chemical or allied industries, not elsewhere specified or included; sewage sludge",3825,6,1
H5,382530,"Residual products of the chemical or allied industries, not elsewhere specified or included; clinical waste",3825,6,1
H5,382541,"Residual products of the chemical or allied industries, not elsewhere specified or included; halogenated waste organic solvents",3825,6,1
H5,382549,"Residual products of the chemical or allied industries, not elsewhere specified or included; waste organic solvents, other than halogenated",3825,6,1
H5,382550,"Residual products of chemical or allied industries, not elsewhere specified or included; wastes of metal pickling liquors, hydraulic fluids, brake fluids and anti-freeze fluids",3825,6,1
H5,382561,"Residual products of the chemical or allied industries, not elsewhere specified or included; (other than sewage sludge, municipal waste or waste covered in 27.10); other wastes n.e.c. in 3825; those mainly containing organic constituents",3825,6,1
H5,382569,"Residual products of the chemical or allied industries, not elsewhere specified or included; (other than sewage sludge, municipal waste or waste covered by 27.10); other wastes n.e.c. in 3825; except those mainly containing organic constituents",3825,6,1
H5,382590,"Residual products of the chemical or allied industries, not elsewhere specified or included; n.e.c. in 3825 or 27.10",3825,6,1
H5,382600,Biodiesel and mixtures thereof; not containing or containing less than 70% by weight of petroleum oils or oils obtained from bituminous minerals,3826,6,1
H5,390110,"Ethylene polymers; in primary forms, polyethylene having a specific gravity of less than 0.94",3901,6,1
H5,390120,"Ethylene polymers; in primary forms, polyethylene having a specific gravity of 0.94 or more",3901,6,1
H5,390130,"Ethylene polymers; in primary forms, ethylene-vinyl acetate copolymers",3901,6,1
H5,390140,"Ethylene polymers; in primary forms, ethylene-alpha-olefin copolymers, having a specific gravity of less than 0.94",3901,6,1
H5,390190,"Ethylene polymers; in primary forms, n.e.c. in heading no. 3901",3901,6,1
H5,390210,"Propylene, other olefin polymers; polypropylene in primary forms",3902,6,1
H5,390220,"Propylene, other olefin polymers; polyisobutylene in primary forms",3902,6,1
H5,390230,"Propylene, other olefin polymers; propylene copolymers in primary forms",3902,6,1
H5,390290,"Propylene, other olefin polymers; n.e.c. in heading no. 3902, in primary forms",3902,6,1
H5,390311,"Styrene polymers; expansible polystyrene, in primary forms",3903,6,1
H5,390319,"Styrene polymers; (other than expansible polystyrene), in primary forms",3903,6,1
H5,390320,"Styrene polymers; styrene-acrylonitrile (SAN) copolymers, in primary forms",3903,6,1
H5,390330,"Styrene polymers; acrylonitrile-butadiene-styrene (ABS) copolymers, in primary forms",3903,6,1
H5,390390,"Styrene polymers; in primary forms, n.e.c. in heading no. 3903",3903,6,1
H5,390410,"Vinyl chloride, other halogenated olefin polymers; poly(vinyl chloride), not mixed with any other substances, in primary forms",3904,6,1
H5,390421,"Vinyl chloride, other halogenated olefin polymers; non-plasticised poly(vinyl chloride), in primary forms, mixed with other substances",3904,6,1
H5,390422,"Vinyl chloride, other halogenated olefin polymers; plasticised poly(vinyl chloride), in primary forms, mixed with other substances",3904,6,1
H5,390430,"Vinyl chloride, other halogenated olefin polymers; vinyl chloride-vinyl acetate copolymers, in primary forms",3904,6,1
H5,390440,"Vinyl chloride, other halogenated olefin polymers; vinyl chloride copolymers, in primary forms n.e.c. in heading no. 3904",3904,6,1
H5,390450,"Vinyl chloride, other halogenated olefin polymers; vinylidene chloride polymers, in primary forms",3904,6,1
H5,390461,"Halogenated olefin polymers; fluoro-polymers, polytetrafluoroethylene, in primary forms",3904,6,1
H5,390469,"Halogenated olefin polymers; fluoro-polymers (other than polytetrafluoroethylene), in primary forms",3904,6,1
H5,390490,"Vinyl chloride, other halogenated olefin polymers; n.e.c. in heading no. 3904",3904,6,1
H5,390512,"Poly(vinyl acetate); in aqueous dispersion, in primary forms",3905,6,1
H5,390519,"Poly(vinyl acetate); (other than in aqueous dispersion), in primary forms",3905,6,1
H5,390521,"Vinyl acetate copolymers; in aqueous dispersion, in primary forms",3905,6,1
H5,390529,"Vinyl acetate copolymers; (other than in aqueous dispersion), in primary forms",3905,6,1
H5,390530,Poly(vinyl alcohol); whether or not containing unhydrolysed acetate groups,3905,6,1
H5,390591,"Vinyl acetate, vinyl ester polymers, vinyl polymers; n.e.c. in heading no. 3905, in primary forms, copolymers",3905,6,1
H5,390599,"Vinyl acetate, vinyl ester polymers, vinyl polymers; n.e.c. in heading no. 3905, in primary forms, other than copolymers",3905,6,1
H5,390610,"Acrylic polymers; poly(methyl methacrylate), in primary forms",3906,6,1
H5,390690,"Acrylic polymers; (other than polymethyl methacrylate), in primary forms",3906,6,1
H5,390710,Polyacetals; in primary forms,3907,6,1
H5,390720,"Polyethers; in primary forms, excluding polyacetals",3907,6,1
H5,390730,Epoxide resins; in primary forms,3907,6,1
H5,390740,Polycarbonates; in primary forms,3907,6,1
H5,390750,Alkyd resins; in primary forms,3907,6,1
H5,390761,"Poly(ethylene terephthalate); in primary forms, having a viscosity of 78ml/g or higher",3907,6,1
H5,390769,"Poly(ethylene terephthalate); in primary forms, having a viscosity of less than 78ml/g",3907,6,1
H5,390770,Poly(lactic acid); in primary forms,3907,6,1
H5,390791,"Polyesters; n.e.c. in heading no. 3907, unsaturated, in primary forms",3907,6,1
H5,390799,"Polyesters; n.e.c. in heading no. 3907, saturated, in primary forms",3907,6,1
H5,390810,"Polyamides; polyamide-6, -11, -12, -6,6, -6,9, -6,10 or -6,12, in primary forms",3908,6,1
H5,390890,"Polyamides; n.e.c. in heading no. 3908, in primary forms",3908,6,1
H5,390910,"Amino-resins; urea and thiourea resins, in primary forms",3909,6,1
H5,390920,"Amino-resins; melamine resins, in primary forms",3909,6,1
H5,390931,"Amino-resins; n.e.c. in heading no. 3909, in primary forms, poly(methylene phenyl isocyanate) (Crude MDI, polymeric MDI)",3909,6,1
H5,390939,"Amino-resins; n.e.c. in heading no. 3909, in primary forms, other than poly(methylene phenyl isocyanate) (Crude MDI, polymeric MDI)",3909,6,1
H5,390940,Phenolic resins; in primary forms,3909,6,1
H5,390950,Polyurethanes; in primary forms,3909,6,1
H5,391000,Silicones; in primary forms,3910,6,1
H5,391110,"Petroleum resins, coumarone, indene or coumarone-indene resins and polyterpenes; in primary forms",3911,6,1
H5,391190,"Polysulphides, polysulphones and similar products of chemical synthesis n.e.c. in chapter 39; in primary forms",3911,6,1
H5,391211,"Cellulose acetates; non-plasticised, in primary forms",3912,6,1
H5,391212,"Cellulose acetates; plasticised, in primary forms",3912,6,1
H5,391220,Cellulose nitrates (including collodions); in primary forms,3912,6,1
H5,391231,"Cellulose ethers; carboxymethylcellulose and its salts, in primary forms",3912,6,1
H5,391239,"Cellulose ethers; (other than carboxymethylcellulose and its salts), in primary forms",3912,6,1
H5,391290,"Cellulose and its chemical derivatives; n.e.c. in item no. 3912, in primary forms",3912,6,1
H5,391310,"Polymers, natural; alginic acid, its salts and esters, in primary forms",3913,6,1
H5,391390,"Polymers, natural and modified natural; in primary forms (excluding alginic acid, its salts and esters)",3913,6,1
H5,391400,"Ion-exchangers; based on polymers of heading no. 3901 to 3913, in primary forms",3914,6,1
H5,391510,"Ethylene polymers; waste, parings and scrap",3915,6,1
H5,391520,"Styrene polymers; waste, parings and scrap",3915,6,1
H5,391530,"Vinyl chloride polymers; waste, parings and scrap",3915,6,1
H5,391590,"Plastics n.e.c. in heading no. 3915; waste, parings and scrap",3915,6,1
H5,391610,"Ethylene polymers; monofilament, of which any cross-sectional dimension exceeds 1mm, rods, sticks and profile shapes, whether or not surface-worked but not otherwise worked",3916,6,1
H5,391620,"Vinyl chloride polymers; monofilament, of which any cross-sectional dimension exceeds 1mm, rods, sticks and profile shapes, whether or not surface-worked but not otherwise worked",3916,6,1
H5,391690,"Plastics; monofilament, of plastics n.e.c. in heading no. 3916, cross-sectional dimension exceeds 1mm, rods, sticks and profile shapes, whether or not surface-worked but not otherwise worked",3916,6,1
H5,391710,Plastics; artificial guts (sausage casings) of hardened protein or of cellulosic materials,3917,6,1
H5,391721,"Plastics; tubes, pipes and hoses thereof, rigid, of polymers of ethylene",3917,6,1
H5,391722,"Plastics; tubes, pipes and hoses thereof, rigid, of polymers of propylene",3917,6,1
H5,391723,"Plastics; tubes, pipes and hoses thereof, rigid, of polymers of vinyl chloride",3917,6,1
H5,391729,"Plastics; tubes, pipes and hoses thereof, rigid, of plastics n.e.c. in heading no. 3917",3917,6,1
H5,391731,"Plastics; tubes, pipes and hoses thereof, flexible, having a minimum burst pressure of 27.6MPa",3917,6,1
H5,391732,"Plastics; tubes, pipes and hoses thereof, other than those of item no. 3917.31, not reinforced or otherwise combined with other materials, without fittings",3917,6,1
H5,391733,"Plastics; tubes, pipes and hoses thereof, other than those of item no. 3917.31, not reinforced or otherwise combined with other materials, with fittings",3917,6,1
H5,391739,"Plastics; tubes, pipes and hoses thereof, n.e.c. in item no. 3917.30",3917,6,1
H5,391740,"Plastics; tube, pipe and hose fittings (e.g. joints, elbows, flanges)",3917,6,1
H5,391810,"Floor, wall or ceiling coverings; of polymers of vinyl chloride, whether or not self-adhesive, in rolls or in the form of tiles",3918,6,1
H5,391890,"Floor, wall or ceiling coverings; of plastics (excluding polymers of vinyl chloride), whether or not self-adhesive, in rolls or in the form of tiles",3918,6,1
H5,391910,"Plastics; plates, sheets, film, foil, tape, strip, other flat shapes thereof, self-adhesive, in rolls of a width not exceeding 20cm",3919,6,1
H5,391990,"Plastics; plates, sheets, film, foil, tape, strip, other flat shapes thereof, self-adhesive, other than in rolls of a width not exceeding 20cm",3919,6,1
H5,392010,"Plastics; plates, sheets, film, foil and strip (not self-adhesive), of polymers of ethylene, non-cellular and not reinforced, laminated, supported or similarly combined with other materials",3920,6,1
H5,392020,"Plastics; of polymers of propylene, plates, sheets, film, foil and strip (not self-adhesive), non-cellular and not reinforced, laminated, supported or similarly combined with other materials",3920,6,1
H5,392030,"Plastics; of polymers of styrene, plates, sheets, film, foil and strip (not self-adhesive), non-cellular and not reinforced, laminated, supported or similarly combined with other materials",3920,6,1
H5,392043,"Plastics; polymers of vinyl chloride, containing by weight not less than 6% of plasticisers; plates, sheets, film, foil and strip (not self-adhesive), non-cellular and not reinforced, laminated, supported or similarly combined with other materials",3920,6,1
H5,392049,"Plastics; polymers of vinyl chloride, containing by weight, less than 6% of plasticisers; plates, sheets, film, foil and strip (not self-adhesive), non-cellular and not reinforced, laminated, supported or similarly combined with other materials",3920,6,1
H5,392051,"Plastics; of acrylic polymers, polymethyl methacrylate, plates, sheets, film, foil and strip (not self-adhesive), non-cellular and not reinforced, laminated, supported or similarly combined with other materials",3920,6,1
H5,392059,"Plastics; of acrylic polymers (excluding polymethyl methacrylate), plates, sheets, film, foil and strip (not self-adhesive), non-cellular and not reinforced, laminated, supported or similarly combined with other materials",3920,6,1
H5,392061,"Plastics; plates, sheets, film, foil and strip (not self-adhesive), of polycarbonates, non-cellular and not reinforced, laminated, supported or similarly combined with other materials",3920,6,1
H5,392062,"Plastics; plates, sheets, film, foil and strip (not self-adhesive), of poly(ethylene terephthalate), non-cellular and not reinforced, laminated, supported or similarly combined with other materials",3920,6,1
H5,392063,"Plastics; plates, sheets, film, foil and strip (not self-adhesive), of unsaturated polyesters, non-cellular and not reinforced, laminated, supported or similarly combined with other materials",3920,6,1
H5,392069,"Plastics; plates, sheets, film, foil and strip (not self-adhesive), of polyesters n.e.c. in heading no. 3920, non-cellular and not reinforced, laminated, supported or similarly combined with other materials",3920,6,1
H5,392071,"Plastics; plates, sheets, film, foil and strip (not self-adhesive), of regenerated cellulose; non-cellular and not reinforced, laminated, supported or similarly combined with other materials",3920,6,1
H5,392073,"Plastics; plates, sheets, film, foil and strip (not self-adhesive), of cellulose acetate, non-cellular and not reinforced, laminated, supported or similarly combined with other materials",3920,6,1
H5,392079,"Plastics; plates, sheets, film, foil and strip (not self-adhesive), of cellulose derivatives n.e.c. in heading no. 3920, non-cellular and not reinforced, laminated, supported or similarly combined with other materials",3920,6,1
H5,392091,"Plastics; plates, sheets, film, foil and strip (not self-adhesive), of poly(vinyl butyral), non-cellular and not reinforced, laminated, supported or similarly combined with other materials",3920,6,1
H5,392092,"Plastics; plates, sheets, film, foil and strip (not self-adhesive), of polyamides, non-cellular and not reinforced, laminated, supported or similarly combined with other materials",3920,6,1
H5,392093,"Plastics; plates, sheets, film, foil and strip (not self-adhesive), of amino-resins, non-cellular and not reinforced, laminated, supported or similarly combined with other materials",3920,6,1
H5,392094,"Plastics; plates, sheets, film, foil and strip (not self-adhesive), of phenolic resins, non-cellular and not reinforced, laminated, supported or similarly combined with other materials",3920,6,1
H5,392099,"Plastics; plates, sheets, film, foil and strip (not self-adhesive), of plastics n.e.c. in heading no. 3920, non-cellular and not reinforced, laminated, supported or similarly combined with other materials",3920,6,1
H5,392111,"Plastics; plates, sheets, film, foil and strip, of polymers of styrene, cellular",3921,6,1
H5,392112,"Plastics; plates, sheets, film, foil and strip, of polymers of vinyl chloride, cellular",3921,6,1
H5,392113,"Plastics; plates, sheets, film, foil and strip, of polyurethanes, cellular",3921,6,1
H5,392114,"Plastics; plates, sheets, film, foil and strip, of regenerated cellulose, cellular",3921,6,1
H5,392119,"Plastics; plates, sheets, film, foil and strip, of plastics n.e.c. in heading no. 3921, cellular",3921,6,1
H5,392190,"Plastics; plates, sheets, film, foil and strip, other than cellular",3921,6,1
H5,392210,"Plastics; baths, shower-baths, sinks and wash-basins",3922,6,1
H5,392220,Plastics; lavatory seats and covers,3922,6,1
H5,392290,"Plastics; bidets, lavatory pans, flushing cisterns and similar sanitary ware n.e.c. in heading no. 3922",3922,6,1
H5,392310,"Plastics; boxes, cases, crates and similar articles for the conveyance or packing of goods",3923,6,1
H5,392321,"Ethylene polymers; sacks and bags (including cones), for the conveyance or packing of goods",3923,6,1
H5,392329,"Plastics; sacks and bags (including cones), for the conveyance or packing of goods, of plastics other than ethylene polymers",3923,6,1
H5,392330,"Plastics; carboys, bottles, flasks and similar articles, for the conveyance or packing of goods",3923,6,1
H5,392340,"Plastics; spools, cops, bobbins and similar supports, for the conveyance or packing of goods",3923,6,1
H5,392350,"Plastics; stoppers, lids, caps and other closures, for the conveyance or packing of goods",3923,6,1
H5,392390,Plastics; articles for the conveyance or packing of goods n.e.c. in heading no. 3923,3923,6,1
H5,392410,Plastics; tableware and kitchenware,3924,6,1
H5,392490,Plastics; household articles and hygienic or toilet articles,3924,6,1
H5,392510,"Plastics; builders' ware, reservoirs, tanks, vats and similar containers of a capacity exceeding 300 litres",3925,6,1
H5,392520,"Plastics; builders' ware, doors, windows and their frames and thresholds for doors",3925,6,1
H5,392530,"Plastics; builders' ware, shutters, blinds (including venetian blinds) and similar articles and parts thereof",3925,6,1
H5,392590,"Plastics; builders' ware, n.e.c. or included in heading no. 3925",3925,6,1
H5,392610,Plastics; office or school supplies,3926,6,1
H5,392620,"Plastics; articles of apparel and clothing accessories (including gloves, mittens and mitts)",3926,6,1
H5,392630,"Plastics; fittings for furniture, coachwork or the like",3926,6,1
H5,392640,Plastics; statuettes and other ornamental articles,3926,6,1
H5,392690,Plastics; other articles n.e.c. in chapter 39,3926,6,1
H5,400110,"Rubber; natural rubber latex, whether or not pre-vulcanised, in primary forms or in plates, sheets or strip",4001,6,1
H5,400121,"Rubber; natural (excluding latex), in smoked sheets",4001,6,1
H5,400122,"Rubber; technically specified natural rubber (TSNR), in primary forms or in plates, sheets or strip (excluding latex and smoked sheets)",4001,6,1
H5,400129,"Rubber; natural (excluding latex, technically specified natural rubber and smoked sheets), in primary forms or in plates, sheets or strip",4001,6,1
H5,400130,"Balata, gutta-percha, guayule, chicle and similar natural gums; in primary forms or in plates, sheets or strip",4001,6,1
H5,400211,"Rubber; synthetic, styrene-butadiene rubber (SBR) and carboxylated styrene-butadiene rubber (XSBR) latex, in primary forms or in plates, sheets or strip",4002,6,1
H5,400219,"Rubber; synthetic, styrene-butadiene rubber (SBR) and carboxylated styrene-butadiene rubber (XSBR), (other than latex), in primary forms or in plates, sheets or strip",4002,6,1
H5,400220,"Rubber; synthetic, butadiene rubber (BR), in primary forms or in plates, sheets or strip",4002,6,1
H5,400231,"Rubber; synthetic, isobutene-isoprene (butyl) rubber (IIR), in primary forms or in plates, sheets or strip",4002,6,1
H5,400239,"Rubber; synthetic, halo-isobutene-isoprene rubber (CIIR or BIIR), in primary forms or in plates, sheets or strip",4002,6,1
H5,400241,"Rubber; synthetic, chloroprene (chlorobutadiene) rubber (CR), latex, in primary forms or in plates, sheets or strip",4002,6,1
H5,400249,"Rubber; synthetic, chloroprene (chlorobutadiene) rubber (CR), (other than latex), in primary forms or in plates, sheets or strip",4002,6,1
H5,400251,"Rubber; synthetic, acrylonitrile-butadiene rubber (NBR), latex, in primary forms or in plates, sheets or strip",4002,6,1
H5,400259,"Rubber; synthetic, acrylonitrile-butadiene rubber (NBR), (other than latex), in primary forms or in plates, sheets or strip",4002,6,1
H5,400260,"Rubber; synthetic, isoprene rubber (IR), in primary forms or in plates, sheets or strip",4002,6,1
H5,400270,"Rubber; synthetic, ethylene-propylene-non-conjugated diene rubber (EPDM), in primary forms or in plates, sheets or strip",4002,6,1
H5,400280,"Rubber; mixtures of natural and synthetic rubbers of heading no. 4001 and 4002, in primary forms or in plates, sheets or strip",4002,6,1
H5,400291,"Rubber; synthetic, n.e.c. in heading 4002, latex, in primary forms or in plates, sheets or strip",4002,6,1
H5,400299,"Rubber; synthetic, n.e.c. in heading 4002, (other than latex), in primary forms or in plates, sheets or strip",4002,6,1
H5,400300,"Rubber; reclaimed rubber, in primary forms or in plates, sheets or strip",4003,6,1
H5,400400,"Rubber; waste, parings and scrap of rubber (other than hard rubber) and powders and granules obtained therefrom",4004,6,1
H5,400510,"Rubber; unvulcanised, compounded with carbon black or silica, in primary forms or in plates, sheets or strip",4005,6,1
H5,400520,"Rubber; unvulcanised, compounded, solutions and dispersions other than those of item no. 4005.10",4005,6,1
H5,400591,"Rubber; unvulcanised, (compounded other than with carbon black or silica), in plates, sheets and strip",4005,6,1
H5,400599,"Rubber; unvulcanised, (compounded other than with carbon black or silica), in primary forms, (other than plates, sheets, strip, solutions or dispersions)",4005,6,1
H5,400610,"Rubber; unvulcanised, camel-back strips for retreading rubber tyres",4006,6,1
H5,400690,"Rubber; unvulcanised, other than camel back strips for retreading rubber tyres",4006,6,1
H5,400700,"Rubber; vulcanised, thread and cord",4007,6,1
H5,400811,"Rubber; vulcanised (other than hard rubber), in plates, sheets and strip of cellular rubber",4008,6,1
H5,400819,"Rubber; vulcanised (other than hard rubber), cellular rubber, (other than in plates, sheets or strip)",4008,6,1
H5,400821,"Rubber; vulcanised (other than hard rubber), in plates, sheets and strip, of non-cellular rubber",4008,6,1
H5,400829,"Rubber; vulcanised (other than hard rubber), non-cellular rubber, in forms other than plates, sheets or strip",4008,6,1
H5,400911,"Rubber; vulcanised (other than hard rubber), tubing, piping and hoses, not reinforced or otherwise combined with other materials, without fittings",4009,6,1
H5,400912,"Rubber; vulcanised (other than hard rubber), tubing, piping and hoses, not reinforced or otherwise combined with other materials, with fittings",4009,6,1
H5,400921,"Rubber; vulcanised (other than hard rubber), tubing, piping and hoses, reinforced or otherwise combined only with metal, without fittings",4009,6,1
H5,400922,"Rubber; vulcanised (other than hard rubber), tubing, piping and hoses, reinforced or otherwise combined only with metal, with fittings",4009,6,1
H5,400931,"Rubber; vulcanised (other than hard rubber), tubing, piping and hoses, reinforced or otherwise combined only with textile materials, without fittings",4009,6,1
H5,400932,"Rubber; vulcanised (other than hard rubber), tubing, piping and hoses, reinforced or otherwise combined only with textile materials, with fittings",4009,6,1
H5,400941,"Rubber; vulcanised (other than hard rubber), tubing, piping and hoses, reinforced or otherwise combined with materials other than metal or textiles, without fittings",4009,6,1
H5,400942,"Rubber; vulcanised (other than hard rubber), tubing, piping and hoses, reinforced or otherwise combined with materials other than metal or textiles, with fittings",4009,6,1
H5,401011,"Rubber; vulcanised, conveyor belts or belting, reinforced only with metal",4010,6,1
H5,401012,"Rubber; vulcanised, conveyor belts or belting, reinforced only with textile materials",4010,6,1
H5,401019,"Rubber; vulcanised, conveyor belts or belting, (reinforced with other than metal only or textile materials only)",4010,6,1
H5,401031,"Rubber; vulcanised, endless transmission belts of trapezoidal cross-section (V-belts), V-ribbed, of an outside circumference exceeding 60cm but not exceeding 180 cm",4010,6,1
H5,401032,"Rubber; vulcanised, endless transmission belts of trapezoidal cross-section (V-belts), other than V-ribbed, of an outside circumference exceeding 60cm but not exceeding 180 cm",4010,6,1
H5,401033,"Rubber; vulcanised, endless transmission belts of trapezoidal cross-section (V-belts), V-ribbed, of an outside circumference exceeding 180cm but not exceeding 240 cm",4010,6,1
H5,401034,"Rubber; vulcanised, endless transmission belts of trapezoidal cross-section (V-belts), other than V-ribbed, of an outside circumference exceeding 180cm but not exceeding 240 cm",4010,6,1
H5,401035,"Rubber; vulcanised, endless synchronous belts, of an outside circumference exceeding 60 cm but not exceeding 150 cm",4010,6,1
H5,401036,"Rubber; vulcanised, endless synchronous belts, of an outside circumference exceeding 150 cm but not exceeding 198 cm",4010,6,1
H5,401039,"Rubber; vulcanised, conveyor or transmission belts or belting, n.e.c. in heading no. 4010",4010,6,1
H5,401110,"Rubber; new pneumatic tyres, of a kind used on motor cars (including station wagons and racing cars)",4011,6,1
H5,401120,"Rubber; new pneumatic tyres, of a kind used on buses or lorries",4011,6,1
H5,401130,"Rubber; new pneumatic tyres, of a kind used on aircraft",4011,6,1
H5,401140,"Rubber; new pneumatic tyres, of a kind used on motorcycles",4011,6,1
H5,401150,"Rubber; new pneumatic tyres, of a kind used on bicycles",4011,6,1
H5,401170,"Rubber; new pneumatic tyres, of a kind used on agricultural or forestry vehicles and machines",4011,6,1
H5,401180,"Rubber; new pneumatic tyres, of a kind used on construction, mining or industrial handling vehicles and machines",4011,6,1
H5,401190,"Rubber; new pneumatic tyres, of a kind used on light commercial vehicles",4011,6,1
H5,401211,Retreaded tyres ; of a kind used on motor cars (including station wagons and racing cars),4012,6,1
H5,401212,Retreaded tyres; of a kind used on motor buses or lorries,4012,6,1
H5,401213,Retreaded tyres; of a kind used on aircraft,4012,6,1
H5,401219,"Retreaded tyres; other than of a kind used on motor cars (including station wagons and racing cars), buses and lorries and aircraft",4012,6,1
H5,401220,Rubber; used pneumatic tyres,4012,6,1
H5,401290,Rubber; tyres n.e.c. in heading no. 4012,4012,6,1
H5,401310,"Rubber; inner tubes, of a kind used on motorcars (including station wagons and racing cars), buses and lorries",4013,6,1
H5,401320,"Rubber; inner tubes, of a kind used on bicycles",4013,6,1
H5,401390,"Rubber; inner tubes, n.e.c. in heading no. 4013",4013,6,1
H5,401410,"Rubber; vulcanised (other than hard rubber), sheath contraceptives",4014,6,1
H5,401490,"Rubber; vulcanised (other than hard rubber), hygienic or pharmaceutical articles (excluding sheath contraceptives), with or without fittings of hard rubber",4014,6,1
H5,401511,"Rubber; vulcanised (other than hard rubber), surgical gloves",4015,6,1
H5,401519,"Rubber; vulcanised (other than hard rubber), gloves, mittens and mitts other than surgical gloves",4015,6,1
H5,401590,"Rubber; vulcanised (other than hard rubber), articles of apparel and clothing accessories (other than gloves, mittens and mitts)",4015,6,1
H5,401610,"Rubber; vulcanised (other than hard rubber), moulded rubber mats and mats of non-rectangular shape made by cutting from the piece, of cellular rubber",4016,6,1
H5,401691,"Rubber; vulcanised (other than hard rubber), floor coverings and mats, of non-cellular rubber",4016,6,1
H5,401692,"Rubber; vulcanised (other than hard rubber), erasers, of non-cellular rubber",4016,6,1
H5,401693,"Rubber; vulcanised (other than hard rubber), gaskets, washers and other seals, of non-cellular rubber",4016,6,1
H5,401694,"Rubber; vulcanised (other than hard rubber), boat or dock fenders, whether or not inflatable, of non-cellular rubber",4016,6,1
H5,401695,"Rubber; vulcanised (other than hard rubber), inflatable articles (other than boat or dock fenders), of non-cellular rubber",4016,6,1
H5,401699,"Rubber; vulcanised (other than hard rubber), articles n.e.c. in heading no. 4016, of non-cellular rubber",4016,6,1
H5,401700,"Rubber; ebonite and other hard rubbers in all forms, including waste and scrap, and articles of hard rubber",4017,6,1
H5,410120,"Raw hides and skins; whole, unsplit, of bovine or equine animals, of a weight per skin not exceeding 8kg when simply dried, 10kg when dry-salted or 16kg when fresh, wet-salted or otherwise preserved",4101,6,1
H5,410150,"Hides and skins; raw, whole, of bovine or equine animals, of a weight per skin exceeding 16 kg",4101,6,1
H5,410190,"Hides and skins; other than whole, but including butts, bends and bellies, of bovine (including. buffalo) and equine animals, fresh, salted or preserved, but not tanned, parchment dressed or further prepared, whether or not dehaired or split",4101,6,1
H5,410210,"Skins; raw, of sheep or lambs, fresh, or salted, dried, limed, pickled or otherwise preserved, (but not tanned, parchment-dressed or further prepared), with wool on",4102,6,1
H5,410221,"Skins; raw, of sheep or lambs, pickled (but not tanned, parchment-dressed or further preserved), without wool on",4102,6,1
H5,410229,"Hides and skins; raw, of animals n.e.c. in this chapter, fresh, salted, dried, limed, pickled or otherwise preserved, (but not tanned, parchment-dressed or further prepared), whether or not dehaired or split",4102,6,1
H5,410320,"Hides and skins; raw, of reptiles (fresh or salted, dried, limed, pickled or otherwise preserved, but not tanned, parchment-dressed or further prepared), whether or not dehaired or split",4103,6,1
H5,410330,"Hides and skins; raw, of swine, (fresh or salted, dried, limed, pickled or otherwise preserved, but not tanned, parchment-dressed or further prepared), whether or not dehaired or split",4103,6,1
H5,410390,"Hides and skins; raw, of animals n.e.c. in this chapter, fresh, salted, dried, limed, pickled or otherwise preserved, (but not tanned, parchment-dressed or further prepared), whether or not dehaired or split",4103,6,1
H5,410411,"Tanned or crust hides and skins; without hair on, bovine or equine, in the wet state (including wet blue), full grains, unsplit; grain splits",4104,6,1
H5,410419,"Tanned or crust hides and skins; bovine or equine, without hair on, in the wet state (including wet blue), excluding full grains, unsplit; grain splits",4104,6,1
H5,410441,"Tanned or crust hides and skins; bovine or equine, without hair on, in the dry state (crust), full grains, unsplit; grain splits",4104,6,1
H5,410449,"Tanned or crust hides and skins; bovine or equine, without hair on, in the dry state (crust), (other than full grains, unsplit; grain splits)",4104,6,1
H5,410510,"Tanned or crust skins of sheep or lambs, without wool on, whether or not split, but not further prepared, in the wet state (including wet-blue)",4105,6,1
H5,410530,"Tanned or crust skins; of sheep or lambs, without wool on, whether or not split, but not further prepared, in the dry state (crust)",4105,6,1
H5,410621,"Tanned or crust hides and skins; of goats or kids, without wool or hair on, whether or not split, but not further prepared, in the wet state (including wet blue)",4106,6,1
H5,410622,"Tanned or crust hides and skins; of goats or kids, without hair on, whether or not split, but not further prepared, in the dry state (crust)",4106,6,1
H5,410631,"Tanned or crust hides and skins; of swine, without hair on, whether or not split, but not further prepared, in the wet state (including wet blue)",4106,6,1
H5,410632,"Tanned or crust hides and skins; of swine, without hair on, whether or not split, but not further prepared, in the dry state (crust)",4106,6,1
H5,410640,"Tanned or crust hides and skins; of reptiles, whether or not split, but not further prepared",4106,6,1
H5,410691,"Tanned or crust hides and skins; of animals other than equine, ovine, bovine, goats or kids, swine and reptiles, without wool or hair on, whether or not split, but not further prepared, in the wet state (including wet blue)",4106,6,1
H5,410692,"Tanned or crust hides and skins; of animals other than equine, ovine, bovine, goats or kids, swine and reptiles, without wool or hair on, whether or not split, but not further prepared, in the dry state (crust)",4106,6,1
H5,410711,"Leather; further prepared after tanning or crusting, including parchment-dressed leather, of bovine (including buffalo) or equine animals, without hair on, other than leather of heading 41.14, whole hides and skins, full grain, unsplit",4107,6,1
H5,410712,"Leather; further prepared after tanning or crusting, including parchment-dressed leather, of bovine (including buffalo) or equine animals, without hair on, other than leather of heading 41.14, whole hides and skins, grain splits",4107,6,1
H5,410719,"Leather; further prepared after tanning or crusting, including parchment-dressed, of bovine (including buffalo) or equine animals, without hair on, split or not, other than leather of heading 41.14, (other than grain splits and full grains, unsplit)",4107,6,1
H5,410791,"Leather; further prepared after tanning or crusting, including parchment-dressed, of bovine (including buffalo) or equine animals, without hair on, other than leather of heading 41.14, not whole hides and skins, but including sides, full grain, unsplit",4107,6,1
H5,410792,"Leather; further prepared after tanning or crusting, including parchment-dressed, of bovine (including buffalo) or equine animals, without hair on, other than leather of heading 41.14, not whole hides and skins, but including sides, grain splits",4107,6,1
H5,410799,"Leather; further prepared after tanning or crusting, incl. parchment-dressed, of bovine (including buffalo) or equine animals, no hair, excluding leather of heading 41.14, and whole hides and skins, and sides, (full grains, unsplit and grain splits)",4107,6,1
H5,411200,"Leather; further prepared after tanning or crusting, including parchment dressed leather, of sheep or lamb, without wool on, whether or not split, other than leather of heading 41.14",4112,6,1
H5,411310,"Leather; further prepared after tanning or crusting, including parchment-dressed leather, without hair on, whether or not split, other than leather of heading 41.14, of goats and kids",4113,6,1
H5,411320,"Leather; further prepared after tanning or crusting, including parchment-dressed leather, without hair on, whether or not split, other than leather of heading 41.14, of swine",4113,6,1
H5,411330,"Leather; further prepared after tanning or crusting, including parchment-dressed leather, of reptiles, whether or not split, other than leather of heading 41.14",4113,6,1
H5,411390,"Leather; further prepared after tanning or crusting, including parchment-dressed leather, of animals (other than sheep and lambs, goats and kids, swine and reptiles), without wool or hair on, whether or not split, other than leather of heading 41.14",4113,6,1
H5,411410,Leather; chamois (including combination chamois),4114,6,1
H5,411420,Leather; patent leather and laminated patent leather; metallised leather,4114,6,1
H5,411510,"Leather; composition leather with a basis of leather or leather fibre, in slabs, sheets or strip, whether or not in rolls",4115,6,1
H5,411520,"Leather; parings and other waste, of leather or composition leather; not suitable for the manufacture of leather articles; leather dust, powder and flour",4115,6,1
H5,420100,"Saddlery and harness; for any animal (including traces, leads, knee pads, muzzles, saddle cloths, saddle bags, dog coats and the like), of any materials",4201,6,1
H5,420211,"Cases and containers; trunks, suit-cases, vanity-cases, executive-cases, brief-cases, school satchels and similar containers, with outer surface of leather or of composition leather",4202,6,1
H5,420212,"Cases and containers; trunks, suit-cases, vanity-cases, executive-cases, brief-cases, school satchels and similar containers, with outer surface of plastics or of textile materials",4202,6,1
H5,420219,"Cases and containers; trunks, suit-cases, vanity-cases, executive-cases, brief-cases, school satchels and similar containers, of vulcanised fibre or of paperboard, or wholly or mainly covered with such materials or with paper",4202,6,1
H5,420221,"Cases and containers; handbags (whether or not with shoulder strap and including those without handle), with outer surface of leather or of composition leather",4202,6,1
H5,420222,"Cases and containers; handbags (whether or not with shoulder strap and including those without handle), with outer surface of sheeting of plastics or of textile materials",4202,6,1
H5,420229,"Cases and containers; handbags (whether or not with shoulder strap and including those without handle), of vulcanised fibre or of paperboard, or wholly or mainly covered with such materials or with paper",4202,6,1
H5,420231,"Cases and containers; of a kind normally carried in the pocket or in the handbag, with outer surface of leather or of composition leather",4202,6,1
H5,420232,"Cases and containers; of a kind normally carried in the pocket or in the handbag, with outer surface of sheeting of plastics or of textile materials",4202,6,1
H5,420239,"Cases and containers; of a kind normally carried in the pocket or in the handbag, of vulcanised fibre or of paperboard, or wholly or mainly covered with such materials or with paper",4202,6,1
H5,420291,"Cases and containers; n.e.c. in heading 4202, with outer surface of leather or of composition leather",4202,6,1
H5,420292,"Cases and containers; n.e.c. in heading 4202, with outer surface of sheeting of plastics or of textile materials",4202,6,1
H5,420299,"Cases and containers; n.e.c. in heading 4202, of vulcanised fibre or of paperboard, or wholly or mainly covered with such materials or with paper",4202,6,1
H5,420310,"Apparel; articles of apparel, of leather or of composition leather",4203,6,1
H5,420321,"Clothing accessories; gloves, mittens and mitts, specially designed for use in sports, of leather or composition leather, padded",4203,6,1
H5,420329,"Clothing accessories; gloves, mittens and mitts, n.e.c. in heading no. 4203, of leather or composition leather, not specially designed for use in sports",4203,6,1
H5,420330,"Clothing accessories; belts and bandoliers, of leather or of composition leather",4203,6,1
H5,420340,"Clothing accessories; of leather or of composition leather, n.e.c. in heading no. 4203",4203,6,1
H5,420500,"Leather articles; n.e.c. in chapter 42, of leather or composition leather",4205,6,1
H5,420600,"Articles of gut (other than silk-worm gut), of goldbeater's skin, of bladders or of tendons",4206,6,1
H5,430110,"Furskins; raw, of mink, whole, with or without head, tail or paws",4301,6,1
H5,430130,"Furskins; raw, of Astrakhan, Broadtail, Caracul, Persian and similar lamb, Indian, Chinese, Mongolian or Tibetan lamb, whole, with or without head, tail or paws",4301,6,1
H5,430160,"Furskins; raw, of fox, whole, with or without head, tail or paws",4301,6,1
H5,430180,"Furskins; raw, of animals n.e.c. in heading no. 4301, whole, with or without head, tail or paws (excluding goods of heading no. 4101, 4102 and 4103)",4301,6,1
H5,430190,"Furskins; raw, heads, tails, paws and other pieces or cuttings, suitable for furrier's use, excluding goods of heading no. 4101, 4102 and 4103",4301,6,1
H5,430211,"Furskins; tanned or dressed, of mink, whole, with or without head, tail or paws, not assembled",4302,6,1
H5,430219,"Furskins; tanned or dressed, whole, with or without head, tail or paws, not assembled, n.e.c. in heading no. 4302, excluding goods or heading no. 4303",4302,6,1
H5,430220,"Furskins; tanned or dressed, heads, tails, paws and other pieces or cuttings, not assembled, excluding goods of heading no. 4303",4302,6,1
H5,430230,"Furskins; tanned or dressed, whole skins and pieces or cuttings thereof, assembled, excluding goods of heading no. 4303",4302,6,1
H5,430310,Furskin articles; apparel and clothing accessories,4303,6,1
H5,430390,Furskin articles; other than apparel and clothing accessories,4303,6,1
H5,430400,"Fur, artificial; articles thereof",4304,6,1
H5,440111,"Wood; for fuel, in logs, in billets, in twigs, in faggots or similar forms, whether or not agglomerated, coniferous",4401,6,1
H5,440112,"Wood; for fuel, in logs, in billets, in twigs, in faggots or similar forms, whether or not agglomerated, non-coniferous",4401,6,1
H5,440121,"Wood; for fuel, in chips or particles, coniferous, whether or not agglomerated",4401,6,1
H5,440122,"Wood; for fuel, in chips or particles, non-coniferous, whether or not agglomerated",4401,6,1
H5,440131,"Wood; for fuel, sawdust and wood waste and scrap, agglomerated in logs, briquettes, pellets or similar forms; wood pellets",4401,6,1
H5,440139,"Wood; for fuel, sawdust and wood waste and scrap, agglomerated in logs, briquettes, pellets or similar forms; other than wood pellets",4401,6,1
H5,440140,"Wood; for fuel, sawdust and wood waste and scrap, not agglomerated",4401,6,1
H5,440210,"Wood; charcoal of bamboo (including shell or nut charcoal), whether or not agglomerated",4402,6,1
H5,440290,"Wood; charcoal of wood other than bamboo (including shell or nut charcoal), whether or not agglomerated",4402,6,1
H5,440311,"Wood; coniferous species, in the rough, whether or not stripped of bark or sapwood, or roughly squared; treated with paint, stains, creosote or other preservatives",4403,6,1
H5,440312,"Wood; non-coniferous species, in the rough, whether or not stripped of bark or sapwood, or roughly squared; treated with paint, stains, creosote or other preservatives",4403,6,1
H5,440321,"Wood; coniferous species, of pine (Pinus spp.), in the rough, whether or not stripped of bark or sapwood, or roughly squared, untreated, of which any cross-sectional dimension is 15 cm or more",4403,6,1
H5,440322,"Wood; coniferous species, of pine (Pinus spp.), in the rough, whether or not stripped of bark or sapwood, or roughly squared, untreated, of which any cross-sectional dimension is less than 15 cm",4403,6,1
H5,440323,"Wood; coniferous species, of fir (Abies spp.) and spruce (Picea spp.), in the rough, whether or not stripped of bark or sapwood, or roughly squared, untreated, of which any cross-sectional dimension is 15 cm or more",4403,6,1
H5,440324,"Wood; coniferous species, of fir (Abies spp.) and spruce (Picea spp.), in the rough, whether or not stripped of bark or sapwood, or roughly squared, untreated, of which any cross-sectional dimension is less than 15 cm",4403,6,1
H5,440325,"Wood; coniferous species n.e.c in headings 4403.21 or 4403.23, in the rough, whether or not stripped of bark or sapwood, or roughly squared, untreated, of which any cross-sectional dimension is 15 cm or more",4403,6,1
H5,440326,"Wood; coniferous species n.e.c in headings 4403.22 or 4403.24, in the rough, whether or not stripped of bark or sapwood, or roughly squared, untreated, of which any cross-sectional dimension is less than 15 cm",4403,6,1
H5,440341,"Wood, tropical; as specified in Subheading Note 2 to this Chapter, dark red meranti, light red meranti and meranti bakau, in the rough, whether or not stripped of bark or sapwood, or roughly squared, untreated",4403,6,1
H5,440349,"Wood, tropical; other than dark red meranti, light red meranti and meranti bakau, in the rough, whether or not stripped of bark or sapwood, or roughly squared, untreated",4403,6,1
H5,440391,"Wood; oak, in the rough, whether or not stripped of bark or sapwood, or roughly squared, untreated",4403,6,1
H5,440393,"Wood; of beech (Fagus spp.), in the rough, whether or not stripped of bark or sapwood, or roughly squared, untreated, of which any cross-sectional dimension is 15 cm or more",4403,6,1
H5,440394,"Wood; of beech (Fagus spp.), in the rough, whether or not stripped of bark or sapwood, or roughly squared, untreated, of which any cross-sectional dimension is less than 15 cm",4403,6,1
H5,440395,"Wood; of birch (Betula spp.), in the rough, whether or not stripped of bark or sapwood, or roughly squared, untreated, of which any cross-sectional dimension is 15 cm or more",4403,6,1
H5,440396,"Wood; of birch (Betula spp.), in the rough, whether or not stripped of bark or sapwood, or roughly squared, untreated, of which any cross-sectional dimension is less than 15 cm",4403,6,1
H5,440397,"Wood; of poplar and aspen (Populus spp.), in the rough, whether or not stripped of bark or sapwood, or roughly squared, untreated",4403,6,1
H5,440398,"Wood; of eucalyptus (Eucalyptus spp.), in the rough, whether or not stripped of bark or sapwood, or roughly squared, untreated",4403,6,1
H5,440399,"Wood; in the rough, whether or not stripped of bark or sapwood, or roughly squared, untreated, n.e.c. in heading no. 4403",4403,6,1
H5,440410,"Wood; coniferous, split poles, piles, pickets, stakes, pointed but not sawn lengthwise; sticks for umbrellas, tool handles etc, roughly trimmed but not turned or bent; chipwood etc, hoopwood",4404,6,1
H5,440420,"Wood; non-coniferous, split poles, piles, pickets, stakes, pointed but not sawn lengthwise; sticks for umbrellas, tool handles etc, roughly trimmed but not turned or bent; chipwood etc, hoopwood",4404,6,1
H5,440500,Wood; wood wool and wood flour,4405,6,1
H5,440611,"Wood; railway or tramway sleepers (cross-ties), not impregnated, coniferous",4406,6,1
H5,440612,"Wood; railway or tramway sleepers (cross-ties), not impregnated, non-coniferous",4406,6,1
H5,440691,"Wood; railway or tramway sleepers (cross-ties), impregnated, coniferous",4406,6,1
H5,440692,"Wood; railway or tramway sleepers (cross-ties), impregnated, non-coniferous",4406,6,1
H5,440711,"Wood; coniferous species, of pine (Pinus spp.), sawn or chipped lengthwise, sliced or peeled, whether or not planed, sanded or finger-jointed, of a thickness exceeding 6mm",4407,6,1
H5,440712,"Wood; coniferous species, of fir (Abies spp.) and spruce (Picea spp.), sawn or chipped lengthwise, sliced or peeled, whether or not planed, sanded or finger-jointed, of a thickness exceeding 6mm",4407,6,1
H5,440719,"Wood; coniferous species, other than of pine (Pinus spp.) or fir (Abies spp.) or spruce (Picea spp.), sawn or chipped lengthwise, sliced or peeled, whether or not planed, sanded or finger-jointed, of a thickness exceeding 6mm",4407,6,1
H5,440721,"Wood, tropical; as specified in Subheading Note 2 to this Chapter, mahogany (Swietenia spp.), sawn or chipped lengthwise, sliced or peeled, whether or not planed, sanded or end-jointed, thicker than 6mm",4407,6,1
H5,440722,"Wood, tropical; virola, imbuia and balsa, sawn or chipped lengthwise, sliced or peeled, whether or not planed, sanded or end-jointed, thicker than 6mm",4407,6,1
H5,440725,"Wood, tropical; dark red meranti, light red meranti and meranti bakau, sawn or chipped lengthwise, sliced or peeled, whether or not planed, sanded or end-jointed, thicker than 6mm",4407,6,1
H5,440726,"Wood, tropical; white lauan, white meranti, white seraya, yellow meranti and alan, sawn or chipped lengthwise, sliced or peeled, whether or not planed, sanded or end-jointed, thicker than 6mm",4407,6,1
H5,440727,"Wood, tropical; sapelli, sawn or chipped lengthwise, sliced or peeled, whether or not planed, sanded or end-jointed, thicker than 6mm",4407,6,1
H5,440728,"Wood, tropical; iroko, sawn or chipped lengthwise, sliced or peeled, whether or not planed, sanded or end-jointed, thicker than 6mm",4407,6,1
H5,440729,"Wood, tropical, n.e.c. in item no. 4407.2, sawn or chipped lengthwise, sliced or peeled, whether or not planed, sanded or end-jointed, of a thickness exceeding 6mm",4407,6,1
H5,440791,"Wood; oak (Quercus spp.), sawn or chipped lengthwise, sliced or peeled, whether or not planed, sanded or end-jointed, thicker than 6mm",4407,6,1
H5,440792,"Wood; beech (Fagus spp.), sawn or chipped lengthwise, sliced or peeled, whether or not planed, sanded or end-jointed, thicker than 6mm",4407,6,1
H5,440793,"Wood; maple (Acer spp.), sawn or chipped lengthwise, sliced or peeled, whether or not planed, sanded or end-jointed, thicker than 6mm",4407,6,1
H5,440794,"Wood; cherry (Prunus spp.), sawn or chipped lengthwise, sliced or peeled, whether or not planed, sanded or end-jointed, thicker than 6mm",4407,6,1
H5,440795,"Wood; ash (Fraxinus spp.), sawn or chipped lengthwise, sliced or peeled, whether or not planed, sanded or end-jointed, thicker than 6mm",4407,6,1
H5,440796,"Wood; of birch (Betula spp.), sawn or chipped lengthwise, sliced or peeled, of a thickness exceeding 6mm, whether or not planed, sanded or finger-jointed",4407,6,1
H5,440797,"Wood; of poplar and aspen (Populus spp.), sawn or chipped lengthwise, sliced or peeled, of a thickness exceeding 6mm, whether or not planed, sanded or finger-jointed",4407,6,1
H5,440799,"Wood; sawn or chipped lengthwise, sliced or peeled, of a thickness exceeding 6mm, whether or not planed, sanded or finger-jointed, n.e.c. in heading no. 4407",4407,6,1
H5,440810,"Wood; coniferous, sheets for veneering (including those obtained by slicing laminated wood), for plywood or similar laminated wood and other wood, sawn lengthwise, sliced or peeled, planed or not, sanded, spliced or end-jointed, not over 6 mm thick",4408,6,1
H5,440831,"Wood, tropical; as specified in Subheading Note 2 to this Chapter, dark red meranti, light red meranti, meranti bakau, sheets for veneer, plywood or other wood, sawn lengthwise, sliced or peeled, planed or not, sanded or end-jointed, not thicker than 6mm",4408,6,1
H5,440839,"Wood, of tropical wood; as in Subheading note 2 to this Chapter, n.e.c. in heading no. 4408.31, sheets for veneer or plywood, other wood sawn length wise, sliced or peeled, whether or not planed, sanded or end-jointed, not thicker than 6mm",4408,6,1
H5,440890,"Wood; n.e.c. in heading no. 4408, sheets for veneer or plywood, other wood sawn lengthwise, sliced or peeled, whether or not planed, sanded or end-jointed, not exceeding 6mm in thickness",4408,6,1
H5,440910,"Wood; coniferous (including unassembled strips and friezes for parquet flooring), continuously shaped along any edges, ends or faces, whether or not planed, sanded or end-jointed",4409,6,1
H5,440921,"Wood; bamboo (including unassembled strips and friezes for parquet flooring), continuously shaped along any edges, ends or faces, whether or not planed, sanded or end-jointed",4409,6,1
H5,440922,"Wood; tropical (including unassembled strips and friezes for parquet flooring), continuously shaped along any edges, ends or faces, whether or not planed, sanded or end-jointed",4409,6,1
H5,440929,"Wood; non-coniferous, other than bamboo or tropical wood, (including unassembled strips and friezes for parquet flooring), continuously shaped along any edges, ends or faces, whether or not planed, sanded or end-jointed",4409,6,1
H5,441011,"Particle board of wood, whether or not agglomerated with resins or other organic binding substances",4410,6,1
H5,441012,"Oriented strand board (OSB) of wood, whether or not agglomerated with resins or other organic binding substances",4410,6,1
H5,441019,"Wafer board and similar board of wood n.e.c. in item no. 4410.1, whether or not agglomerated with resins or other organic binding substances",4410,6,1
H5,441090,"Particle board, oriented strand board (OSB) and similar board of ligneous materials other than wood, whether or not agglomerated with resins or other organic binding substances",4410,6,1
H5,441112,"Medium density fibreboard (MDF), of a thickness not exceeding 5 mm",4411,6,1
H5,441113,"Medium density fibreboard (MDF), of a thickness exceeding 5 mm but not exceeding 9 mm",4411,6,1
H5,441114,"Medium density fibreboard (MDF), of a thickness exceeding 9 mm",4411,6,1
H5,441192,"Fibreboard (other than MDF) of a density exceeding 0.8g/cm3, of wood or other ligneous materials, bonded or not with resins or other organic substances",4411,6,1
H5,441193,"Fibreboard (other than MDF) of a density exceeding 0.5g/cm3 but not 0.8g/cm3, of wood or other ligneous materials, bonded or not with resins or other organic substances",4411,6,1
H5,441194,"Fibreboard (other than MDF) of a density not exceeding 0.5g/cm3, of wood or other ligneous materials, bonded or not with resins or other organic substances",4411,6,1
H5,441210,"Plywood, veneered panels and similar laminated wood; of bamboo",4412,6,1
H5,441231,"Plywood; consisting only of sheets of wood (not bamboo), each ply 6mm or thinner, with at least one outer ply of tropical wood",4412,6,1
H5,441233,"Plywood; with sheets of wood only; not bamboo; each ply 6mm or less, with at least one outer ply of alder, ash, beech, birch, cherry, chestnut, elm, eucalyptus, hickory, horse chestnut, lime, maple, oak, plane, poplar, aspen, robinia, tulipwood or walnut",4412,6,1
H5,441234,"Plywood; consisting only of sheets of wood (not bamboo), each ply 6mm or thinner, with at least one outer ply of non-coniferous wood not listed in subheading 4412.33",4412,6,1
H5,441239,"Plywood; consisting only of sheets of wood (not bamboo), each ply 6mm or thinner, with both outer plies of coniferous wood",4412,6,1
H5,441294,"Blockboard, laminboard and battenboard (not bamboo, and other than plywood consisting only of sheets of wood each ply 6mm or thinner)",4412,6,1
H5,441299,"Plywood, veneered panels and similar laminated wood (other than blockboard, laminboard and battenboard, other than of bamboo, and other than plywood consisting only of sheets of wood each ply 6mm or thinner)",4412,6,1
H5,441300,"Wood; densified wood, in blocks, plates, strips or profile shapes",4413,6,1
H5,441400,"Wooden frames; for paintings, photographs, mirrors or similar objects",4414,6,1
H5,441510,"Wood; cases, boxes, crates, drums, similar packings and cable-drums",4415,6,1
H5,441520,"Wood; pallets, box pallets and other load boards; pallet collars",4415,6,1
H5,441600,"Wood; casks, barrels, vats, tubs and other coopers' products and parts thereof, of wood, including staves",4416,6,1
H5,441700,"Wood; tools, tool bodies, tool handles, broom or brush bodies and handles, boot and shoe lasts and trees, of wood",4417,6,1
H5,441810,"Wood; windows, French-windows and their frames",4418,6,1
H5,441820,Wood; doors and their frames and thresholds,4418,6,1
H5,441840,Wood; shuttering for concrete constructional work,4418,6,1
H5,441850,Wood; shingles and shakes,4418,6,1
H5,441860,Wood; posts and beams,4418,6,1
H5,441873,"Wood; assembled flooring panels, of bamboo or with at least the top layer (wear layer) of bamboo",4418,6,1
H5,441874,"Wood; assembled flooring panels, not of bamboo or with at least the top layer (wear layer) of bamboo, for mosaic floors",4418,6,1
H5,441875,"Wood; assembled flooring panels, not of bamboo or with at least the top layer (wear layer) of bamboo, multilayer",4418,6,1
H5,441879,"Wood; assembled flooring panels, n.e.c in headings 4418.73, 4418.74 or 4418.75",4418,6,1
H5,441891,"Wood; builders' joinery and carpentry of wood n.e.c. in heading no. 4418, of bamboo",4418,6,1
H5,441899,"Wood; builders' joinery and carpentry of wood n.e.c. in heading no. 4418, other than of bamboo",4418,6,1
H5,441911,"Tableware and kitchenware, of wood; of bamboo, bread boards, chopping boards and similar boards",4419,6,1
H5,441912,"Tableware and kitchenware, of wood; of bamboo, chopsticks",4419,6,1
H5,441919,"Tableware and kitchenware, of wood; of bamboo, n.e.c. in heading 4419",4419,6,1
H5,441990,"Tableware and kitchenware, of wood; not of bamboo",4419,6,1
H5,442010,Wood; statuettes and other ornaments of wood,4420,6,1
H5,442090,"Wood; marquetry and inlaid wood, caskets and cases for jewellery or cutlery and similar articles of wood, wooden articles of furniture not falling in chapter 94",4420,6,1
H5,442110,Wood; clothes hangers,4421,6,1
H5,442191,"Wood; of bamboo, articles n.e.c. in heading no. 4414 to 4420 (excluding clothes hangers)",4421,6,1
H5,442199,"Wood; not of bamboo, articles n.e.c. in heading no. 4414 to 4420 (excluding clothes hangers)",4421,6,1
H5,450110,"Cork; natural cork, raw or simply prepared",4501,6,1
H5,450190,"Cork; waste cork, crushed, granulated or ground cork",4501,6,1
H5,450200,"Cork; natural cork, debacked or roughly squared, or in rectangular (including square) blocks, plates, sheets or strip, (including sharp-edged blanks for corks or stoppers)",4502,6,1
H5,450310,"Cork; corks and stoppers, of natural cork",4503,6,1
H5,450390,Cork; articles of natural cork other than corks and stoppers,4503,6,1
H5,450410,"Cork; blocks, plates, sheets and strip, tiles of any shape, solid cylinders (including discs), of agglomerated cork (with or without a binding substance)",4504,6,1
H5,450490,"Cork; articles of agglomerated cork (with or without a binding substance), n.e.c. in heading no. 4504",4504,6,1
H5,460121,"Plaiting materials, plaits and similar products of plaiting materials; mats, matting and screens, of bamboo",4601,6,1
H5,460122,"Plaiting materials, plaits and similar products of plaiting materials; mats, matting and screens, of rattan",4601,6,1
H5,460129,"Plaiting materials, plaits and similar products of plaiting materials; mats, matting and screens, of vegetable materials other than bamboo or rattan",4601,6,1
H5,460192,"Plaiting materials, plaits and similar products of plaiting materials; (not mats, matting or screens), of bamboo",4601,6,1
H5,460193,"Plaiting materials, plaits and similar products of plaiting materials; (not mats, matting or screens), of rattan",4601,6,1
H5,460194,"Plaiting materials, plaits and similar products of plaiting materials; (not mats, matting or screens), of vegetable materials other than bamboo or rattan",4601,6,1
H5,460199,"Plaiting materials, plaits and similar products of plaiting materials; products of non-vegetable materials",4601,6,1
H5,460211,"Basketwork, wickerwork and other articles; of bamboo, made directly to shape from plaiting materials or made up from goods of heading no. 4601",4602,6,1
H5,460212,"Basketwork, wickerwork and other articles; of rattan, made directly to shape from plaiting materials or made up from goods of heading no. 4601",4602,6,1
H5,460219,"Basketwork, wickerwork and other articles; of vegetable materials (not bamboo or rattan), made directly to shape from plaiting materials or made up from goods of heading no. 4601; articles of loofah",4602,6,1
H5,460290,"Basketwork, wickerwork and other articles; of non-vegetable materials, made directly to shape from plaiting materials or made up from goods of heading no. 4601",4602,6,1
H5,470100,Wood pulp; mechanical wood pulp,4701,6,1
H5,470200,"Wood pulp; chemical wood pulp, dissolving grades",4702,6,1
H5,470311,"Wood pulp; chemical wood pulp, soda or sulphate, (other than dissolving grades), unbleached, of coniferous wood",4703,6,1
H5,470319,"Wood pulp; chemical wood pulp, soda or sulphate, (other than dissolving grades), unbleached, of non-coniferous wood",4703,6,1
H5,470321,"Wood pulp; chemical wood pulp, soda or sulphate, (other than dissolving grades), semi-bleached or bleached, of coniferous wood",4703,6,1
H5,470329,"Wood pulp; chemical wood pulp, soda or sulphate, (other than dissolving grades), semi-bleached or bleached, of non-coniferous wood",4703,6,1
H5,470411,"Wood pulp; chemical wood pulp, sulphite, (other than dissolving grades), unbleached, of coniferous wood",4704,6,1
H5,470419,"Wood pulp; chemical wood pulp, sulphite, (other than dissolving grades), unbleached, of non-coniferous wood",4704,6,1
H5,470421,"Wood pulp; chemical wood pulp, sulphite, (other than dissolving grades), semi-bleached or bleached, of coniferous wood",4704,6,1
H5,470429,"Wood pulp; chemical wood pulp, sulphite, (other than dissolving grades), semi-bleached or bleached, of non-coniferous wood",4704,6,1
H5,470500,Wood pulp; obtained by a combination of mechanical and chemical pulping processes,4705,6,1
H5,470610,Pulp; cotton linters pulp,4706,6,1
H5,470620,Pulp; of fibres derived from recovered (waste and scrap) paper or paperboard,4706,6,1
H5,470630,Pulp; of bamboo,4706,6,1
H5,470691,"Pulp; of fibrous cellulosic material, other than of bamboo or fibres derived from recovered (waste and scrap) paper or paperboard or from cotton linters pulp, mechanical",4706,6,1
H5,470692,"Pulp; of fibrous cellulosic material, other than of bamboo or fibres derived from recovered (waste and scrap) paper or paperboard or from cotton linters pulp, chemical",4706,6,1
H5,470693,"Pulp; of fibrous cellulosic material, other than of bamboo or fibres derived from recovered (waste and scrap) paper or paperboard or from cotton linters pulp, obtained by a combination of mechanical and chemical processes",4706,6,1
H5,470710,"Paper or paperboard; waste and scrap, of unbleached kraft paper or paperboard or corrugated paper or paperboard",4707,6,1
H5,470720,"Paper or paperboard; waste and scrap, paper or paperboard made mainly of bleached chemical pulp, not coloured in the mass",4707,6,1
H5,470730,"Paper or paperboard; waste and scrap, paper or paperboard made mainly of mechanical pulp (e.g. newspapers, journals and similar printed matter)",4707,6,1
H5,470790,"Paper or paperboard; waste and scrap, of paper or paperboard n.e.c. in heading no. 4707 and of unsorted waste and scrap",4707,6,1
H5,480100,"Newsprint; made of fibres obtained essentially by a chemi-mechanical process or of a weight, per m2, of more than 57g but not more than 65g, in rolls or sheets",4801,6,1
H5,480210,Hand-made paper or paperboard,4802,6,1
H5,480220,"Uncoated paper and paperboard (not 4801 or 4803); of a kind used as a base for photo-sensitive, heat-sensitive or electro-sensitive paper or paperboard, in rolls or sheets",4802,6,1
H5,480240,"Uncoated paper and paperboard (not 4801 or 4803); wallpaper base, in rolls or sheets",4802,6,1
H5,480254,"Uncoated paper and paperboard (not 4801 or 4803); printing, writing or graphic, 10% or less by weight of mechanical or chemi-mechanical processed fibre, weighing less than 40g/m2, in rolls or sheets",4802,6,1
H5,480255,"Uncoated paper and paperboard (not 4801 or 4803); printing, writing or graphic, 10% or less by weight of mechanical or chemi-mechanical processed fibre, weighing 40g/m2 to 150g/m2, in rolls",4802,6,1
H5,480256,"Uncoated paper and paperboard (not 4801 or 4803); printing, writing or graphic, 10% or less by weight of mechanical or chemi-mechanical processed fibre, weight 40-150g/m2, in sheets 435mm or less by 297mm or less (unfolded)",4802,6,1
H5,480257,"Uncoated paper and paperboard (not 4801 or 4803); printing, writing or graphic, 10% or less by weight of mechanical or chemi-mechanical processed fibre, weight 40-150g/m2, n.e.c. in item no. 4802.55 or 4802.56",4802,6,1
H5,480258,"Uncoated paper and paperboard (not 4801 or 4803); printing, writing or graphic, 10% or less by weight of mechanical or chemi-mechanical processed fibre, weighing more than 150g/m2",4802,6,1
H5,480261,"Uncoated paper and paperboard (not 4801 or 4803); over 10% by weight of mechanical or chemi-mechanical processed fibre, in rolls",4802,6,1
H5,480262,"Uncoated paper and paperboard (not 4801 or 4803); over 10% by weight of mechanical or chemi-mechanical processed fibre, in sheets 435mm or less by 297mm or less (unfolded)",4802,6,1
H5,480269,"Uncoated paper and paperboard (not 4801 or 4803); over 10% by weight of mechanical or chemi-mechanical processed fibre, other than rolls, other than sheets 435mm or less by 297mm or less (unfolded)",4802,6,1
H5,480300,"Tissue, towel, napkin stock or similar; for household or sanitary use, cellulose, wadding webs of cellulose fibres, in rolls exceeding 36cm in width or rectangular sheets with one side more than 36cm in unfolded state",4803,6,1
H5,480411,"Kraft paper and paperboard; kraftliner, uncoated, unbleached, in rolls or sheets, other than that of heading no. 4802 or 4803",4804,6,1
H5,480419,"Kraft paper and paperboard; kraftliner, uncoated, bleached, in rolls or sheets, other than that of heading no. 4802 or 4803",4804,6,1
H5,480421,"Kraft paper and paperboard; sack kraft paper, uncoated, unbleached, in rolls or sheets, other than that of heading no. 4802 or 4803",4804,6,1
H5,480429,"Kraft paper and paperboard; sack kraft paper, uncoated, bleached, in rolls or sheets, other than that of heading no. 4802 or 4803",4804,6,1
H5,480431,"Kraft paper and paperboard; uncoated, unbleached, weight 150g/m2 or less, in rolls or sheets, other than that of heading no. 4802 or 4803",4804,6,1
H5,480439,"Kraft paper and paperboard; uncoated, bleached, weight 150g/m2 or less, in rolls or sheets, other than that of heading no. 4802 or 4803",4804,6,1
H5,480441,"Kraft paper and paperboard; uncoated, unbleached, weight more than 150g/m2 but less than 225g/m2, in rolls or sheets, other than that of heading no. 4802 or 4803",4804,6,1
H5,480442,"Kraft paper and paperboard; uncoated, weight between 150 and 225g/m2, bleached uniformly throughout, more than 95% of total fibre content consists of chemically processed wood fibres, in rolls or sheets",4804,6,1
H5,480449,"Kraft paper and paperboard; uncoated, weight more than 150g/m2 but less than 225g/m2, in rolls or sheets, n.e.c. in item no. 4804.4, other than that of heading no. 4802 or 4803",4804,6,1
H5,480451,"Kraft paper and paperboard; uncoated, unbleached, weight 225g/m2 or more, in rolls or sheets, other than that of heading no. 4802 or 4803",4804,6,1
H5,480452,"Kraft paper and paperboard; uncoated, weight 225g/m2 or more, bleached uniformly throughout, more than 95% of total fibre content consists of chemically processed wood fibres, in rolls or sheets",4804,6,1
H5,480459,"Kraft paper and paperboard; uncoated, weight 225g/m2 or more, in rolls or sheets, n.e.c. in item no. 4804.5, other than that of heading no. 4802 or 4803",4804,6,1
H5,480511,"Paper and paperboard; uncoated, semi-chemical fluting paper, rolls or sheets",4805,6,1
H5,480512,"Paper and paperboard; uncoated, straw fluting paper, rolls or sheets",4805,6,1
H5,480519,"Paper and paperboard; uncoated, fluting paper other than semi-chemical or straw, rolls or sheets",4805,6,1
H5,480524,"Paper & paperboard; uncoated, testliner (recycled linerboard), weight 150g/m2, or less, in rolls or sheets",4805,6,1
H5,480525,"Paper & paperboard; uncoated, testliner (recycled linerboard), weight over 150g/m2, in rolls or sheets",4805,6,1
H5,480530,"Paper and paperboard; sulphite wrapping paper, uncoated, in rolls or sheets",4805,6,1
H5,480540,"Paper and paperboard; filter paper and paperboard, uncoated, in rolls or sheets",4805,6,1
H5,480550,"Paper and paperboard; felt paper and paperboard, uncoated, in rolls or sheets",4805,6,1
H5,480591,"Paper and paperboard; uncoated, weight 150g/m2 or less, in rolls or sheets, n.e.c. in heading no.4805",4805,6,1
H5,480592,"Paper and paperboard; uncoated, weight more than 150g/m2 but less than 225 g/m2, in rolls or sheets, n.e.c. in heading no. 4805",4805,6,1
H5,480593,"Paper and paperboard; uncoated, weight 225/m2 or more, in rolls or sheets, n.e.c. in heading no. 4805",4805,6,1
H5,480610,"Paper; vegetable parchment, in rolls or sheets",4806,6,1
H5,480620,"Paper; greaseproof papers, in rolls or sheets",4806,6,1
H5,480630,"Paper; tracing papers, in rolls or sheets",4806,6,1
H5,480640,"Paper; glassine and other glazed transparent or translucent papers, in rolls or sheets",4806,6,1
H5,480700,"Paper and paperboard; composite (made by sticking layers together with an adhesive), not surface-coated or impregnated, whether or not internally reinforced, in rolls or sheets",4807,6,1
H5,480810,"Paper and paperboard; corrugated, whether or not perforated, in rolls or sheets, other than paper of heading 4803",4808,6,1
H5,480840,"Paper and paperboard; kraft paper, creped or crinkled, whether or not embossed or perforated, in rolls or sheets, other than paper of heading 4803",4808,6,1
H5,480890,"Paper and paperboard; other than corrugated (with or without glued flat surface sheets) or kraft paper, creped or crinkled, whether or not embossed or perforated, in rolls or sheets, other than paper of heading 4803",4808,6,1
H5,480920,"Paper; self-copy paper, whether or not printed, in rolls or sheets",4809,6,1
H5,480990,"Paper; carbon paper and other copying or transfer papers (including coated or impregnated paper for duplicator stencils or offset plates), whether or not printed, in rolls or sheets",4809,6,1
H5,481013,"Paper and paperboard; coated with kaolin or other inorganic substances, for printing & writing, graphics, containing no, or not more than 10% by weight of total fibres obtained by mechanical or chemi-mechanical process, in rolls",4810,6,1
H5,481014,"Paper and paperboard; coated with kaolin or other inorganic substances, for printing/writing/graphics, having 10% or less by weight of total fibres got mechanical/chemi-mechanical process, sheets, sides 435mm or less by 297mm or less, unfolded,",4810,6,1
H5,481019,"Paper and paperboard; coated with kaolin or other inorganic substances, for printing/writing/graphics, having 10% or less by weight of total fibres got by mechanical/chemi-mechanical process, sides exceeding 435mm and 297mm, unfolded, sheets",4810,6,1
H5,481022,"Paper and paperboard; coated with kaolin or other inorganic substances only, having more than 10% of mechanical or chemi-mechanical processed fibres, for writing, printing or other graphic purposes, light-weight coated paper, in rolls or sheets",4810,6,1
H5,481029,"Paper and paperboard; coated with kaolin or other inorganic substances only, having more than 10% of mechanically processed fibres, (excluding light-weight paper), for writing, printing or other graphic purposes, in rolls or sheets",4810,6,1
H5,481031,"Kraft paper and paperboard; uniformly bleached throughout, coated with inorganic substances, more than 95% of chemically processed wood fibres, weight 150g/m2 or less, for non-graphic purposes, in rolls or sheets",4810,6,1
H5,481032,"Kraft paper and paperboard; uniformly bleached throughout, coated with inorganic substances, more than 95% of chemically processed wood fibres, weight more than 150g/m2, for non-graphic purposes, in rolls or sheets",4810,6,1
H5,481039,"Kraft paper and paperboard; coated with kaolin or other inorganic substances only, for non-graphic purposes, n.e.c. in item no. 4810.31 and 4810.32, in rolls or sheets",4810,6,1
H5,481092,"Paper and paperboard; multi-ply, coated with kaolin or other inorganic substances only, for non-graphic purposes, n.e.c. in heading no. 4810, in rolls or sheets",4810,6,1
H5,481099,"Paper and paperboard; coated with inorganic substances only, whether or not surface-coloured, surface-decorated or printed, n.e.c. in heading no. 4810, in rolls or sheets",4810,6,1
H5,481110,"Paper and paperboard; tarred, bituminised or asphalted, in rolls or sheets, other than goods of heading no. 4803, 4809, or 4810",4811,6,1
H5,481141,"Paper and paperboard; self-adhesive, in rolls or sheets, other than goods of heading no. 4803, 4809, or 4810",4811,6,1
H5,481149,"Paper and paperboard; gummed or adhesive paper and paperboard (excluding self-adhesive), in rolls or sheets, other than goods of heading no. 4803, 4809, or 4810",4811,6,1
H5,481151,"Paper and paperboard; coated, impregnated or covered with plastics (excluding adhesives), bleached, weighing more than 150g/m2, other than goods of heading no. 4803, 4809, or 4810",4811,6,1
H5,481159,"Paper and paperboard; coated, impregnated or covered with plastics (excluding adhesives), other than bleached and weighing more than 150g/m2, other than goods of heading no. 4803, 4809, or 4810",4811,6,1
H5,481160,"Paper and paperboard; coated or impregnated with wax, paraffin wax, stearin, oil or glycerol, other than goods of heading no. 4803, 4809, or 4810",4811,6,1
H5,481190,"Paper, paperboard, cellulose wadding and webs of soft cellulose fibres; coated, impregnated, covered, surface-decorated or surface-coloured, n.e.c. in heading no. 4811, in rolls or sheets",4811,6,1
H5,481200,"Paper pulp; filter blocks, slabs and plates of paper pulp",4812,6,1
H5,481310,"Paper, cigarette; in the form of booklets or tubes",4813,6,1
H5,481320,"Paper, cigarette; in rolls of a width not exceeding 5cm",4813,6,1
H5,481390,"Paper, cigarette; (other than in rolls of a width not exceeding 5cm, or in booklets or tubes)",4813,6,1
H5,481420,"Wallpaper and similar wall coverings; coated or covered on the face side, with a grained, embossed, coloured, design-printed or otherwise decorated layer of plastics",4814,6,1
H5,481490,Wallpaper and similar wall coverings and window transparencies of paper; n.e.c. in heading 4814,4814,6,1
H5,481620,"Paper; self-copy paper (other than those of heading no. 4809), whether or not put up in boxes",4816,6,1
H5,481690,"Paper; carbon paper and other copying or transfer papers (other than those of heading no. 4809), n.e.c. in item no. 4816.20",4816,6,1
H5,481710,Paper and paperboard; envelopes,4817,6,1
H5,481720,"Paper and paperboard; letter cards, plain postcards and correspondence cards",4817,6,1
H5,481730,"Paper and paperboard; boxes, pouches, wallets and writing compendiums containing an assortment of paper stationery",4817,6,1
H5,481810,Paper articles; toilet paper,4818,6,1
H5,481820,"Paper articles; handkerchiefs, cleansing or facial tissues and towels",4818,6,1
H5,481830,"Paper articles; tablecloths and serviettes, of paper, cellulose wadding or fibres",4818,6,1
H5,481850,"Paper articles; apparel and clothing accessories of paper, cellulose wadding or fibres",4818,6,1
H5,481890,"Paper articles; articles of paper, cellulose wadding or fibres, n.e.c. in heading no. 4818",4818,6,1
H5,481910,"Paper and paperboard; cartons, boxes and cases, of corrugated paper or paperboard",4819,6,1
H5,481920,"Paper and paperboard; folding cartons, boxes and cases, of non-corrugated paper or paperboard",4819,6,1
H5,481930,"Paper and paperboard; sacks and bags of paper, paperboard, cellulose wadding or fibres, having a base of a width of 40cm or more",4819,6,1
H5,481940,"Paper and paperboard; sacks and bags, including cones, of paper, paperboard, cellulose wadding or fibres, having a base width less than 40cm",4819,6,1
H5,481950,"Paper and paperboard; packing containers, including record sleeves, of paper, paperboard, cellulose wadding or fibres, n.e.c. in heading no. 4819",4819,6,1
H5,481960,"Paper and paperboard; box files, letter trays, storage boxes and similar articles, used in offices, shops or the like of paper, paperboard, cellulose wadding or webs of cellulose fibres",4819,6,1
H5,482010,"Paper and paperboard; registers, account books, note books, order books, receipt books, letter pads, memorandum pads, diaries and similar articles",4820,6,1
H5,482020,Paper and paperboard; exercise books,4820,6,1
H5,482030,"Paper and paperboard; binders, folders and file covers",4820,6,1
H5,482040,Paper and paperboard; manifold business forms and interleaved carbon sets,4820,6,1
H5,482050,Paper and paperboard; albums for samples or for collections,4820,6,1
H5,482090,Paper or paperboard; stationery n.e.c. in heading no. 4820,4820,6,1
H5,482110,"Paper and paperboard; labels or all kinds, printed",4821,6,1
H5,482190,"Paper and paperboard; labels of all kinds, unprinted",4821,6,1
H5,482210,"Paper pulp, paper or paperboard; bobbins, spools, cops and similar supports, of a kind used for winding textile yarn (whether or not perforated or hardened)",4822,6,1
H5,482290,"Paper pulp, paper or paperboard; bobbins, spools, cops and similar supports, other than of a kind used for winding textile yarn (whether or not perforated or hardened)",4822,6,1
H5,482320,Paper and paperboard; filter paper and paperboard,4823,6,1
H5,482340,"Paper and paperboard; rolls, sheets and dials, printed for self-recording apparatus",4823,6,1
H5,482361,"Paper and paperboard; trays, dishes, plates, cups and the like, of bamboo paper or paperboard",4823,6,1
H5,482369,"Paper and paperboard; trays, dishes, plates, cups and the like, of paper or paperboard other than of bamboo",4823,6,1
H5,482370,Paper pulp; moulded or pressed articles or paper pulp,4823,6,1
H5,482390,"Paper pulp, paper, paperboard, cellulose wadding or webs of cellulose fibres; articles n.e.c. in heading no. 4823",4823,6,1
H5,490110,"Printed matter; in single sheets, whether or not folded",4901,6,1
H5,490191,"Printed matter; dictionaries, encyclopaedias and serial instalments thereof",4901,6,1
H5,490199,"Printed matter; books, brochures, leaflets and similar printed matter n.e.c. in item no. 4901.10 or 4901.91",4901,6,1
H5,490210,"Newspapers, journals and periodicals; whether or not illustrated or containing advertising material, appearing at least four times a week",4902,6,1
H5,490290,"Newspapers, journals and periodicals; whether or not illustrated or containing advertising material, appearing less frequently than four times a week",4902,6,1
H5,490300,"Printed matter; children's picture, drawing or colouring books",4903,6,1
H5,490400,"Music; printed or in manuscript, whether or not bound or illustrated",4904,6,1
H5,490510,Globes; printed,4905,6,1
H5,490591,"Maps and hydrographic or similar charts; printed in book form, including atlases, topographical plans and similar",4905,6,1
H5,490599,"Maps and hydrographic or similar charts; (printed other than in book form), including wall maps, topographical plans and similar",4905,6,1
H5,490600,"Plans and drawings; for architectural, engineering, industrial, commercial, topographical or similar, being originals drawn by hand; hand-written texts; photo- graphic reproductions; their carbon copies",4906,6,1
H5,490700,"Unused postage, revenue or similar stamps of current or new issue in the country in which they have, or will have, a recognised face value; stamp-impressed paper; cheque forms; banknotes, stock, share or bond certificates and the like of similar title",4907,6,1
H5,490810,"Printed matter; transfers (decalcomanias), vitrifiable",4908,6,1
H5,490890,"Printed matter; transfers (decalcomanias), other than vitrifiable",4908,6,1
H5,490900,"Printed or illustrated postcards; printed cards bearing personal greetings, messages or announcements, whether or not illustrated, with or without envelopes or trimmings",4909,6,1
H5,491000,"Calendars; printed, of any kind, including calendar blocks",4910,6,1
H5,491110,"Printed matter; trade advertising material, commercial catalogues and the like",4911,6,1
H5,491191,"Printed matter; pictures, designs and photographs, n.e.c. in item no. 4911.10",4911,6,1
H5,491199,Printed matter; n.e.c. in heading no. 4911,4911,6,1
H5,500100,Silk; silk-worm cocoons suitable for reeling,5001,6,1
H5,500200,Silk; raw silk (not thrown),5002,6,1
H5,500300,"Silk waste (including cocoons unsuitable for reeling, yarn waste and garnetted stock)",5003,6,1
H5,500400,"Silk; yarn (other than yarn spun from silk waste), not put up for retail sale",5004,6,1
H5,500500,"Silk; yarn spun from silk waste, not put up for retail sale",5005,6,1
H5,500600,"Silk yarn and yarn spun from silk waste; put up for retail sale, and silk-worm gut",5006,6,1
H5,500710,Silk; woven fabrics of noil silk,5007,6,1
H5,500720,"Silk; woven fabrics, containing 85% or more by weight of silk or of silk waste other than noil silk",5007,6,1
H5,500790,Silk; woven fabrics n.e.c. in heading no. 5007,5007,6,1
H5,510111,"Wool; (not carded or combed), greasy (including fleece-washed wool), shorn",5101,6,1
H5,510119,"Wool; (other than shorn), greasy (including fleece-washed wool), not carded or combed",5101,6,1
H5,510121,"Wool; (not carded or combed), degreased, (not carbonised), shorn",5101,6,1
H5,510129,"Wool; (not carded or combed), degreased, (not carbonised), (other than shorn)",5101,6,1
H5,510130,"Wool; (not carded or combed), carbonised",5101,6,1
H5,510211,"Hair; fine animal hair, not carded or combed, of kashmir (cashmere) goats",5102,6,1
H5,510219,"Hair; fine animal hair, not carded or combed, other than of kashmir (cashmere) goats",5102,6,1
H5,510220,"Hair; coarse animal hair, not carded or combed",5102,6,1
H5,510310,"Wool and hair; noils of wool or of fine animal hair, including yarn waste, but excluding garnetted stock",5103,6,1
H5,510320,"Wool and hair; waste of wool or of fine animal hair, including yarn waste, but excluding garnetted stock and noils of wool or of fine animal hair",5103,6,1
H5,510330,"Wool and hair; waste of coarse animal hair, including yarn waste, but excluding garnetted stock",5103,6,1
H5,510400,Wool and hair; garnetted stock of wool or of fine or coarse animal hair,5104,6,1
H5,510510,Wool; carded,5105,6,1
H5,510521,"Wool; wool tops and other combed wool, in fragments",5105,6,1
H5,510529,"Wool; wool tops and other combed wool, other than in fragments",5105,6,1
H5,510531,"Hair; fine animal hair, carded or combed, of kashmir (cashmere) goats",5105,6,1
H5,510539,"Hair; fine animal hair, carded or combed, other than of kashmir (cashmere) goats",5105,6,1
H5,510540,"Hair; coarse animal hair, carded or combed",5105,6,1
H5,510610,"Yarn; of carded wool, containing 85% or more by weight of wool, not put up for retail sale",5106,6,1
H5,510620,"Yarn; of carded wool, containing less than 85% by weight of wool, not put up for retail sale",5106,6,1
H5,510710,"Yarn; of combed wool, containing 85% or more by weight of wool, not put up for retail sale",5107,6,1
H5,510720,"Yarn; of combed wool, containing less than 85% by weight of wool, not put up for retail sale",5107,6,1
H5,510810,"Yarn; of fine animal hair, carded, not put up for retail sale",5108,6,1
H5,510820,"Yarn; of fine animal hair, combed, not put up for retail sale",5108,6,1
H5,510910,"Yarn; of wool or of fine animal hair, containing 85% or more by weight of wool or fine animal hair, put up for retail sale",5109,6,1
H5,510990,"Yarn; of wool or of fine animal hair, containing less than 85% by weight of wool or fine animal hair, put up for retail sale",5109,6,1
H5,511000,"Yarn; of coarse animal hair or of horsehair (including gimped horsehair yarn), whether or not put up for retail sale",5110,6,1
H5,511111,"Fabrics, woven; of carded wool or of carded fine animal hair, containing 85% or more by weight of wool or of fine animal hair, of a weight not exceeding 300g/m2",5111,6,1
H5,511119,"Fabrics, woven; of carded wool or of carded fine animal hair, containing 85% or more by weight of wool or of fine animal hair, of a weight exceeding 300g/m2",5111,6,1
H5,511120,"Fabrics, woven; of carded wool or carded fine animal hair, containing less than 85% by weight of wool or fine animal hair, mixed mainly or solely with man-made filaments",5111,6,1
H5,511130,"Fabrics, woven; of carded wool or carded fine animal hair, containing less than 85% by weight of wool or fine animal hair, mixed mainly or solely with man-made staple fibres",5111,6,1
H5,511190,"Fabrics, woven; of carded wool or carded fine animal hair, containing less than 85% by weight of wool or fine animal hair, mixed mainly or solely with fibres n.e.c. in heading no. 5111",5111,6,1
H5,511211,"Fabrics, woven; of combed wool or combed fine animal hair, containing 85% or more by weight of wool or fine animal hair, of a weight not exceeding 200g/m2",5112,6,1
H5,511219,"Fabrics, woven; of combed wool or combed fine animal hair, containing 85% or more by weight of wool or fine animal hair, of a weight exceeding 200g/m2",5112,6,1
H5,511220,"Fabrics, woven; of combed wool or combed fine animal hair, containing less than 85% by weight of wool or fine animal hair, mixed mainly or solely with man-made filaments",5112,6,1
H5,511230,"Fabrics, woven; of combed wool or combed fine animal hair, containing less than 85% by weight of wool or fine animal hair, mixed mainly or solely with man-made staple fibres",5112,6,1
H5,511290,"Fabrics, woven; of combed wool or combed fine animal hair, containing less than 85% by weight of wool or fine animal hair, mixed mainly or solely with fibres n.e.c. in heading no. 5112",5112,6,1
H5,511300,"Fabrics, woven; of coarse animal hair or of horsehair",5113,6,1
H5,520100,Cotton; not carded or combed,5201,6,1
H5,520210,Cotton; yarn waste (including thread waste),5202,6,1
H5,520291,Cotton; garnetted stock waste,5202,6,1
H5,520299,Cotton; waste other than garnetted stock and yarn (including thread) waste,5202,6,1
H5,520300,Cotton; carded or combed,5203,6,1
H5,520411,"Cotton; sewing thread, containing 85% or more by weight of cotton, not put up for retail sale",5204,6,1
H5,520419,"Cotton; sewing thread, containing less than 85% by weight of cotton, not put up for retail sale",5204,6,1
H5,520420,"Cotton; sewing thread, put up for retail sale",5204,6,1
H5,520511,"Cotton yarn; (not sewing thread), single, of uncombed fibres, 85% or more by weight of cotton, measuring 714.29 decitex or more, (not exceeding 14 metric number), not for retail sale",5205,6,1
H5,520512,"Cotton yarn; (not sewing thread), single, of uncombed fibres, 85% or more by weight of cotton, less than 714.29 but not less than 232.56 decitex (exceeding 14 but not exceeding 43 metric number), not for retail sale",5205,6,1
H5,520513,"Cotton yarn; (not sewing thread), single, of uncombed fibres, 85% or more by weight of cotton, less than 232.56 but not less than 192.31 decitex (exceeding 43 but not exceeding 52 metric number), not for retail sale",5205,6,1
H5,520514,"Cotton yarn; (not sewing thread), single, of uncombed fibres, 85% or more by weight of cotton, less than 192.31 but not less than 125 decitex (exceeding 52 but not exceeding 80 metric number), not for retail sale",5205,6,1
H5,520515,"Cotton yarn; (not sewing thread), single, of uncombed fibres, 85% or more by weight of cotton, measuring less than 125 decitex (exceeding 80 metric number), not for retail sale",5205,6,1
H5,520521,"Cotton yarn; (not sewing thread), single, of combed fibres, 85% or more by weight of cotton, measuring 714.29 decitex or more, (not exceeding 14 metric number), not for retail sale",5205,6,1
H5,520522,"Cotton yarn; (not sewing thread), single, of combed fibres, 85% or more by weight of cotton, less than 714.29 but not less than 232.56 decitex (exceeding 14 but not exceeding 43 metric number), not for retail sale",5205,6,1
H5,520523,"Cotton yarn; (not sewing thread), single, of combed fibres, 85% or more by weight of cotton, less than 232.56 but not less than 192.31 decitex (exceeding 43 but not exceeding 52 metric number), not for retail sale",5205,6,1
H5,520524,"Cotton yarn; (not sewing thread), single, of combed fibres, 85% or more by weight of cotton, less than 192.31 but not less than 125 decitex (exceeding 52 but not exceeding 80 metric number), not for retail sale",5205,6,1
H5,520526,"Cotton yarn; (not sewing thread), single, of combed fibres, 85% or more by weight of cotton, less than 125 but not less than 106.38 decitex (over 80 but not over 94 metric number), not for retail sale",5205,6,1
H5,520527,"Cotton yarn; (not sewing thread), single, of combed fibres, 85% or more by weight of cotton, less than 106.38 but not less than 83.33 decitex (over 94 but not over 120 metric number), not for retail sale",5205,6,1
H5,520528,"Cotton yarn; (not sewing thread), single, of combed fibres, 85% or more by weight of cotton, measuring less than 83.33 decitex (exceeding 120 metric number), not for retail sale",5205,6,1
H5,520531,"Cotton yarn; (not sewing thread), multiple or cabled, of uncombed fibres, 85% or more by weight of cotton, 714.29 decitex or more (not exceeding 14 metric number) per single yarn, not for retail sale",5205,6,1
H5,520532,"Cotton yarn; (not sewing thread), multiple or cabled, of uncombed fibres, 85% or more by weight of cotton, 714.28 to 232.56 decitex (15 to 43 metric number) per single yarn, not for retail sale",5205,6,1
H5,520533,"Cotton yarn; (not sewing thread), multiple or cabled, of uncombed fibres, 85% or more by weight of cotton, 232.55 to 192.31 decitex (44 to 52 metric number) per single yarn, not for retail sale",5205,6,1
H5,520534,"Cotton yarn; (not sewing thread), multiple or cabled, of uncombed fibres, 85% or more by weight of cotton, 192.30 to 125 decitex (53 to 80 metric number) per single yarn, not for retail sale",5205,6,1
H5,520535,"Cotton yarn; (not sewing thread), multiple or cabled, of uncombed fibres, 85% or more by weight of cotton, less than 125 decitex (exceeding 80 metric number), per single yarn, not for retail sale",5205,6,1
H5,520541,"Cotton yarn; (not sewing thread), multiple or cabled, of combed fibres, 85% or more by weight of cotton, 714.29 decitex or more (not exceeding 14 metric number) per single yarn, not for retail sale",5205,6,1
H5,520542,"Cotton yarn; (not sewing thread), multiple or cabled, of combed fibres, 85% or more by weight of cotton, 714.28 to 232.56 decitex (15 to 43 metric number) per single yarn, not for retail sale",5205,6,1
H5,520543,"Cotton yarn; (not sewing thread), multiple or cabled, of combed fibres, 85% or more by weight of cotton, 232.55 to 192.31 decitex (44 to 52 metric number) per single yarn, not for retail sale",5205,6,1
H5,520544,"Cotton yarn; (not sewing thread), multiple or cabled, of combed fibres, 85% or more by weight of cotton, 192.30 to 125 decitex (53 to 80 metric number) per single yarn, not for retail sale",5205,6,1
H5,520546,"Cotton yarn; (not sewing thread), multiple or cabled, of combed fibres, 85% or more by weight of cotton, 124 to 106.38 decitex (81 to 94 metric number) per single yarn, not for retail sale",5205,6,1
H5,520547,"Cotton yarn; (not sewing thread), multiple or cabled, of combed fibres, 85% or more by weight of cotton, 106.37 to 83.33 decitex (95 to 120 metric number) per single yarn, not for retail sale",5205,6,1
H5,520548,"Cotton yarn; (not sewing thread), multiple or cabled, of combed fibres, 85% or more by weight of cotton, less than 83.33 decitex (exceeding 120 metric number) per single yarn, not for retail sale",5205,6,1
H5,520611,"Cotton yarn; (not sewing thread), single, of uncombed fibres, less than 85% by weight of cotton, measuring 714.29 decitex or more (not exceeding 14 metric number), not for retail sale",5206,6,1
H5,520612,"Cotton yarn; (not sewing thread), single, of uncombed fibres, less than 85% by weight of cotton, less than 714.29 but not less than 232.56 decitex (exceeding 14 but not exceeding 43 metric number), not for retail sale",5206,6,1
H5,520613,"Cotton yarn; (not sewing thread), single, of uncombed fibres, less than 85% by weight of cotton, less than 232.56 but not less than 192.31 decitex (exceeding 43 but not exceeding 52 metric number), not for retail sale",5206,6,1
H5,520614,"Cotton yarn; (not sewing thread), single, of uncombed fibres, less than 85% by weight of cotton, less than 192.31 but not less than 125 decitex (exceeding 52 but not exceeding 80 metric number), not for retail sale",5206,6,1
H5,520615,"Cotton yarn; (not sewing thread), single, of uncombed fibres, less than 85% by weight of cotton, measuring less than 125 decitex (exceeding 80 metric number), not for retail sale",5206,6,1
H5,520621,"Cotton yarn; (not sewing thread), single, of combed fibres, less than 85% by weight of cotton, measuring 714.29 decitex or more, (not exceeding 14 metric number), not for retail sale",5206,6,1
H5,520622,"Cotton yarn; (not sewing thread), single, of combed fibres, less than 85% by weight of cotton, less than 714.29 but not less than 232.56 decitex (exceeding 14 but not exceeding 43 metric number), not for retail sale",5206,6,1
H5,520623,"Cotton yarn; (not sewing thread), single, of combed fibres, less than 85% by weight of cotton, less than 232.56 but not less than 192.31 decitex (exceeding 43 but not exceeding 52 metric number), not for retail sale",5206,6,1
H5,520624,"Cotton yarn; (not sewing thread), single, of combed fibres, less than 85% by weight of cotton, less than 192.31 but not less than 125 decitex (exceeding 52 but not exceeding 80 metric number), not for retail sale",5206,6,1
H5,520625,"Cotton yarn; (not sewing thread), single, of combed fibres, less than 85% by weight of cotton, measuring less than 125 decitex (exceeding 80 metric number), not for retail sale",5206,6,1
H5,520631,"Cotton yarn; (not sewing thread), multiple or cabled, of uncombed fibres, less than 85% by weight of cotton, 714.29 decitex or more (not exceeding 14 metric number) per single yarn, not for retail sale",5206,6,1
H5,520632,"Cotton yarn; (not sewing thread), multiple or cabled, of uncombed fibres, less than 85% by weight of cotton, 714.28 to 232.56 decitex (15 to 43 metric number) per single yarn, not for retail sale",5206,6,1
H5,520633,"Cotton yarn; (not sewing thread), multiple or cabled, of uncombed fibres, less than 85% by weight of cotton, 232.55 to 192.31 decitex (44 to 52 metric number) per single yarn, not for retail sale",5206,6,1
H5,520634,"Cotton yarn; (not sewing thread), multiple or cabled, of uncombed fibres, less than 85% by weight of cotton, 192.30 to 125 decitex (53 to 80 metric number) per single yarn, not for retail sale",5206,6,1
H5,520635,"Cotton yarn; (not sewing thread), multiple or cabled, of uncombed fibres, less than 85% by weight of cotton, less than 125 decitex (exceeding 80 metric number) per single yarn, not for retail sale",5206,6,1
H5,520641,"Cotton yarn; (not sewing thread), multiple or cabled, of combed fibres, less than 85% by weight of cotton, 714.29 decitex or more (not exceeding 14 metric number) per single yarn, not for retail sale",5206,6,1
H5,520642,"Cotton yarn; (not sewing thread), multiple or cabled, of combed fibres, less than 85% by weight of cotton, 714.28 to 232.56 decitex (15 to 43 metric number) per single yarn, not for retail sale",5206,6,1
H5,520643,"Cotton yarn; (not sewing thread), multiple or cabled, of combed fibres, less than 85% by weight of cotton, 232.55 to 192.31 decitex (44 to 52 metric number) per single yarn, not for retail sale",5206,6,1
H5,520644,"Cotton yarn; (not sewing thread), multiple or cabled, of combed fibres, less than 85% by weight of cotton, 192.30 to 125 decitex (53 to 80 metric number) per single yarn, not for retail sale",5206,6,1
H5,520645,"Cotton yarn; (not sewing thread), multiple or cabled, of combed fibres, less than 85% by weight of cotton, less than 125 decitex (exceeding 80 metric number) per single yarn, not for retail sale",5206,6,1
H5,520710,"Cotton yarn; (not sewing thread), containing 85% or more by weight of cotton, put up for retail sale",5207,6,1
H5,520790,"Cotton yarn; (not sewing thread), containing less than 85% by weight of cotton, put up for retail sale",5207,6,1
H5,520811,"Fabrics, woven; containing 85% or more by weight of cotton, unbleached, plain weave, weighing not more than 100g/m2",5208,6,1
H5,520812,"Fabrics, woven; containing 85% or more by weight of cotton, unbleached, plain weave, weighing more than 100g/m2 but not more than 200g/m2",5208,6,1
H5,520813,"Fabrics, woven; containing 85% or more by weight of cotton, unbleached, 3-thread or 4-thread twill, including cross twill, weighing not more than 200g/m2",5208,6,1
H5,520819,"Fabrics, woven; containing 85% or more by weight of cotton, unbleached, of weaves n.e.c. in item no. 5208.1, weighing not more than 200g/m2",5208,6,1
H5,520821,"Fabrics, woven; containing 85% or more by weight of cotton, bleached, plain weave, weighing not more than 100g/m2",5208,6,1
H5,520822,"Fabrics, woven; containing 85% or more by weight of cotton, bleached, plain weave, weighing more than 100g/m2 but not more than 200g/m2",5208,6,1
H5,520823,"Fabrics, woven; containing 85% or more by weight of cotton, bleached, 3-thread or 4-thread twill, including cross twill, weighing not more than 200g/m2",5208,6,1
H5,520829,"Fabrics, woven; containing 85% or more by weight of cotton, bleached, of weaves n.e.c. in item no. 5208.2, weighing not more than 200g/m2",5208,6,1
H5,520831,"Fabrics, woven; containing 85% or more by weight of cotton, dyed, plain weave, weighing not more than 100g/m2",5208,6,1
H5,520832,"Fabrics, woven; containing 85% or more by weight of cotton, dyed, plain weave, weighing more than 100g/m2 but not more than 200g/m2",5208,6,1
H5,520833,"Fabrics, woven; containing 85% or more by weight of cotton, dyed, 3-thread or 4-thread twill, including cross twill, weighing not more than 200g/m2",5208,6,1
H5,520839,"Fabrics, woven; containing 85% or more by weight of cotton, dyed, of weaves n.e.c. in item no. 5208.3 weighing not more than 200g/m2",5208,6,1
H5,520841,"Fabrics, woven; containing 85% or more by weight of cotton, of yarns of different colours, plain weave, weighing not more than 100g/m2",5208,6,1
H5,520842,"Fabrics, woven; containing 85% or more by weight of cotton, of yarns of different colours, weighing more than 100g/m2 but not more than 200g/m2",5208,6,1
H5,520843,"Fabrics, woven; containing 85% or more by weight of cotton, of yarns of different colours, 3-thread or 4-thread twill, including cross twill, weighing not more than 200g/m2",5208,6,1
H5,520849,"Fabrics, woven; containing 85% or more by weight of cotton, of yarns of different colours, of weaves n.e.c. in item no. 5208.4, weighing not more than 200g/m2",5208,6,1
H5,520851,"Fabrics, woven; containing 85% or more by weight of cotton, printed, plain weave, weighing not more than 100g/m2",5208,6,1
H5,520852,"Fabrics, woven; containing 85% or more by weight of cotton, printed, plain weave, weighing more than 100g/m2 but not more than 200g/m2",5208,6,1
H5,520859,"Fabrics, woven; containing 85% or more by weight of cotton, printed, of weaves n.e.c. in item no. 5208.5, weighing not more than 200g/m2",5208,6,1
H5,520911,"Fabrics, woven; containing 85% or more by weight of cotton, unbleached, plain weave, weighing more than 200g/m2",5209,6,1
H5,520912,"Fabrics, woven; containing 85% or more by weight of cotton, unbleached, 3-thread or 4-thread twill, including cross twill, weighing more than 200g/m2",5209,6,1
H5,520919,"Fabrics, woven; containing 85% or more by weight of cotton, unbleached, of weaves n.e.c. in item no. 5209.1, weighing more than 200g/m2",5209,6,1
H5,520921,"Fabrics, woven; containing 85% or more by weight of cotton, bleached, plain weave, weighing more than 200g/m2",5209,6,1
H5,520922,"Fabrics, woven; containing 85% or more by weight of cotton, bleached, 3-thread or 4-thread twill, including cross twill, weighing more than 200g/m2",5209,6,1
H5,520929,"Fabrics, woven; containing 85% or more by weight of cotton, bleached, of weaves n.e.c. in item no. 5209.2, weighing more than 200g/m2",5209,6,1
H5,520931,"Fabrics, woven; containing 85% or more by weight of cotton, dyed, plain weave, weighing more than 200g/m2",5209,6,1
H5,520932,"Fabrics, woven; containing 85% or more by weight of cotton, dyed, 3-thread or 4-thread twill, including cross twill, weighing more than 200g/m2",5209,6,1
H5,520939,"Fabrics, woven; containing 85% or more by weight of cotton, dyed, of weaves n.e.c. in item no. 5209.3, weighing more than 200g/m2",5209,6,1
H5,520941,"Fabrics, woven; containing 85% or more by weight of cotton, of yarns of different colours, plain weave, weighing more than 200g/m2",5209,6,1
H5,520942,"Fabrics, woven; containing 85% or more by weight of cotton, of yarns of different colours, weighing more than 200g/m2, denim",5209,6,1
H5,520943,"Fabrics, woven; containing 85% or more by weight of cotton, of yarns of different colours, 3-thread or 4-thread twill, including cross twill, weighing more than 200g/m2",5209,6,1
H5,520949,"Fabrics, woven; containing 85% or more by weight of cotton, of yarns of different colours, of weaves n.e.c. in item no. 5209.4, weighing more than 200g/m2",5209,6,1
H5,520951,"Fabrics, woven; containing 85% or more by weight of cotton, printed, plain weave, weighing more than 200g/m2",5209,6,1
H5,520952,"Fabrics, woven; containing 85% or more by weight of cotton, printed, 3-thread or 4-thread twill, including cross twill, weighing more than 200g/m2",5209,6,1
H5,520959,"Fabrics, woven; containing 85% or more by weight of cotton, printed, of weaves n.e.c. in item no. 5209.5, weighing more than 200g/m2",5209,6,1
H5,521011,"Fabrics, woven; containing less than 85% by weight of cotton, mixed mainly or solely with man-made fibres, unbleached, plain weave, weighing 200g/m2 or less",5210,6,1
H5,521019,"Fabrics, woven; containing less than 85% by weight of cotton, mixed mainly or solely with man-made fibres, unbleached, of weaves n.e.c. in item no. 5210.1, weighing 200g/m2 or less",5210,6,1
H5,521021,"Fabrics, woven; containing less than 85% by weight of cotton, mixed mainly or solely with man-made fibres, bleached, plain weave, weighing 200g/m2 or less",5210,6,1
H5,521029,"Fabrics, woven; containing less than 85% by weight of cotton, mixed mainly or solely with man-made fibres, weighing 200g/m2 or less, bleached, of weaves n.e.c. in item no. 5210.2",5210,6,1
H5,521031,"Fabrics, woven; containing less than 85% by weight of cotton, mixed mainly or solely with man-made fibres, weighing 200g/m2 or less, dyed, plain weave",5210,6,1
H5,521032,"Fabrics, woven; containing less than 85% by weight of cotton, mixed mainly or solely with man-made fibres, weighing 200g/m2 or less, dyed, 3-thread or 4-thread twill, including cross twill",5210,6,1
H5,521039,"Fabrics, woven; containing less than 85% by weight of cotton, mixed mainly or solely with man-made fibres, weighing 200g/m2 or less, dyed, of weaves n.e.c. in item no. 5210.3",5210,6,1
H5,521041,"Fabrics, woven; containing less than 85% by weight of cotton, mixed mainly or solely with man-made fibres, weighing 200g/m2 or less, of yarns of different colours, plain weave",5210,6,1
H5,521049,"Fabrics, woven; containing less than 85% by weight of cotton, mixed mainly or solely with man-made fibres, weighing 200g/m2 or less, of yarns of different colours, of weaves n.e.c. in item no. 5210.4",5210,6,1
H5,521051,"Fabrics, woven; containing less than 85% by weight of cotton, mixed mainly or solely with man-made fibres, weighing 200g/m2 or less, printed, plain weave",5210,6,1
H5,521059,"Fabrics, woven; containing less than 85% by weight of cotton, mixed mainly or solely with man-made fibres, weighing 200g/m2 or less, printed, of weaves n.e.c. in item no. 5210.5",5210,6,1
H5,521111,"Fabrics, woven; containing less than 85% by weight of cotton, mixed mainly or solely with man-made fibres, unbleached, plain weave, weighing more than 200g/m2",5211,6,1
H5,521112,"Fabrics, woven; containing less than 85% by weight of cotton, mixed mainly or solely with man-made fibres, unbleached, 3- or 4-thread twill, including cross twill, weighing more than 200g/m2",5211,6,1
H5,521119,"Fabrics, woven; containing less than 85% by weight of cotton, mixed mainly or solely with man-made fibres, unbleached, of weaves n.e.c. in item no. 5211.1, weighing more than 200g/m2",5211,6,1
H5,521120,"Fabrics, woven; containing less than 85% by weight of cotton, mixed mainly or solely with man-made fibres, weighing more than 200g/m2, bleached",5211,6,1
H5,521131,"Fabrics, woven; containing less than 85% by weight of cotton, mixed mainly or solely with man-made fibres, weighing more than 200g/m2, dyed, plain weave",5211,6,1
H5,521132,"Fabrics, woven; containing less than 85% by weight of cotton, mixed mainly or solely with man-made fibres, weighing more than 200g/m2, dyed, 3-thread or 4-thread twill, including cross twill",5211,6,1
H5,521139,"Fabrics, woven; containing less than 85% by weight of cotton, mixed mainly or solely with man-made fibres, weighing more than 200g/m2, dyed, of weaves n.e.c. in item no. 5211.3",5211,6,1
H5,521141,"Fabrics, woven; containing less than 85% by weight of cotton, mixed mainly or solely with man-made fibres, weighing more than 200g/m2, of yarns of different colours, plain weave",5211,6,1
H5,521142,"Fabrics, woven; containing less than 85% by weight of cotton, mixed mainly or solely with man-made fibres, weighing more than 200g/m2, of yarns of different colours, denim",5211,6,1
H5,521143,"Fabrics, woven; containing less than 85% by weight of cotton, mixed mainly or solely with man-made fibres, weighing more than 200g/m2, of yarns of different colours, 3-thread or 4-thread twill, including cross twill",5211,6,1
H5,521149,"Fabrics, woven; containing less than 85% by weight of cotton, mixed mainly or solely with man-made fibres, weighing more than 200g/m2, of yarns of different colours, of weaves n.e.c. in item no. 5211.4",5211,6,1
H5,521151,"Fabrics, woven; containing less than 85% by weight of cotton, mixed mainly or solely with man-made fibres, weighing more than 200g/m2, printed, plain weave",5211,6,1
H5,521152,"Fabrics, woven; containing less than 85% by weight of cotton, mixed mainly or solely with man-made fibres, weighing more than 200g/m2, printed, 3-thread or 4-thread twill, including cross twill",5211,6,1
H5,521159,"Fabrics, woven; containing less than 85% by weight of cotton, mixed mainly or solely with man-made fibres, weighing more than 200g/m2, printed, of weaves n.e.c. in item no. 5211.5",5211,6,1
H5,521211,"Fabrics, woven; of cotton, unbleached, weighing not more than 200g/m2, n.e.c. in chapter 52",5212,6,1
H5,521212,"Fabrics, woven; of cotton, bleached, weighing not more than 200g/m2, n.e.c. in chapter 52",5212,6,1
H5,521213,"Fabrics, woven; of cotton, dyed, weighing not more than 200g/m2, n.e.c. in chapter 52",5212,6,1
H5,521214,"Fabrics, woven; of cotton, of yarns of different colours, weighing not more than 200g/m2, n.e.c. in chapter 52",5212,6,1
H5,521215,"Fabrics, woven; of cotton, printed, weighing not more than 200g/m2, n.e.c. in chapter 52",5212,6,1
H5,521221,"Fabrics, woven; of cotton, unbleached, weighing more than 200g/m2, n.e.c. in chapter 52",5212,6,1
H5,521222,"Fabrics, woven; of cotton, bleached, weighing more than 200g/m2, n.e.c. in chapter 52",5212,6,1
H5,521223,"Fabrics, woven; of cotton, dyed, weighing more than 200g/m2, n.e.c. in chapter 52",5212,6,1
H5,521224,"Fabrics, woven; of cotton, of yarns of different colours, weighing more than 200g/m2, n.e.c. in chapter 52",5212,6,1
H5,521225,"Fabrics, woven; of cotton, printed, weighing more than 200g/m2, n.e.c. in chapter 52",5212,6,1
H5,530110,"Flax; raw or retted, but not spun",5301,6,1
H5,530121,"Flax; broken or scutched, but not spun",5301,6,1
H5,530129,"Flax; hackled or otherwise processed, but not spun",5301,6,1
H5,530130,"Flax; tow and waste, including yarn waste and garnetted stock",5301,6,1
H5,530210,"Hemp (cannabis sativa L.); raw or retted, but not spun",5302,6,1
H5,530290,"Hemp (cannabis sativa L.); processed (other than retted) (but not spun), true hemp tow and waste (including yarn waste and garnetted stock)",5302,6,1
H5,530310,"Jute and other textile bast fibres; raw or retted, but not spun, (excluding flax, hemp (cannabis sativa L.), and ramie)",5303,6,1
H5,530390,"Jute and other textile bast fibres; processed but not spun, tow and waste of these fibres, including yarn waste and garnetted stock (excluding flax, hemp (cannabis sativa L.), and ramie)",5303,6,1
H5,530500,"Coconut, abaca (Manila hemp or Musa textilis Nee), ramie and other vegetable textile fibres n.e.c., raw or processed but not spun; tow, noils and waste of these fibres (including yarn waste and garnetted stock)",5305,6,1
H5,530610,"Yarn; of flax, single",5306,6,1
H5,530620,"Yarn; of flax, multiple (folded) or cabled",5306,6,1
H5,530710,"Yarn; of jute or of other textile bast fibres, single",5307,6,1
H5,530720,"Yarn; of jute or of other textile bast fibres, multiple (folded) or cabled",5307,6,1
H5,530810,Yarn; of coir,5308,6,1
H5,530820,Yarn; of hemp (cannabis sativa L.),5308,6,1
H5,530890,"Yarn; of vegetable textile fibres n.e.c. in heading no. 5306, 5307 and 5308",5308,6,1
H5,530911,"Fabrics, woven; of flax, containing 85% or more flax, unbleached or bleached",5309,6,1
H5,530919,"Fabrics, woven; of flax, containing 85% or more flax, other than bleached or unbleached",5309,6,1
H5,530921,"Fabrics, woven; of flax, containing less than 85% flax, unbleached or bleached",5309,6,1
H5,530929,"Fabrics, woven; of flax, containing less than 85% flax, other than unbleached or bleached",5309,6,1
H5,531010,"Fabrics, woven; of jute or of other textile bast fibres of heading no. 5303, unbleached",5310,6,1
H5,531090,"Fabrics, woven; of jute or of other textile bast fibres of heading no. 5303, other than unbleached",5310,6,1
H5,531100,"Fabrics, woven; of vegetable textile fibres n.e.c. in heading no. 5309 and 5310, woven fabrics of paper yarn",5311,6,1
H5,540110,"Sewing thread; of synthetic filaments, whether or not put up for retail sale",5401,6,1
H5,540120,"Sewing thread; of artificial filaments, whether or not put up for retail sale",5401,6,1
H5,540211,"Yarn, synthetic; filament, monofilament (less than 67 decitex), of high tenacity yarn of nylon or other polyamides, textured or not; of aramids, not for retail sale, not sewing thread",5402,6,1
H5,540219,"Yarn, synthetic; filament, monofilament (less than 67 decitex), of high tenacity nylon or other polyamides, textured or not; other than aramids, not for retail sale, not sewing thread",5402,6,1
H5,540220,"Yarn, synthetic; filament, monofilament (less than 67 decitex), of high tenacity yarn of polyesters, whether or not textured, not for retail sale, not sewing thread",5402,6,1
H5,540231,"Yarn, synthetic; filament, monofilament (less than 67 decitex), textured, of nylon or other polyamides, measuring per single yarn not more than 50 decitex, not for retail sale, not sewing thread",5402,6,1
H5,540232,"Yarn, synthetic; filament, monofilament (less than 67 decitex), textured, of nylon or other polyamides, measuring per single yarn more than 50 decitex, not for retail sale, not sewing thread",5402,6,1
H5,540233,"Yarn, synthetic; filament, monofilament (less than 67 decitex), textured, of polyesters, not for retail sale, not sewing thread",5402,6,1
H5,540234,"Yarn, synthetic; filament, monofilament (less than 67 decitex), textured, of polypropylene, not for retail sale, not sewing thread",5402,6,1
H5,540239,"Yarn, synthetic; filament, monofilament (less than 67 decitex), textured, other than of nylon or other polymides, polyesters, or polypropylene, not for retail sale, not sewing thread",5402,6,1
H5,540244,"Yarn, synthetic; filament, monofilament (less than 67 decitex), other than high tenacity or textured yarn, elastomeric, single, untwisted or twisted 50 turns or less per metre, not for retail sale, not sewing thread",5402,6,1
H5,540245,"Yarn, synthetic; filament, monofilament (less than 67 decitex), of nylon or other polymides (not high tenacity or textured), single, untwisted or twisted 50 turns or less per metre, not for retail sale, not sewing thread",5402,6,1
H5,540246,"Yarn, synthetic; filament, monofilament (less than 67 decitex), of polyesters (not high tenacity or textured), partially oriented, single, untwisted or twisted 50 turns or less per metre, not for retail sale, not sewing thread",5402,6,1
H5,540247,"Yarn, synthetic; filament, monofilament (less than 67 decitex), polyesters (not high tenacity or textured), not partially oriented, single, untwisted or twisted 50 turns or less per metre, not for retail sale, not sewing thread",5402,6,1
H5,540248,"Yarn, synthetic; filament, monofilament (less than 67 decitex), of polypropylene (not high tenacity or textured), single, untwisted or twisted 50 turns or less per metre, not for retail sale, not sewing thread",5402,6,1
H5,540249,"Yarn, synthetic; filament, monofilament (less than 67 decitex), other than high tenacity or textured yarn, single, untwisted or twisted 50 turns or less per metre, n.e.c. in heading no. 5402, not for retail sale, not sewing thread",5402,6,1
H5,540251,"Yarn, synthetic; filament, monofilament (less than 67 decitex), of nylon or other polymides (not high tenacity or textured), single, twisted more than 50 turns per metre, not for retail sale, not sewing thread",5402,6,1
H5,540252,"Yarn, synthetic; filament, monofilament (less than 67 decitex), of polyesters (not high tenacity or textured), single, twisted more than 50 turns per metre, not for retail sale, not sewing thread",5402,6,1
H5,540253,"Yarn, synthetic; filament, monofilament (less than 67 decitex), of polypropylene (not high tenacity or textured), single, twisted more than 50 turns per metre, not for retail sale, not sewing thread",5402,6,1
H5,540259,"Yarn, synthetic; filament, monofilament (less than 67 decitex), other than high tenacity or textured yarn, single, twisted more than 50 turns per metre, n.e.c. in heading no. 5402, not for retail sale, not sewing thread",5402,6,1
H5,540261,"Yarn, synthetic; filament, monofilament (less than 67 decitex), of nylon or other polymides (not high tenacity or textured), multiple (folded) or cabled, not for retail sale, not sewing thread",5402,6,1
H5,540262,"Yarn, synthetic; filament, monofilament (less than 67 decitex), of polyesters (not high tenacity or textured), multiple (folded) or cabled, not for retail sale, not sewing thread",5402,6,1
H5,540263,"Yarn, synthetic; filament, monofilament (less than 67 decitex), of polypropylene, other than high tenacity or textured yarn, multiple (folded) or cabled, not for retail sale, not sewing thread",5402,6,1
H5,540269,"Yarn, synthetic; filament, monofilament (less than 67 decitex), other than high tenacity or textured yarn, multiple (folded) or cabled, n.e.c. in heading no. 5402, not for retail sale, not sewing thread",5402,6,1
H5,540310,"Yarn, artificial; filament, monofilament (less than 67 decitex), of high tenacity viscose rayon, not for retail sale, not sewing thread",5403,6,1
H5,540331,"Yarn, artificial; filament, monofilament (less than 67 decitex), of viscose rayon (not high tenacity), single, untwisted or twisted 120 turns per metre or less, not for retail sale, not sewing thread",5403,6,1
H5,540332,"Yarn, artificial; filament, monofilament (less than 67 decitex), of viscose rayon (not high tenacity), single, twisted more than 120 turns per metre, not for retail sale, not sewing thread",5403,6,1
H5,540333,"Yarn, artificial; filament, monofilament (less than 67 decitex), of cellulose acetate, single, not for retail sale, not sewing thread",5403,6,1
H5,540339,"Yarn, artificial; filament, monofilament (less than 67 decitex), single, n.e.c. in heading no. 5403, not for retail sale, not sewing thread",5403,6,1
H5,540341,"Yarn, artificial; filament, monofilament (less than 67 decitex), of viscose rayon (not high tenacity), multiple (folded) or cabled, not for retail sale, not sewing thread",5403,6,1
H5,540342,"Yarn, artificial; filament, monofilament (less than 67 decitex), of cellulose acetate, multiple (folded) or cabled, not for retail sale, not sewing thread",5403,6,1
H5,540349,"Yarn, artificial; filament, monofilament (less than 67 decitex), multiple (folded) or cabled, n.e.c. in heading no. 5403, not for retail sale, not sewing thread",5403,6,1
H5,540411,Elastomeric monofilament; of 67 decitex or more and of which no cross-sectional dimension exceeds 1mm,5404,6,1
H5,540412,Monofilament of polypropylene; of 67 decitex or more and of which no cross-sectional dimension exceeds 1mm,5404,6,1
H5,540419,Monofilament n.e.c. in heading no 5404; of 67 decitex or more and of which no cross-sectional dimension exceeds 1mm,5404,6,1
H5,540490,"Filament, synthetic; strip and the like (e.g.. artificial straw), of synthetic textile materials of an apparent width not exceeding 5mm",5404,6,1
H5,540500,"Monofilament, synthetic; of 67 decitex or more and of which no cross-sectional dimension exceeds 1mm, strip and the like (e.g. artificial straw), of synthetic textile materials with width not over 5mm",5405,6,1
H5,540600,"Man-made filament yarn (other than sewing thread), put up for retail sale",5406,6,1
H5,540710,"Fabrics, woven; from high tenacity yarn, of nylon, other polyamides or of polyesters",5407,6,1
H5,540720,"Fabrics, woven; from strip or the like, of synthetic textile materials",5407,6,1
H5,540730,"Fabrics, woven; from synthetic filament yarn, adhesive or thermal bonded",5407,6,1
H5,540741,"Fabrics, woven; containing 85% or more by weight of filaments of nylon or other polyamides, unbleached or bleached",5407,6,1
H5,540742,"Fabrics, woven; containing 85% or more by weight of filaments of nylon or other polyamides, dyed",5407,6,1
H5,540743,"Fabrics, woven; containing 85% or more by weight of filaments of nylon or other polyamides, of yarns of different colours",5407,6,1
H5,540744,"Fabrics, woven; containing 85% or more by weight of filaments of nylon or other polyamides, printed",5407,6,1
H5,540751,"Fabrics, woven; containing 85% or more by weight of textured polyester filaments, unbleached or bleached",5407,6,1
H5,540752,"Fabrics, woven; containing 85% or more by weight of textured polyester filaments, dyed",5407,6,1
H5,540753,"Fabrics, woven; containing 85% or more by weight of textured polyester filaments, of yarns of different colours",5407,6,1
H5,540754,"Fabrics, woven; containing 85% or more by weight of textured polyester filaments, printed",5407,6,1
H5,540761,"Fabrics, woven; containing 85% or more by weight of non-textured polyester filaments",5407,6,1
H5,540769,"Fabrics, woven; containing less than 85% by weight of non-textured polyester filaments",5407,6,1
H5,540771,"Fabrics, woven; containing 85% or more by weight of synthetic filaments (excluding nylon or other polyamides and polyesters), unbleached or bleached",5407,6,1
H5,540772,"Fabrics, woven; containing 85% or more by weight of synthetic filaments (excluding nylon or other polyamides and polyesters), dyed",5407,6,1
H5,540773,"Fabrics, woven; containing 85% or more by weight of synthetic filaments (excluding nylon or other polyamides and polyesters), of yarns of different colours",5407,6,1
H5,540774,"Fabrics, woven; containing 85% or more by weight of synthetic filaments (excluding nylon or other polyamides and polyesters), printed",5407,6,1
H5,540781,"Fabrics, woven; of synthetic filament yarn, containing less than 85% by weight of synthetic filaments, mixed mainly or solely with cotton, bleached or unbleached",5407,6,1
H5,540782,"Fabrics, woven; of synthetic filament yarn, containing less than 85% by weight of synthetic filaments, mixed mainly or solely with cotton, dyed",5407,6,1
H5,540783,"Fabrics, woven; of synthetic filament yarn, containing less than 85% by weight of synthetic filaments, mixed mainly or solely with cotton, of yarns of different colours",5407,6,1
H5,540784,"Fabrics, woven; of synthetic filament yarn, containing less than 85% by weight of synthetic filaments, printed",5407,6,1
H5,540791,"Fabrics, woven; of synthetic filament yarn, bleached or unbleached, n.e.c. in heading no. 5407",5407,6,1
H5,540792,"Fabrics, woven; of synthetic filament yarn, dyed, n.e.c. in heading 5407",5407,6,1
H5,540793,"Fabrics, woven; of synthetic filament yarn, of yarns of different colours, n.e.c. in heading no. 5407",5407,6,1
H5,540794,"Fabrics, woven; of synthetic filament yarn, printed, n.e.c. in heading no. 5407",5407,6,1
H5,540810,"Fabrics, woven; of viscose rayon, high tenacity, artificial filament yarn",5408,6,1
H5,540821,"Fabrics, woven; of artificial filament yarn, containing 85% or more by weight of artificial filament, strip or the like, bleached or unbleached",5408,6,1
H5,540822,"Fabrics, woven; of artificial filament yarn, containing 85% or more by weight of artificial filament, strip or the like, dyed",5408,6,1
H5,540823,"Fabrics, woven; containing 85% or more by weight of artificial filament, strip or the like, of yarns of different colours",5408,6,1
H5,540824,"Fabrics, woven; of artificial filament yarn, containing 85% or more by weight of artificial filament, strip or the like, printed",5408,6,1
H5,540831,"Fabrics, woven; of artificial filament yarn, of artificial monofilament, strip and the like, n.e.c. in heading no. 5408, unbleached or bleached",5408,6,1
H5,540832,"Fabrics, woven; of artificial filament yarn, of artificial monofilament, strip and the like, n.e.c. in heading no. 5408, dyed",5408,6,1
H5,540833,"Fabrics, woven; of artificial filament yarn, of artificial monofilament, strip and the like, n.e.c. in heading no. 5408, of yarns of different colours",5408,6,1
H5,540834,"Fabrics, woven; of artificial filament yarn, of artificial monofilament, strip and the like, n.e.c. in heading no. 5408, printed",5408,6,1
H5,550110,"Fibres; synthetic filament tow, of nylon or other polyamides",5501,6,1
H5,550120,"Fibres; synthetic filament tow, of polyesters",5501,6,1
H5,550130,"Fibres; synthetic filament tow, acrylic or modacrylic",5501,6,1
H5,550140,"Fibres; synthetic filament tow, of polypropylene",5501,6,1
H5,550190,"Fibres; synthetic filament tow, of synthetic materials n.e.c. in heading no. 5501",5501,6,1
H5,550210,Fibres; artificial filament tow of cellulose acetate,5502,6,1
H5,550290,"Fibres; artificial filament tow, other than cellulose acetate",5502,6,1
H5,550311,"Fibres; synthetic staple fibres, of aramids, not carded, combed or otherwise processed for spinning",5503,6,1
H5,550319,"Fibres; synthetic staple fibres, of nylon or other polyamides other than aramids, not carded, combed or otherwise processed for spinning",5503,6,1
H5,550320,"Fibres; synthetic staple fibres, of polyesters, not carded, combed or otherwise processed for spinning",5503,6,1
H5,550330,"Fibres; synthetic staple fibres, acrylic or modacrylic, not carded, combed or otherwise processed for spinning",5503,6,1
H5,550340,"Fibres; synthetic staple fibres, of polypropylene, not carded, combed or otherwise processed for spinning",5503,6,1
H5,550390,"Fibres; synthetic staple fibres, of synthetic materials n.e.c. in heading no. 5503, not carded, combed or otherwise processed for spinning",5503,6,1
H5,550410,"Fibres; artificial staple fibres, of viscose, not carded, combed or otherwise processed for spinning",5504,6,1
H5,550490,"Fibres; artificial staple fibres, other than of viscose, not carded, combed or otherwise processed for spinning",5504,6,1
H5,550510,"Fibres; waste (including noils, yarn waste and garnetted stock), of synthetic fibres",5505,6,1
H5,550520,"Fibres; waste (including noils, yarn waste and garnetted stock), of artificial fibres",5505,6,1
H5,550610,"Fibres; synthetic staple fibres, of nylon or other polyamides, carded, combed or otherwise processed for spinning",5506,6,1
H5,550620,"Fibres; synthetic staple fibres, of polyesters, carded, combed or otherwise processed for spinning",5506,6,1
H5,550630,"Fibres; synthetic staple fibres, acrylic or modacrylic, carded, combed or otherwise processed for spinning",5506,6,1
H5,550640,"Fibres; synthetic staple fibres, of polypropylene, carded, combed or otherwise processed for spinning",5506,6,1
H5,550690,"Fibres; synthetic staple fibres, n.e.c. in heading no. 5506, carded, combed or otherwise processed for spinning",5506,6,1
H5,550700,"Fibres; artificial staple fibres, carded, combed or otherwise processed for spinning",5507,6,1
H5,550810,"Sewing thread; of synthetic staple fibres, whether or not put up for retail sale",5508,6,1
H5,550820,"Sewing thread; of artificial staple fibres, whether or not put up for retail sale",5508,6,1
H5,550911,"Yarn; (not sewing thread), single, of synthetic staple fibres, containing 85% or more by weight of nylon or other polyamides, not put up for retail sale",5509,6,1
H5,550912,"Yarn; (not sewing thread), multiple (folded) or cabled yarn, of synthetic staple fibres, containing 85% or more by weight of nylon or other polyamides, not put up for retail sale",5509,6,1
H5,550921,"Yarn; (not sewing thread), single, of synthetic staple fibres, containing 85% or more by weight of polyester, not put up for retail sale",5509,6,1
H5,550922,"Yarn; (not sewing thread), multiple (folded) or cabled yarn, of synthetic staple fibres, containing 85% or more by weight of polyester, not put up for retail sale",5509,6,1
H5,550931,"Yarn; (not sewing thread), single, of synthetic staple fibres, containing 85% or more by weight of acrylic or modacrylic, not put up for retail sale",5509,6,1
H5,550932,"Yarn; (not sewing thread), multiple (folded) or cabled, of synthetic staple fibres, containing 85% or more by weight of acrylic or modacrylic, not put up for retail sale",5509,6,1
H5,550941,"Yarn; (not sewing thread), single, containing 85% or more by weight of synthetic staple fibres, n.e.c. in heading no. 5509, not put up for retail sale",5509,6,1
H5,550942,"Yarn; (not sewing thread), multiple (folded) or cabled yarn, containing 85% or more by weight of synthetic staple fibres, n.e.c. in heading no. 5509, not put up for retail sale",5509,6,1
H5,550951,"Yarn; (not sewing thread), of polyester staple fibres, mixed mainly or solely with artificial staple fibres, not put up for retail sale",5509,6,1
H5,550952,"Yarn; (not sewing thread), of polyester staple fibres, mixed mainly or solely with wool or fine animal hair, not put up for retail sale",5509,6,1
H5,550953,"Yarn; (not sewing thread), of polyester staple fibres, mixed mainly or solely with cotton, not put up for retail sale",5509,6,1
H5,550959,"Yarn; (not sewing thread), of polyester staple fibres, mixed mainly or solely with fibres n.e.c. in item no. 5509.5, not put up for retail sale",5509,6,1
H5,550961,"Yarn; (not sewing thread), of acrylic or modacrylic staple fibres, mixed mainly or solely with wool or fine animal hair, not put up for retail sale",5509,6,1
H5,550962,"Yarn; (not sewing thread), of acrylic or modacrylic staple fibres, mixed mainly or solely with cotton, not put up for retail sale",5509,6,1
H5,550969,"Yarn; (not sewing thread), of acrylic or modacrylic staple fibres, mixed mainly or solely with fibres n.e.c. in item no. 5509.6, not put up for retail sale",5509,6,1
H5,550991,"Yarn; (not sewing thread), of synthetic staple fibres, mixed mainly or solely with wool or fine animal hair, n.e.c. in heading no. 5509, not put up for retail sale",5509,6,1
H5,550992,"Yarn; (not sewing thread), of synthetic staple fibres, mixed mainly or solely with cotton, n.e.c. in heading no. 5509, not put up for retail sale",5509,6,1
H5,550999,"Yarn; (not sewing thread), of synthetic staple fibres, mixed mainly or solely with fibres (other than wool, fine animal hair or cotton), n.e.c. in heading no. 5509, not put up for retail sale",5509,6,1
H5,551011,"Yarn; (not sewing thread), single, of artificial staple fibres, containing 85% or more by weight of artificial staple fibres, not put up for retail sale",5510,6,1
H5,551012,"Yarn; (not sewing thread), multiple (folded) or cabled yarn, of artificial staple fibres, containing 85% or more by weight of artificial staple fibres, not put up for retail sale",5510,6,1
H5,551020,"Yarn; (not sewing thread), of artificial staple fibres, mixed mainly or solely with wool or fine animal hair, not put up for retail sale",5510,6,1
H5,551030,"Yarn; (not sewing thread), of artificial staple fibres, mixed mainly or solely with cotton, not put up for retail sale",5510,6,1
H5,551090,"Yarn; (not sewing thread), of artificial staple fibres, mixed mainly or solely with fibres (other than wool, fine animal hair or cotton), not put up for retail sale",5510,6,1
H5,551110,"Yarn; (not sewing thread), of synthetic staple fibres, containing 85% or more by weight of synthetic staple fibres, put up for retail sale",5511,6,1
H5,551120,"Yarn; (not sewing thread), of synthetic staple fibres, containing less than 85% by weight of synthetic staple fibres, put up for retail sale",5511,6,1
H5,551130,"Yarn; (not sewing thread), of artificial staple fibres, put up for retail sale",5511,6,1
H5,551211,"Fabrics, woven; of synthetic staple fibres, containing 85% or more by weight of polyester staple fibres, unbleached or bleached",5512,6,1
H5,551219,"Fabrics, woven; of synthetic staple fibres, containing 85% or more by weight of polyester staple fibres, other than unbleached or bleached",5512,6,1
H5,551221,"Fabrics, woven; of synthetic staple fibres, containing 85% or more by weight of acrylic or modacrylic staple fibres, unbleached or bleached",5512,6,1
H5,551229,"Fabrics, woven; of synthetic staple fibres, containing 85% or more by weight of acrylic or modacrylic staple fibres, other than unbleached or bleached",5512,6,1
H5,551291,"Fabrics, woven; of synthetic staple fibres, containing 85% or more by weight of such fibres n.e.c. in heading no. 5512, unbleached or bleached",5512,6,1
H5,551299,"Fabrics, woven; of synthetic staple fibres, containing 85% or more by weight of such fibres n.e.c. in heading no. 5512, other than unbleached or bleached",5512,6,1
H5,551311,"Fabrics, woven; plain weave, of polyester staple fibres, containing less than 85% by weight of such fibres, mixed mainly or solely with cotton, of a weight not exceeding 170g/m2, unbleached or bleached",5513,6,1
H5,551312,"Fabrics, woven; 3-thread or 4-thread twill, of polyester staple fibres, containing less than 85% by weight of such, mixed mainly or solely with cotton, not exceeding 170g/m2, unbleached or bleached",5513,6,1
H5,551313,"Fabrics, woven; of polyester staple fibres, containing less than 85% by weight of such fibres, mixed mainly or solely with cotton, not exceeding 170g/m2, unbleached or bleached",5513,6,1
H5,551319,"Fabrics, woven; containing less than 85% by weight of synthetic staple fibres (other than polyesters), mixed mainly or solely with cotton, not exceeding 170g/m2, unbleached or bleached",5513,6,1
H5,551321,"Fabrics, woven; plain weave, dyed, containing less than 85% by weight of polyester staple fibres, mixed mainly or solely with cotton, not exceeding 170g/m2",5513,6,1
H5,551323,"Fabrics, woven; dyed, containing less than 85% by weight of polyester staple fibres, mixed mainly or solely with cotton, not exceeding 170g/m2",5513,6,1
H5,551329,"Fabrics, woven; dyed, containing less than 85% by weight of synthetic staple fibres (other than polyesters), mixed mainly or solely with cotton, not exceeding 170g/m2",5513,6,1
H5,551331,"Fabrics, woven; plain weave, of yarns of different colours, containing less than 85% by weight of polyester staple fibres, mixed mainly or solely with cotton, not exceeding 170g/m2",5513,6,1
H5,551339,"Fabrics, woven; of yarns of different colours, containing less than 85% of synthetic staple fibres (other than polyester, plain weave), mixed mainly or solely with cotton, not exceeding 170g/m2",5513,6,1
H5,551341,"Fabrics, woven; plain weave, printed, of polyester staple fibres, containing less than 85% by weight of such fibres, mixed mainly or solely with cotton, not exceeding 170g/m2",5513,6,1
H5,551349,"Fabrics, woven; printed, containing less than 85% by weight of synthetic staple fibres (other than polyester, plain weave), mixed mainly or solely with cotton, not exceeding 170g/m2",5513,6,1
H5,551411,"Fabrics, woven; plain weave, unbleached or bleached, containing less than 85% by weight of polyester staple fibres, mixed mainly or solely with cotton, exceeding 170g/m2",5514,6,1
H5,551412,"Fabrics, woven; 3- or 4-thread twill, including cross twill, unbleached or bleached, containing less than 85% by weight of polyester staple fibres, mixed mainly or solely with cotton, over 170g/m2",5514,6,1
H5,551419,"Fabrics, woven; unbleached or bleached, containing less than 85% by weight of synthetic staple fibres n.e.c. in item no. 55.14.1, mixed mainly or solely with cotton, exceeding 170g/m2",5514,6,1
H5,551421,"Fabrics, woven; plain weave, dyed, containing less than 85% by weight of polyester staple fibres, mixed mainly or solely with cotton, exceeding 170g/m2",5514,6,1
H5,551422,"Fabrics, woven; 3- or 4-thread twill, including cross twill, dyed, containing less than 85% by weight of polyester staple fibres, mixed mainly or solely with cotton, exceeding 170g/m2",5514,6,1
H5,551423,"Fabrics, woven; dyed, containing less than 85% by weight of polyester staple fibres, mixed mainly or solely with cotton, exceeding 170g/m2, n.e.c. in heading no. 5514",5514,6,1
H5,551429,"Fabrics, woven; dyed, containing less than 85% by weight of synthetic staple fibres (other than polyesters), mixed mainly or solely with cotton, exceeding 170g/m2",5514,6,1
H5,551430,"Fabrics, woven; of yarns of different colours, containing less than 85% by weight of synthetic staple fibres, mixed mainly or solely with cotton, exceeding 170g/m2",5514,6,1
H5,551441,"Fabrics, woven; plain weave, printed, containing less than 85% by weight of polyester staple fibres, mixed mainly or solely with cotton, exceeding 170g/m2",5514,6,1
H5,551442,"Fabrics, woven; 3- or 4-thread twill, including cross twill, printed, containing less than 85% by weight of polyester staple fibres, mixed mainly or solely with cotton, exceeding 170g/m2",5514,6,1
H5,551443,"Fabrics, woven; printed, containing less than 85% by weight of polyester staple fibres, mixed mainly or solely with cotton, weight exceeding 170g/m2, n.e.c. in heading no. 5514",5514,6,1
H5,551449,"Fabrics, woven; printed, containing less than 85% by weight of synthetic staple fibres (other than polyesters), mixed mainly or solely with cotton, exceeding 170g/m2",5514,6,1
H5,551511,"Fabrics, woven; of polyester staple fibres n.e.c. in chapter 55, mixed mainly or solely with viscose rayon staple fibres",5515,6,1
H5,551512,"Fabrics, woven; of polyester staple fibres n.e.c. in chapter 55, mixed mainly or solely with man-made filaments",5515,6,1
H5,551513,"Fabrics, woven; of polyester staple fibres n.e.c. in chapter 55, mixed mainly or solely with wool or fine animal hair",5515,6,1
H5,551519,"Fabrics, woven; of polyester staple fibres n.e.c. in chapter 55, mixed mainly or solely with fibres n.e.c. in item no. 5515.1",5515,6,1
H5,551521,"Fabrics, woven; of acrylic or modacrylic staple fibres n.e.c. in chapter 55, mixed mainly or solely with man-made filaments",5515,6,1
H5,551522,"Fabrics, woven; of acrylic or modacrylic staple fibres n.e.c. in chapter 55, mixed mainly or solely with wool or fine animal hair",5515,6,1
H5,551529,"Fabrics, woven; of acrylic or modacrylic staple fibres n.e.c. in chapter 55, mixed mainly or solely with fibres n.e.c. in item no. 5515.2",5515,6,1
H5,551591,"Fabrics, woven; of synthetic staple fibres n.e.c. in chapter 55, mixed mainly or solely with man-made filaments",5515,6,1
H5,551599,"Fabrics, woven; of synthetic staple fibres n.e.c. in chapter 55, mixed mainly or solely with fibres n.e.c. in heading no. 5515",5515,6,1
H5,551611,"Fabrics, woven; unbleached or bleached, containing 85% or more by weight of artificial staple fibres",5516,6,1
H5,551612,"Fabrics, woven; dyed, containing 85% or more by weight of artificial staple fibres",5516,6,1
H5,551613,"Fabrics, woven; of yarns of different colours, containing 85% or more by weight of artificial staple fibres",5516,6,1
H5,551614,"Fabrics, woven; printed, containing 85% or more by weight of artificial staple fibres",5516,6,1
H5,551621,"Fabrics, woven; unbleached or bleached, containing less than 85% by weight of artificial staple fibres, mixed mainly or solely with manmade filaments",5516,6,1
H5,551622,"Fabrics, woven; dyed, containing less than 85% by weight of artificial staple fibres, mixed mainly or solely with man-made filaments",5516,6,1
H5,551623,"Fabrics, woven; of yarns of different colours, containing less than 85% by weight of artificial staple fibres, mixed mainly or solely with man-made filaments",5516,6,1
H5,551624,"Fabrics, woven; printed, containing less than 85% by weight of artificial staple fibres, mixed mainly or solely with man-made filaments",5516,6,1
H5,551631,"Fabrics, woven; unbleached or bleached, containing less than 85% by weight of artificial staple fibres, mixed mainly or solely with wool or fine animal hair",5516,6,1
H5,551632,"Fabrics, woven; dyed, containing less than 85% by weight of artificial staple fibres, mixed mainly or solely with wool or fine animal hair",5516,6,1
H5,551633,"Fabrics, woven; of yarns of different colours, containing less than 85% by weight of artificial staple fibres, mixed mainly or solely with wool or fine animal hair",5516,6,1
H5,551634,"Fabrics, woven; printed, containing less than 85% by weight of artificial staple fibres, mixed mainly or solely with wool or fine animal hair",5516,6,1
H5,551641,"Fabrics, woven; unbleached or bleached, containing less than 85% by weight of artificial staple fibres, mixed mainly or solely with cotton",5516,6,1
H5,551642,"Fabrics, woven; dyed, containing less than 85% by weight of artificial staple fibres, mixed mainly or solely with cotton",5516,6,1
H5,551643,"Fabrics, woven; of yarns of different colours, containing less than 85% by weight of artificial staple fibres, mixed mainly or solely with cotton",5516,6,1
H5,551644,"Fabrics, woven; printed, containing less than 85% by weight of artificial staple fibres, mixed mainly or solely with cotton",5516,6,1
H5,551691,"Fabrics, woven; unbleached or bleached, of artificial staple fibres, n.e.c. in heading no. 5516",5516,6,1
H5,551692,"Fabrics, woven; dyed, of artificial staple fibres, n.e.c. in heading no. 5516",5516,6,1
H5,551693,"Fabrics, woven; of yarns of different colours, of artificial staple fibres, n.e.c. in heading no. 5516",5516,6,1
H5,551694,"Fabrics, woven; printed, of artificial staple fibres, n.e.c. in heading no. 5516",5516,6,1
H5,560121,"Wadding; other articles thereof, of cotton",5601,6,1
H5,560122,"Wadding; other articles thereof, of man-made fibres",5601,6,1
H5,560129,"Wadding; other articles thereof, other than of cotton or man-made fibres",5601,6,1
H5,560130,Wadding; textile flock and dust and mill neps,5601,6,1
H5,560210,"Felt; needleloom felt and stitch-bonded fibre fabrics, whether or not impregnated, coated, covered or laminated",5602,6,1
H5,560221,"Felt; of wool or fine animal hair (excluding needleloom felt or stitch-bonded fibre fabrics), not impregnated, coated, covered nor laminated",5602,6,1
H5,560229,"Felt; of textile materials other than wool or fine animal hair (excluding needleloom felt and stitch-bonded fibre fabrics), not impregnated, coated, covered or laminated",5602,6,1
H5,560290,"Felt; impregnated, coated, covered or laminated (excluding needleloom felt and stitch-bonded fibre fabrics)",5602,6,1
H5,560311,"Nonwovens; whether or not impregnated, coated, covered or laminated, of man-made filaments, (weighing not more than 25g/m2)",5603,6,1
H5,560312,"Nonwovens; whether or not impregnated, coated, covered or laminated, of man-made filaments, (weighing more than 25g/m2 but not more than 70g/m2)",5603,6,1
H5,560313,"Nonwovens; whether or not impregnated, coated, covered or laminated, of man-made filaments, (weighing more than 70g/m2 but not more than 150g/m2)",5603,6,1
H5,560314,"Nonwovens; whether or not impregnated, coated, covered or laminated, of man-made filaments, (weighing more than 150g/m2)",5603,6,1
H5,560391,"Nonwovens; whether or not impregnated, coated, covered or laminated, not of man-made filaments, (weighing not more than 25g/m2)",5603,6,1
H5,560392,"Nonwovens; whether or not impregnated, coated, covered or laminated, not of man-made filaments, (weighing more than 25g/m2 but not more than 70g/m2)",5603,6,1
H5,560393,"Nonwovens; whether or not impregnated, coated, covered or laminated, not of man-made filaments, (weighing more than 70g/m2 but not more than 150g/m2)",5603,6,1
H5,560394,"Nonwovens; whether or not impregnated, coated, covered or laminated, not of man-made filaments, (weighing more than 150g/m2)",5603,6,1
H5,560410,Rubber thread and cord; textile covered,5604,6,1
H5,560490,"Yarn; textile yarn, strip, and the like of heading no. 5404 or 5405, impregnated, coated, covered, or sheathed with rubber or plastics, n.e.c. in heading no. 5604",5604,6,1
H5,560500,"Yarn; metallised, whether or not gimped, of textile yarn, or strip or the like of heading no. 5404 or 5405, combined with metal in the form of thread, strip or powder or covered with metal",5605,6,1
H5,560600,"Yarn and strip and the like of heading no. 5404 or 5405; gimped, (other than those of heading no. 5406 and gimped horsehair yarn); chenille yarn (including flock chenille yarn); loop wale-yarn",5606,6,1
H5,560721,"Twine; binder or baler twine, of sisal or other textile fibres of the genus agave",5607,6,1
H5,560729,"Twine, cordage, ropes, cables; of sisal or other textile fibres of the genus agave (excluding binder or baler twine), whether or not plaited, braided or rubber or plastic impregnated, coated, covered or sheathed",5607,6,1
H5,560741,"Twine; binder or baler twine, of polyethylene or polypropylene",5607,6,1
H5,560749,"Twine, cordage, ropes, cables; of polyethylene or polypropylene (excluding binder or baler twine), whether or not plaited, braided or rubber or plastic impregnated, coated, covered or sheathed",5607,6,1
H5,560750,"Twine, cordage, ropes, cables; of synthetic fibres other than polyethylene or polypropylene, whether or not plaited, braided or impregnated, coated, covered or sheathed with rubber or plastics",5607,6,1
H5,560790,"Twine, cordage, ropes, cables; of materials n.e.c. in heading no. 5607, whether or not plaited, braided or impregnated, coated, covered, or sheathed with rubber or plastics",5607,6,1
H5,560811,"Twine, cordage or rope; fishing nets, made up, of man made textile materials",5608,6,1
H5,560819,"Twine, cordage or rope; knotted netting, for other than fishing, of man-made textile materials",5608,6,1
H5,560890,"Twine, cordage or rope; knotted netting, of other than man-made textiles",5608,6,1
H5,560900,"Yarn; articles of yarn, strip or the like of heading no. 5404 and 5405, twine, cordage, rope or cables n.e.c. or included",5609,6,1
H5,570110,"Carpets and other textile floor coverings; knotted, of wool or fine animal hair, whether or not made up",5701,6,1
H5,570190,"Carpets and other textile floor coverings; knotted, of textile materials (other than wool or fine animal hair), whether or not made up",5701,6,1
H5,570210,"Carpets and other textile floor coverings; woven, (not tufted or flocked), whether or not made up, including kelem, schumacks, karamanie and similar hand-woven rugs",5702,6,1
H5,570220,"Carpets and other textile floor coverings; woven, (not tufted or flocked), whether or not made up, of coconut fibres (coir)",5702,6,1
H5,570231,"Carpets and other textile floor coverings; woven, (not tufted or flocked), of wool or fine animal hair, of pile construction, not made up, n.e.c. in item no. 5702.10 or 5702.20",5702,6,1
H5,570232,"Carpets and other textile floor coverings; woven, (not tufted or flocked), of man-made textile materials, of pile construction, not made up, n.e.c. in item no. 5702.10 or 5702.20",5702,6,1
H5,570239,"Carpets and other textile floor coverings; woven, (not tufted or flocked), of textile materials (other than man-made, wool or fine animal hair), of pile construction, not made up, n.e.c. in item no. 5702.10 or 5702.20",5702,6,1
H5,570241,"Carpets and other textile floor coverings; woven, (not tufted or flocked), of wool or fine animal hair, of pile construction, made up, n.e.c. in item no. 5702.10 or 5702.20",5702,6,1
H5,570242,"Carpets and other textile floor coverings; woven, (not tufted or flocked), of man-made textile materials, of pile construction, made up, n.e.c. in item no. 5702.10 or 5702.20",5702,6,1
H5,570249,"Carpets and other textile floor coverings; woven, (not tufted or flocked), of textile materials (other than man-made, wool or fine animal hair), of pile construction, made up, n.e.c. in item no. 5702.10 or 5702.20",5702,6,1
H5,570250,"Carpets and other textile floor coverings; woven, (not tufted or flocked), not of pile construction, not made up, n.e.c. in item no. 5702.10 or 5702.20",5702,6,1
H5,570291,"Carpets and other textile floor coverings; woven, (not tufted or flocked), of wool or fine animal hair, (not of pile construction), made up, n.e.c. in item no. 5702.10 or 5702.20",5702,6,1
H5,570292,"Carpets and other textile floor coverings; woven, (not tufted or flocked), of man-made textile materials, (not of pile construction), made up, n.e.c. in item no. 5702.10 or 5702.20",5702,6,1
H5,570299,"Carpets and other textile floor coverings; woven, (not tufted or flocked), of textile materials (other than man-made or wool or fine animal hair, not of pile construction), made up, n.e.c. in item no. 5702.10 or 5702.20",5702,6,1
H5,570310,"Carpets and other textile floor coverings; tufted, of wool or fine animal hair, whether or not made up",5703,6,1
H5,570320,"Carpets and other textile floor coverings; tufted, of nylon or other polyamides, whether or not made up",5703,6,1
H5,570330,"Carpets and other textile floor coverings; tufted, of man-made textile materials (other than polyamides), whether or not made up",5703,6,1
H5,570390,"Carpets and other textile floor coverings; tufted, of textile materials (other than man-made, wool or fine animal hair), whether or not made up",5703,6,1
H5,570410,"Textile floor coverings; felt tiles, (not tufted or flocked), whether or not made up, having a maximum surface area of 0.3m2",5704,6,1
H5,570420,"Carpets and other textile floor coverings; of felt, (not tufted or flocked), whether or not made up, having a maximum surface area exceeding 0.3 m2 but not exceeding 1 m2",5704,6,1
H5,570490,"Carpets and other textile floor coverings; of felt, (not tufted or flocked), in the piece,  whether or not made up, having a maximum surface area exceeding 1 m2",5704,6,1
H5,570500,"Carpets and other textile floor coverings; n.e.c. in chapter 57, whether or not made up",5705,6,1
H5,580110,"Fabrics; woven pile, of wool or fine animal hair, other than fabrics of heading no. 5802 or 5806",5801,6,1
H5,580121,"Fabrics; woven pile, of cotton, uncut weft pile fabrics, other than fabrics of heading no. 5802 or 5806",5801,6,1
H5,580122,"Fabrics; woven pile, of cotton, cut corduroy, other than fabrics of heading no. 5802 or 5806",5801,6,1
H5,580123,"Fabrics; woven pile, of cotton, weft pile fabrics other than uncut and corduroy, other than fabrics of heading no. 5802 or 5806",5801,6,1
H5,580126,"Fabrics; chenille, of cotton, other than fabrics of heading no. 5802 or 5806",5801,6,1
H5,580127,"Fabrics; woven pile, of cotton, warp pile fabrics, other than fabrics of heading no. 5802 or 5806",5801,6,1
H5,580131,"Fabrics; woven pile, of man-made fibres, uncut weft pile fabrics, other than fabrics of heading no. 5802 or 5806",5801,6,1
H5,580132,"Fabrics; woven pile, of man-made fibres, cut corduroy, other than fabrics of heading no. 5802 or 5806",5801,6,1
H5,580133,"Fabrics; woven pile, of man-made fibres, other weft pile fabrics, other than fabrics of heading no. 5802 or 5806",5801,6,1
H5,580136,"Fabrics; chenille, of man-made fibres, other than fabrics of heading no. 5802 or 5806",5801,6,1
H5,580137,"Fabrics; woven pile, of man-made fibres, warp pile fabrics, other than fabrics of heading no. 5802 or 5806",5801,6,1
H5,580190,"Fabrics; woven pile and chenille, of textile materials n.e.c. in heading no. 5801, other than fabrics of heading no. 5802 or 5806",5801,6,1
H5,580211,"Fabrics; terry towelling and similar woven terry fabrics, of cotton, unbleached, excluding narrow fabrics of heading no. 5806",5802,6,1
H5,580219,"Fabrics; terry towelling and similar woven terry fabrics, of cotton, bleached, excluding narrow fabrics of heading no. 5806",5802,6,1
H5,580220,"Fabrics; terry towelling and similar woven terry fabrics, of textile materials, excluding cotton, excluding narrow fabrics of heading no. 5806",5802,6,1
H5,580230,"Fabrics; tufted textile fabrics, excluding products of heading no. 5703",5802,6,1
H5,580300,Gauze; other than narrow fabrics of heading no. 5806,5803,6,1
H5,580410,"Tulles and other net fabrics; excluding woven, knitted or crocheted fabrics, (other than fabrics of headings 60.02 to 60.06)",5804,6,1
H5,580421,"Lace; mechanically made, of man-made fibres in the piece, in strips or in motifs, (other than fabrics of headings 60.02 to 60.06)",5804,6,1
H5,580429,"Lace; mechanically made, of textile materials, (other than man-made fibres), in the piece, in strips or motifs, (other than fabrics of headings 60.02 to 60.06)",5804,6,1
H5,580430,"Lace; hand-made, in the piece, in strips or motifs, (other than fabrics of headings 60.02 to 60.06)",5804,6,1
H5,580500,"Tapestries; hand-woven, (Gobelins, Flanders, Aubusson, Beauvais and the like) and needle-worked tapestries (e.g. petit point, cross-stitch) whether or not made up",5805,6,1
H5,580610,Fabrics; woven pile (including terry towelling and similar terry fabrics) and chenille fabrics (excluding goods of heading no. 5807),5806,6,1
H5,580620,"Fabrics; narrow (excluding pile fabrics), containing by weight 5% or more of elastomeric yarn or rubber thread",5806,6,1
H5,580631,"Fabrics; narrow woven fabrics, n.e.c. in heading no. 5806, of cotton (excluding goods of heading no. 5807)",5806,6,1
H5,580632,"Fabrics, narrow woven fabrics, n.e.c. in heading no. 5806, of man-made fibres (excluding goods of heading no. 5807)",5806,6,1
H5,580639,"Fabrics; narrow woven fabrics, n.e.c. in heading no. 5806, of textile materials n.e.c. in item no. 5806.3 (excluding goods of heading no. 5807)",5806,6,1
H5,580640,"Fabrics; narrow woven, consisting of warp without weft, assembled by means of an adhesive (bolducs)",5806,6,1
H5,580710,"Labels, badges and similar articles; woven, of textile materials, in the piece, in strips or cut to shape or size, not embroidered",5807,6,1
H5,580790,"Labels, badges and similar articles; (other than woven), of textile materials, in the piece, in strips or cut to shape or size, not embroidered",5807,6,1
H5,580810,Braids; in the piece,5808,6,1
H5,580890,"Ornamental trimmings; tassels, pompons and similar articles; ornamental trimmings in the piece, without embroidery, other than knitted or crocheted",5808,6,1
H5,580900,"Fabrics, woven; of metal thread and metallised yarn of heading no. 5605, of a kind used in apparel, as furnishing fabrics or similar purposes; n.e.c. or included",5809,6,1
H5,581010,"Embroidery; without visible ground, in the piece, in strips or in motifs",5810,6,1
H5,581091,"Embroidery; with visible ground, of cotton, in the piece, in strips or in motifs",5810,6,1
H5,581092,"Embroidery; with visible ground, of man-made fibres, in the piece, in strips or in motifs",5810,6,1
H5,581099,"Embroidery; with visible ground, of textile materials (other than cotton and man-made fibres), in the piece, in strips or in motifs",5810,6,1
H5,581100,"Quilted textile products; in the piece, composed of one or more layers of textile materials assembled with padding by stitching or otherwise (excluding embroidery of heading no. 5810)",5811,6,1
H5,590110,"Textile fabrics; coated with gum or amylaceous substances, of a kind used for the outer covers of books or the like",5901,6,1
H5,590190,"Textile fabrics; coated with gum or amylaceous substances, tracing cloth, prepared painting canvas, buckram and similar stiffened textile fabrics for hat foundations, (excluding book covers)",5901,6,1
H5,590210,Textile fabrics; tyrecord of high tenacity yarn of nylon or other polyamides,5902,6,1
H5,590220,Textile fabrics; tyrecord of high tenacity yarn of polyester,5902,6,1
H5,590290,Textile fabrics; tyrecord of high tenacity yarn of viscose rayon,5902,6,1
H5,590310,"Textile fabrics; impregnated, coated, covered or laminated with poly(vinyl chloride)",5903,6,1
H5,590320,"Textile fabrics; impregnated, coated, covered or laminated with polyurethane",5903,6,1
H5,590390,"Textile fabrics; impregnated, coated, covered or laminated with plastics, (excluding polyvinyl chloride, polyurethane and those of heading no. 5902)",5903,6,1
H5,590410,"Linoleum, whether or not cut to shape",5904,6,1
H5,590490,"Textiles floor coverings; consisting of a coating or covering applied on a textile backing, whether or not cut to shape, other than linoleum",5904,6,1
H5,590500,"Textile wall coverings of fabrics impregnated, coated, covered or laminated",5905,6,1
H5,590610,"Textile fabrics, rubberised; (excluding those of heading no. 5902), adhesive tape of a width not exceeding 20cm",5906,6,1
H5,590691,"Textile fabrics, rubberised; (excluding those of heading no. 5902 and adhesive tape of a width not exceeding 20cm), knitted or crocheted",5906,6,1
H5,590699,"Textile fabrics, rubberised; (excluding those of heading no. 5902 and adhesive tape of a width not exceeding 20cm), not knitted or crocheted",5906,6,1
H5,590700,"Textile fabrics; otherwise impregnated, coated or covered, painted canvas being theatrical scenery, studio back-cloths or the like",5907,6,1
H5,590800,"Textile wicks, woven, plaited or knitted; for lamps, stoves, lighters, candles or the like; incandescent gas mantles and tubular knitted gas mantle fabric therefor, whether or not impregnated",5908,6,1
H5,590900,"Textile hosepiping and similar textile tubing; with or without lining, armour or accessories of other materials",5909,6,1
H5,591000,"Textiles; transmission or conveyor belts or belting, of textile material, whether or not impregnated, coated, covered or laminated with plastics, or reinforced with metal or other material",5910,6,1
H5,591110,"Textile fabric, felt & felt-lined woven fabrics, coated/covered/laminated with rubber, leather or other material, for card clothing, similar fabrics used for technical purposes, including rubber impregnated narrow velvet fabrics to cover weaving spindles",5911,6,1
H5,591120,"Textile products and articles for technical uses; bolting cloth, whether or not made up",5911,6,1
H5,591131,"Textiles; fabrics and felts, endless or fitted with linking devices, of a kind used in paper-making or similar machines, weighing less than 650g/m2",5911,6,1
H5,591132,"Textiles; fabrics and felts, endless or fitted with linking devices, of a kind used in paper-making or similar machines, weighing 650g/m2 or more",5911,6,1
H5,591140,"Textile products and articles for technical uses; straining cloth of a kind used in oil presses and the like, including that of human hair",5911,6,1
H5,591190,Textile products and articles for technical uses; n.e.c. in heading no. 5911,5911,6,1
H5,600110,"Fabrics; long pile fabrics, knitted or crocheted",6001,6,1
H5,600121,"Fabrics; looped pile fabrics, of cotton, knitted or crocheted",6001,6,1
H5,600122,"Fabrics; looped pile fabrics, of man-made fibres, knitted or crocheted",6001,6,1
H5,600129,"Fabrics; looped pile fabrics, of textile materials (other than cotton or man-made fibres), knitted or crocheted",6001,6,1
H5,600191,"Fabrics; pile fabrics (excluding long pile and loop pile), of cotton, knitted or crocheted",6001,6,1
H5,600192,"Fabrics; pile fabrics (excluding long pile and loop pile), of man-made fibres, knitted or crocheted",6001,6,1
H5,600199,"Fabrics; pile fabrics (excluding long pile and loop pile), of textile materials (other than cotton or man-made fibres), knitted or crocheted",6001,6,1
H5,600240,"Fabrics; knitted or crocheted, other than those of heading 60.01, of a width not exceeding 30 cm, containing by weight 5% or more of elastomeric yarn but not containing rubber thread",6002,6,1
H5,600290,"Fabrics; knitted or crocheted, other than those of heading 60.01, of a width not exceeding 30 cm, containing by weight 5% or more of elastomeric yarn or rubber thread",6002,6,1
H5,600310,"Fabrics; knitted or crocheted fabrics, other than those of heading 60.01 and 60.02, of a width not exceeding 30 cm, of wool or fine animal hair",6003,6,1
H5,600320,"Fabrics; knitted or crocheted fabrics, other than those of heading 60.01 and 60.02, of a width not exceeding 30 cm, of cotton",6003,6,1
H5,600330,"Fabrics; knitted or crocheted fabrics, other than those of heading 60.01 and 60.02, of a width not exceeding 30 cm, of synthetic fibres",6003,6,1
H5,600340,"Fabrics; knitted or crocheted fabrics, other than those of heading 60.01 and 60.02, of a width not exceeding 30 cm, of artificial fibres",6003,6,1
H5,600390,"Fabrics; knitted or crocheted fabrics, other than those of heading 60.01 and 60.02, of a width not exceeding 30 cm, other than of wool and fine animal hair, cotton, synthetic or artificial fibres",6003,6,1
H5,600410,"Fabrics; knitted or crocheted fabrics of a width exceeding 30 cm, other than those of heading 60.01, containing by weight 5% or more of elastomeric yarn but not containing rubber thread",6004,6,1
H5,600490,"Fabrics; knitted or crocheted, other than those of heading 60.01, of a width exceeding 30 cm, containing by weight 5% or more of elastomeric yarn or rubber thread,",6004,6,1
H5,600521,"Fabrics; warp knit (including those made on galloon knitting machines), other than those of headings 60.01 to 60.04, of cotton, unbleached or bleached",6005,6,1
H5,600522,"Fabrics; warp knit (including those made on galloon knitting machines), other than those of headings 60.01 to 60.04, of cotton, dyed",6005,6,1
H5,600523,"Fabrics; warp knit (including those made on galloon knitting machines), other than those of headings 60.01 to 60.04, of cotton, yarns of different colours",6005,6,1
H5,600524,"Fabrics; warp knit (including those made on galloon knitting machines), other than those of headings 60.01 to 60.04, of cotton, printed",6005,6,1
H5,600535,"Fabrics; warp knit (including those made on galloon knitting machines), other than those of headings 60.01 to 60.04, of synthetic fibres specified in Subheading Note 1 to this Chapter",6005,6,1
H5,600536,"Fabrics; warp knit (including those made on galloon knitting machines), other than those of headings 60.01 to 60.04, of synthetic fibres, bleached or unbleached",6005,6,1
H5,600537,"Fabrics; warp knit (including those made on galloon knitting machines), other than those of headings 60.01 to 60.04, of synthetic fibres, dyed",6005,6,1
H5,600538,"Fabrics; warp knit (including those made on galloon knitting machines), other than those of headings 60.01 to 60.04, of synthetic fibres, yarns of different colours",6005,6,1
H5,600539,"Fabrics; warp knit (including those made on galloon knitting machines), other than those of headings 60.01 to 60.04, of synthetic fibres, printed",6005,6,1
H5,600541,"Fabrics; warp knit (including those made on galloon knitting machines), other than those of headings 60.01 to 60.04, of artificial fibres, bleached or unbleached",6005,6,1
H5,600542,"Fabrics; warp knit (including those made on galloon knitting machines), other than those of headings 60.01 to 60.04, of artificial fibres, dyed",6005,6,1
H5,600543,"Fabrics; warp knit (including those made on galloon knitting machines), other than those of headings 60.01 to 60.04, of artificial fibres, of yarns of different colours",6005,6,1
H5,600544,"Fabrics; warp knit (including those made on galloon knitting machines), other than those of headings 60.01 to 60.04, of artificial fibres, printed",6005,6,1
H5,600590,"Fabrics; warp knit (including those made on galloon knitting machines), other than those of headings 60.01 to 60.04, excluding those made from cotton or synthetic or artificial fibres",6005,6,1
H5,600610,"Fabrics; knitted or crocheted fabrics, other than those of headings 60.01 to 60.04, of wool or fine animal hair",6006,6,1
H5,600621,"Fabrics; knitted or crocheted fabrics, other than those of headings 60.01 to 60.04, of cotton, unbleached or bleached",6006,6,1
H5,600622,"Fabrics; knitted or crocheted fabrics, other than those of headings 60.01 to 60.04, of cotton, dyed",6006,6,1
H5,600623,"Fabrics; knitted or crocheted fabrics, other than those of headings 60.01 to 60.04, of cotton, of yarns of different colours",6006,6,1
H5,600624,"Fabrics; knitted or crocheted fabrics, other than those of headings 60.01 to 60.04, of cotton, printed",6006,6,1
H5,600631,"Fabrics; knitted or crocheted fabrics, other than those of headings 60.01 to 60.04, of synthetic fibres, unbleached or bleached",6006,6,1
H5,600632,"Fabrics; knitted or crocheted fabrics, other than those of headings 60.01 to 60.04, of synthetic fibres, dyed",6006,6,1
H5,600633,"Fabrics; knitted or crocheted fabrics, other than those of headings 60.01 to 60.04, of synthetic fibres, of yarns of different colours",6006,6,1
H5,600634,"Fabrics; knitted or crocheted fabrics, other than those of headings 60.01 to 60.04, of synthetic fibres, printed",6006,6,1
H5,600641,"Fabrics; knitted or crocheted fabrics, other than those of headings 60.01 to 60.04, of artificial fibres, unbleached or bleached",6006,6,1
H5,600642,"Fabrics; knitted or crocheted fabrics, other than those of headings 60.01 to 60.04, of artificial fibres, dyed",6006,6,1
H5,600643,"Fabrics; knitted or crocheted fabrics, other than those of headings 60.01 to 60.04, of artificial fibres, of yarns of different colours",6006,6,1
H5,600644,"Fabrics; knitted or crocheted fabrics, other than those of headings 60.01 to 60.04, of artificial fibres, printed",6006,6,1
H5,600690,"Fabrics; knitted or crocheted fabrics, other than those of headings 60.01 to 60.04,and other than those made of wool, fine animal hair, cotton, synthetic or artificial fibres",6006,6,1
H5,610120,"Coats; men's or boys' overcoats, car-coats, capes, anoraks, wind-jackets and similar articles, of cotton, knitted or crocheted (excluding those of heading no. 6103)",6101,6,1
H5,610130,"Coats; men's or boys' overcoats, car-coats, capes, anoraks, wind-jackets and similar articles, of man-made fibres, knitted or crocheted, (excluding those of heading no. 6103)",6101,6,1
H5,610190,"Coats; men's or boys' overcoats, car-coats, capes, anoraks, wind-jackets and similar articles, of textile materials n.e.c. in heading no. 6101, knitted or crocheted (excluding those of heading no. 6103)",6101,6,1
H5,610210,"Coats; women's or girls' overcoats, car-coats, capes, anoraks, wind-jackets and similar articles, of wool or fine animal hair, knitted or crocheted (excluding those of heading no. 6104)",6102,6,1
H5,610220,"Coats; women's or girls' overcoats, car-coats, capes, anoraks, wind-jackets and similar articles, of cotton, knitted or crocheted (excluding those of heading no. 6104)",6102,6,1
H5,610230,"Coats; women's or girls' overcoats, car-coats, capes, anoraks, wind-jackets and similar articles, of man-made fibres, knitted or crocheted (excluding those of heading no. 6104)",6102,6,1
H5,610290,"Coats; women's or girls' overcoats, car-coats, capes, anoraks, wind-jackets and similar articles, of textile materials n.e.c. in heading no. 6102, knitted or crocheted (excluding those of heading no. 6104)",6102,6,1
H5,610310,"Suits; men's or boys', knitted or crocheted",6103,6,1
H5,610322,"Ensembles; men's or boys', of cotton, knitted or crocheted",6103,6,1
H5,610323,"Ensembles; men's or boys', of synthetic fibres, knitted or crocheted",6103,6,1
H5,610329,"Ensembles; men's or boys', of textile materials (other than cotton or synthetic fibres), knitted or crocheted",6103,6,1
H5,610331,"Jackets and blazers; men's or boys', of wool or fine animal hair, knitted or crocheted",6103,6,1
H5,610332,"Jackets and blazers; men's or boys', of cotton, knitted or crocheted",6103,6,1
H5,610333,"Jackets and blazers; men's or boys', of synthetic fibres, knitted or crocheted",6103,6,1
H5,610339,"Jackets and blazers; men's or boys', of textile materials (other than wool or fine animal hair, cotton or synthetic fibres), knitted or crocheted",6103,6,1
H5,610341,"Trousers, bib and brace overalls, breeches and shorts; men's or boys', of wool or fine animal hair, knitted or crocheted",6103,6,1
H5,610342,"Trousers, bib and brace overalls, breeches and shorts; men's or boys', of cotton, knitted or crocheted",6103,6,1
H5,610343,"Trousers, bib and brace overalls, breeches and shorts; men's or boys', of synthetic fibres, knitted or crocheted",6103,6,1
H5,610349,"Trousers, bib and brace overalls, breeches and shorts; men's or boys', of textile materials (other than wool or fine animal hair, cotton or synthetic fibres), knitted or crocheted",6103,6,1
H5,610413,"Suits; women's or girls', of synthetic fibres, knitted or crocheted",6104,6,1
H5,610419,"Suits; women's or girls', of textile materials (other than synthetic fibres), knitted or crocheted",6104,6,1
H5,610422,"Ensembles; women's or girls', of cotton, knitted or crocheted",6104,6,1
H5,610423,"Ensembles; women's or girls', of synthetic fibres, knitted or crocheted",6104,6,1
H5,610429,"Ensembles; women's or girls', of textile materials (other than cotton or synthetic fibres), knitted or crocheted",6104,6,1
H5,610431,"Jackets; women's or girls', of wool or fine animal hair, knitted or crocheted",6104,6,1
H5,610432,"Jackets; women's or girls', of cotton, knitted or crocheted",6104,6,1
H5,610433,"Jackets; women's or girls', of synthetic fibres, knitted or crocheted",6104,6,1
H5,610439,"Jackets; women's or girls', of textile materials (other than wool or fine animal hair, cotton or synthetic fibres), knitted or crocheted",6104,6,1
H5,610441,"Dresses; women's or girls', of wool or fine animal hair, knitted or crocheted",6104,6,1
H5,610442,"Dresses; women's or girls', of cotton, knitted or crocheted",6104,6,1
H5,610443,"Dresses; women's or girls', of synthetic fibres, knitted or crocheted",6104,6,1
H5,610444,"Dresses; women's or girls', of artificial fibres, knitted or crocheted",6104,6,1
H5,610449,"Dresses; women's or girls', of textile materials (other than wool or fine animal hair, cotton, synthetic or artificial fibres), knitted or crocheted",6104,6,1
H5,610451,"Skirts and divided skirts; women's or girls', of wool or fine animal hair, knitted or crocheted",6104,6,1
H5,610452,"Skirts and divided skirts; women's or girls', of cotton, knitted or crocheted",6104,6,1
H5,610453,"Skirts and divided skirts; women's or girls', of synthetic fibres, knitted or crocheted",6104,6,1
H5,610459,"Skirts and divided skirts; women's or girls', of textile materials (other than wool or fine animal hair, cotton or synthetic fibres), knitted or crocheted",6104,6,1
H5,610461,"Trousers, bib and brace overalls, breeches and shorts; women's or girls', of wool or fine animal hair, knitted or crocheted",6104,6,1
H5,610462,"Trousers, bib and brace overalls, breeches and shorts; women's or girls', of cotton, knitted or crocheted",6104,6,1
H5,610463,"Trousers, bib and brace overalls, breeches and shorts; women's or girls', of synthetic fibres, knitted or crocheted",6104,6,1
H5,610469,"Trousers, bib and brace overalls, breeches and shorts; women's or girls', of textile materials (other than wool or fine animal hair, cotton or synthetic fibres), knitted or crocheted",6104,6,1
H5,610510,"Shirts; men's or boys', of cotton, knitted or crocheted",6105,6,1
H5,610520,"Shirts; men's or boys', of man-made fibres, knitted or crocheted",6105,6,1
H5,610590,"Shirts; men's or boys', of textile materials (other than cotton or man-made fibres), knitted or crocheted",6105,6,1
H5,610610,"Blouses, shirts and shirt-blouses; women's or girls', of cotton, knitted or crocheted",6106,6,1
H5,610620,"Blouses, shirts and shirt-blouses; women's or girls', of man-made fibres, knitted or crocheted",6106,6,1
H5,610690,"Blouses, shirts and shirt-blouses; women's or girls', of textile materials (other than cotton or man-made fibres), knitted or crocheted",6106,6,1
H5,610711,"Underpants and briefs; men's or boys', of cotton, knitted or crocheted",6107,6,1
H5,610712,"Underpants and briefs; men's or boys', of man-made fibres, knitted or crocheted",6107,6,1
H5,610719,"Underpants and briefs; men's or boys', of textile materials (other than cotton or man-made fibres), knitted or crocheted",6107,6,1
H5,610721,"Nightshirts and pyjamas; men's or boys', of cotton, knitted or crocheted",6107,6,1
H5,610722,"Nightshirts and pyjamas; men's or boys', of man-made fibres, knitted or crocheted",6107,6,1
H5,610729,"Nightshirts and pyjamas; men's or boys', of textile materials (other than cotton or man-made fibres), knitted or crocheted",6107,6,1
H5,610791,"Bathrobes, dressing gowns and similar articles; men's or boys', of cotton, knitted or crocheted",6107,6,1
H5,610799,"Bathrobes, dressing gowns and similar articles; men's or boys', of textile materials (other than cotton), knitted or crocheted",6107,6,1
H5,610811,"Slips and petticoats; women's or girls', of man-made fibres, knitted or crocheted",6108,6,1
H5,610819,"Slips and petticoats; women's or girls', of textile materials (other than man-made fibres), knitted or crocheted",6108,6,1
H5,610821,"Briefs and panties; women's or girls', of cotton, knitted or crocheted",6108,6,1
H5,610822,"Briefs and panties; women's or girls', of man-made fibres, knitted or crocheted",6108,6,1
H5,610829,"Briefs and panties; women's or girls', of textile materials (other than cotton or man-made fibres), knitted or crocheted",6108,6,1
H5,610831,"Nightdresses and pyjamas; women's or girls', of cotton, knitted or crocheted",6108,6,1
H5,610832,"Nightdresses and pyjamas; women's or girls', of man-made fibres, knitted or crocheted",6108,6,1
H5,610839,"Nightdresses and pyjamas; women's or girls', of textile materials (other than cotton or man-made fibres), knitted or crocheted",6108,6,1
H5,610891,"Negligees, bathrobes, dressing gowns and similar articles; women's or girls', of cotton, knitted or crocheted",6108,6,1
H5,610892,"Negligees, bathrobes, dressing gowns and similar articles; women's or girls', of man-made fibres, knitted or crocheted",6108,6,1
H5,610899,"Negligees, bathrobes, dressing gowns and similar articles; women's or girls', of textile materials (other than cotton or man-made fibres), knitted or crocheted",6108,6,1
H5,610910,"T-shirts, singlets and other vests; of cotton, knitted or crocheted",6109,6,1
H5,610990,"T-shirts, singlets and other vests; of textile materials (other than cotton), knitted or crocheted",6109,6,1
H5,611011,"Jerseys, pullovers, cardigans, waistcoats and similar articles; knitted or crocheted, of wool or fine animal hair",6110,6,1
H5,611012,"Jerseys, pullovers, cardigans, waistcoats and similar articles; knitted or crocheted, of fibres from kashmir (cashmere) goats",6110,6,1
H5,611019,"Jerseys, pullovers, cardigans, waistcoats and similar articles; knitted or crocheted, of fine animal hair other than that of kashmir (cashmere) goats",6110,6,1
H5,611020,"Jerseys, pullovers, cardigans, waistcoats and similar articles; of cotton, knitted or crocheted",6110,6,1
H5,611030,"Jerseys, pullovers, cardigans, waistcoats and similar articles; of man-made fibres, knitted or crocheted",6110,6,1
H5,611090,"Jerseys, pullovers, cardigans, waistcoats and similar articles; of textile materials (other than wool or fine animal hair, cotton or man-made fibres), knitted or crocheted",6110,6,1
H5,611120,"Garments and clothing accessories; babies', of cotton, knitted or crocheted",6111,6,1
H5,611130,"Garments and clothing accessories; babies', of synthetic fibres, knitted or crocheted",6111,6,1
H5,611190,"Garments and clothing accessories; babies', of textile materials (other than cotton or synthetic fibres), knitted or crocheted",6111,6,1
H5,611211,"Track suits; of cotton, knitted or crocheted",6112,6,1
H5,611212,"Track suits; of synthetic fibres, knitted or crocheted",6112,6,1
H5,611219,"Track suits; of textile materials (other than cotton or synthetic fibres), knitted or crocheted",6112,6,1
H5,611220,Ski suits; knitted or crocheted,6112,6,1
H5,611231,"Swimwear; men's or boys', of synthetic fibres, knitted or crocheted",6112,6,1
H5,611239,"Swimwear; men's or boys', of textile materials (other than synthetic fibres), knitted or crocheted",6112,6,1
H5,611241,"Swimwear; women's or girls', of synthetic fibres, knitted or crocheted",6112,6,1
H5,611249,"Swimwear; women's or girls', of textile materials (other than synthetic fibres), knitted or crocheted",6112,6,1
H5,611300,"Garments made up of knitted or crocheted fabrics of heading no. 5903, 5906 and 5907",6113,6,1
H5,611420,"Garments; of cotton, knitted or crocheted, n.e.c. in chapter 61",6114,6,1
H5,611430,"Garments; of man-made fibres, knitted or crocheted, n.e.c. in chapter 61",6114,6,1
H5,611490,"Garments; of textile materials (other than cotton or man-made fibres), knitted or crocheted, n.e.c. in chapter 61",6114,6,1
H5,611510,"Graduated compression hosiery (for example, stockings for varicose veins), knitted or crocheted",6115,6,1
H5,611521,"Hosiery; panty hose and tights (other than graduated compression hosiery), of synthetic fibres, measuring per single yarn less than 67 decitex, knitted or crocheted",6115,6,1
H5,611522,"Hosiery; panty hose and tights (other than graduated compression hosiery), of synthetic fibres, measuring per single yarn 67 decitex or more, knitted or crocheted",6115,6,1
H5,611529,"Hosiery; panty hose and tights (other than graduated compression hosiery), of textile materials (other than synthetic fibres), knitted or crocheted",6115,6,1
H5,611530,"Hosiery; women's, full-length or knee-length (other than graduated compression hosiery), measuring per single yarn less than 67 decitex, knitted or crocheted",6115,6,1
H5,611594,"Hosiery and footwear; without applied soles, of wool or fine animal hair, knitted or crocheted (excluding graduated compression hosiery, panty hose, tights, women's full or knee-length hosiery measuring per single yarn less than 67 decitex)",6115,6,1
H5,611595,"Hosiery and footwear; without applied soles, of cotton, knitted or crocheted (excluding graduated compression hosiery, panty hose, tights, full or knee-length hosiery measuring per single yarn less than 67 decitex)",6115,6,1
H5,611596,"Hosiery and footwear; without applied soles, of synthetic fibres, knitted or crocheted (excluding graduated compression hosiery, panty hose, tights, full or knee-length hosiery measuring per single yarn less than 67 decitex)",6115,6,1
H5,611599,"Hosiery and footwear; without applied soles, of textile materials n.e.c. in item no. 6115.9, knitted or crocheted (excluding graduated compression hosiery, panty hose, tights, full or knee-length hosiery measuring per single yarn less than 67 decitex)",6115,6,1
H5,611610,"Gloves, mittens and mitts; knitted or crocheted, impregnated, coated or covered with plastics or rubber",6116,6,1
H5,611691,"Gloves, mittens and mitts; of wool or fine animal hair, knitted or crocheted, (other than impregnated, coated or covered with plastics or rubber)",6116,6,1
H5,611692,"Gloves, mittens and mitts; of cotton, knitted or crocheted, (other than impregnated, coated or covered with plastics or rubber)",6116,6,1
H5,611693,"Gloves, mittens and mitts; of synthetic fibres, knitted or crocheted, (other than impregnated, coated or covered with plastics or rubber)",6116,6,1
H5,611699,"Gloves, mittens and mitts; of textile materials (other than wool or fine animal hair, cotton or synthetic fibres), knitted or crocheted, (other than impregnated, coated or covered with plastics or rubber)",6116,6,1
H5,611710,"Shawls, scarves, mufflers, mantillas, veils and the like; knitted or crocheted",6117,6,1
H5,611780,"Clothing accessories; knitted or crocheted, n.e.c. in heading no. 6117",6117,6,1
H5,611790,"Clothing; parts, knitted or crocheted",6117,6,1
H5,620111,"Coats; men's or boys', overcoats, raincoats, car-coats, capes, cloaks and similar articles, of wool or fine animal hair, other than those of heading no. 6203 (not knitted or crocheted)",6201,6,1
H5,620112,"Coats; men's or boys', overcoats, raincoats, car-coats, capes, cloaks and similar articles, of cotton, other than those of heading no. 6203 (not knitted or crocheted)",6201,6,1
H5,620113,"Coats; men's or boys', overcoats, raincoats, car-coats, capes, cloaks and similar articles, of man-made fibres, other than those of heading no. 6203 (not knitted or crocheted)",6201,6,1
H5,620119,"Coats; men's or boys', overcoats, raincoats, car-coats, capes, cloaks and similar articles, of textile materials (other than wool or fine animal hair, cotton or man-made fibres), other than those of heading no. 6203 (not knitted or crocheted)",6201,6,1
H5,620191,"Anoraks (including ski-jackets), wind-cheaters, wind-jackets and similar articles; men's or boys', of wool or fine animal hair, other than those of heading no. 6203 (not knitted or crocheted)",6201,6,1
H5,620192,"Anoraks (including ski-jackets), wind-cheaters, wind-jackets and similar articles; men's or boys', of cotton, other than those of heading no. 6203 (not knitted or crocheted)",6201,6,1
H5,620193,"Anoraks (including ski-jackets), wind-cheaters, wind-jackets and similar articles; men's or boys', of man-made fibres, other than those of heading no. 6203 (not knitted or crocheted)",6201,6,1
H5,620199,"Anoraks (including ski-jackets), wind-cheaters, wind-jackets and similar articles; men's or boys', of textile materials (other than wool or fine animal hair, cotton or man-made fibres), other than those of heading no. 6203 (not knitted or crocheted)",6201,6,1
H5,620211,"Coats; women's or girls', overcoats, raincoats, car-coats, capes, cloaks and similar articles, of wool or fine animal hair, other than those of heading no. 6204 (not knitted or crocheted)",6202,6,1
H5,620212,"Coats; women's or girls', overcoats, raincoats, car-coats, capes, cloaks and similar articles, of cotton, other than those of heading no. 6204 (not knitted or crocheted)",6202,6,1
H5,620213,"Coats; women's or girls', overcoats, raincoats, car-coats, capes, cloaks and similar articles, of man-made fibres, other than those of heading no. 6204 (not knitted or crocheted)",6202,6,1
H5,620219,"Coats; women's or girls', overcoats, raincoats, car-coats, capes, cloaks and similar articles, of textile materials (other than wool or fine animal hair, cotton or man-made fibres), other than those of heading no. 6204 (not knitted or crocheted)",6202,6,1
H5,620291,"Anoraks (including ski-jackets), wind-cheaters, wind-jackets and similar articles; women's or girls', of wool or fine animal hair, other than those of heading no. 6204 (not knitted or crocheted)",6202,6,1
H5,620292,"Anoraks (including ski-jackets), wind-cheaters, wind-jackets and similar articles; women's or girls', of cotton, other than those of heading no. 6204 (not knitted or crocheted)",6202,6,1
H5,620293,"Anoraks (including ski-jackets), wind-cheaters, wind-jackets and similar articles; women's or girls', of man-made fibres, other than those of heading no. 6204 (not knitted or crocheted)",6202,6,1
H5,620299,"Anoraks (including ski-jackets), wind-cheaters, wind-jackets and similar articles; women's or girls', of textile materials n.e.c. in item no. 6202.9, other than those of heading no. 6204, (not knitted or crocheted)",6202,6,1
H5,620311,"Suits; men's or boys', of wool or fine animal hair (not knitted or crocheted)",6203,6,1
H5,620312,"Suits; men's or boys', of synthetic fibres (not knitted or crocheted)",6203,6,1
H5,620319,"Suits; men's or boys', of textile materials n.e.c. in item no. 6203.1 (not knitted or crocheted)",6203,6,1
H5,620322,"Ensembles; men's or boys', of cotton (not knitted or crocheted)",6203,6,1
H5,620323,"Ensembles; men's or boys', of synthetic fibres (not knitted or crocheted)",6203,6,1
H5,620329,"Ensembles; men's or boys', of textile materials n.e.c. in item no. 6203.2 (not knitted or crocheted)",6203,6,1
H5,620331,"Jackets and blazers; men's or boys', of wool or fine animal hair (not knitted or crocheted)",6203,6,1
H5,620332,"Jackets and blazers; men's or boys', of cotton (not knitted or crocheted)",6203,6,1
H5,620333,"Jackets and blazers; men's or boys', of synthetic fibres (not knitted or crocheted)",6203,6,1
H5,620339,"Jackets and blazers; men's or boys', of textile materials n.e.c. in item no. 6203.3 (not knitted or crocheted)",6203,6,1
H5,620341,"Trousers, bib and brace overalls, breeches and shorts; men's or boys', of wool or fine animal hair (not knitted or crocheted)",6203,6,1
H5,620342,"Trousers, bib and brace overalls, breeches and shorts; men's or boys', of cotton (not knitted or crocheted)",6203,6,1
H5,620343,"Trousers, bib and brace overalls, breeches and shorts; men's or boys', of synthetic fibres (not knitted or crocheted)",6203,6,1
H5,620349,"Trousers, bib and brace overalls, breeches and shorts; men's or boys', of textile materials (other than wool, fine animal hair, cotton or synthetic fibres), (not knitted or crocheted)",6203,6,1
H5,620411,"Suits; women's or girls', of wool or fine animal hair (not knitted or crocheted)",6204,6,1
H5,620412,"Suits; women's or girls', of cotton (not knitted or crocheted)",6204,6,1
H5,620413,"Suits; women's or girls', of synthetic fibres (not knitted or crocheted)",6204,6,1
H5,620419,"Suits; women's or girls', of textile materials n.e.c. in item no. 6204.1 (not knitted or crocheted)",6204,6,1
H5,620421,"Ensembles; women's or girls', of wool or fine animal hair (not knitted or crocheted)",6204,6,1
H5,620422,"Ensembles; women's or girls', of cotton (not knitted or crocheted)",6204,6,1
H5,620423,"Ensembles; women's or girls', of synthetic fibres (not knitted or crocheted)",6204,6,1
H5,620429,"Ensembles; women's or girls', of textile materials n.e.c. in item no. 6204.2 (not knitted or crocheted)",6204,6,1
H5,620431,"Jackets and blazers; women's or girls', of wool or fine animal hair (not knitted or crocheted)",6204,6,1
H5,620432,"Jackets and blazers; women's or girls', of cotton (not knitted or crocheted)",6204,6,1
H5,620433,"Jackets and blazers; women's or girls', of synthetic fibres (not knitted or crocheted)",6204,6,1
H5,620439,"Jackets and blazers; women's or girls', of textile materials n.e.c. in item no. 6204.3 (not knitted or crocheted)",6204,6,1
H5,620441,"Dresses; women's or girls', of wool or fine animal hair (not knitted or crocheted)",6204,6,1
H5,620442,"Dresses; women's or girls', of cotton (not knitted or crocheted)",6204,6,1
H5,620443,"Dresses; women's or girls', of synthetic fibres (not knitted or crocheted)",6204,6,1
H5,620444,"Dresses; women's or girls', of artificial fibres (not knitted or crocheted)",6204,6,1
H5,620449,"Dresses; women's or girls', of textile materials n.e.c. in item no. 6204.4 (not knitted or crocheted)",6204,6,1
H5,620451,"Skirts and divided skirts; women's or girls', of wool or fine animal hair (not knitted or crocheted)",6204,6,1
H5,620452,"Skirts and divided skirts; women's or girls', of cotton (not knitted or crocheted)",6204,6,1
H5,620453,"Skirts and divided skirts; women's or girls', of synthetic fibres (not knitted or crocheted)",6204,6,1
H5,620459,"Skirts and divided skirts; women's or girls', of textile materials n.e.c. in item no. 6204.5 (not knitted or crocheted)",6204,6,1
H5,620461,"Trousers, bib and brace overalls, breeches and shorts; women's or girls', of wool or fine animal hair (not knitted or crocheted)",6204,6,1
H5,620462,"Trousers, bib and brace overalls, breeches and shorts; women's or girls', of cotton (not knitted or crocheted)",6204,6,1
H5,620463,"Trousers, bib and brace overalls, breeches and shorts; women's or girls', of synthetic fibres (not knitted or crocheted)",6204,6,1
H5,620469,"Trousers, bib and brace overalls, breeches and shorts; women's or girls', of textile materials (other than wool, fine animal hair, cotton or synthetic fibres), (not knitted or crocheted)",6204,6,1
H5,620520,"Shirts; men's or boys', of cotton (not knitted or crocheted)",6205,6,1
H5,620530,"Shirts; men's or boys', of man-made fibres (not knitted or crocheted)",6205,6,1
H5,620590,"Shirts; men's or boys', of textile materials n.e.c. in heading no. 6205 (not knitted or crocheted)",6205,6,1
H5,620610,"Blouses, shirts and shirt-blouses; women's or girls', of silk or silk waste (not knitted or crocheted)",6206,6,1
H5,620620,"Blouses, shirts and shirt-blouses; women's or girls', of wool or fine animal hair (not knitted or crocheted)",6206,6,1
H5,620630,"Blouses, shirts and shirt-blouses; women's or girls', of cotton (not knitted or crocheted)",6206,6,1
H5,620640,"Blouses, shirts and shirt-blouses; women's or girls', of man-made fibres (not knitted or crocheted)",6206,6,1
H5,620690,"Blouses, shirts and shirt-blouses; women's or girls', of textile materials n.e.c. in heading no. 6206 (not knitted or crocheted)",6206,6,1
H5,620711,"Underpants and briefs; men's or boys', of cotton (not knitted or crocheted)",6207,6,1
H5,620719,"Underpants and briefs; men's or boys', of textile materials other than cotton (not knitted or crocheted)",6207,6,1
H5,620721,"Nightshirts and pyjamas; men's or boys', of cotton (not knitted or crocheted)",6207,6,1
H5,620722,"Nightshirts and pyjamas; men's or boys', of man-made fibres (not knitted or crocheted)",6207,6,1
H5,620729,"Nightshirts and pyjamas; men's or boys', of textile materials other than cotton or man-made fibres (not knitted or crocheted)",6207,6,1
H5,620791,"Singlets and other vests, bathrobes, dressing gowns and similar articles; men's or boys', of cotton (not knitted or crocheted)",6207,6,1
H5,620799,"Singlets and other vests, bathrobes, dressing gowns and similar articles; men's or boys', of textile materials other than cotton (not knitted or crocheted)",6207,6,1
H5,620811,"Slips and petticoats; women's or girls', of man-made fibres (not knitted or crocheted)",6208,6,1
H5,620819,"Slips and petticoats; women's or girls', of textile materials other than man-made fibres (not knitted or crocheted)",6208,6,1
H5,620821,"Nightdresses and pyjamas; women's or girls', of cotton (not knitted or crocheted)",6208,6,1
H5,620822,"Nightdresses and pyjamas; women's or girls', of man-made fibres (not knitted or crocheted)",6208,6,1
H5,620829,"Nightdresses and pyjamas; women's or girls', of textile materials other than cotton or man-made fibres (not knitted or crocheted)",6208,6,1
H5,620891,"Singlets and other vests, briefs, panties, negligees, bathrobes, dressing gowns and similar articles; women's or girls', of cotton (not knitted or crocheted)",6208,6,1
H5,620892,"Singlets and other vests, briefs, panties, negligees, bathrobes, dressing gowns etc.; women's or girls', of man-made fibres (not knitted or crocheted), excluding incontinence or other sanitary garments or garment liners of heading no. 96.19",6208,6,1
H5,620899,"Singlets and other vests, briefs, panties, negligees, bathrobes, dressing gowns and similar articles; women's or girls', of textile materials other than cotton or man-made fibres (not knitted or crocheted)",6208,6,1
H5,620920,"Garments and clothing accessories; babies', of cotton (not knitted or crocheted)",6209,6,1
H5,620930,"Garments and clothing accessories; babies', of synthetic fibres (not knitted or crocheted)",6209,6,1
H5,620990,"Garments and clothing accessories; babies', of textile materials other than cotton or synthetic fibres (not knitted or crocheted)",6209,6,1
H5,621010,Garments; of felt or non-wovens (not knitted or crocheted),6210,6,1
H5,621020,"Garments; overcoats, raincoats, car-coats, capes, cloaks and similar articles, men's or boys', of the fabrics of heading no. 5602, 5603, 5903, 5906 or 5907 (not knitted or crocheted)",6210,6,1
H5,621030,"Garments; overcoats, raincoats, car-coats, capes, cloaks and similar articles, women's or girls', of the fabrics of heading no. 5602, 5603, 5903, 5906 or 5907 (not knitted or crocheted)",6210,6,1
H5,621040,"Garments; men's or boys', n.e.c. in item no. 6210.2, of the fabrics of heading no. 5602, 5603, 5903, 5906 or 5907 (not knitted or crocheted)",6210,6,1
H5,621050,"Garments; women's or girls', n.e.c. in item no. 6210.3, of the fabrics of heading no. 5602, 5603, 5903, 5906 or 5907 (not knitted or crocheted)",6210,6,1
H5,621111,"Swimwear; men's or boys', (not knitted or crocheted)",6211,6,1
H5,621112,"Swimwear; women's or girls', (not knitted or crocheted)",6211,6,1
H5,621120,Ski suits; (not knitted or crocheted),6211,6,1
H5,621132,"Track suits and other garments n.e.c.; men's or boys', of cotton (not knitted or crocheted)",6211,6,1
H5,621133,"Track suits and other garments n.e.c.; men's or boys', of man-made fibres (not knitted or crocheted)",6211,6,1
H5,621139,"Track suits and other garments n.e.c.; men's or boys', of textile materials n.e.c. in item no. 6211.3 (not knitted or crocheted)",6211,6,1
H5,621142,"Track suits and other garments n.e.c.; women's or girls', of cotton (not knitted or crocheted)",6211,6,1
H5,621143,"Track suits and other garments n.e.c.; women's or girls', of man-made fibres (not knitted or crocheted)",6211,6,1
H5,621149,"Track suits and other garments n.e.c.; women's or girls', of textile materials n.e.c. in item no. 6211.4 (not knitted or crocheted)",6211,6,1
H5,621210,Brassieres; whether or not knitted or crocheted,6212,6,1
H5,621220,Girdles and panty-girdles; whether or not knitted or crocheted,6212,6,1
H5,621230,Corselettes; whether or not knitted or crocheted,6212,6,1
H5,621290,"Braces, suspenders, garters and similar articles; whether or not knitted or crocheted, n.e.c. in heading no. 6212",6212,6,1
H5,621320,Handkerchiefs; of cotton (not knitted or crocheted),6213,6,1
H5,621390,Handkerchiefs; of textile materials other than cotton (not knitted or crocheted),6213,6,1
H5,621410,"Shawls, scarves, mufflers, mantillas, veils and the like; of silk or silk waste (not knitted or crocheted)",6214,6,1
H5,621420,"Shawls, scarves, mufflers, mantillas, veils and the like; of wool or fine animal hair (not knitted or crocheted)",6214,6,1
H5,621430,"Shawls, scarves, mufflers, mantillas, veils and the like; of synthetic fibres (not knitted or crocheted)",6214,6,1
H5,621440,"Shawls, scarves, mufflers, mantillas, veils and the like; of artificial fibres (not knitted or crocheted)",6214,6,1
H5,621490,"Shawls, scarves, mufflers, mantillas, veils and the like; of textile materials n.e.c. in heading no. 6214 (not knitted or crocheted)",6214,6,1
H5,621510,"Ties, bow ties and cravats; of silk or silk waste (not knitted or crocheted)",6215,6,1
H5,621520,"Ties, bow ties and cravats; of man-made fibres (not knitted or crocheted)",6215,6,1
H5,621590,"Ties, bow ties and cravats; of textile materials other than silk or man-made fibres (not knitted or crocheted)",6215,6,1
H5,621600,"Gloves, mittens and mitts (not knitted or crocheted)",6216,6,1
H5,621710,Clothing accessories; other than those of heading no. 6212 (not knitted or crocheted),6217,6,1
H5,621790,"Clothing; parts of garments or of clothing accessories, other than those of heading no. 6212 (not knitted or crocheted)",6217,6,1
H5,630110,Blankets; electric,6301,6,1
H5,630120,Blankets (other than electric blankets) and travelling rugs; of wool or fine animal hair,6301,6,1
H5,630130,Blankets (other than electric blankets) and travelling rugs; of cotton,6301,6,1
H5,630140,Blankets (other than electric blankets) and travelling rugs; of synthetic fibres,6301,6,1
H5,630190,Blankets and travelling rugs; n.e.c. in heading no. 6301,6301,6,1
H5,630210,Bed linen; knitted or crocheted,6302,6,1
H5,630221,"Bed linen; of cotton, printed, not knitted or crocheted",6302,6,1
H5,630222,"Bed linen; of man-made fibres, printed, not knitted or crocheted",6302,6,1
H5,630229,"Bed linen; of textile materials (other than cotton or man-made fibres), printed, not knitted or crocheted",6302,6,1
H5,630231,"Bed linen; of cotton (not printed, knitted or crocheted)",6302,6,1
H5,630232,"Bed linen; of man-made fibres (not printed, knitted or crocheted)",6302,6,1
H5,630239,"Bed linen; of textile materials other than cotton or man-made fibres (not printed, knitted or crocheted)",6302,6,1
H5,630240,Table linen; knitted or crocheted,6302,6,1
H5,630251,"Table linen; of cotton, not knitted or crocheted",6302,6,1
H5,630253,"Table linen; of man-made fibres, not knitted or crocheted",6302,6,1
H5,630259,"Table linen; of textile materials (other than cotton or man-made fibres), not knitted or crocheted",6302,6,1
H5,630260,"Kitchen and toilet linen; of terry towelling or similar terry fabrics, of cotton",6302,6,1
H5,630291,"Toilet and kitchen linen; of cotton, excluding terry towelling or similar terry fabrics",6302,6,1
H5,630293,Toilet and kitchen linen; of man-made fibres,6302,6,1
H5,630299,Toilet and kitchen linen; of textile materials (other than cotton or man-made fibres),6302,6,1
H5,630312,"Curtains (including drapes) and interior blinds; curtain or bed valances, knitted or crocheted, of synthetic fibres",6303,6,1
H5,630319,"Curtains (including drapes) and interior blinds; curtain or bed valances, knitted or crocheted, of textile materials other than synthetic fibres",6303,6,1
H5,630391,"Curtains (including drapes) and interior blinds, curtain or bed valances; of cotton, not knitted or crocheted",6303,6,1
H5,630392,"Curtains (including drapes) and interior blinds, curtain or bed valances; of synthetic fibres, not knitted or crocheted",6303,6,1
H5,630399,"Curtains (including drapes) and interior blinds, curtain or bed valances; of textile materials other than cotton or synthetic fibres, not knitted or crocheted",6303,6,1
H5,630411,Bedspreads; knitted or crocheted,6304,6,1
H5,630419,Bedspreads; not knitted or crocheted,6304,6,1
H5,630420,"Furnishing articles; excluding those of heading no. 9404, bed nets, specified in Subheading Note 1 to this Chapter",6304,6,1
H5,630491,"Furnishing articles; excluding those of heading no. 9404, n.e.c. in heading 6304, knitted or crocheted",6304,6,1
H5,630492,"Furnishing articles; of cotton, not knitted or crocheted (excluding bedspreads and articles of heading no. 9404)",6304,6,1
H5,630493,"Furnishing articles; of synthetic fibres, not knitted or crocheted (excluding bedspreads and articles of heading no. 9404)",6304,6,1
H5,630499,"Furnishing articles; of textile materials other than cotton or synthetic fibres, not knitted or crocheted (excluding bedspreads and articles of heading no. 9404)",6304,6,1
H5,630510,"Sacks and bags; of a kind used for the packing of goods, of jute or of other textile bast fibres of heading no. 5303",6305,6,1
H5,630520,"Sacks and bags; of a kind used for the packing of goods, of cotton",6305,6,1
H5,630532,"Sacks and bags; of a kind used for the packing of goods, of man-made textile materials, flexible intermediate bulk containers",6305,6,1
H5,630533,"Sacks and bags; of a kind used for the packing of goods, of man-made textile materials, of polyethylene or polypropylene strip or the like, not flexible intermediate bulk containers",6305,6,1
H5,630539,"Sacks and bags; of a kind used for the packing of goods, of man-made textile materials, not of polyethylene or polypropylene strip or the like, not flexible intermediate bulk containers",6305,6,1
H5,630590,"Sacks and bags; of a kind used for the packing of goods, of textile materials (other than jute, cotton or man-made textile materials)",6305,6,1
H5,630612,"Tarpaulins, awnings and sunblinds; of synthetic fibres",6306,6,1
H5,630619,"Tarpaulins, awnings and sunblinds; of textile materials other than synthetic fibres",6306,6,1
H5,630622,Tents; of synthetic fibres,6306,6,1
H5,630629,Tents; of textile materials other than synthetic fibres,6306,6,1
H5,630630,"Sails; for boats, sailboards or landcraft",6306,6,1
H5,630640,Camping goods; pneumatic mattresses,6306,6,1
H5,630690,"Camping goods; (of textile materials), n.e.c in heading no. 6306",6306,6,1
H5,630710,"Cloths; floor cloths, dish-cloths, dusters and similar cleaning cloths",6307,6,1
H5,630720,Life-jackets and life-belts,6307,6,1
H5,630790,"Textiles; made up articles (including dress patterns), n.e.c. in chapter 63, n.e.c. in heading no. 6307",6307,6,1
H5,630800,"Fabrics, woven and yarn; in sets, whether or not with accessories, for making up into rugs, tapestries, embroidered table cloths or serviettes or similar textile articles, packaged for retail sale",6308,6,1
H5,630900,"Clothing; worn, and other worn articles",6309,6,1
H5,631010,"Rags; used or new, scrap twine, cordage, rope and cables and worn out articles of twine, cordage, rope or cables, of textile materials; sorted",6310,6,1
H5,631090,"Rags; used or new, scrap twine, cordage, rope and cables and worn out articles of twine, cordage, rope or cables, of textile materials; other than sorted",6310,6,1
H5,640110,"Footwear; waterproof with metal toe-cap, rubber or plastic outer soles and uppers (not assembled by stitch, rivet, nail, screw, plug or similar)",6401,6,1
H5,640192,"Footwear; waterproof, covering the ankle (but not the knee), rubber or plastic outer soles and uppers (not assembled by stitch, rivet, nail, screw, plug or similar)",6401,6,1
H5,640199,"Footwear; waterproof, n.e.c. in heading no. 6401, rubber or plastic outer soles and uppers (not assembled by stitch, rivet, nail, screw, plug or similar)",6401,6,1
H5,640212,"Sports footwear; with outer soles and uppers of rubber or plastics, ski-boots, cross-country ski footwear and snowboard boots",6402,6,1
H5,640219,"Sports footwear; (other than ski-boots, snowboard boots or cross-country ski footwear), with outer soles and uppers of rubber or plastics",6402,6,1
H5,640220,"Footwear; with outer soles and uppers of rubber or plastics, upper straps or thongs assembled to the sole by plugs",6402,6,1
H5,640291,"Footwear; n.e.c. in heading no. 6402, covering the ankle, with outer soles and uppers of rubber or plastics",6402,6,1
H5,640299,"Footwear; n.e.c. in heading no. 6402, (other than just covering the ankle), with outer soles and uppers of rubber or plastics",6402,6,1
H5,640312,"Sports footwear; with outer soles of rubber, plastics, leather or composition leather and uppers of leather, ski-boots, snowboard boots and cross-country ski footwear",6403,6,1
H5,640319,"Sports footwear; (other than ski-boots, snowboard boots or cross-country ski footwear), with outer soles of rubber, plastics, leather or composition leather and uppers of leather",6403,6,1
H5,640320,"Footwear; with outer soles of leather, uppers consisting of leather straps across instep and around the big toe",6403,6,1
H5,640340,"Footwear; with metal toe-cap, outer soles of rubber, plastics, leather or composition leather, uppers of leather",6403,6,1
H5,640351,"Footwear; n.e.c. in heading no. 6403, with outer soles and uppers of leather, covering the ankle",6403,6,1
H5,640359,"Footwear; n.e.c. in heading no. 6403, (not covering the ankle), outer soles and uppers of leather",6403,6,1
H5,640391,"Footwear; n.e.c. in heading no. 6403, covering the ankle, outer soles of rubber, plastics or composition leather, uppers of leather",6403,6,1
H5,640399,"Footwear; n.e.c. in heading no. 6403, (not covering the ankle), outer soles of rubber, plastics or composition leather, uppers of leather",6403,6,1
H5,640411,"Sports footwear; tennis shoes, basketball shoes, gym shoes, training shoes and the like, with outer soles of rubber or plastics and uppers of textile materials",6404,6,1
H5,640419,"Footwear; (other than sportswear), with outer soles of rubber or plastics and uppers of textile materials",6404,6,1
H5,640420,"Footwear; outer soles of leather or composition leather, uppers of textile materials",6404,6,1
H5,640510,"Footwear; with uppers of leather or composition leather, n.e.c. in chapter 64",6405,6,1
H5,640520,"Footwear; with uppers of textile materials, n.e.c. in chapter 64",6405,6,1
H5,640590,Footwear; n.e.c. in chapter 64,6405,6,1
H5,640610,"Footwear; parts, uppers and parts thereof, other than stiffeners",6406,6,1
H5,640620,"Footwear; parts, outer soles and heels, of rubber or plastics",6406,6,1
H5,640690,"Footwear; parts, n.e.c. in heading 6406",6406,6,1
H5,650100,"Hat-forms, hat bodies and hoods of felt, neither blocked to shape nor with made brims; plateaux and manchons (including slit manchons) of felt",6501,6,1
H5,650200,"Hat-shapes; plaited or made by assembling strips of any material, neither blocked to shape, nor with made brims, nor lined, nor trimmed",6502,6,1
H5,650400,"Hats and other headgear; plaited or made by assembling strips of any material, whether or not lined or trimmed",6504,6,1
H5,650500,"Hats and other headgear; knitted or crocheted, or made up from lace, felt or other textile fabric, in the piece (but not in strips), whether or not lined or trimmed; hair-nets of any material, whether or not lined or trimmed",6505,6,1
H5,650610,"Headgear; safety, whether or not lined or trimmed",6506,6,1
H5,650691,"Headgear; (other than safety headgear), of rubber or plastics, whether or not lined or trimmed",6506,6,1
H5,650699,"Headgear; (other than safety headgear), (of materials other than rubber or plastic), whether or not lined or trimmed",6506,6,1
H5,650700,"Head-bands, linings, covers, hat foundations, hat frames, peaks and chinstraps; for headgear",6507,6,1
H5,660110,Umbrellas and sun umbrellas; garden or similar umbrellas,6601,6,1
H5,660191,"Umbrellas and sun umbrellas; having a telescopic shaft, (excluding garden or similar umbrellas)",6601,6,1
H5,660199,Umbrellas and sun umbrellas; n.e.c. in heading no. 6601 (including walking stick umbrellas),6601,6,1
H5,660200,"Walking-sticks, seat-sticks, whips, riding-crops and the like",6602,6,1
H5,660320,Umbrella frames; including frames mounted on shafts (sticks),6603,6,1
H5,660390,"Trimmings, accessories and parts of articles of heading no. 6601 or 6602; n.e.c. in heading no. 6603",6603,6,1
H5,670100,"Skins and other parts of birds with their feathers or down; feathers, parts of feathers, down and articles thereof (other than goods of heading no. 0505 and worked quills and scapes)",6701,6,1
H5,670210,"Flowers, foliage and fruit, artificial, and parts thereof; articles made of artificial flowers, foliage or fruit, of plastics",6702,6,1
H5,670290,"Flowers, foliage and fruit, artificial, and parts thereof; articles made of artificial flowers, foliage or fruit, of materials other than plastics",6702,6,1
H5,670300,"Human hair, dressed, thinned, bleached or otherwise worked; wool or other animal hair or other textile materials, prepared for use in making wigs or the like",6703,6,1
H5,670411,"Wigs; complete, of synthetic textile materials",6704,6,1
H5,670419,"False beards, eyebrows and eyelashes, switches and the like; of synthetic textile materials",6704,6,1
H5,670420,"Wigs, false beards, eyebrows and eyelashes, switches and the like and other articles n.e.c.; of human hair",6704,6,1
H5,670490,"Wigs, false beards, eyebrows and eyelashes, switches and the like and other articles n.e.c.; of animal hair or of textile materials other than synthetic",6704,6,1
H5,680100,"Stone; setts, curbstones and flagstones, of natural stone (except slate)",6801,6,1
H5,680210,"Tiles, cubes and similar articles; whether or not rectangular (including square), largest surface area of which is capable of being enclosed in square, side less than 7cm, coloured granules, chippings, powder",6802,6,1
H5,680221,"Marble, travertine and alabaster; simply cut or sawn, with a flat or even surface",6802,6,1
H5,680223,"Granite; articles thereof, simply cut or sawn, with a flat or even surface",6802,6,1
H5,680229,"Stone; monumental or building stone, n.e.c. in item no. 6802.2, articles thereof, simply cut or sawn, with a flat or even surface",6802,6,1
H5,680291,"Marble, travertine and alabaster; articles thereof, (other than simply cut or sawn, with a flat or even surface)",6802,6,1
H5,680292,"Stone; calcareous (excluding marble, travertine, alabaster) articles thereof, (other than simply cut or sawn, with a flat or even surface)",6802,6,1
H5,680293,"Granite; articles thereof, (other than simply cut or sawn, with a flat or even surface)",6802,6,1
H5,680299,"Stone; natural (excluding marble, travertine, alabaster, other calcareous stone or granite), monumental or building stone, (other than simply cut or sawn, with a flat or even surface)",6802,6,1
H5,680300,"Slate, worked; and articles of slate or of agglomerated slate",6803,6,1
H5,680410,"Millstones and grindstones; for milling, grinding or pulping",6804,6,1
H5,680421,"Millstones, grindstones, grinding wheels and the like; of agglomerated synthetic or natural diamond",6804,6,1
H5,680422,"Millstones, grindstones, grinding wheels and the like; of other agglomerated abrasives or of ceramics",6804,6,1
H5,680423,"Millstones, grindstones, grinding wheels and the like; of natural stone",6804,6,1
H5,680430,"Stones; hand sharpening or polishing stones, of natural stone, agglomerated natural or artificial abrasives or ceramics, with or without parts of other materials",6804,6,1
H5,680510,"Abrasive powder or grain; natural or artificial, on a base of woven textile fabric only, whether or not cut to shape or sewn or otherwise made up",6805,6,1
H5,680520,"Abrasive powder or grain; natural or artificial, on a base of paper or paperboard only, whether or not cut to shape or sewn or otherwise made up",6805,6,1
H5,680530,"Abrasive powder or grain; natural or artificial, on a base of materials n.e.c. in heading no. 6805, whether or not cut to shape or sewn or otherwise made up",6805,6,1
H5,680610,"Slag wool, rock wool and similar mineral wools (including intermixtures thereof), in bulk, sheets or rolls",6806,6,1
H5,680620,"Exfoliated vermiculite, expanded clays, foamed slag and similar expanded mineral materials (including intermixtures thereof)",6806,6,1
H5,680690,"Minerals; mixtures and articles of heat-insulating, sound-insulating or sound-absorbing mineral materials, other than those of heading no. 6811 or 6812 or of chapter 69",6806,6,1
H5,680710,Asphalt or similar material; articles (e.g. petroleum bitumen or coal tar pitch) in rolls,6807,6,1
H5,680790,Asphalt or similar material; articles (e.g. petroleum bitumen or coal tar pitch) other than in rolls,6807,6,1
H5,680800,"Panels, boards, tiles, blocks and the like; of vegetable fibre, of straw, shavings, chips, particles, sawdust or other waste, of wood, agglomerated with cement, plaster or other mineral binders",6808,6,1
H5,680911,"Plaster, or plaster compositions; boards, sheets, panels, tiles and similar articles, faced or reinforced with paper or paperboard only, not ornamented",6809,6,1
H5,680919,"Plaster, or plaster compositions; boards, sheets, panels, tiles and similar articles, (other than faced or reinforced with paper or paperboard only), not ornamented",6809,6,1
H5,680990,Plaster articles or articles of compositions based on plaster; n.e.c. in heading no. 6809,6809,6,1
H5,681011,"Cement, concrete or artificial stone; building blocks or bricks, whether or not reinforced",6810,6,1
H5,681019,"Cement, concrete or artificial stone; tiles, flagstones and similar, (excluding building blocks and bricks) whether or not reinforced",6810,6,1
H5,681091,"Cement, concrete or artificial stone; prefabricated structural components for building or civil engineering, whether or not reinforced",6810,6,1
H5,681099,"Cement, concrete or artificial stone; articles (other than prefabricated structural components for building or civil engineering), whether or not reinforced, n.e.c. in heading no. 6810",6810,6,1
H5,681140,"Asbestos-cement; articles or the like, containing asbestos",6811,6,1
H5,681181,"Cellulose fibre-cement; articles or the like; corrugated sheets, not containing asbestos",6811,6,1
H5,681182,"Cellulose fibre-cement; articles or the like, sheets, panels, tiles and similar articles (other than corrugated sheets), not containing asbestos",6811,6,1
H5,681189,"Cellulose fibre-cement; articles or the like, other than corrugated sheets and other sheets, panels, tiles and similar articles, not containing asbestos",6811,6,1
H5,681280,"Fabricated crocidolite (blue asbestos) fibres, mixtures with a basis of crocidolite (blue asbestos), articles of crocidolite (blue asbestos), whether or not reinforced, not goods of heading 6811 or 6813",6812,6,1
H5,681291,"Asbestos or mixtures with a basis of asbestos (other than crocidolite); clothing, clothing accessories, footwear and headgear, whether or not reinforced, not goods of heading 6811 or 6813",6812,6,1
H5,681292,"Asbestos or mixtures with a basis of asbestos (other than crocidolite); paper, millboard and felt, whether or not reinforced, not goods of heading 6811 or 6813",6812,6,1
H5,681293,"Asbestos or mixtures with a basis of asbestos (other than crocidolite); compressed asbestos fibre jointing, in sheets or rolls, whether or not reinforced, not goods of heading 6811 or 6813",6812,6,1
H5,681299,"Asbestos or mixtures with a basis of asbestos (other than crocidolite); fibres, mixtures or articles n.e.c. in heading no. 6812, whether or not reinforced, not goods of heading 6811 or 6813",6812,6,1
H5,681320,"Friction material and articles thereof (e.g. sheets, rolls, strips, segments, discs, washers, pads) not mounted; for brakes, clutches or the like, with a basis of asbestos",6813,6,1
H5,681381,Brake linings and pads; with a basis of mineral substances or cellulose (other than asbestos),6813,6,1
H5,681389,"Friction material and articles thereof (e.g. sheets, rolls, strips, segments, discs, washers, pads) not mounted; for clutches or the like (not brake linings and pads), with a basis of mineral substances or cellulose (other than asbestos)",6813,6,1
H5,681410,"Mica; plates, sheets and strips of agglomerated or reconstituted mica, whether or not on a support of paper, paperboard or other materials",6814,6,1
H5,681490,"Mica; worked mica and articles of mica (excluding plates, sheets and strips) whether or not on a support of paper, paperboard or other materials",6814,6,1
H5,681510,Stone articles and articles of other mineral substances; non-electrical articles of graphite or other carbon,6815,6,1
H5,681520,Peat; articles of peat n.e.c. or included,6815,6,1
H5,681591,"Stone articles and articles of other mineral substances; containing magnesite, dolomite or chromite",6815,6,1
H5,681599,Stone articles and articles of other mineral substances; n.e.c. or included in heading no. 6815,6815,6,1
H5,690100,"Bricks, blocks, tiles and other ceramic goods of siliceous fossil meals (e.g. kieselguhr, tripolite or diatomite) or of similar siliceous earths",6901,6,1
H5,690210,"Refractory bricks, blocks, tiles and similar refractory ceramic constructional goods; containing by weight, singly or together, more than 50% of the elements Mg, Ca or Cr, expressed as MgO, CaO or Cr2o3",6902,6,1
H5,690220,"Refractory bricks, blocks, tiles and similar refractory ceramic constructional goods; containing by weight more than 50% of alumina (Al2o3), of silica (SiO2) or of a mixture or compound of these",6902,6,1
H5,690290,"Refractory bricks, blocks, tiles and similar refractory ceramic constructional goods; n.e.c. in item no. 6902.1 or 6902.2",6902,6,1
H5,690310,"Refractory ceramic goods; containing by weight more than 50% of graphite or other forms of carbon or of a mixture of these products, excluding those of siliceous fossil meals or similar earths",6903,6,1
H5,690320,"Refractory ceramic goods; containing by weight more than 50% of alumina or of a mixture or compound of alumina and of silica, excluding those of siliceous fossil meals or similar earths",6903,6,1
H5,690390,"Refractory ceramic goods; composition of which n.e.c. in heading no. 6903, other than those of siliceous fossil meals or similar earths",6903,6,1
H5,690410,Ceramic building bricks,6904,6,1
H5,690490,"Ceramic flooring blocks, supports or filler tiles and the like (excluding building bricks)",6904,6,1
H5,690510,Ceramic roofing tiles,6905,6,1
H5,690590,"Ceramic chimney-pots, cowls, chimney liners, architectural ornaments and other constructional goods (excluding roofing tiles)",6905,6,1
H5,690600,"Ceramic pipes, conduits, guttering and pipe fittings",6906,6,1
H5,690721,"Ceramic tiles; flags and paving, hearth or wall tiles other than those of subheadings 6907.30 and 6907.40, of a water absorption coefficient by weight not over 0.5%",6907,6,1
H5,690722,"Ceramic tiles; flags and paving, hearth or wall tiles other than those of subheadings 6907.30 and 6907.40, of a water absorption coefficient by weight over 0.5% but not over 10%",6907,6,1
H5,690723,"Ceramic tiles; flags and paving, hearth or wall tiles other than those of subheadings 6907.30 and 6907.40, of a water absorption coefficient by weight over 10%",6907,6,1
H5,690730,"Mosaic cubes and the like, other than those of subheading 6907.40",6907,6,1
H5,690740,Finishing ceramics,6907,6,1
H5,690911,"Ceramic wares; for laboratory, chemical or other technical uses, of porcelain or china",6909,6,1
H5,690912,"Ceramic wares; for laboratory, chemical or other technical uses, articles having a hardness equivalent to 9 or more on the Mohs scale",6909,6,1
H5,690919,"Ceramic wares; for laboratory, chemical or other technical uses, other than articles having a hardness equivalent to 9 or more on the Mohs scale or of porcelain or china",6909,6,1
H5,690990,"Ceramic wares; pots, jars and similar articles of a kind used for the conveyance or packing of goods and ceramic troughs, tubs and similar receptacles used in agriculture",6909,6,1
H5,691010,"Ceramic sinks, wash basins, wash basin pedestals, baths, bidets, water closet pans, flushing cisterns, urinals and similar sanitary fixtures; of porcelain or china",6910,6,1
H5,691090,"Ceramic sinks, wash basins, wash basin pedestals, baths, bidets, water closet pans, flushing cisterns, urinals and similar sanitary fixtures; of other than porcelain or china",6910,6,1
H5,691110,Tableware and kitchenware; of porcelain or china,6911,6,1
H5,691190,"Household and toilet articles; n.e.c. in heading no. 6911, of porcelain or china",6911,6,1
H5,691200,"Ceramic tableware, kitchenware, other household articles and toilet articles; other than of porcelain or china",6912,6,1
H5,691310,"Ceramic statuettes and other ornamental ceramic articles, of porcelain or china",6913,6,1
H5,691390,Ceramic statuettes and other ornamental ceramic articles; other than of porcelain or china,6913,6,1
H5,691410,Ceramic articles n.e.c. in chapter 69; of porcelain or china,6914,6,1
H5,691490,Ceramic articles n.e.c. in chapter 69; other than of porcelain or china,6914,6,1
H5,700100,"Glass; cullet and other waste and scrap of glass, glass in the mass",7001,6,1
H5,700210,"Glass; unworked, in balls (other than microspheres of heading no. 7018)",7002,6,1
H5,700220,"Glass; unworked, in rods",7002,6,1
H5,700231,"Glass; unworked, in tubes, of fused quartz or other fused silica",7002,6,1
H5,700232,"Glass; unworked, tubes, of glass having a linear coefficient of expansion not exceeding 5 x 10 (to the minus 6), (or 0.000005) per Kelvin within a temperature range of 0-300 degrees C",7002,6,1
H5,700239,"Glass; unworked, in tubes, other than of glass having a linear coefficient of expansion not exceeding 5 x 10 (to the minus 6, (or 0.000005) ) per Kelvin within a temperature range of 0-300 degrees C, not fused quartz or other fused silica",7002,6,1
H5,700312,"Glass; cast glass and rolled glass, non-wired sheets, coloured through the mass (body tinted), opacified, flashed or having an absorbent, reflecting or non-reflecting layer",7003,6,1
H5,700319,"Glass; cast glass and rolled glass, non-wired sheets, (excluding those coloured throughout the mass (body tinted) opacified, flashed or having an absorbent or reflecting layer)",7003,6,1
H5,700320,"Glass; cast glass and rolled glass, wired sheets, whether or not having an absorbent or reflecting layer but not otherwise worked",7003,6,1
H5,700330,"Glass; cast glass and rolled glass, profiles, not otherwise worked",7003,6,1
H5,700420,"Glass; drawn and blown, in sheets, coloured throughout the mass (body tinted), opacified, flashed or having an absorbent, reflecting or non-reflecting layer, but not otherwise worked",7004,6,1
H5,700490,"Glass; drawn and blown, in sheets, (other than glass coloured throughout the mass (body tinted), opacified, flashed or having an absorbent, reflecting or non-reflecting layer)",7004,6,1
H5,700510,"Glass; float glass and surface ground or polished glass, in sheets, non-wired, having an absorbent reflecting or non-reflecting layer",7005,6,1
H5,700521,"Glass; float glass and surface ground or polished glass, in sheets, non-wired, coloured throughout the mass (body tinted), opacified, flashed or merely surface ground",7005,6,1
H5,700529,"Glass; float glass and surface ground or polished glass, in sheets, non-wired, (other than coloured throughout the mass (body tinted), opacified, flashed or merely surface ground)",7005,6,1
H5,700530,"Glass; float glass and surface ground or polished glass, in sheets, wired glass, whether or not having an absorbent or reflecting layer",7005,6,1
H5,700600,"Glass of heading no. 7003, 7004 or 7005; bent, edge-worked, engraved, drilled, enamelled or otherwise worked, but not framed or fitted with other materials",7006,6,1
H5,700711,"Glass; safety glass, toughened (tempered), of size and shape suitable for incorporation in vehicles, aircraft, spacecraft or vessels",7007,6,1
H5,700719,"Glass; safety glass, toughened (tempered), (not of a size and shape suitable for incorporation in vehicles, aircraft, spacecraft or vessels)",7007,6,1
H5,700721,"Glass; safety glass, laminated, of size and shape suitable for incorporation in vehicles, aircraft, spacecraft or vessels",7007,6,1
H5,700729,"Glass; safety glass, laminated, (not of a size and shape suitable for incorporation in vehicles, aircraft, spacecraft or vessels)",7007,6,1
H5,700800,Glass; multiple-walled insulating units of glass,7008,6,1
H5,700910,Glass; rear-view mirrors for vehicles,7009,6,1
H5,700991,"Glass mirrors; unframed, excluding rear-view mirrors for vehicles",7009,6,1
H5,700992,"Glass mirrors; framed, excluding rear-view mirrors for vehicles",7009,6,1
H5,701010,"Glass; ampoules, of a kind used for the conveyance or packing of goods",7010,6,1
H5,701020,"Glass; stoppers, lids and other closures",7010,6,1
H5,701090,"Glass; carboys, bottles, flasks, jars, pots, phials and other containers of glass, (not ampoules), used for the conveyance or packing of goods",7010,6,1
H5,701110,"Glass envelopes (including bulbs and tubes); open, and glass parts thereof, without fittings, for electric lighting",7011,6,1
H5,701120,"Glass envelopes (including bulbs and tubes); open, and glass parts thereof, without fittings, for cathode-ray tubes",7011,6,1
H5,701190,"Glass envelopes (including bulbs and tubes); open, and glass parts thereof, without fittings, other than for electric lighting and cathode-ray tubes",7011,6,1
H5,701310,"Glassware; of a kind used for table, kitchen, toilet, office, indoor decoration or similar purposes (other than of heading no. 7010 or 7018), of glass-ceramics",7013,6,1
H5,701322,"Stemware drinking glasses, of lead crystal",7013,6,1
H5,701328,"Stemware drinking glasses, other than of lead crystal or glass-ceramics",7013,6,1
H5,701333,"Glassware; drinking glasses (not stemware), of lead crystal",7013,6,1
H5,701337,"Glassware; drinking glasses (not stemware), other than of lead crystal or glass-ceramics",7013,6,1
H5,701341,"Glassware of a kind used for table or kitchen purposes (not drinking glasses), of lead crystal",7013,6,1
H5,701342,"Glassware of a kind used for table or kitchen purposes (not drinking glasses), of glass having a linear coefficient of expansion not exceeding 5 x 10 (to the minus 6), (or 0.000005) per Kelvin within a temperature range of 0-300 degrees C",7013,6,1
H5,701349,"Glassware of a kind used for table or kitchen purposes (not drinking glasses or of glass-ceramics), of glass n.e.c. in item no. 7013.4",7013,6,1
H5,701391,"Glassware; n.e.c. in heading no. 7013, of lead crystal",7013,6,1
H5,701399,"Glassware; n.e.c. in heading no. 7013, other than of lead crystal",7013,6,1
H5,701400,"Glassware; signalling, (not optically worked)",7014,6,1
H5,701510,"Glasses for corrective spectacles; curved, bent, hollowed or the like, not optically worked",7015,6,1
H5,701590,"Glasses; clock or watch and similar, glasses for non-corrective spectacles, curved, bent, hollowed etc, (not optically worked), hollow glass spheres and segments, for the manufacture of such glasses",7015,6,1
H5,701610,"Glass cubes and other glass smallwares; whether or not on a backing, for mosaics or similar decorative purposes",7016,6,1
H5,701690,"Multicellular or foam glass; in blocks, panels, plates, shells or similar forms; paving blocks, slabs, bricks and other articles of pressed or moulded glass",7016,6,1
H5,701710,"Glassware; laboratory, hygienic or pharmaceutical, whether or not graduated or calibrated, of fused quartz or other fused silica",7017,6,1
H5,701720,"Glassware; laboratory, hygienic or pharmaceutical, whether or not graduated or calibrated, having a linear co-efficient of expansion not over 5 x 10 (to the minus 6), (or 0.000005)) per Kelvin with a temperature of 0-300 degrees C",7017,6,1
H5,701790,"Glassware; laboratory, hygienic or pharmaceutical, whether or not graduated or calibrated, of glass n.e.c. in heading no. 7017",7017,6,1
H5,701810,"Glass; beads, imitation pearls, imitation precious or semi-precious stones and similar glass smallwares",7018,6,1
H5,701820,Glass microspheres; not exceeding 1mm in diameter,7018,6,1
H5,701890,"Glass; articles thereof, statuettes and other ornaments of lamp worked glass, other than imitation jewellery",7018,6,1
H5,701911,"Glass fibres; (including glass wool), chopped strands, of a length of not more than 50mm",7019,6,1
H5,701912,"Glass fibres; (including glass wool), rovings",7019,6,1
H5,701919,"Glass fibres; (including glass wool), slivers, yarns and threads",7019,6,1
H5,701931,"Glass fibres; non-woven products, mats",7019,6,1
H5,701932,"Glass fibres; non-woven products, thin sheets (voiles)",7019,6,1
H5,701939,"Glass fibres; webs, mattresses, boards and similar non-woven products excluding mats and thin sheets",7019,6,1
H5,701940,Glass fibres; woven fabrics of rovings,7019,6,1
H5,701951,"Glass fibres; woven fabrics (other than of rovings), of a width not exceeding 30cm",7019,6,1
H5,701952,"Glass fibres; woven fabrics (other than of rovings), of a width exceeding 30cm, plain weave, weighing less than 250g/m2, of filaments measuring per single yarn not more than 136 tex",7019,6,1
H5,701959,"Glass fibres; woven fabrics (other than of rovings), n.e.c. in item no. 7019.5",7019,6,1
H5,701990,Glass fibres; n.e.c. in heading no. 7019,7019,6,1
H5,702000,Glass; articles n.e.c. in chapter 70,7020,6,1
H5,710110,"Pearls; natural, whether or not worked or graded (but not strung, mounted or set), temporarily strung for the convenience of transport",7101,6,1
H5,710121,"Pearls; cultured, unworked, whether or not graded (but not strung, mounted or set), temporarily strung for the convenience of transport",7101,6,1
H5,710122,"Pearls; cultured, worked, whether or not graded (but not strung, mounted or set), temporarily strung for the convenience of transport",7101,6,1
H5,710210,"Diamonds; whether or not worked, but not mounted or set, unsorted",7102,6,1
H5,710221,"Diamonds; industrial, unworked or simply sawn, cleaved or bruted, but not mounted or set",7102,6,1
H5,710229,"Diamonds; industrial, (other than unworked or simply sawn, cleaved or bruted), but not mounted or set",7102,6,1
H5,710231,"Diamonds; non-industrial, unworked or simply sawn, cleaved or bruted, but not mounted or set",7102,6,1
H5,710239,"Diamonds; non-industrial, (other than unworked or simply sawn, cleaved or bruted), but not mounted or set",7102,6,1
H5,710310,"Stones; precious (other than diamonds) and semi-precious stones, unworked or simply sawn or roughly shaped, not strung, mounted or set",7103,6,1
H5,710391,"Stones; rubies, sapphires and emeralds, worked (other than simply sawn or roughly shaped), not strung, mounted or set",7103,6,1
H5,710399,"Stones; precious (other than diamonds) and semi-precious stones, (other than rubies, sapphires and emeralds), worked other than simply sawn or roughly shaped, not strung, mounted or set",7103,6,1
H5,710410,"Stones; precious or semi-precious, synthetic or reconstructed, piezo-electric quartz, whether or not worked or graded (but not strung, mounted or set), temporarily strung for transport convenience",7104,6,1
H5,710420,"Stones; precious or semi-precious, synthetic or reconstructed, (not piezo-electric quartz), unworked or simply sawn, roughly shaped, (not strung, mounted or set), temporarily strung for transport convenience",7104,6,1
H5,710490,"Stones; precious or semi-precious, synthetic or reconstructed, (not piezo-electric quartz), worked or graded or not, (but not strung, mounted or set), temporarily strung for transport convenience, n.e.c. in item no. 7104.20",7104,6,1
H5,710510,"Stones; precious and semi-precious, dust and powder, of diamonds",7105,6,1
H5,710590,"Stones; precious and semi-precious, dust and powder, of natural or synthetic precious or semi-precious stones, excluding diamonds",7105,6,1
H5,710610,Metals; silver powder,7106,6,1
H5,710691,"Metals; silver, unwrought, (but not powder)",7106,6,1
H5,710692,"Metals; silver, semi-manufactured",7106,6,1
H5,710700,Base metals clad with silver; not further worked than semi-manufactured,7107,6,1
H5,710811,"Metals; gold, non-monetary, powder",7108,6,1
H5,710812,"Metals; gold, non-monetary, unwrought (but not powder)",7108,6,1
H5,710813,"Metals; gold, semi-manufactured",7108,6,1
H5,710820,"Gold, monetary",7108,6,1
H5,710900,"Base metals or silver; clad with gold, not further worked than semi-manufactured",7109,6,1
H5,711011,"Metals; platinum, unwrought or in powder form",7110,6,1
H5,711019,"Metals; platinum, semi-manufactured",7110,6,1
H5,711021,"Metals; palladium, unwrought or in powder form",7110,6,1
H5,711029,"Metals; palladium, semi-manufactured",7110,6,1
H5,711031,"Metals; rhodium, unwrought or in powder form",7110,6,1
H5,711039,"Metals; rhodium, semi-manufactured",7110,6,1
H5,711041,"Metals; iridium, osmium, ruthenium, unwrought or in powder form",7110,6,1
H5,711049,"Metals; iridium, osmium, ruthenium, semi-manufactured",7110,6,1
H5,711100,"Base metals, silver or gold, clad with platinum; not further worked than semi-manufactured",7111,6,1
H5,711230,Waste and scrap of precious metal or of metal clad with precious metal; ash containing precious metal or precious metal compounds,7112,6,1
H5,711291,"Waste and scrap of precious metals; of gold, including metal clad with gold but excluding sweepings containing other precious metals",7112,6,1
H5,711292,"Waste and scrap of precious metals; of platinum, including metal clad with platinum but excluding sweepings containing other precious metals",7112,6,1
H5,711299,"Waste and scrap of precious metals; waste and scrap of precious metals including metal clad with precious metals, other than that of gold and platinum and excluding ash which contains precious metal or precious metal compounds",7112,6,1
H5,711311,"Jewellery; of silver, whether or not plated or clad with other precious metal, and parts thereof",7113,6,1
H5,711319,"Jewellery; of precious metal (excluding silver) whether or not plated or clad with precious metal, and parts thereof",7113,6,1
H5,711320,"Jewellery; of base metal clad with precious metal, and parts thereof",7113,6,1
H5,711411,"Silversmiths' wares; and parts thereof, of silver, whether or not plated or clad with other precious metal",7114,6,1
H5,711419,"Goldsmiths' wares; articles of and parts thereof, of precious metal (excluding silver) whether or not plated or clad with precious metal",7114,6,1
H5,711420,"Goldsmiths' and silversmiths' wares; articles of and parts thereof, of base metal clad with precious metal",7114,6,1
H5,711510,"Metal; catalysts in the form of wire cloth or grill, of platinum",7115,6,1
H5,711590,"Metal; precious or metal clad with precious metal, other than that of item no. 7115.10",7115,6,1
H5,711610,Pearls; articles of natural or cultured pearls,7116,6,1
H5,711620,"Stones; precious or semi-precious stones (natural, synthetic or reconstructed) articles of",7116,6,1
H5,711711,"Jewellery; imitation, cuff links and studs, of base metal, whether or not plated with precious metal",7117,6,1
H5,711719,"Jewellery; imitation, (excluding cuff links and studs), of base metal, whether or not plated with precious metal",7117,6,1
H5,711790,"Jewellery; imitation, of other than base metal, whether or not plated with precious metal",7117,6,1
H5,711810,"Coin (other than gold coin), not being legal tender",7118,6,1
H5,711890,Coin; other than coin of item no. 7118.10,7118,6,1
H5,720110,"Iron; non-alloy pig iron containing by weight 0.5% or less of phosphorus, in pigs, blocks or other primary forms",7201,6,1
H5,720120,"Iron; non-alloy pig iron containing by weight more than 0.5% of phosphorus, in pigs, blocks or other primary forms",7201,6,1
H5,720150,"Iron; alloy pig iron, spiegeleisen, in pigs, blocks or other primary forms",7201,6,1
H5,720211,"Ferro-alloys; ferro-manganese, containing by weight more than 2% of carbon",7202,6,1
H5,720219,"Ferro-alloys; ferro-manganese, containing by weight 2% or less of carbon",7202,6,1
H5,720221,"Ferro-alloys; ferro-silicon, containing by weight more than 55% of silicon",7202,6,1
H5,720229,"Ferro-alloys; ferro-silicon, containing by weight 55% or less of silicon",7202,6,1
H5,720230,Ferro-alloys; ferro-silico-manganese,7202,6,1
H5,720241,"Ferro-alloys; ferro-chromium, containing by weight more than 4% of carbon",7202,6,1
H5,720249,"Ferro-alloys; ferro-chromium, containing by weight 4% or less of carbon",7202,6,1
H5,720250,Ferro-alloys; ferro-silico-chromium,7202,6,1
H5,720260,Ferro-alloys; ferro-nickel,7202,6,1
H5,720270,Ferro-alloys; ferro-molybdenum,7202,6,1
H5,720280,Ferro-alloys; ferro-tungsten and ferro-silico-tungsten,7202,6,1
H5,720291,Ferro-alloys; ferro-titanium and ferro-silico-titanium,7202,6,1
H5,720292,Ferro-alloys; ferro-vanadium,7202,6,1
H5,720293,Ferro-alloys; ferro-niobium,7202,6,1
H5,720299,Ferro-alloys; n.e.c. in heading no. 7202,7202,6,1
H5,720310,"Ferrous products; obtained by direct reduction of iron ore, in lumps, pellets or similar forms",7203,6,1
H5,720390,"Ferrous products; spongy ferrous products and iron having a minimum purity by weight of 99.94%, in lumps, pellets or similar forms",7203,6,1
H5,720410,Ferrous waste and scrap; of cast iron,7204,6,1
H5,720421,Ferrous waste and scrap; of stainless steel,7204,6,1
H5,720429,Ferrous waste and scrap; of alloy steel (excluding stainless),7204,6,1
H5,720430,Ferrous waste and scrap; of tinned iron or steel,7204,6,1
H5,720441,"Ferrous waste and scrap; turnings, shavings, chips, milling waste, sawdust, fillings, trimmings and stampings, whether or not in bundles",7204,6,1
H5,720449,Ferrous waste and scrap; n.e.c. in heading no. 7204,7204,6,1
H5,720450,Ferrous products; remelting scrap ingots,7204,6,1
H5,720510,"Iron or steel, pig iron, spiegeleisen; granules thereof",7205,6,1
H5,720521,Alloy steel powders,7205,6,1
H5,720529,"Iron or steel, pig iron, spiegeleisen; powders (excluding alloy steel)",7205,6,1
H5,720610,Iron or non-alloy steel; ingots (excluding iron of heading no. 7203),7206,6,1
H5,720690,Iron or non-alloy steel; primary forms (excluding ingots and iron of heading no. 7203),7206,6,1
H5,720711,"Iron or non-alloy steel; semi-finished products of iron or non-alloy steel; containing by weight less than 0.25% of carbon, of rectangular (including square) cross-section, width less than twice thickness",7207,6,1
H5,720712,"Iron or non-alloy steel; semi-finished products of iron or non-alloy steel; containing by weight less than 0.25% of carbon, of rectangular (other than square) cross-section",7207,6,1
H5,720719,"Iron or non-alloy steel; semi-finished products of iron or non-alloy steel, containing by weight less than 0.25% of carbon, other than rectangular or square cross-section",7207,6,1
H5,720720,"Iron or non-alloy steel; semi-finished products of iron or non-alloy steel, containing by weight 0.25% or more of carbon",7207,6,1
H5,720810,"Iron or non-alloy steel; in coils, flat-rolled, of a width 600mm or more, hot-rolled, with patterns in relief",7208,6,1
H5,720825,"Iron or non-alloy steel; in coils, without patterns in relief, flat-rolled, of a width 600mm or more, hot-rolled, pickled, of a thickness of 4.75mm or more",7208,6,1
H5,720826,"Iron or non-alloy steel; in coils, without patterns in relief, flat-rolled, of a width 600mm or more, hot-rolled, pickled, of a thickness of 3mm or more but less than 4.75mm",7208,6,1
H5,720827,"Iron or non-alloy steel; in coils, without patterns in relief, flat-rolled, of a width 600mm or more, hot-rolled, pickled, of a thickness of less than 3mm",7208,6,1
H5,720836,"Iron or non-alloy steel; in coils, without patterns in relief, flat-rolled, of a width 600mm or more, hot-rolled, of a thickness exceeding 10mm",7208,6,1
H5,720837,"Iron or non-alloy steel; in coils, without patterns in relief, flat-rolled, of a width 600mm or more, hot-rolled, of a thickness of 4.75mm or more but not exceeding 10mm",7208,6,1
H5,720838,"Iron or non-alloy steel; in coils, without patterns in relief, flat-rolled, of a width 600mm or more, hot-rolled, of a thickness of 3mm or more but less than 4.75mm",7208,6,1
H5,720839,"Iron or non-alloy steel; in coils, without patterns in relief, flat-rolled, of a width 600mm or more, hot-rolled, of a thickness of less than 3mm",7208,6,1
H5,720840,"Iron or non-alloy steel; (not in coils), flat-rolled, of a width 600mm or more, hot-rolled, with patterns in relief",7208,6,1
H5,720851,"Iron or non-alloy steel; (not in coils), flat-rolled, of a width 600mm or more, hot-rolled, without patterns in relief, of a thickness exceeding 10mm",7208,6,1
H5,720852,"Iron or non-alloy steel; (not in coils), flat-rolled, of a width 600mm or more, hot-rolled, without patterns in relief, of a thickness of 4.75mm or more but not exceeding 10mm",7208,6,1
H5,720853,"Iron or non-alloy steel; (not in coils), flat-rolled, of a width 600mm or more, hot-rolled, without patterns in relief, of a thickness of 3mm or more but less than 4.75mm",7208,6,1
H5,720854,"Iron or non-alloy steel; (not in coils), flat-rolled, of a width 600mm or more, hot-rolled, without patterns in relief, of a thickness of less than 3mm",7208,6,1
H5,720890,"Iron or non-alloy steel; flat-rolled, hot-rolled, of a width 600mm or more, n.e.c. in heading no. 7208",7208,6,1
H5,720915,"Iron or non-alloy steel; in coils, flat-rolled, width 600mm or more, cold-rolled, of a thickness of 3mm or more",7209,6,1
H5,720916,"Iron or non-alloy steel; in coils, flat-rolled, width 600mm or more, cold-rolled, of a thickness exceeding 1mm but less than 3mm",7209,6,1
H5,720917,"Iron or non-alloy steel; in coils, flat-rolled, width 600mm or more, cold-rolled, of a thickness of 0.5mm or more but not exceeding 1mm",7209,6,1
H5,720918,"Iron or non-alloy steel; in coils, flat-rolled, width 600mm or more, cold-rolled, of a thickness of less than 0.5mm",7209,6,1
H5,720925,"Iron or non-alloy steel; (not in coils), flat-rolled, width 600mm or more, cold-rolled, of a thickness of 3mm or more",7209,6,1
H5,720926,"Iron or non-alloy steel; (not in coils), flat-rolled, width 600mm or more, cold-rolled, of a thickness exceeding 1mm but less than 3mm",7209,6,1
H5,720927,"Iron or non-alloy steel; (not in coils), flat-rolled, width 600mm or more, cold-rolled, of a thickness of 0.5mm or more but not exceeding 1mm",7209,6,1
H5,720928,"Iron or non-alloy steel; (not in coils), flat-rolled, width 600mm or more, cold-rolled, of a thickness of less than 0.5mm",7209,6,1
H5,720990,"Iron or non-alloy steel; flat-rolled, width 600mm or more, cold-rolled, n.e.c. in heading no. 7209",7209,6,1
H5,721011,"Iron or non-alloy steel; flat-rolled, width 600mm or more, plated or coated with tin, thickness of 0.5mm or more",7210,6,1
H5,721012,"Iron or non-alloy steel; flat-rolled, width 600mm or more, plated or coated with tin, thickness of less than 0.5mm",7210,6,1
H5,721020,"Iron or non-alloy steel; flat-rolled, width 600mm or more, plated or coated with lead, including terne-plate",7210,6,1
H5,721030,"Iron or non-alloy steel; flat-rolled, width 600mm or more, electrolytically plated or coated with zinc",7210,6,1
H5,721041,"Iron or non-alloy steel; flat-rolled, width 600mm or more, corrugated, plated or coated with zinc (not electrolytically)",7210,6,1
H5,721049,"Iron or non-alloy steel; flat-rolled, width 600mm or more, (not corrugated), plated or coated with zinc (not electrolytically)",7210,6,1
H5,721050,"Iron or non-alloy steel; flat-rolled, width 600mm or more, plated or coated with chromium oxides or with chromium and chromium oxides",7210,6,1
H5,721061,"Iron or non-alloy steel; flat-rolled, width 600mm or more, plated or coated with aluminium zinc-alloys",7210,6,1
H5,721069,"Iron or non-alloy steel; flat-rolled, width 600mm or more, plated or coated with aluminium, other than plated or coated with aluminium zinc-alloys",7210,6,1
H5,721070,"Iron or non-alloy steel; flat-rolled, width 600mm or more, painted, varnished or coated with plastics",7210,6,1
H5,721090,"Iron or non-alloy steel; flat-rolled, width 600mm or more, plated or coated with materials n.e.c. in heading no. 7210",7210,6,1
H5,721113,"Iron or non-alloy steel; flat-rolled, hot-rolled, rolled on four faces or in a closed box pass, of a width more than 150mm but less than 600mm, 4mm thick or more, not in coils, without patterns in relief",7211,6,1
H5,721114,"Iron or non-alloy steel; flat-rolled, hot-rolled, of a width less than 600mm, 4.75mm thick or more, excluding those of item no. 7211.13",7211,6,1
H5,721119,"Iron or non-alloy steel; flat-rolled, hot-rolled, of a width less than 600mm, less than 4.75mm thick, excluding those of item no. 7211.13",7211,6,1
H5,721123,"Iron or non-alloy steel; flat-rolled, cold-rolled, of a width less than 600mm, containing by weight less than 0.25% of carbon",7211,6,1
H5,721129,"Iron or non-alloy steel; flat-rolled, cold-rolled, of a width less than 600mm, containing by weight 0.25% or more of carbon",7211,6,1
H5,721190,"Iron or non-alloy steel; flat-rolled, n.e.c. in heading no. 7211, width less than 600mm",7211,6,1
H5,721210,"Iron or non-alloy steel; flat-rolled, width less than 600mm, plated or coated with tin",7212,6,1
H5,721220,"Iron or non-alloy steel; flat-rolled, of a width less than 600mm, electrolytically plated or coated with zinc",7212,6,1
H5,721230,"Iron or non-alloy steel; flat-rolled, width less than 600mm, plated or coated with zinc (not electrolytically)",7212,6,1
H5,721240,"Iron or non-alloy steel; flat-rolled, width less than 600mm, painted, varnished or coated with plastics",7212,6,1
H5,721250,"Iron or non-alloy steel; flat-rolled, width less than 600mm, plated or coated, (excluding tin, zinc or plastic)",7212,6,1
H5,721260,"Iron or non-alloy steel; flat-rolled, width less than 600mm, clad",7212,6,1
H5,721310,"Iron or non-alloy steel; bars and rods, hot-rolled, in irregularly wound coils, containing indentations, ribs, grooves or other deformations produced during the rolling process",7213,6,1
H5,721320,"Iron or non-alloy steel; bars and rods, hot-rolled, in irregularly wound coils, of free-cutting steel",7213,6,1
H5,721391,"Iron or non-alloy steel; bars and rods, hot-rolled, in irregularly wound coils, n.e.c. in heading no. 7213, of circular cross-section measuring less than 14mm in diameter",7213,6,1
H5,721399,"Iron or non-alloy steel; bars and rods, hot-rolled, in irregularly wound coils, n.e.c. in heading no. 7213, of circular cross-section measuring 14mm or more in diameter",7213,6,1
H5,721410,"Iron or non-alloy steel; bars and rods, forged, hot-rolled, hot-drawn or hot-extruded, but including those twisted after rolling",7214,6,1
H5,721420,"Iron or non-alloy steel; bars and rods, hot-rolled, hot-drawn or hot-extruded, containing indentations, ribs, grooves or other deformations produced during the rolling process or twisted after rolling",7214,6,1
H5,721430,"Iron or non-alloy steel; bars and rods, hot-rolled, hot-drawn or hot-extruded, including those twisted after rolling, of free-cutting steel",7214,6,1
H5,721491,"Iron or non-alloy steel; bars and rods, hot-rolled, hot-drawn or hot-extruded, n.e.c. in heading no. 7214, of rectangular (other than square) cross-section",7214,6,1
H5,721499,"Iron or non-alloy steel; bars and rods, hot-rolled, hot-drawn or hot-extruded, n.e.c. in heading no. 7214, other than of rectangular cross-section",7214,6,1
H5,721510,"Iron or non-alloy steel; bars and rods, of free-cutting steel, cold-formed or cold-finished, n.e.c. in chapter 72",7215,6,1
H5,721550,"Iron or non-alloy steel; bars and rods, n.e.c. in chapter 72, cold-formed or cold-finished, (not free-cutting)",7215,6,1
H5,721590,"Iron or non-alloy steel; bars and rods, n.e.c. in chapter 72, n.e.c. in heading no. 7215",7215,6,1
H5,721610,"Iron or non-alloy steel; U, I or H sections, hot-rolled, hot-drawn or extruded, of a height of less than 80mm",7216,6,1
H5,721621,"Iron or non-alloy steel; L sections, hot-rolled, hot-drawn or extruded, of a height of less than 80mm",7216,6,1
H5,721622,"Iron or non-alloy steel; T sections, hot-rolled, hot-drawn or extruded, of a height less than 80mm",7216,6,1
H5,721631,"Iron or non-alloy steel; U sections, hot-rolled, hot-drawn or extruded, of a height of 80mm or more",7216,6,1
H5,721632,"Iron or non-alloy steel; I sections, hot-rolled, hot-drawn or extruded, of a height of 80mm or more",7216,6,1
H5,721633,"Iron or non-alloy steel; H sections, hot-rolled, hot-drawn or extruded, of a height of 80mm or more",7216,6,1
H5,721640,"Iron or non-alloy steel; L or T sections, hot-rolled, hot-drawn or extruded, of a height of 80mm or more",7216,6,1
H5,721650,"Iron or non-alloy steel; angles, shapes and sections, n.e.c. in heading no. 7216, hot-rolled, hot-drawn or extruded",7216,6,1
H5,721661,"Iron or non-alloy steel; angles, shapes and sections, cold-formed or cold-finished, obtained from flat-rolled products",7216,6,1
H5,721669,"Iron or non-alloy steel; angles, shapes and sections, cold-formed or cold-finished, (not obtained from flat-rolled products)",7216,6,1
H5,721691,"Iron or non-alloy steel; angles, shapes and sections, n.e.c. in heading no. 7216, cold-formed or cold-finished, from flat-rolled products",7216,6,1
H5,721699,"Iron or non-alloy steel; angles, shapes and sections, n.e.c. in heading no. 7216",7216,6,1
H5,721710,"Iron or non-alloy steel; wire, (not plated or coated), whether or not polished",7217,6,1
H5,721720,"Iron or non-alloy steel; wire, plated or coated with zinc",7217,6,1
H5,721730,"Iron or non-alloy steel; wire, plated or coated with base metals (other than zinc)",7217,6,1
H5,721790,"Iron or non-alloy steel; wire, n.e.c. in heading no. 7217",7217,6,1
H5,721810,"Steel, stainless; ingots and other primary forms",7218,6,1
H5,721891,"Steel, stainless; semi-finished products, of rectangular (other than square) cross-section",7218,6,1
H5,721899,"Steel, stainless; semi-finished products, other than of rectangular cross-section",7218,6,1
H5,721911,"Steel, stainless; flat-rolled, width 600mm or more, hot-rolled, in coils, of a thickness exceeding 10mm",7219,6,1
H5,721912,"Steel, stainless; flat-rolled, width 600mm or more, hot-rolled, in coils, of a thickness of 4.75mm or more but not exceeding 10mm",7219,6,1
H5,721913,"Steel, stainless; flat-rolled, width 600mm or more, hot-rolled, in coils, of a thickness of 3mm or more but less than 4.75mm",7219,6,1
H5,721914,"Steel, stainless; flat-rolled, width 600mm or more, hot-rolled, in coils, of a thickness of less than 3mm",7219,6,1
H5,721921,"Steel, stainless; flat-rolled, width 600mm or more, hot-rolled, (not in coils), of a thickness exceeding 10mm",7219,6,1
H5,721922,"Steel, stainless; flat-rolled, width 600mm or more, hot-rolled, (not in coils), of a thickness of 4.75mm or more but not exceeding 10mm",7219,6,1
H5,721923,"Steel, stainless; flat-rolled, width 600mm or more, hot-rolled, (not in coils), of a thickness of 3mm or more but less than 4.75mm",7219,6,1
H5,721924,"Steel, stainless; flat-rolled, width 600mm or more, hot-rolled, (not in coils), of a thickness of less than 3mm",7219,6,1
H5,721931,"Steel, stainless; flat-rolled, width 600mm or more, cold-rolled or cold-reduced, of a thickness of 4.75mm or more",7219,6,1
H5,721932,"Steel, stainless; flat-rolled, width 600mm or more, cold-rolled, of a thickness of 3mm or more but less than 4.75mm",7219,6,1
H5,721933,"Steel, stainless; flat-rolled, width 600mm or more, cold-rolled, of a thickness exceeding 1mm but less than 3mm",7219,6,1
H5,721934,"Steel, stainless; flat-rolled, width 600mm or more, cold-rolled, of a thickness of 0.5mm or more but not exceeding 1mm",7219,6,1
H5,721935,"Steel, stainless; flat-rolled, width 600mm or more, cold-rolled, of a thickness of less than 0.5mm",7219,6,1
H5,721990,"Steel, stainless; flat-rolled, width 600mm or more, n.e.c. in heading no. 7219",7219,6,1
H5,722011,"Steel, stainless; flat-rolled, width less than 600mm, hot-rolled, of a thickness of 4.75mm or more",7220,6,1
H5,722012,"Steel, stainless; flat-rolled, width less than 600mm, hot-rolled, of a thickness of less than 4.75mm",7220,6,1
H5,722020,"Steel, stainless; flat-rolled, width less than 600mm, cold-rolled",7220,6,1
H5,722090,"Steel, stainless; flat-rolled, width less than 600mm, n.e.c. in heading no 7220",7220,6,1
H5,722100,"Steel, stainless; bars and rods, hot-rolled, in irregularly wound coils",7221,6,1
H5,722211,"Steel, stainless; bars and rods, hot-rolled, hot-drawn or extruded, of circular cross-section",7222,6,1
H5,722219,"Steel, stainless; bars and rods, hot-rolled, hot-drawn or extruded, other than of circular cross-section",7222,6,1
H5,722220,"Steel, stainless; bars and rods, cold-formed or cold-finished",7222,6,1
H5,722230,"Steel, stainless; bars and rods, n.e.c. in heading no. 7222",7222,6,1
H5,722240,"Steel, stainless; angles, shapes and sections",7222,6,1
H5,722300,"Steel, stainless; wire",7223,6,1
H5,722410,"Steel, alloy; ingots and other primary forms",7224,6,1
H5,722490,"Steel, alloy; semi-finished products",7224,6,1
H5,722511,"Steel, alloy; flat-rolled, width 600mm or more, of silicon-electrical steel, grain-oriented",7225,6,1
H5,722519,"Steel, alloy; flat-rolled, width 600mm or more, of silicon-electrical steel, (other than grain-oriented)",7225,6,1
H5,722530,"Steel, alloy; flat-rolled, width 600mm or more, hot-rolled, in coils",7225,6,1
H5,722540,"Steel, alloy; flat-rolled, width 600mm or more, hot-rolled, not in coils",7225,6,1
H5,722550,"Steel, alloy; flat-rolled, width 600mm or more, cold-rolled",7225,6,1
H5,722591,"Steel, alloy; flat-rolled, width 600mm or more, n.e.c. in heading no. 7225, electrolytically plated or coated with zinc",7225,6,1
H5,722592,"Steel, alloy; flat-rolled, width 600mm or more, n.e.c. in heading no. 7225, plated or coated with zinc (other than electrolytically)",7225,6,1
H5,722599,"Steel, alloy; flat-rolled, width 600mm or more, n.e.c. in heading no. 7225, (other than plated or coated with zinc)",7225,6,1
H5,722611,"Steel, alloy; flat-rolled, width less than 600mm, of silicon-electrical steel, grain-oriented",7226,6,1
H5,722619,"Steel, alloy; flat-rolled, width less than 600mm, of silicon-electrical steel, other than grain-oriented",7226,6,1
H5,722620,"Steel, alloy; flat-rolled, width less than 600mm, of high speed steel",7226,6,1
H5,722691,"Steel, alloy; flat-rolled, width less than 600mm, (excluding silicon-electrical or high speed steel), hot-rolled",7226,6,1
H5,722692,"Steel, alloy; flat-rolled, width less than 600mm, (excluding silicon-electrical or high speed steel), cold-rolled",7226,6,1
H5,722699,"Steel, alloy; flat-rolled, width less than 600mm, n.e.c. in item no. 7226.9",7226,6,1
H5,722710,"Steel, alloy; bars and rods, hot-rolled, in irregularly wound coils, of high speed steel",7227,6,1
H5,722720,"Steel, alloy; bars and rods, hot-rolled, in irregularly wound coils, of silico-manganese steel",7227,6,1
H5,722790,"Steel, alloy; bars and rods, hot-rolled, in irregularly wound coils, n.e.c. in heading no. 7227",7227,6,1
H5,722810,"Steel, alloy; bars and rods, of high speed steel",7228,6,1
H5,722820,"Steel, alloy; bars and rods, of silico-manganese steel",7228,6,1
H5,722830,"Steel, alloy; bars and rods, hot-rolled, hot-drawn or extruded",7228,6,1
H5,722840,"Steel, alloy; bars and rods, forged",7228,6,1
H5,722850,"Steel, alloy; bars and rods, cold-formed or cold-finished",7228,6,1
H5,722860,"Steel, alloy; bars and rods n.e.c. in heading no. 7228",7228,6,1
H5,722870,"Steel, alloy; angles, shapes and sections",7228,6,1
H5,722880,"Steel, alloy or non-alloy; hollow drill bars and rods",7228,6,1
H5,722920,"Steel, alloy; wire, of silico-manganese steel",7229,6,1
H5,722990,"Steel, alloy; wire, of materials other than silico-manganese steel",7229,6,1
H5,730110,"Iron or steel; sheet piling, whether or not drilled, punched or made from assembled elements",7301,6,1
H5,730120,"Iron or steel; angles, shapes and sections, welded",7301,6,1
H5,730210,"Iron or steel, railway or tramway track construction material; rails",7302,6,1
H5,730230,"Iron or steel, railway or tramway track construction material; switch blades, crossing frogs, point rods and other crossing pieces",7302,6,1
H5,730240,"Iron or steel, railway or tramway track construction material; fish-plates and sole plates",7302,6,1
H5,730290,"Iron or steel, railway or tramway track construction material; n.e.c. in heading no. 7302",7302,6,1
H5,730300,"Cast iron; tubes, pipes and hollow profiles",7303,6,1
H5,730411,"Iron or steel (excluding cast iron); seamless, line pipe of a kind used for oil or gas pipelines, of stainless steel",7304,6,1
H5,730419,"Iron or steel (excluding cast iron or stainless steel); seamless, line pipe of a kind used for oil or gas pipelines",7304,6,1
H5,730422,"Steel, stainless; seamless, drill pipe, of a kind used in drilling for oil or gas",7304,6,1
H5,730423,"Iron or steel (excluding cast iron or stainless steel); seamless, drill pipe, of a kind used in drilling for oil or gas",7304,6,1
H5,730424,"Steel, stainless; seamless, casing and tubing, of a kind used in drilling for oil or gas",7304,6,1
H5,730429,"Iron or steel (excluding cast iron or stainless steel); seamless, casing and tubing, of a kind used in drilling for oil or gas",7304,6,1
H5,730431,"Iron or non-alloy steel (excluding cast iron); seamless, cold-drawn or cold-rolled, tubes, pipes and hollow profiles of circular cross-section",7304,6,1
H5,730439,"Iron or non-alloy steel (excluding cast iron); seamless, (excluding cold-drawn or cold-rolled), tubes, pipes and hollow profiles of circular cross-section",7304,6,1
H5,730441,"Steel, stainless; cold-drawn or cold-rolled (cold-reduced), tubes and pipes of circular cross-section",7304,6,1
H5,730449,"Steel, stainless; (excluding cold-drawn or cold-rolled), tubes pipes and hollow profiles of circular cross-section",7304,6,1
H5,730451,"Steel, alloy (not stainless steel); seamless, cold-drawn or cold-rolled (cold-reduced), tubes, pipes and hollow profiles of circular cross-section",7304,6,1
H5,730459,"Steel, alloy (not stainless steel); (excluding cold-drawn or cold-rolled), tubes, pipes and hollow profiles of circular cross-section",7304,6,1
H5,730490,"Iron or steel (excluding cast iron); seamless, tubes, pipes and hollow profiles, seamless, n.e.c. in heading no. 7304",7304,6,1
H5,730511,"Iron or steel (excluding cast iron); line pipe of a kind used for oil or gas pipelines (not seamless), longitudinally submerged arc welded, having circular cross-sections, external diameter exceeds 406.4mm",7305,6,1
H5,730512,"Iron or steel (excluding cast iron); line pipe of a kind used for oil or gas pipelines (not seamless), longitudinally welded (not submerged arc welded), having circular cross-sections, external diameter exceeds 406.4mm",7305,6,1
H5,730519,"Iron or steel (excluding cast iron); line pipe of a kind used for oil or gas pipelines (not seamless), (not longitudinally welded), having circular cross-sections, external diameter exceeds 406.4mm",7305,6,1
H5,730520,"Iron or steel (excluding cast iron); casing of a kind used in drilling for oil or gas (not seamless), having circular cross-sections, external diameter exceeds 406.4mm",7305,6,1
H5,730531,"Iron or steel (excluding cast iron); tubes and pipes (other than line pipe or casing of a kind used for oil or gas pipelines), longitudinally welded, having circular cross-sections, external diameter exceeds 406.4mm, (not seamless)",7305,6,1
H5,730539,"Iron or steel (excluding cast iron); tubes and pipes (other than line pipe or casing of a kind used for oil or gas pipelines), welded (not longitudinally welded), having circular cross-sections, external diameter exceeds 406.4mm, (not seamless)",7305,6,1
H5,730590,"Iron or steel (excluding cast iron); tubes and pipes n.e.c. in heading no. 7305, having circular cross-sections, external diameter exceeds 406.4mm, (not seamless)",7305,6,1
H5,730611,"Steel; stainless; line pipe of a kind used for oil or gas pipelines n.e.c. in chapter 73, welded, (not seamless)",7306,6,1
H5,730619,"Iron or steel (excluding cast iron); line pipe of a kind used for oil or gas pipelines (other than of stainless steel or seamless), n.e.c. in chapter 73",7306,6,1
H5,730621,"Steel, stainless; casing and tubing of a kind used in drilling for oil and gas, n.e.c. in chapter 73, welded, (not seamless)",7306,6,1
H5,730629,"Iron or steel (excluding cast iron); casing and tubing of a kind used in drilling for oil and gas (other than stainless steel or seamless), n.e.c. in chapter 73",7306,6,1
H5,730630,"Iron or non-alloy steel (excluding cast iron); tubes and pipes (not seamless), welded, of circular cross-section, n.e.c. in chapter 73",7306,6,1
H5,730640,"Steel, stainless; tubes, pipes and hollow profiles, welded, of circular cross-section, n.e.c. in chapter 73",7306,6,1
H5,730650,"Steel, alloy; tubes, pipes and hollow profiles (other than stainless steel or seamless), welded, of circular cross-section, n.e.c. in chapter 73",7306,6,1
H5,730661,"Iron or steel (excluding cast iron); tubes, pipes and hollow profiles (not seamless), welded, of square or rectangular cross-section, n.e.c. in chapter 73",7306,6,1
H5,730669,"Iron or steel (excluding cast iron); tubes, pipes and hollow profiles (not seamless), n.e.c. in chapter 73, welded, of non-circular cross-section (not square or rectangular cross-section)",7306,6,1
H5,730690,"Iron or steel (excluding cast iron); tubes, pipes and hollow profiles (not seamless), n.e.c. in chapter 73",7306,6,1
H5,730711,"Cast iron; cast fittings, of non-malleable cast iron",7307,6,1
H5,730719,"Iron or steel; cast fittings, other than of non-malleable cast iron",7307,6,1
H5,730721,"Steel, stainless; tube or pipe fittings, flanges, of stainless steel",7307,6,1
H5,730722,"Steel, stainless; tube or pipe fittings, threaded elbows, bends and sleeves",7307,6,1
H5,730723,"Steel, stainless; tube or pipe fittings, butt welding fittings",7307,6,1
H5,730729,"Steel, stainless; tube or pipe fittings, n.e.c. in item no. 7307.2",7307,6,1
H5,730791,"Iron or steel; tube or pipe fittings, flanges, other than stainless steel",7307,6,1
H5,730792,"Iron or steel; tube or pipe fittings, threaded elbows, bends and sleeves, other than stainless steel",7307,6,1
H5,730793,"Iron or steel; tube or pipe fittings, butt welding fittings, other than stainless steel",7307,6,1
H5,730799,"Iron or steel; tube or pipe fittings, n.e.c. in item no. 7307.9, other than stainless steel",7307,6,1
H5,730810,"Iron or steel; structures and parts thereof, bridges and bridge-sections",7308,6,1
H5,730820,"Iron or steel; structures and parts thereof, towers and lattice masts",7308,6,1
H5,730830,"Iron or steel; structures and parts thereof, doors, windows and their frames and thresholds for doors",7308,6,1
H5,730840,"Iron or steel; structures and parts thereof, props and similar equipment for scaffolding, shuttering or pit-propping",7308,6,1
H5,730890,"Iron or steel; structures and parts thereof, n.e.c. in heading 7308",7308,6,1
H5,730900,"Reservoirs, tanks, vats and similar containers; for any material (excluding compressed or liquefied gas), of iron or steel, capacity exceeding 300l, whether or not lined or heat insulated",7309,6,1
H5,731010,"Tanks, casks, drums, cans, boxes and similar containers, for any material (excluding compressed or liquefied gas), 50l or more capacity but not exceeding 300l",7310,6,1
H5,731021,"Cans; which are to be closed by soldering or crimping, for any material (excluding compressed or liquefied gas), less than 50l capacity, of iron or steel",7310,6,1
H5,731029,"Tanks, casks, drums, boxes and similar containers for any material (excluding compressed or liquefied gas) less than 50l capacity, n.e.c. in item no. 7310.2, of iron or steel",7310,6,1
H5,731100,"Containers for compressed or liquefied gas, of iron or steel",7311,6,1
H5,731210,"Iron or steel; stranded wire, ropes and cables, not electrically insulated",7312,6,1
H5,731290,"Iron or steel; plaited bands, slings and the like, not electrically insulated",7312,6,1
H5,731300,"Iron of steel; barbed wire, twisted hoop or single flat wire and loosely twisted double wire, used for fencing",7313,6,1
H5,731412,"Iron or steel; woven cloth, endless bands for machinery, of stainless steel",7314,6,1
H5,731414,"Iron or steel; woven cloth, of stainless steel, (other than endless bands for machinery)",7314,6,1
H5,731419,"Iron or steel; woven cloth, other than of stainless steel",7314,6,1
H5,731420,"Iron or steel wire; grill, netting and fencing, welded at intersections, of wire with a maximum cross-sectional dimension of 3mm or more and mesh size 100cm2 or more",7314,6,1
H5,731431,"Iron or steel wire; grill, netting and fencing, welded at the intersection, n.e.c. in item no. 7314.20, plated or coated with zinc",7314,6,1
H5,731439,"Iron or steel wire; grill, netting and fencing, welded at the intersection, n.e.c. in item no. 7314.20, (other than plated or coated with zinc)",7314,6,1
H5,731441,"Iron or steel wire; grill, netting and fencing, plated or coated with zinc",7314,6,1
H5,731442,"Iron or steel wire; grill, netting and fencing, coated with plastic",7314,6,1
H5,731449,"Iron or steel wire; grill, netting and fencing, coated with materials other than zinc or plastic",7314,6,1
H5,731450,Iron or steel; expanded metal,7314,6,1
H5,731511,"Chain; articulated link, roller, of iron or steel",7315,6,1
H5,731512,"Chain; articulated link, (other than roller), of iron or steel",7315,6,1
H5,731519,"Chain; articulated link parts, of iron or steel",7315,6,1
H5,731520,"Chain; skid, articulated link chain and parts thereof, of iron or steel",7315,6,1
H5,731581,"Chain; stud-link chain, of iron or steel",7315,6,1
H5,731582,"Chain; welded link chain, of iron or steel",7315,6,1
H5,731589,"Chain; n.e.c. in heading no. 7315, of iron or steel",7315,6,1
H5,731590,"Chain; parts n.e.c. in heading no. 7315, of iron or steel",7315,6,1
H5,731600,"Iron or steel; anchors, grapnels and parts thereof",7316,6,1
H5,731700,"Iron or steel; nails, tacks, drawing pins, corrugated nails, staples (not those of heading no. 8305) and the like, with heads of other material or not, but excluding articles with heads of copper",7317,6,1
H5,731811,Iron or steel; threaded coach screws,7318,6,1
H5,731812,Iron or steel; threaded wood screws other than coach screws,7318,6,1
H5,731813,Iron or steel; threaded screw hooks and screw rings,7318,6,1
H5,731814,Iron or steel; threaded self-tapping screws,7318,6,1
H5,731815,"Iron or steel; threaded screws and bolts n.e.c. in item no. 7318.1, whether or not with their nuts or washers",7318,6,1
H5,731816,Iron or steel; threaded nuts,7318,6,1
H5,731819,"Iron or steel; threaded screws, bolts and nuts n.e.c. in item no. 7318.1",7318,6,1
H5,731821,Iron or steel; non-threaded spring washers and other lock washers,7318,6,1
H5,731822,"Iron or steel; non-threaded washers, excluding spring and lock",7318,6,1
H5,731823,Iron or steel; non-threaded rivets,7318,6,1
H5,731824,Iron or steel; non-threaded cotters and cotter-pins,7318,6,1
H5,731829,"Iron or steel; non-threaded articles, n.e.c. in item no. 7318.2",7318,6,1
H5,731940,Safety pins and other pins; of iron or steel,7319,6,1
H5,731990,"Sewing and knitting needles, bodkins, crochet hooks, embroidery stilettos and similar articles, for use in the hand, not elsewhere specified or included, of iron or steel",7319,6,1
H5,732010,Iron or steel; leaf-springs and leaves therefor,7320,6,1
H5,732020,Iron or steel; helical springs and leaves for springs,7320,6,1
H5,732090,Iron or steel; springs n.e.c. in heading no. 7320,7320,6,1
H5,732111,"Cooking appliances and plate warmers; for gas fuel or for both gas and other fuels, of iron or steel",7321,6,1
H5,732112,"Cooking appliances and plate warmers; for liquid fuel, of iron or steel",7321,6,1
H5,732119,"Cooking appliances and plate warmers; for solid fuel and fuels other than gas or liquid, of iron or steel",7321,6,1
H5,732181,"Domestic appliances; non-electric, (other than cookers and plate warmers), for gas fuel or for both gas and other fuels, of iron or steel",7321,6,1
H5,732182,"Domestic appliances; non-electric, (other than cookers and plate warmers), for liquid fuel, of iron or steel",7321,6,1
H5,732189,"Domestic appliances; non-electric, (other than cookers and plate warmers), for solid fuel and fuels other than gas or liquid, of iron or steel",7321,6,1
H5,732190,"Domestic appliances; non-electric, parts thereof, of iron or steel",7321,6,1
H5,732211,"Radiators and parts thereof; for central heating, (not electrically heated), of cast iron",7322,6,1
H5,732219,"Radiators and parts thereof; for central heating, (not electrically heated), of iron or steel other than cast iron",7322,6,1
H5,732290,"Air heaters and hot air distributors, (not electrically heated), incorporating a motor-driven fan or blower and parts thereof, of iron or steel",7322,6,1
H5,732310,"Iron or steel; wool, pot scourers and scouring or polishing pads, gloves and the like",7323,6,1
H5,732391,"Cast iron; table, kitchen and other household articles and parts thereof, of cast iron, not enamelled",7323,6,1
H5,732392,"Cast iron; table, kitchen and other household articles and parts thereof, of cast iron, enamelled",7323,6,1
H5,732393,"Steel, stainless; table, kitchen and other household articles and parts thereof",7323,6,1
H5,732394,"Iron (excluding cast) or steel; table, kitchen and other household articles and parts thereof, enamelled",7323,6,1
H5,732399,"Iron or steel; table, kitchen and other household articles and parts thereof, of iron or steel n.e.c. in heading no. 7323",7323,6,1
H5,732410,"Steel; sinks and wash basins, of stainless steel",7324,6,1
H5,732421,"Cast iron, baths, whether or not enamelled",7324,6,1
H5,732429,Iron (other than cast) or steel; baths,7324,6,1
H5,732490,"Iron or steel; sanitary ware and parts thereof, excluding sinks, wash basins and baths",7324,6,1
H5,732510,Iron; articles of non-malleable cast iron,7325,6,1
H5,732591,"Iron; grinding balls and similar articles for mills, other than of non-malleable cast iron",7325,6,1
H5,732599,"Iron or steel; cast articles, excluding grinding balls and similar articles for mills, other than of non-malleable cast iron",7325,6,1
H5,732611,"Iron or steel; grinding balls and similar articles for mills, forged or stamped, but not further worked",7326,6,1
H5,732619,"Iron or steel; articles n.e.c. in item no. 7326.11, forged or stamped, but not further worked",7326,6,1
H5,732620,Iron or steel; wire articles,7326,6,1
H5,732690,Iron or steel; articles n.e.c. in heading 7326,7326,6,1
H5,740100,Copper mattes; cement copper (precipitated copper),7401,6,1
H5,740200,"Copper; unrefined, copper anodes for electrolytic refining",7402,6,1
H5,740311,"Copper; refined, unwrought, cathodes and sections of cathodes",7403,6,1
H5,740312,"Copper; refined, unwrought, wire-bars",7403,6,1
H5,740313,"Copper; refined, unwrought, billets",7403,6,1
H5,740319,"Copper; refined, unwrought, n.e.c. in item no. 7403.1",7403,6,1
H5,740321,Copper; copper-zinc base alloys (brass) unwrought,7403,6,1
H5,740322,Copper; copper-tin base alloys (bronze) unwrought,7403,6,1
H5,740329,Copper; copper alloys n.e.c. in heading no. 7403 (other than master alloys of heading no. 7405),7403,6,1
H5,740400,Copper; waste and scrap,7404,6,1
H5,740500,Copper; master alloys of copper,7405,6,1
H5,740610,Copper; powders of non-lamellar structure,7406,6,1
H5,740620,"Copper; powders of lamellar structure, flakes",7406,6,1
H5,740710,"Copper; bars, rods and profiles, of refined copper",7407,6,1
H5,740721,"Copper; bars, rods and profiles, of copper-zinc base alloys (brass)",7407,6,1
H5,740729,"Copper; bars, rods and profiles, of copper alloys (other than copper-zinc base alloys)",7407,6,1
H5,740811,"Copper; wire, of refined copper, of which the maximum cross-sectional dimension exceeds 6mm",7408,6,1
H5,740819,"Copper; wire, of refined copper, of which the maximum cross-sectional dimension is 6mm or less",7408,6,1
H5,740821,"Copper; wire, of copper-zinc base alloys (brass)",7408,6,1
H5,740822,"Copper; wire, of copper-nickel base alloys (cupro-nickel) or copper-nickel-zinc base alloys (nickel silver)",7408,6,1
H5,740829,"Copper; wire, of copper alloys (other than copper-zinc base alloys, copper-nickel base alloys or copper-nickel-zinc base alloys)",7408,6,1
H5,740911,"Copper; strip, of a thickness exceeding 0.15mm, of refined copper, in coils",7409,6,1
H5,740919,"Copper; plates and sheets, of a thickness exceeding 0.15mm, of refined copper, not in coils",7409,6,1
H5,740921,"Copper; strip, of a thickness exceeding 0.15mm, of copper-zinc base alloys (brass), in coils",7409,6,1
H5,740929,"Copper; plates and sheets, of a thickness exceeding 0.15mm, of copper-zinc base alloys (brass), not in coils",7409,6,1
H5,740931,"Copper; strip, of a thickness exceeding 0.15mm, of copper-tin base alloys (bronze), in coils",7409,6,1
H5,740939,"Copper; plates and sheets, of a thickness exceeding 0.15mm, of copper-tin base alloys, not in coils",7409,6,1
H5,740940,"Copper; plates, sheets and strip, of a thickness exceeding 0.15mm, of copper-nickel base alloys (cupro-nickel) or copper-nickel-zinc base alloys (nickel silver)",7409,6,1
H5,740990,"Copper; plates, sheets and strip, of a thickness exceeding 0.15mm, of copper alloys (other than copper-zinc base alloys, copper-tin base alloys, copper-nickel base alloys or copper-nickel-zinc base alloys)",7409,6,1
H5,741011,"Copper; foil, not backed, of a thickness not exceeding 0.15mm, of refined copper",7410,6,1
H5,741012,"Copper; foil, not backed, of a thickness not exceeding 0.15mm, of copper alloys",7410,6,1
H5,741021,"Copper; foil, backed with paper, paperboard, plastics or similar backing material, of a thickness (excluding any backing) not exceeding 0.15mm, of refined copper",7410,6,1
H5,741022,"Copper; foil, backed with paper, paperboard, plastics or similar backing material, of a thickness (excluding any backing) not exceeding 0.15mm, of copper alloys",7410,6,1
H5,741110,"Copper; tubes and pipes, of refined copper",7411,6,1
H5,741121,"Copper; tubes and pipes, of copper-zinc base alloys (brass)",7411,6,1
H5,741122,"Copper; tubes and pipes, of copper-nickel base alloys (cupro-nickel) or copper-nickel-zinc base alloys (nickel silver)",7411,6,1
H5,741129,"Copper; tubes and pipes, of copper alloys (other than copper-zinc, copper-nickel base alloys (cupro-nickel) or copper-nickel-zinc base alloys (nickel-silver))",7411,6,1
H5,741210,"Copper; tube or pipe fittings (e.g. couplings, elbows, sleeves) of refined copper",7412,6,1
H5,741220,"Copper; tube or pipe fittings (e.g. couplings, elbows, sleeves) of copper alloys",7412,6,1
H5,741300,"Copper; stranded wire, cables, plaited bands and the like, not electrically insulated",7413,6,1
H5,741510,"Copper; nails and tacks, drawing pins, staples and similar articles of copper, or of iron or steel with copper heads",7415,6,1
H5,741521,"Copper; washers, (including spring washers), not threaded",7415,6,1
H5,741529,"Copper; rivets, cotters, cotter-pins and similar articles, not threaded",7415,6,1
H5,741533,"Copper; screws, bolts and nuts, threaded",7415,6,1
H5,741539,Copper; articles n.e.c. in heading no. 7415,7415,6,1
H5,741810,"Copper; table, kitchen or other household articles and parts thereof; pot scourers and scouring or polishing pads, gloves and the like",7418,6,1
H5,741820,Copper; sanitary ware and parts thereof,7418,6,1
H5,741910,Copper; chain and parts thereof,7419,6,1
H5,741991,"Copper; cast, moulded, stamped or forged, but not further worked",7419,6,1
H5,741999,Copper; articles n.e.c. in heading no. 7419,7419,6,1
H5,750110,Nickel; nickel mattes,7501,6,1
H5,750120,Nickel; oxide sinters and other intermediate products of nickel metallurgy,7501,6,1
H5,750210,"Nickel; unwrought, not alloyed",7502,6,1
H5,750220,"Nickel; unwrought, alloys",7502,6,1
H5,750300,Nickel; waste and scrap,7503,6,1
H5,750400,Nickel; powders and flakes,7504,6,1
H5,750511,"Nickel; bars, rods and profiles, not alloyed",7505,6,1
H5,750512,"Nickel; bars, rods and profiles, of nickel alloys",7505,6,1
H5,750521,"Nickel; wire, not alloyed",7505,6,1
H5,750522,"Nickel; wire, of nickel alloys",7505,6,1
H5,750610,"Nickel; plates, sheets, strip and foil, not alloyed",7506,6,1
H5,750620,"Nickel; plates, sheets, strip and foil, of nickel alloys",7506,6,1
H5,750711,"Nickel; tubes and pipes, not alloyed",7507,6,1
H5,750712,"Nickel; tubes and pipes, of nickel alloys",7507,6,1
H5,750720,Nickel; tube and pipe fittings,7507,6,1
H5,750810,"Nickel; cloth, grill and netting, of nickel wire",7508,6,1
H5,750890,Nickel; articles thereof n.e.c. in item no. 7508.1,7508,6,1
H5,760110,"Aluminium; unwrought, (not alloyed)",7601,6,1
H5,760120,"Aluminium; unwrought, alloys",7601,6,1
H5,760200,Aluminium; waste and scrap,7602,6,1
H5,760310,Aluminium; powders of non-lamellar structure,7603,6,1
H5,760320,"Aluminium; powders of lamellar structure, flakes",7603,6,1
H5,760410,"Aluminium; (not alloyed), bars, rods and profiles",7604,6,1
H5,760421,"Aluminium; alloys, hollow profiles",7604,6,1
H5,760429,"Aluminium; alloys, bars, rods and profiles, other than hollow",7604,6,1
H5,760511,"Aluminium; (not alloyed), wire, maximum cross-sectional dimension exceeds 7mm",7605,6,1
H5,760519,"Aluminium; (not alloyed), wire, maximum cross-sectional dimension is 7mm or less",7605,6,1
H5,760521,"Aluminium; alloys, wire, maximum cross-sectional dimension exceeding 7mm",7605,6,1
H5,760529,"Aluminium; alloys, wire, maximum cross-sectional dimension is 7mm or less",7605,6,1
H5,760611,"Aluminium; plates, sheets and strip, thickness exceeding 0.2mm, (not alloyed), rectangular (including square)",7606,6,1
H5,760612,"Aluminium; plates, sheets and strip, thickness exceeding 0.2mm, alloys, rectangular (including square)",7606,6,1
H5,760691,"Aluminium; plates, sheets and strip, thickness exceeding 0.2mm, not alloyed, (not rectangular or square)",7606,6,1
H5,760692,"Aluminium; plates, sheets and strip, thickness exceeding 0.2mm, alloys, (not rectangular or square)",7606,6,1
H5,760711,"Aluminium; foil, (not backed), rolled (but not further worked), of a thickness not exceeding 0.2mm",7607,6,1
H5,760719,"Aluminium; foil, (not backed), of a thickness not exceeding 0.2mm, not rolled",7607,6,1
H5,760720,"Aluminium; foil, backed with paper, paperboard, plastics or similar backing materials, of a thickness (excluding any backing) not exceeding 0.2mm",7607,6,1
H5,760810,"Aluminium; tubes and pipes, not alloyed",7608,6,1
H5,760820,"Aluminium; tubes and pipes, alloys",7608,6,1
H5,760900,"Aluminium; tube or pipe fittings (e.g. couplings, elbows, sleeves)",7609,6,1
H5,761010,"Aluminium; structures (excluding prefabricated buildings of heading no. 9406) and parts of structures, doors, windows and their frames and thresholds for doors",7610,6,1
H5,761090,"Aluminium; structures (excluding prefabricated buildings of heading no. 9406) and parts of structures, n.e.c. in heading no. 7610, plates, rods, profiles, tubes and the like",7610,6,1
H5,761100,"Aluminium; reservoirs, tanks, vats and similar containers, for material (not compressed or liquefied gas), of a capacity over 300l, whether or not lined, not fitted with mechanical/thermal equipment",7611,6,1
H5,761210,"Aluminium; collapsible tubular containers, for any material, (not compressed or liquefied gas), 300l capacity or less, whether or not lined, not fitted with mechanical/thermal equipment",7612,6,1
H5,761290,"Aluminium; casks, drums, cans, boxes and the like for any material (not compressed or liquefied gas), 300l capacity or less, whether or not lined or heat-insulated, no mechanical or thermal equipment",7612,6,1
H5,761300,Aluminium; containers for compressed or liquefied gas,7613,6,1
H5,761410,"Aluminium; stranded wire, cables, plaited bands and the like, (not electrically insulated), with steel core",7614,6,1
H5,761490,"Aluminium; stranded wire, cables, plaited bands and the like, (not electrically insulated), other than steel core",7614,6,1
H5,761510,"Aluminium; table, kitchen or other household articles and parts thereof; pot scourers and scouring or polishing pads, gloves and the like",7615,6,1
H5,761520,Aluminium; sanitary ware and parts thereof,7615,6,1
H5,761610,"Aluminium; nails, tacks, staples (other than those of heading no. 8305), screws, bolts, nuts, screw hooks, rivets, cotters, cotter-pins, washers and similar articles",7616,6,1
H5,761691,"Aluminium; cloth, grill, netting and fencing, of aluminium wire",7616,6,1
H5,761699,Aluminium; articles n.e.c. in heading 7616,7616,6,1
H5,780110,"Lead; unwrought, refined",7801,6,1
H5,780191,"Lead; unwrought, unrefined, containing by weight antimony as the principal other element",7801,6,1
H5,780199,"Lead; unwrought, unrefined, not containing by weight antimony as the principal other element",7801,6,1
H5,780200,Lead; waste and scrap,7802,6,1
H5,780411,"Lead; sheets, strip and foil, of a thickness (excluding any backing) not exceeding 0.2mm",7804,6,1
H5,780419,"Lead; plates, sheets, strip and foil, of a thickness (excluding any backing) exceeding 0.2mm",7804,6,1
H5,780420,Lead; powders and flakes,7804,6,1
H5,780600,Lead; articles n.e.c. in chapter 78,7806,6,1
H5,790111,"Zinc; unwrought, (not alloyed), containing by weight 99.99% or more of zinc",7901,6,1
H5,790112,"Zinc; unwrought, (not alloyed), containing by weight less than 99.99% of zinc",7901,6,1
H5,790120,"Zinc; unwrought, alloys",7901,6,1
H5,790200,Zinc; waste and scrap,7902,6,1
H5,790310,Zinc dust,7903,6,1
H5,790390,Zinc; powders and flakes,7903,6,1
H5,790400,"Zinc; bars, rods, profiles and wire",7904,6,1
H5,790500,"Zinc; plates, sheets, strip and foil",7905,6,1
H5,790700,Zinc; articles n.e.c. in chapter 79,7907,6,1
H5,800110,"Tin; unwrought, not alloyed",8001,6,1
H5,800120,"Tin; unwrought, alloys",8001,6,1
H5,800200,Tin; waste and scrap,8002,6,1
H5,800300,"Tin; bars, rods, profiles and wire",8003,6,1
H5,800700,Tin; articles n.e.c. in chapter 80,8007,6,1
H5,810110,"Tungsten (wolfram); articles thereof, including waste and scrap, powders",8101,6,1
H5,810194,"Tungsten (wolfram); unwrought, including bars and rods obtained simply by sintering",8101,6,1
H5,810196,Tungsten (wolfram); wire,8101,6,1
H5,810197,Tungsten (wolfram); waste and scrap,8101,6,1
H5,810199,Tungsten (wolfram); articles n.e.c. in heading no. 8101,8101,6,1
H5,810210,"Molybdenum; articles thereof, including waste and scrap, powders",8102,6,1
H5,810294,"Molybdenum; unwrought, including bars and rods obtained simply by sintering",8102,6,1
H5,810295,"Molybdenum; bars and rods, other than those obtained simply by sintering, profiles, plates, sheets, strip and foil",8102,6,1
H5,810296,Molybdenum; wire,8102,6,1
H5,810297,Molybdenum; waste and scrap,8102,6,1
H5,810299,Molybdenum; articles n.e.c. in heading no. 8102,8102,6,1
H5,810320,"Tantalum; unwrought, including bars and rods obtained simply by sintering, powders",8103,6,1
H5,810330,Tantalum; waste and scrap,8103,6,1
H5,810390,Tantalum; articles n.e.c. in heading no. 8103,8103,6,1
H5,810411,"Magnesium; unwrought, containing at least 99.8% by weight of magnesium",8104,6,1
H5,810419,"Magnesium; unwrought, containing less than 99.8% by weight of magnesium",8104,6,1
H5,810420,Magnesium; waste and scrap,8104,6,1
H5,810430,"Magnesium; raspings, turnings and granules, graded according to size, powders",8104,6,1
H5,810490,Magnesium; articles n.e.c. in heading no. 8104,8104,6,1
H5,810520,"Cobalt; mattes and other intermediate products of cobalt metallurgy, unwrought cobalt, powders",8105,6,1
H5,810530,Cobalt; waste and scrap,8105,6,1
H5,810590,Cobalt; articles n.e.c. in heading no. 8105,8105,6,1
H5,810600,"Bismuth; articles thereof, including waste and scrap",8106,6,1
H5,810720,"Cadmium; unwrought, powders",8107,6,1
H5,810730,Cadmium; waste and scrap,8107,6,1
H5,810790,"Cadmium; other than unwrought, n.e.c. in heading no. 8107",8107,6,1
H5,810820,"Titanium; unwrought, powders",8108,6,1
H5,810830,Titanium; waste and scrap,8108,6,1
H5,810890,"Titanium; other than unwrought, n.e.c. in heading no. 8108",8108,6,1
H5,810920,"Zirconium; unwrought, powders",8109,6,1
H5,810930,Zirconium; waste and scrap,8109,6,1
H5,810990,"Zirconium; other than unwrought, n.e.c. in heading no. 8109",8109,6,1
H5,811010,"Antimony and articles thereof; unwrought antimony, powders",8110,6,1
H5,811020,Antimony; waste and scrap,8110,6,1
H5,811090,"Antimony and articles thereof; wrought, other than waste and scrap",8110,6,1
H5,811100,"Manganese; articles thereof, including waste and scrap",8111,6,1
H5,811212,"Beryllium and articles thereof; unwrought beryllium, powders",8112,6,1
H5,811213,Beryllium; waste and scrap,8112,6,1
H5,811219,Beryllium and articles thereof; wrought other than waste and scrap,8112,6,1
H5,811221,"Chromium and articles thereof; unwrought chromium, powders",8112,6,1
H5,811222,Chromium; waste and scrap,8112,6,1
H5,811229,Chromium and articles thereof; wrought other than waste and scrap,8112,6,1
H5,811251,"Thallium and articles thereof; unwrought thallium, powders",8112,6,1
H5,811252,Thallium; waste and scrap,8112,6,1
H5,811259,"Thallium and articles thereof; other than unwrought thallium, powders or waste and scrap",8112,6,1
H5,811292,"Gallium, germanium, hafnium, indium, niobium (columbium), rhenium and vanadium; articles thereof, unwrought, including waste and scrap, powders",8112,6,1
H5,811299,"Gallium, germanium, hafnium, indium, niobium (columbium), rhenium and vanadium; articles thereof, other than unwrought including waste and scrap and powders",8112,6,1
H5,811300,"Cermets; articles thereof, including waste and scrap",8113,6,1
H5,820110,"Tools, hand; spades and shovels",8201,6,1
H5,820130,"Tools, hand; mattocks, picks, hoes and rakes",8201,6,1
H5,820140,"Tools, hand; axes, bill hooks and similar hewing tools, of a kind used in agriculture, horticulture or forestry",8201,6,1
H5,820150,"Tools, hand; one-handed secateurs (including poultry shears)",8201,6,1
H5,820160,"Tools, hand; hedge shears, two-handed pruning shears and similar two-handed shears",8201,6,1
H5,820190,"Tools, hand; forks, scythes, sickles, hay knives, timber wedges, and other hand tools of a kind used in agriculture, horticulture or forestry n.e.c. in heading 8201",8201,6,1
H5,820210,"Tools, hand; hand saws",8202,6,1
H5,820220,"Tools, hand; band saw blades",8202,6,1
H5,820231,"Tools, hand; circular saw blades (including slitting or slotting saw blades), with working part of steel",8202,6,1
H5,820239,"Tools, hand; circular saw blades (including slitting or slotting saw blades), with working part of materials (other than steel)",8202,6,1
H5,820240,"Tools, hand; chain saw blades",8202,6,1
H5,820291,"Tools, hand; straight saw blades, for working metal",8202,6,1
H5,820299,"Tools, hand; saw blades n.e.c. in heading no. 8202",8202,6,1
H5,820310,"Tools, hand; files, rasps and similar tools",8203,6,1
H5,820320,"Tools, hand; pliers (including cutting pliers), pincers, tweezers and similar tools",8203,6,1
H5,820330,"Tools, hand; metal cutting shears and similar tools",8203,6,1
H5,820340,"Tools, hand; pipe-cutters, bolt croppers, perforating punches and similar tools",8203,6,1
H5,820411,"Tools, hand; hand-operated spanners and wrenches (including torque meter wrenches but not including tap wrenches), non-adjustable",8204,6,1
H5,820412,"Tools, hand; hand-operated spanners and wrenches (including torque meter wrenches but not including tap wrenches), adjustable",8204,6,1
H5,820420,"Tools, hand; interchangeable spanner sockets, with or without handles",8204,6,1
H5,820510,"Tools, hand; drilling, threading or tapping tools",8205,6,1
H5,820520,"Tools, hand; hammers and sledge hammers",8205,6,1
H5,820530,"Tools, hand; planes, chisels, gauges and similar cutting tools for working wood",8205,6,1
H5,820540,"Tools, hand; screwdrivers",8205,6,1
H5,820551,"Tools, hand; household tools",8205,6,1
H5,820559,"Tools, hand; other hand tools (including glaziers diamonds), excluding household tools, drilling, threading or tapping tools, hammers and sledge hammers, planes, chisels, gouges and similar cutting tools for working wood, and screwdrivers",8205,6,1
H5,820560,"Tools, hand; blow lamps",8205,6,1
H5,820570,"Tools, hand; vices, clamps and the like",8205,6,1
H5,820590,"Tools, hand; n.e.c. in heading 8205, including anvils, portable forges, hand or pedal-operated grinding wheels with frameworks, and sets of articles of two or more of the subheadings in heading 8205",8205,6,1
H5,820600,"Tools, hand; two or more of heading no. 8202 to 8205, put up in sets for retail sale",8206,6,1
H5,820713,"Tools, interchangeable; rock drilling or earth boring tools, with working part of cermets, whether or not power operated",8207,6,1
H5,820719,"Tools, interchangeable; rock drilling or earth boring tools, with working part (other than of cermets), whether or not power operated, including parts",8207,6,1
H5,820720,"Tools, interchangeable; (for machine or hand tools, whether or not power-operated), dies for drawing or extruding metal",8207,6,1
H5,820730,"Tools, interchangeable; (for machine or hand tools, whether or not power-operated), tools for pressing, stamping or punching",8207,6,1
H5,820740,"Tools, interchangeable; (for machine or hand tools, whether or not power-operated), tools for tapping or threading",8207,6,1
H5,820750,"Tools, interchangeable; (for machine or hand tools, whether or not power-operated), tools for drilling (other than rock)",8207,6,1
H5,820760,"Tools, interchangeable; (for machine or hand tools, whether or not power-operated), for boring or broaching",8207,6,1
H5,820770,"Tools, interchangeable; (for machine or hand tools, whether or not power-operated), for milling",8207,6,1
H5,820780,"Tools, interchangeable; (for machine or hand tools, whether or not power-operated), for turning",8207,6,1
H5,820790,"Tools, interchangeable; (for machine or hand tools, whether or not power-operated), for screw-driving or uses n.e.c. in heading no. 8207",8207,6,1
H5,820810,"Tools; knives and cutting blades, for machines or for mechanical appliances, for metal working",8208,6,1
H5,820820,"Tools; knives and cutting blades, for wood working machines or mechanical appliances",8208,6,1
H5,820830,"Tools; knives and cutting blades, for kitchen appliances or for machines used by the food industry",8208,6,1
H5,820840,"Tools; knives and cutting blades, for agricultural, horticultural or forestry machines or mechanical appliances",8208,6,1
H5,820890,"Tools; knives and cutting blades, for machines or mechanical appliances, n.e.c. in heading no. 8208",8208,6,1
H5,820900,"Tools; plates, sticks, tips and the like for tools, unmounted, of sintered metal carbides or cermets",8209,6,1
H5,821000,"Tools; hand-operated mechanical appliances, weighing 10kg or less, used in the preparation, conditioning or serving of food or drink",8210,6,1
H5,821110,"Knives; with cutting blades, serrated or not (including pruning knives), sets of assorted articles, excluding knives and blades of heading no. 8208",8211,6,1
H5,821191,"Knives; table knives, having fixed cutting blades, serrated or not, excluding knives and blades of heading no. 8208",8211,6,1
H5,821192,"Knives; having fixed cutting blades, (other than table knives), serrated or not, excluding knives and blades of heading no. 8208",8211,6,1
H5,821193,"Knives; with cutting blades, (having other than fixed blades), serrated or not, excluding knives and blades of heading no. 8208",8211,6,1
H5,821194,"Blades; cutting, serrated or not, excluding those of heading no. 8208",8211,6,1
H5,821195,Knives; with handles of base metal,8211,6,1
H5,821210,Razors,8212,6,1
H5,821220,"Razors; safety razor blades, including razor blade blanks in strips",8212,6,1
H5,821290,Razors; parts n.e.c. in heading no. 8212,8212,6,1
H5,821300,"Scissors; tailors' shears, similar shears and blades therefore",8213,6,1
H5,821410,"Cutlery; paper knives, letter openers, erasing knives, pencil sharpeners and blades therefore",8214,6,1
H5,821420,Manicure or pedicure sets and instruments; (including nail files),8214,6,1
H5,821490,Cutlery; hair clippers and mincing knives,8214,6,1
H5,821510,"Cutlery; sets of assorted articles (e.g. spoons, forks, ladles, skimmers, cake-servers, fish-knives, butter-knives, sugar tongs and similar), with at least one article plated with precious metal",8215,6,1
H5,821520,"Cutlery; sets of assorted articles (e.g. spoons, forks, ladles, skimmers, cake-servers, fish-knives, butter knives, sugar tongs and similar), not plated with precious metal",8215,6,1
H5,821591,"Cutlery; (e.g. spoons, forks, ladles, skimmers, cake-servers, fish-knives, butter-knives, sugar tongs and similar), plated with precious metal, not in sets",8215,6,1
H5,821599,Cutlery; other than plated with precious metal,8215,6,1
H5,830110,"Padlocks; (key, combination or electrically operated), of base metal",8301,6,1
H5,830120,"Locks; of a kind used for motor vehicles (key, combination or electrically operated), of base metal",8301,6,1
H5,830130,"Locks; of a kind used for furniture (key, combination or electrically operated), of base metal",8301,6,1
H5,830140,"Locks; (other than those for motor vehicles or furniture), (key, combination or electrically operated), of base metal",8301,6,1
H5,830150,"Clasps and frames with clasps; incorporating locks, of base metal",8301,6,1
H5,830160,"Locks; parts of padlocks, locks, clasps and frames with clasps incorporating locks, of base metal",8301,6,1
H5,830170,"Keys; presented separately, of base metal",8301,6,1
H5,830210,"Hinges; suitable for furniture, doors, staircases, windows, blinds, coachwork, saddlery, trunks, chests, caskets or the like, of base metal",8302,6,1
H5,830220,"Castors; with mountings, of base metal",8302,6,1
H5,830230,"Mountings, fittings and similar articles; for motor vehicles, of base metal",8302,6,1
H5,830241,"Mountings, fittings and similar articles; of base metal, suitable for buildings",8302,6,1
H5,830242,"Mountings, fittings and similar articles; suitable for furniture of base metal",8302,6,1
H5,830249,"Mountings, fittings and similar articles; suitable for other than buildings or furniture, of base metal",8302,6,1
H5,830250,"Hat-racks, hat-pegs, brackets and similar fixtures, of base metal",8302,6,1
H5,830260,Automatic door closures; of base metal,8302,6,1
H5,830300,"Safes; armoured or reinforced, strong-boxes, doors and safe deposit lockers for strong-rooms, cash or deed boxes and the like, of base metal",8303,6,1
H5,830400,"Office equipment; filing cabinets, card-index cabinets, paper trays, paper rests, pen trays, office-stamp stands and similar office or desk equipment, of base metal, other than office furniture of heading no. 9403",8304,6,1
H5,830510,"Stationery; fittings for loose-leaf binders or files, of base metal",8305,6,1
H5,830520,"Stationery; staples in strips, (e.g. for offices, upholstery, packaging), of base metal",8305,6,1
H5,830590,"Stationery; letter clips, letter corners, paper clips, indexing tags and similar office articles, including parts, of base metal",8305,6,1
H5,830610,"Bells, gongs and the like; non-electric, of base metal",8306,6,1
H5,830621,Statuettes and other ornaments; of base metal plated with precious metal,8306,6,1
H5,830629,Statuettes and other ornaments; of base metal other than plated with precious metal,8306,6,1
H5,830630,"Photograph, picture or similar frames, mirrors; of base metal",8306,6,1
H5,830710,"Tubing; flexible, with or without fittings, of iron or steel",8307,6,1
H5,830790,"Tubing; flexible, with or without fittings of base metal, other than those of iron or steel",8307,6,1
H5,830810,"Hooks, eyes and eyelets; of base metal, of a kind used for clothing, footwear, awnings, handbags, travel goods or other made up articles",8308,6,1
H5,830820,"Rivets; tubular or bifurcated, of base metal",8308,6,1
H5,830890,"Clasps, frames with clasps, buckles, buckle clasps; of base metal, of a kind used for clothing & accessories, footwear, jewellery, wrist-watches, books, awnings, leather goods, travel goods, saddlery etc, including parts",8308,6,1
H5,830910,"Stoppers; corks, of base metal",8309,6,1
H5,830990,"Stoppers; caps and lids, of base metal",8309,6,1
H5,831000,"Sign plates, name-plates, address-plates and similar plates, numbers, letters and other symbols; of base metal, excluding those of heading no. 9405",8310,6,1
H5,831110,"Electrodes; coated, of base metal, for electric arc-welding",8311,6,1
H5,831120,"Wire; cored, of base metal, for electric arc-welding",8311,6,1
H5,831130,"Rods and wire; coated rods and cored wire, of base metal, for soldering, brazing or welding by flame",8311,6,1
H5,831190,"Wires, rods, tubes, plates, electrodes of base metal or metal carbides; of a kind used for soldering, brazing, welding; wires and rods for metal spraying; n.e.c. in item no. 8311",8311,6,1
H5,840110,Nuclear reactors,8401,6,1
H5,840120,"Machinery and apparatus; for isotopic separation, and parts thereof",8401,6,1
H5,840130,Fuel elements (cartridges); non-irradiated,8401,6,1
H5,840140,Nuclear reactors; parts thereof,8401,6,1
H5,840211,Boilers; watertube boilers with a steam production exceeding 45t per hour,8402,6,1
H5,840212,Boilers; watertube boilers with a steam production not exceeding 45t per hour,8402,6,1
H5,840219,"Boilers; vapour generating boilers, including hybrid boilers n.e.c. in heading no. 8402",8402,6,1
H5,840220,Boilers; super-heated water boilers,8402,6,1
H5,840290,Boilers; parts of steam or other vapour generating boilers,8402,6,1
H5,840310,Boilers; central heating boilers (excluding those of heading no. 8402),8403,6,1
H5,840390,Boilers; parts of central heating boilers (excluding those of heading no. 8402),8403,6,1
H5,840410,"Boilers; auxiliary plant, for use with boilers of heading no. 8402 or 8403 (e.g. economisers, super-heaters, soot removers, gas recoverers)",8404,6,1
H5,840420,"Boilers; condensers, for steam or other vapour power units",8404,6,1
H5,840490,"Boilers; parts of auxiliary plant, for use with boilers of heading no. 8402 and 8403 and parts of condensers for steam or other vapour power units",8404,6,1
H5,840510,"Generators; producer gas, water gas, acetylene gas and similar water process gas generators, with or without their purifiers",8405,6,1
H5,840590,"Generators; parts of producer gas, water gas, acetylene gas and similar water process gas generators, with or without their purifiers",8405,6,1
H5,840610,"Turbines; steam and other vapour turbines, for marine propulsion",8406,6,1
H5,840681,"Turbines; steam and other vapour turbines, (for other than marine propulsion), of an output exceeding 40MW",8406,6,1
H5,840682,"Turbines; steam and other vapour turbines, (for other than marine propulsion), of an output not exceeding 40MW",8406,6,1
H5,840690,Turbines; parts of steam and other vapour turbines,8406,6,1
H5,840710,"Engines; for aircraft, spark-ignition reciprocating or rotary internal combustion piston engines",8407,6,1
H5,840721,"Engines; outboard motors for marine propulsion, spark-ignition reciprocating or rotary internal combustion piston engines",8407,6,1
H5,840729,"Engines; for marine propulsion, (other than outboard motors), spark-ignition reciprocating or rotary internal combustion piston engines",8407,6,1
H5,840731,"Engines; reciprocating piston engines, of a kind used for the propulsion of vehicles of chapter 87, of a cylinder capacity not exceeding 50cc",8407,6,1
H5,840732,"Engines; reciprocating piston engines, of a kind used for the propulsion of vehicles of chapter 87, of a cylinder capacity exceeding 50cc but not exceeding 250cc",8407,6,1
H5,840733,"Engines; reciprocating piston engines, of a kind used for the propulsion of vehicles of chapter 87, of a cylinder capacity exceeding 250cc but not exceeding 1000cc",8407,6,1
H5,840734,"Engines; reciprocating piston engines, of a kind used for the propulsion of vehicles of chapter 87, of a cylinder capacity exceeding 1000cc",8407,6,1
H5,840790,"Engines; rotary internal combustion piston engines, for other than aircraft or marine propulsion",8407,6,1
H5,840810,"Engines; for marine propulsion, compression-ignition internal combustion piston engines (diesel or semi-diesel engines)",8408,6,1
H5,840820,"Engines; compression-ignition internal combustion piston engines (diesel or semi-diesel engines), of a kind used for the propulsion of vehicles of chapter 87",8408,6,1
H5,840890,"Engines; compression-ignition internal combustion piston engines (diesel or semi-diesel engines), of a kind used for other than marine propulsion or the vehicles of chapter 87",8408,6,1
H5,840910,Engines; parts of aircraft engines (spark-ignition reciprocating or rotary internal combustion piston engines),8409,6,1
H5,840991,"Engines; parts, suitable for use solely or principally with spark-ignition internal combustion piston engines (for other than aircraft)",8409,6,1
H5,840999,Engines; parts for internal combustion piston engines (excluding spark-ignition),8409,6,1
H5,841011,"Turbines; hydraulic turbines and water wheels, of a power not exceeding 1000kW",8410,6,1
H5,841012,"Turbines; hydraulic turbines and water wheels, of a power exceeding 1000kW but not exceeding 10000kW",8410,6,1
H5,841013,"Turbines; hydraulic turbines and water wheels, of a power exceeding 10000kW",8410,6,1
H5,841090,"Turbines; parts of hydraulic turbines and water wheels, including regulators",8410,6,1
H5,841111,Turbo-jets; of a thrust not exceeding 25kN,8411,6,1
H5,841112,Turbo-jets; of a thrust exceeding 25kN,8411,6,1
H5,841121,Turbo-propellers; of a power not exceeding 1100kW,8411,6,1
H5,841122,Turbo-propellers; of a power exceeding 1100kW,8411,6,1
H5,841181,"Turbines; gas-turbines (excluding turbo-jets and turbo-propellers), of a power not exceeding 5000kW",8411,6,1
H5,841182,"Turbines; gas-turbines (excluding turbo-jets and turbo-propellers), of a power exceeding 5000kW",8411,6,1
H5,841191,Turbines; parts of turbo-jets and turbo-propellers,8411,6,1
H5,841199,Turbines; parts of gas turbines (excluding turbo-jets and turbo-propellers),8411,6,1
H5,841210,"Engines; reaction engines, other than turbo-jets",8412,6,1
H5,841221,"Engines; hydraulic power engines and motors, linear acting (cylinders)",8412,6,1
H5,841229,"Engines; hydraulic power engines and motors, other than linear acting (cylinders)",8412,6,1
H5,841231,"Engines; pneumatic power engines and motors, linear acting (cylinders)",8412,6,1
H5,841239,"Engines; pneumatic power engines and motors, other than linear acting (cylinders)",8412,6,1
H5,841280,"Engines; pneumatic power engines and motors, n.e.c. in heading no. 8412",8412,6,1
H5,841290,"Engines; parts, for engines and motors of heading no. 8412",8412,6,1
H5,841311,"Pumps; fitted or designed to be fitted with a measuring device, for dispensing fuel or lubricants, of the type used in filling-stations or in garages",8413,6,1
H5,841319,"Pumps; for liquids, fitted or designed to be fitted with a measuring device, other than pumps for dispensing fuel or lubricants",8413,6,1
H5,841320,"Pumps; hand, fitted or designed to be fitted with a measuring device, for liquids, other than those of item no. 8413.11 or 8413.19",8413,6,1
H5,841330,"Pumps; fuel, lubricating or cooling medium pumps for internal combustion piston engines",8413,6,1
H5,841340,Pumps; concrete pumps,8413,6,1
H5,841350,"Pumps; reciprocating positive displacement pumps, n.e.c. in heading no. 8413, for liquids",8413,6,1
H5,841360,"Pumps; rotary positive displacement pumps, n.e.c. in heading no. 8413, for liquids",8413,6,1
H5,841370,"Pumps; centrifugal, n.e.c. in heading no. 8413, for liquids",8413,6,1
H5,841381,Pumps and liquid elevators; n.e.c. in heading no. 8413,8413,6,1
H5,841382,Liquid elevators,8413,6,1
H5,841391,Pumps; parts thereof,8413,6,1
H5,841392,Liquid elevators; parts thereof,8413,6,1
H5,841410,Pumps; vacuum,8414,6,1
H5,841420,Pumps; hand or foot-operated air pumps,8414,6,1
H5,841430,Compressors; of a kind used in refrigerating equipment,8414,6,1
H5,841440,Compressors; air compressors mounted on a wheeled chassis for towing,8414,6,1
H5,841451,"Fans; table, floor, wall, window, ceiling or roof fans, with a self-contained electric motor of an output not exceeding 125W",8414,6,1
H5,841459,Fans; n.e.c. in item no. 8414.51,8414,6,1
H5,841460,"Hoods; ventilating or recycling hoods incorporating a fan, whether or not fitted with filters, having a maximum horizontal side not exceeding 120cm",8414,6,1
H5,841480,"Pumps and compressors; for air, vacuum or gas, n.e.c. in heading no. 8414",8414,6,1
H5,841490,"Pumps and compressors; parts, of air or vacuum pumps, air or other gas compressors and fans, ventilating or recycling hoods incorporating a fan",8414,6,1
H5,841510,"Air conditioning machines; comprising a motor-driven fan and elements for changing the temperature and humidity, of a kind designed to be fixed to a window, wall, ceiling or floor, self-contained or ""split-system""",8415,6,1
H5,841520,"Air conditioning machines; comprising a motor driven fan and elements for changing the temperature and humidity, of a kind used for persons, in motor vehicles",8415,6,1
H5,841581,"Air conditioning machines; containing a motor driven fan, other than window or wall types, incorporating a refrigerating unit and a valve for reversal of the cooling/heat cycle (reversible heat pumps)",8415,6,1
H5,841582,"Air conditioning machines; containing a motor driven fan, other than window or wall types, incorporating a refrigerating unit",8415,6,1
H5,841583,"Air conditioning machines; containing a motor driven fan, other than window or wall types, not incorporating a refrigerating unit",8415,6,1
H5,841590,"Air conditioning machines; with motor driven fan and elements for temperature control, parts thereof",8415,6,1
H5,841610,"Furnaces; furnace burners, for liquid fuel",8416,6,1
H5,841620,"Furnaces; furnace burners, for pulverized solid fuel or gas, including combination burners",8416,6,1
H5,841630,"Furnace accessories; mechanical stokers, mechanical grates, mechanical ash dischargers and similar appliances",8416,6,1
H5,841690,"Furnaces; parts of furnace burners, for liquid fuel, pulverized solid fuel or gas, mechanical stokers, grates, ash dischargers and the like",8416,6,1
H5,841710,"Furnaces and ovens; non-electric, for the roasting, melting or other heat-treatment of ores, pyrites or of metals, for industrial or laboratory use",8417,6,1
H5,841720,"Ovens; non-electric, bakery ovens, including biscuit ovens",8417,6,1
H5,841780,"Furnaces and ovens; including incinerators, non-electric, for industrial or laboratory use, n.e.c. in heading no. 8417",8417,6,1
H5,841790,"Furnaces and ovens; parts of non-electric furnaces and ovens (including incinerators), of industrial or laboratory use",8417,6,1
H5,841810,"Refrigerators and freezers; combined refrigerator-freezers, fitted with separate external doors, electric or other",8418,6,1
H5,841821,"Refrigerators; for household use, compression-type, electric or other",8418,6,1
H5,841829,"Refrigerators; household, electric or not, other than compression-type",8418,6,1
H5,841830,"Freezers; of the chest type, not exceeding 800l capacity",8418,6,1
H5,841840,"Freezers; of the upright type, not exceeding 900l capacity",8418,6,1
H5,841850,"Furniture incorporating refrigerating or freezing equipment; for storage and display, n.e.c. in item no. 8418.1, 8418.2, 8418.3 or 8418.4 (chests, cabinets, display counters, show-cases and the like)",8418,6,1
H5,841861,Heat pumps; other than air conditioning machines of heading no. 8415,8418,6,1
H5,841869,Refrigerating or freezing equipment; n.e.c. in heading no. 8418,8418,6,1
H5,841891,"Refrigerating or freezing equipment; parts, furniture designed to receive refrigerating or freezing equipment",8418,6,1
H5,841899,"Refrigerating or freezing equipment; parts thereof, other than furniture",8418,6,1
H5,841911,"Heaters; instantaneous gas water heaters, for domestic or other purposes",8419,6,1
H5,841919,"Heaters; instantaneous or storage water heaters, non-electric, other than instantaneous gas water heaters",8419,6,1
H5,841920,"Sterilizers; for medical, surgical or laboratory use, not used for domestic purposes",8419,6,1
H5,841931,"Dryers; for agricultural products, not used for domestic purposes",8419,6,1
H5,841932,"Dryers; for wood, paper pulp, paper or paperboard, not used for domestic purposes",8419,6,1
H5,841939,"Dryers; for products n.e.c. in heading no. 8419, not used for domestic purposes",8419,6,1
H5,841940,Distilling or rectifying plant; not used for domestic purposes,8419,6,1
H5,841950,Heat exchange units; not used for domestic purposes,8419,6,1
H5,841960,"Machinery; for liquefying air or gas, not used for domestic purposes",8419,6,1
H5,841981,"Machinery, plant and equipment; for making hot drinks, for cooking or heating food",8419,6,1
H5,841989,"Machinery, plant and laboratory equipment; for treating materials by change of temperature, other than for making hot drinks or cooking or heating food",8419,6,1
H5,841990,"Machinery, plant and laboratory equipment; parts of equipment for treating materials by a process involving a change of temperature",8419,6,1
H5,842010,"Machines; calendering or other rolling machines, for other than metal or glass",8420,6,1
H5,842091,"Machines; parts, cylinders for calendering or other rolling machines, for other than metal or glass",8420,6,1
H5,842099,"Machines; parts, (other than cylinders), for calendering or other rolling machines, for other than metal or glass",8420,6,1
H5,842111,Centrifuges; cream separators,8421,6,1
H5,842112,Centrifuges; clothes-dryers,8421,6,1
H5,842119,"Centrifuges; n.e.c. in heading no. 8421, including centrifugal dryers (but not clothes-dryers)",8421,6,1
H5,842121,Machinery; for filtering or purifying water,8421,6,1
H5,842122,Machinery; for filtering or purifying beverages other than water,8421,6,1
H5,842123,"Machinery; filtering or purifying machinery, oil or petrol filters for internal combustion engines",8421,6,1
H5,842129,"Machinery; for filtering or purifying liquids, n.e.c. in item no. 8421.2",8421,6,1
H5,842131,Machinery; intake air filters for internal combustion engines,8421,6,1
H5,842139,"Machinery; for filtering or purifying gases, other than intake air filters for internal combustion engines",8421,6,1
H5,842191,"Centrifuges; parts thereof, including parts for centrifugal dryers",8421,6,1
H5,842199,Machinery; parts for filtering or purifying liquids or gases,8421,6,1
H5,842211,Dish washing machines; of the household type,8422,6,1
H5,842219,Dish washing machines; of other than household type,8422,6,1
H5,842220,Machinery; for cleaning or drying bottles or other containers,8422,6,1
H5,842230,"Machinery; for filling, closing, sealing, capsuling or labelling bottles, cans, bags or other containers, machinery for aerating beverages",8422,6,1
H5,842240,Machinery; for packing or wrapping,8422,6,1
H5,842290,Machinery; parts of machinery of heading no. 8422,8422,6,1
H5,842310,Weighing machines; personal (including baby scales) and household scales,8423,6,1
H5,842320,Weighing machines; scales for continuous weighing of goods on conveyors,8423,6,1
H5,842330,"Weighing machines; constant weight scales and scales for discharging a predetermined weight of material into a bag or container, including hopper scales",8423,6,1
H5,842381,Weighing machines; having a maximum weighing capacity not exceeding 30kg (excluding balances of a sensitivity of 5cg or better),8423,6,1
H5,842382,Weighing machines; having a maximum weighing capacity exceeding 30kg but not exceeding 5000kg,8423,6,1
H5,842389,Weighing machines; having a maximum weighing capacity exceeding 5000kg,8423,6,1
H5,842390,"Weighing machines; weights of all kinds, parts of weighing machinery",8423,6,1
H5,842410,Fire extinguishers; whether or not charged,8424,6,1
H5,842420,Spray guns and similar appliances,8424,6,1
H5,842430,Mechanical appliances; steam or sand blasting machines and similar jet projecting machines,8424,6,1
H5,842441,Mechanical appliances; agricultural or horticultural sprayers; portable sprayers,8424,6,1
H5,842449,Mechanical appliances; agricultural or horticultural sprayers; other than portable sprayers,8424,6,1
H5,842482,"Mechanical appliances; agricultural or horticultural, n.e.c. in heading 8424",8424,6,1
H5,842489,"Mechanical appliances; for projecting, dispersing or spraying liquids or powders, for other than agricultural or horticultural use, whether or not hand-operated",8424,6,1
H5,842490,"Mechanical appliances; parts of machines projecting, dispersing or spraying liquids or powders, whether or not hand-operated",8424,6,1
H5,842511,Pulley tackle and hoists; powered by an electric motor (excluding skip hoists or hoists of a kind used for raising vehicles),8425,6,1
H5,842519,Pulley tackle and hoists; not powered by an electric motor (excluding skip hoists or hoists of a kind used for raising vehicles),8425,6,1
H5,842531,Winches; capstans; powered by an electric motor,8425,6,1
H5,842539,Winches; capstans; not powered by an electric motor,8425,6,1
H5,842541,"Jacks; built-in jacking systems of a type used in garages, for raising vehicles",8425,6,1
H5,842542,"Jacks and hoists; hydraulic, of a kind used for raising vehicles",8425,6,1
H5,842549,"Jacks and hoists; (other than hydraulic), of a kind used for raising vehicles",8425,6,1
H5,842611,Cranes; overhead travelling cranes on fixed support,8426,6,1
H5,842612,Cranes; mobile lifting frames on tyres and straddle carriers,8426,6,1
H5,842619,"Cranes; transporter, gantry and bridge cranes",8426,6,1
H5,842620,Cranes; tower cranes,8426,6,1
H5,842630,Cranes; portal or pedestal jib cranes,8426,6,1
H5,842641,"Cranes; self-propelled derricks and cranes, on tyres, n.e.c. in heading no. 8426",8426,6,1
H5,842649,"Cranes; self-propelled derricks and cranes, not on tyres, n.e.c. in heading no. 8426",8426,6,1
H5,842691,Cranes and derricks; designed for mounting on road vehicles,8426,6,1
H5,842699,"Cranes and derricks; for other than mounting on road vehicles, n.e.c. in heading no. 8426",8426,6,1
H5,842710,"Fork-lift and other works trucks; fitted with lifting or handling equipment, self-propelled by electric motor",8427,6,1
H5,842720,"Fork-lift and other works trucks; fitted with lifting or handling equipment, self-propelled by other than electric motor",8427,6,1
H5,842790,"Fork-lift and other works trucks; fitted with lifting or handling equipment, not self-propelled",8427,6,1
H5,842810,Lifts and skip hoists,8428,6,1
H5,842820,Elevators and conveyors; pneumatic,8428,6,1
H5,842831,"Elevators and conveyors; continuous-action, for goods and materials, specially designed for underground use, n.e.c. in item no. 8428.20",8428,6,1
H5,842832,"Elevators and conveyors; continuous-action, for goods or materials, bucket type, n.e.c. in item no. 8428.20 or 8428.31",8428,6,1
H5,842833,"Elevators and conveyors; continuous-action, for goods or materials, belt type, n.e.c. in item no. 8428.20 or 8428.31",8428,6,1
H5,842839,"Elevators and conveyors; continuous-action, for goods or materials, n.e.c. in item no. 8428.20, 8428.31, 8428.32 or 8428.33",8428,6,1
H5,842840,Escalators and moving walkways,8428,6,1
H5,842860,"Teleferics, chair-lifts, ski-draglines, traction mechanisms for funiculars",8428,6,1
H5,842890,"Lifting, handling, loading or unloading machinery; n.e.c. in heading no. 8425, 8426, 8427 or 8428",8428,6,1
H5,842911,"Bulldozers and angledozers; self-propelled, track laying",8429,6,1
H5,842919,"Bulldozers and angledozers; self-propelled, other than track laying",8429,6,1
H5,842920,Graders and levellers,8429,6,1
H5,842930,Scrapers; self-propelled,8429,6,1
H5,842940,Tamping machines and road rollers; self-propelled,8429,6,1
H5,842951,Front-end shovel loaders,8429,6,1
H5,842952,"Mechanical shovels, excavators and shovel loaders; with a 360 degree revolving super structure",8429,6,1
H5,842959,"Mechanical shovels, excavators and shovel loaders; n.e.c. in item no. 8429.50",8429,6,1
H5,843010,Pile-drivers and pile-extractors,8430,6,1
H5,843020,Snow-ploughs and snow-blowers,8430,6,1
H5,843031,Coal or rock cutters and tunnelling machinery; self-propelled,8430,6,1
H5,843039,Coal or rock cutters and tunnelling machinery; not self-propelled,8430,6,1
H5,843041,"Boring or sinking machinery; self-propelled, n.e.c. in heading no. 8430",8430,6,1
H5,843049,Boring and sinking machinery; not self-propelled,8430,6,1
H5,843050,"Machinery; for handling earth, minerals or ores, self-propelled, n.e.c. in heading no. 8430",8430,6,1
H5,843061,"Machinery; for tamping or compacting, not self-propelled",8430,6,1
H5,843069,"Machinery; for moving, levelling, scraping, grading, excavating earth minerals or ores; not self propelled n.e.c in 84.30",8430,6,1
H5,843110,Machinery; parts of the machinery of heading no. 8425,8431,6,1
H5,843120,Machinery; parts of the machinery of heading no. 8427,8431,6,1
H5,843131,"Lifts, skip hoists or escalators; parts thereof",8431,6,1
H5,843139,"Machinery; parts of the machinery of heading no. 8428, (other than lifts, skip hoists or escalators)",8431,6,1
H5,843141,"Machinery parts; buckets, shovels, grabs and grips, for the machinery of heading no. 8426 and 8430",8431,6,1
H5,843142,Machinery parts; bulldozer or angledozer blades,8431,6,1
H5,843143,Boring or sinking machinery; parts of the machinery of item no. 8430.41 or 8430.41,8431,6,1
H5,843149,"Machinery; parts of machines handling earth, minerals or ores and n.e.c. in heading no. 8431",8431,6,1
H5,843210,Ploughs; for soil preparation,8432,6,1
H5,843221,Harrows; disc harrows,8432,6,1
H5,843229,"Harrows; (excluding disc), scarifiers, cultivators, weeders and hoes",8432,6,1
H5,843231,"Seeders, planters and transplanters; no-till direct seeders, planters and transplanters",8432,6,1
H5,843239,"Seeders, planters and transplanters; other than no-till direct seeders, planters and transplanters",8432,6,1
H5,843241,"Spreaders and distributors; for manure and fertilizers, for agricultural, horticultural or forestry use; manure spreaders",8432,6,1
H5,843242,"Spreaders and distributors; for manure and fertilizers, for agricultural, horticultural or forestry use; fertiliser distributors",8432,6,1
H5,843280,Rollers; for lawns or sports-grounds,8432,6,1
H5,843290,Machinery; parts of machinery for soil preparation or cultivation or for rollers for lawns or sports-grounds,8432,6,1
H5,843311,"Mowers; lawn, parks or sports-grounds, powered, with the cutting device rotating in a horizontal plane",8433,6,1
H5,843319,"Mowers; for lawns, parks or sports-grounds, other than with the cutting device rotating in a horizontal plane",8433,6,1
H5,843320,Mowers; n.e.c. in item no. 8433.1 (including cutter bars for tractor mounting),8433,6,1
H5,843330,Haymaking machinery,8433,6,1
H5,843340,"Balers; straw or fodder balers, including pick-up balers",8433,6,1
H5,843351,Combine harvester-threshers,8433,6,1
H5,843352,Threshing machinery; other than combine harvester-threshers,8433,6,1
H5,843353,Harvesting machinery; for roots or tubers,8433,6,1
H5,843359,Harvesting machinery; n.e.c. in heading no. 8433,8433,6,1
H5,843360,"Machines; for cleaning, sorting or grading eggs, fruit or other agricultural produce",8433,6,1
H5,843390,"Harvesting machinery; parts, including parts of threshing machinery, straw or fodder balers and grass or hay mowers",8433,6,1
H5,843410,Milking machines,8434,6,1
H5,843420,Dairy machinery,8434,6,1
H5,843490,Milking machines and dairy machinery; parts thereof,8434,6,1
H5,843510,"Presses, crushers and similar machinery; used in the manufacture of wine, cider, fruit juices or similar beverages",8435,6,1
H5,843590,"Presses, crushers and similar machinery; parts, used in the manufacture of wine, cider, fruit juices or similar beverages",8435,6,1
H5,843610,Machinery; for preparing animal feeding stuffs,8436,6,1
H5,843621,Poultry incubators and brooders,8436,6,1
H5,843629,Poultry-keeping machinery; other than incubators and brooders,8436,6,1
H5,843680,"Machinery; for agricultural, horticultural or forestry use and n.e.c. in heading no. 8436",8436,6,1
H5,843691,Machinery; parts of poultry-keeping machinery or poultry incubators and brooders,8436,6,1
H5,843699,"Machinery; parts of that machinery for agricultural, horticultural or forestry use n.e.c. in heading no. 8436",8436,6,1
H5,843710,"Machines; for cleaning, sorting or grading seed, grain or dried leguminous vegetables",8437,6,1
H5,843780,"Machinery; for use in the milling industry or for the working of cereals or dried leguminous vegetables, other than farm-type machinery",8437,6,1
H5,843790,"Machines; parts of those for cleaning, sorting or grading seed, grain or dried leguminous vegetables or for milling or working cereals or dried leguminous vegetables (not farm-type machinery)",8437,6,1
H5,843810,"Machinery; industrial, for bakery and for the manufacture of macaroni, spaghetti or similar products",8438,6,1
H5,843820,"Machinery; industrial, for the manufacture of confectionery, cocoa or chocolate",8438,6,1
H5,843830,"Machinery; industrial, for sugar manufacture",8438,6,1
H5,843840,"Machinery; industrial, brewery machinery",8438,6,1
H5,843850,"Machinery; industrial, for the preparation of meat or poultry",8438,6,1
H5,843860,"Machinery; industrial, for the preparation of fruits, nuts or vegetables",8438,6,1
H5,843880,"Machinery; used in the industrial preparation or manufacture of food or drink, n.e.c. in heading no. 8438",8438,6,1
H5,843890,Machinery; parts of those machines used in the industrial preparation or manufacture of food or drink,8438,6,1
H5,843910,Machinery; for making pulp of fibrous cellulosic material,8439,6,1
H5,843920,Machinery; for making paper or paperboard,8439,6,1
H5,843930,Machinery; for finishing paper or paperboard,8439,6,1
H5,843991,Machinery; parts of machinery for making pulp of fibrous cellulosic material,8439,6,1
H5,843999,Machinery; parts of machinery for making or finishing paper or paperboard,8439,6,1
H5,844010,Book-binding machinery; including book-sewing machines,8440,6,1
H5,844090,"Book-binding machinery; including book-sewing machines, parts thereof",8440,6,1
H5,844110,"Machines; cutting, of all kinds, for making up paper pulp, paper or paperboard",8441,6,1
H5,844120,"Machines; for making bags, sacks or envelopes of paper pulp, paper or paperboard",8441,6,1
H5,844130,"Machines; for making cartons, boxes, cases, tubes, drums or similar containers (other than by moulding), of paper pulp, paper or paperboard",8441,6,1
H5,844140,"Machines; for moulding articles, in paper pulp, paper or paperboard",8441,6,1
H5,844180,"Machinery; n.e.c. in heading no. 8441, for making up paper pulp, paper or paperboard",8441,6,1
H5,844190,"Machinery; parts of machinery for making up paper pulp, paper or paperboard, including cutting machines of all kinds",8441,6,1
H5,844230,"Machinery, apparatus and equipment (excluding machines of heading no. 8456 to 8465) for preparing or making printing components",8442,6,1
H5,844240,"Machinery, apparatus and equipment (excluding machines of heading no. 8456 to 8465) for preparing or making printing components; parts thereof",8442,6,1
H5,844250,"Plates, cylinders and other printing components; lithographic stones prepared for printing purposes (for example, planed, grained or polished)",8442,6,1
H5,844311,"Printing machinery; offset, reel-fed",8443,6,1
H5,844312,"Printing machinery; offset, sheet-fed, office type (sheet size not exceeding 22 x 36cm in the unfolded state)",8443,6,1
H5,844313,"Printing machinery; offset, n.e.c. in item no. 8443.1",8443,6,1
H5,844314,"Printing machinery; letterpress, reel-fed, excluding flexographic printing",8443,6,1
H5,844315,"Printing machinery; letterpress, other than reel-fed, excluding flexographic printing",8443,6,1
H5,844316,Printing machinery; flexographic,8443,6,1
H5,844317,Printing machinery; gravure,8443,6,1
H5,844319,"Printing machinery; used for printing by means of plates, cylinders and other printing components of heading 84.42, n.e.c. in item no. 8443.1",8443,6,1
H5,844331,"Printing, copying, and facsimile machines; machines which perform two or more of the functions of printing, copying or facsimile transmission, capable of connecting to an automatic data processing machine or to a network",8443,6,1
H5,844332,"Printing, copying, and facsimile machines; single-function printing, copying or facsimile machines, capable of connecting to an automatic data processing machine or to a network",8443,6,1
H5,844339,"Printing, copying, and facsimile machines; single-function printing, copying or facsimile machines, not capable of connecting to an automatic data processing machine or to a network",8443,6,1
H5,844391,"Printing machinery used for printing by means of plates, cylinders and other printing components of heading 8442; parts and accessories",8443,6,1
H5,844399,"Printing machinery; parts and accessories, n.e.c. in item no. 8443.91",8443,6,1
H5,844400,"Textile machinery; for extruding, drawing, texturing or cutting man-made textile materials",8444,6,1
H5,844511,Textile machinery; carding machines for preparing textile fibres,8445,6,1
H5,844512,Textile machinery; combing machines for preparing textile fibres,8445,6,1
H5,844513,Textile machinery; drawing or roving machines for preparing textile fibres,8445,6,1
H5,844519,"Textile machinery; n.e.c. in heading no. 8445, for preparing textile fibres",8445,6,1
H5,844520,Textile machinery; spinning machines,8445,6,1
H5,844530,Textile machinery; doubling or twisting machines,8445,6,1
H5,844540,Textile machinery; winding (including weft-winding) or reeling machines,8445,6,1
H5,844590,Textile machinery; involved in textile fibre or textile yarn preparation and n.e.c. in heading no. 8445,8445,6,1
H5,844610,Weaving machines (looms); for weaving fabrics of a width 30cm or less,8446,6,1
H5,844621,"Weaving machines (looms); for weaving fabrics of a width exceeding 30cm, shuttle type, power looms",8446,6,1
H5,844629,"Weaving machines (looms); for weaving fabrics of a width exceeding 30cm, shuttle type, other than power looms",8446,6,1
H5,844630,"Weaving machines (looms); for weaving fabrics of a width exceeding 30cm, shuttleless type",8446,6,1
H5,844711,"Knitting machines; circular, with cylinder diameter not exceeding 165mm",8447,6,1
H5,844712,"Knitting machines; circular, with cylinder diameter exceeding 165mm",8447,6,1
H5,844720,"Knitting machines; flat, stitch-bonding machines",8447,6,1
H5,844790,"Machines; for making gimped yarn, tulle, lace, embroidery, trimmings, braid or net and machines for tufting",8447,6,1
H5,844811,"Machinery, auxiliary; dobbies and jacquards, card reducing, copying, punching or assembling machines for use therewith",8448,6,1
H5,844819,"Machinery, auxiliary; for machines of heading no. 8444, 8445, 8446 or 8447, n.e.c. in item no. 8448.11",8448,6,1
H5,844820,Machines; parts and accessories of machines or auxiliary machinery of heading no. 8444,8448,6,1
H5,844831,"Machines, card clothing; parts and accessories",8448,6,1
H5,844832,"Machines; parts and accessories of machines or auxiliary machinery for preparing textile fibres, other than card clothing",8448,6,1
H5,844833,"Machines; parts and accessories of machines or auxiliary machinery, spindles, spindle flyers, spinning rings and ring travellers",8448,6,1
H5,844839,"Machines; parts and accessories of machines or auxiliary machinery of heading no. 8445, n.e.c. in item no. 8448.3",8448,6,1
H5,844842,"Weaving machines (looms); parts including their auxiliary machinery, and accessories thereof, reeds for looms, healds and heald-frames",8448,6,1
H5,844849,"Weaving machines (looms); parts including their auxiliary machinery, and accessories thereof n.e.c. in item no. 8448.4",8448,6,1
H5,844851,"Machines; parts and accessories of machines of heading no. 8447 or auxiliary machinery, sinkers, needles and other articles used in forming stitches",8448,6,1
H5,844859,"Machines; parts and accessories of machines or auxiliary machinery of heading no. 8447, other than sinkers, needles and other articles used in forming stitches",8448,6,1
H5,844900,"Machinery; for manufacture or finishing felt or non-wovens in the piece or in shapes, including machinery for making felt hats, blocks for making hats",8449,6,1
H5,845011,"Washing machines; household or laundry-type, fully-automatic, (of a dry linen capacity not exceeding 10kg)",8450,6,1
H5,845012,"Washing machines; household or laundry-type, with built-in centrifugal drier, (not fully-automatic), of a dry linen capacity not exceeding 10kg",8450,6,1
H5,845019,"Washing machines; household or laundry-type, not fully-automatic, without built-in centrifugal drier, of a dry linen capacity not exceeding 10kg",8450,6,1
H5,845020,"Washing machines; household or laundry-type, of a dry linen capacity exceeding 10kg",8450,6,1
H5,845090,Washing machines; parts for household or laundry-type,8450,6,1
H5,845110,Dry-cleaning machines,8451,6,1
H5,845121,Drying machines; of a dry linen capacity not exceeding 10kg,8451,6,1
H5,845129,Drying machines; of a dry linen capacity exceeding 10kg,8451,6,1
H5,845130,Ironing machines and presses (including fusing presses),8451,6,1
H5,845140,"Machines; for washing, bleaching or dyeing",8451,6,1
H5,845150,"Machines; for reeling, unreeling, folding, cutting or pinking textile fabrics",8451,6,1
H5,845180,"Machinery; for wringing, dressing, finishing, coating or impregnating textile yarns, fabrics or made up textile articles; for applying paste to base fabric used in manufacture of floor coverings",8451,6,1
H5,845190,"Machinery; parts, of the machinery of heading no. 8451",8451,6,1
H5,845210,Sewing machines; of the household type,8452,6,1
H5,845221,"Sewing machines; (not household type), automatic units",8452,6,1
H5,845229,Sewing machines; not household or automatic unit type,8452,6,1
H5,845230,Sewing machine needles,8452,6,1
H5,845290,"Sewing machines; furniture, bases and covers for sewing machines and parts thereof, and other parts of sewing machines",8452,6,1
H5,845310,"Machinery; for preparing, tanning or working hides, skins or leather, other than sewing machines",8453,6,1
H5,845320,"Machinery; for making or repairing footwear, other than sewing machines",8453,6,1
H5,845380,"Machinery; for making or repairing articles of hides, skins or leather, other than sewing machines",8453,6,1
H5,845390,"Machinery; parts of those for preparing, tanning or working hides, skins or leather, for making or repairing footwear or other articles of hides, skin or leather, other than sewing machines",8453,6,1
H5,845410,Converters; of a type used in metallurgy or in metal foundries,8454,6,1
H5,845420,Ingot moulds and ladles; of a kind used in metallurgy or in metal foundries,8454,6,1
H5,845430,Casting machines; of a kind used in metallurgy or in metal foundries,8454,6,1
H5,845490,"Machines; parts of converters, ladles, ingot moulds and casting machines, of a kind used in metallurgy or in metal foundries",8454,6,1
H5,845510,Metal-rolling mills; tube mills,8455,6,1
H5,845521,Metal-rolling mills; hot or combination hot and cold rolling mills,8455,6,1
H5,845522,Metal-rolling mills; cold,8455,6,1
H5,845530,Metal-rolling mills; rolls thereof,8455,6,1
H5,845590,Metal-rolling mills; parts thereof,8455,6,1
H5,845611,Machine-tools; for working any material by removal of material; operated by laser,8456,6,1
H5,845612,Machine-tools; for working any material by removal of material; operated by other light or photon beam processes (not laser),8456,6,1
H5,845620,"Machine-tools; for working any material by removal of material, operated by ultrasonic processes",8456,6,1
H5,845630,"Machine-tools; for working any material by removal of material, operated by electro-discharge processes",8456,6,1
H5,845640,Machine tools; for working any material by removal of material; operated by plasma arc processes;,8456,6,1
H5,845650,Machine tools; for working any material by removal of material; operated by water-jet cutting machines,8456,6,1
H5,845690,Machine tools; for working any material by removal of material; operated by other processes n.e.c. in heading 8456,8456,6,1
H5,845710,Machining centres; for working metal,8457,6,1
H5,845720,"Machines; unit construction machines (single station), for working metal",8457,6,1
H5,845730,"Metal machines; multi-station transfer machines, for working metal",8457,6,1
H5,845811,"Lathes; for removing metal, horizontal, numerically controlled",8458,6,1
H5,845819,"Lathes; for removing metal, horizontal, other than numerically controlled",8458,6,1
H5,845891,"Lathes; for removing metal, numerically controlled, other than horizontal lathes",8458,6,1
H5,845899,"Lathes; for removing metal, other than horizontal or numerically controlled lathes",8458,6,1
H5,845910,"Machine-tools; way-type unit head machines, for drilling, boring, milling, threading or tapping by removing metal, other than lathes of heading no. 8458",8459,6,1
H5,845921,"Machine-tools; for drilling by removing metal, numerically controlled",8459,6,1
H5,845929,"Machine-tools; for drilling by removing metal, other than numerically controlled",8459,6,1
H5,845931,"Machine-tools; for boring-milling by removing metal, numerically controlled",8459,6,1
H5,845939,"Machine-tools; for boring-milling by removing metal, other than numerically controlled",8459,6,1
H5,845941,"Machine-tools; for boring by removing metal, numerically controlled boring machines, n.e.c. in heading 8459",8459,6,1
H5,845949,"Machine-tools; for boring by removing metal, not numerically controlled boring machines, n.e.c. in heading 8459",8459,6,1
H5,845951,"Machine-tools; for milling by removing metal, knee-type, numerically controlled",8459,6,1
H5,845959,"Machine-tools; for milling by removing metal, knee-type, other than numerically controlled",8459,6,1
H5,845961,"Machine-tools; for milling by removing metal, (not knee-type), numerically controlled",8459,6,1
H5,845969,"Machine-tools; for milling by removing metal, not knee-type, other than numerically controlled",8459,6,1
H5,845970,Machine-tools; for threading or tapping by removing metal,8459,6,1
H5,846012,"Machine-tools; flat-surface grinding machines, numerically controlled",8460,6,1
H5,846019,"Machine-tools; flat-surface grinding machines, other than numerically controlled",8460,6,1
H5,846022,"Machine-tools; grinding machines (excluding flat-surface), centreless, numerically controlled",8460,6,1
H5,846023,"Machine-tools; cylindrical grinding machines (excluding flat-surface and centreless), numerically controlled",8460,6,1
H5,846024,"Machine-tools; grinding machines (excluding flat-surface, cylindrical and centreless), numerically controlled",8460,6,1
H5,846029,"Machine-tools; grinding machines (excluding flat-surface), other than numerically controlled",8460,6,1
H5,846031,"Machine-tools; sharpening (tool or cutter grinding) machines, numerically controlled",8460,6,1
H5,846039,"Machine-tools; sharpening (tool or cutter grinding) machines, other than numerically controlled",8460,6,1
H5,846040,Machine-tools; for honing or lapping,8460,6,1
H5,846090,"Machine-tools; for deburring, grinding, polishing or otherwise finishing metal, sintered metal carbides or cermets by means of grinding stones, abrasives or polishing products, n.e.c. in heading no. 8460",8460,6,1
H5,846120,"Machine-tools; shaping or slotting machines, working by removing metal, sintered metal carbides or cermets",8461,6,1
H5,846130,"Machine-tools; broaching machines, working by removing metal, sintered metal carbides or cermets",8461,6,1
H5,846140,"Machine-tools; gear cutting, gear grinding or gear finishing machines, working by removing metal, sintered metal carbides or cermets",8461,6,1
H5,846150,"Machine-tools; sawing or cutting-off machines, working by removing metal, sintered metal carbides or cermets",8461,6,1
H5,846190,"Machine-tools; planing machines, and other machine-tools n.e.c. in heading no. 8461; working by removing metal, sinistered metal carbides or cerments.",8461,6,1
H5,846210,"Machine-tools; forging or die-stamping machines (including presses) and hammers, for working metal",8462,6,1
H5,846221,"Machine-tools; bending, folding, straightening or flattening machines (including presses), numerically controlled, for working metal",8462,6,1
H5,846229,"Machine-tools; bending, folding, straightening or flattening machines (including presses), (other than numerically controlled), for working metal",8462,6,1
H5,846231,"Machine-tools; shearing machines (including presses), (other than combined punching and shearing machines), numerically controlled, for working metal",8462,6,1
H5,846239,"Machine-tools; shearing machines (including presses), (other than combined punching and shearing machines, other than numerically controlled), for working metal",8462,6,1
H5,846241,"Machine-tools; punching or notching machines (including presses), including combined punching and shearing machines, numerically controlled, for working metal",8462,6,1
H5,846249,"Machine-tools; punching or notching machines (including presses), including combined punching and shearing machines, (not numerically controlled), for working metal",8462,6,1
H5,846291,"Machine-tools; presses for working metal or metal carbides, n.e.c. in heading no. 8462, hydraulic presses",8462,6,1
H5,846299,"Machine-tools; presses for working metal or metal carbides, n.e.c. in heading no. 8462, other than hydraulic presses",8462,6,1
H5,846310,"Machine-tools; for working metal, sintered metal carbides or cermets, without removing material, draw-benches for bars, tubes, profiles, wire or the like",8463,6,1
H5,846320,"Machine-tools; for working metal, sintered metal carbides or cermets, without removing material, thread rolling machines",8463,6,1
H5,846330,"Machine-tools; machines for working wire, without removing material",8463,6,1
H5,846390,"Machine-tools; for working metal, sintered metal carbides or cermets, without removing material, n.e.c. in heading no. 8463",8463,6,1
H5,846410,"Machine-tools; sawing machines, for working stone, ceramics, concrete, asbestos-cement or like mineral materials or for cold working glass",8464,6,1
H5,846420,"Machine-tools; grinding or polishing machines, for working stone, ceramics, concrete, asbestos-cement or like mineral materials or for cold working glass",8464,6,1
H5,846490,"Machine-tools; for working stone, ceramics, concrete, asbestos-cement or like mineral materials or for cold working glass, (other than sawing, grinding or polishing machines)",8464,6,1
H5,846510,"Machine-tools; which can carry out different types of machining operations without tool change between such operations, for working wood, cork, bone, hard rubber, hard plastics or similar",8465,6,1
H5,846520,"Machine-tools; for working wood, cork, bone, hard rubber, hard plastics or similar hard materials; machining centres",8465,6,1
H5,846591,"Machine-tools; for working wood, cork, bone, hard rubber, hard plastics or similar hard materials; sawing machines",8465,6,1
H5,846592,"Machine-tools; for working wood, cork, bone, hard rubber, hard plastics or similar hard materials; planing, milling or moulding (by cutting) machines",8465,6,1
H5,846593,"Machine-tools; for working wood, cork, bone, hard rubber, hard plastics or similar hard materials; grinding, sanding or polishing machines",8465,6,1
H5,846594,"Machine-tools; for working wood, cork, bone, hard rubber, hard plastics or similar hard materials; bending or assembling machines",8465,6,1
H5,846595,"Machine-tools; for working wood, cork, bone, hard rubber, hard plastics or similar hard materials; drilling or morticing machines",8465,6,1
H5,846596,"Machine-tools; for working wood, cork, bone, hard rubber, hard plastics or similar hard materials; splitting, slicing or paring machines",8465,6,1
H5,846599,"Machine-tools; for working wood, cork, bone, hard rubber, hard plastics or similar hard materials; n.e.c. in heading no. 8465",8465,6,1
H5,846610,Parts & accessories suited for use solely/principally with machines of headings 8456-8465; tool holders and self-opening dieheads,8466,6,1
H5,846620,Parts & accessories suited for use solely/principally with machines of headings 8456-8465; work holders,8466,6,1
H5,846630,Parts & accessories suited for use solely/principally with machines of headings 8456-8465; dividing heads and other special attachments for machines,8466,6,1
H5,846691,"Parts & accessories suited for use solely/principally; for the machines of heading no. 8464, n.e.c. in heading no. 8466",8466,6,1
H5,846692,"Parts & accessories suited for use solely/principally for the machines of heading no. 8465, n.e.c. in heading no. 8466",8466,6,1
H5,846693,Parts & accessories suited for use solely/principally with machines of headings 8456-8465; n.e.c. in heading no. 8466,8466,6,1
H5,846694,"Machine-tools; parts and accessories, for the machines of heading no. 8462 or 8463, n.e.c. in heading no. 8466",8466,6,1
H5,846711,"Tools; for working in the hand, pneumatic, rotary type (including combined rotary-percussion)",8467,6,1
H5,846719,"Tools; for working in the hand, pneumatic, other than rotary type",8467,6,1
H5,846721,"Tools; for working in the hand, with self-contained electric motor; drills of all kinds",8467,6,1
H5,846722,"Tools; for working in the hand, with self-contained electric motor; saws",8467,6,1
H5,846729,"Tools; for working in the hand, with self-contained electric motor; other than saws and drills",8467,6,1
H5,846781,"Tools; for working in the hand, chain saws with self-contained non-electric motor",8467,6,1
H5,846789,"Tools; for working in the hand, (other than chain saws), hydraulic or with self-contained non-electric motor, (not pneumatic)",8467,6,1
H5,846791,"Tools; for working in the hand, parts of chain saws, with self-contained non-electric motor",8467,6,1
H5,846792,"Tools; for working in the hand, parts of pneumatic tools",8467,6,1
H5,846799,"Tools; for working in the hand, parts thereof for other than chain saws and pneumatic tools",8467,6,1
H5,846810,"Machinery and apparatus; hand-held blow pipes for soldering, brazing or welding, whether or not capable of cutting",8468,6,1
H5,846820,"Machinery and apparatus; gas operated machinery and apparatus n.e.c. in item no. 8468.10, for soldering, brazing or welding, whether or not capable of cutting",8468,6,1
H5,846880,"Machinery and apparatus; for soldering, brazing or welding, whether or not capable of cutting, n.e.c. in heading no. 8468",8468,6,1
H5,846890,"Machinery and apparatus; parts, soldering, brazing or welding, whether or not capable of cutting, parts thereof",8468,6,1
H5,847010,"Calculating machines; electronic calculators capable of operation without an external source of electric power and pocket-size data recording, reproducing and displaying machines with calculating functions",8470,6,1
H5,847021,"Calculating machines; electronic, incorporating a printing device, needing an external source of power",8470,6,1
H5,847029,"Calculating machines; electronic, (not incorporating a printing device), needing an external power source",8470,6,1
H5,847030,Calculating machines; non-electronic,8470,6,1
H5,847050,Cash registers,8470,6,1
H5,847090,Machines incorporating a calculating device; n.e.c. in heading no. 8470,8470,6,1
H5,847130,"Automatic data processing machines; portable, weighing not more than 10kg, consisting of at least a central processing unit, a keyboard and a display",8471,6,1
H5,847141,"Automatic data processing machines; comprising in the same housing at least a central processing unit and an input and output unit, whether or not combined, n.e.c. in item no. 8471.30",8471,6,1
H5,847149,"Automatic data processing machines; presented in the form of systems, n.e.c. in item no. 8471.30 or 8471.41",8471,6,1
H5,847150,"Units of automatic data processing machines; processing units other than those of item no. 8471.41 or 8471.49, whether or not containing in the same housing one or two of the following types of unit: storage units, input units or output units",8471,6,1
H5,847160,"Units of automatic data processing machines; input or output units, whether or not containing storage units in the same housing",8471,6,1
H5,847170,Units of automatic data processing machines; storage units,8471,6,1
H5,847180,"Units of automatic data processing machines; n.e.c. in item no. 8471.50, 8471.60 or 8471.70",8471,6,1
H5,847190,"Magnetic or optical readers, machines for transcribing data onto data media in coded form and machines for processing such data, not elsewhere specified or included",8471,6,1
H5,847210,Office machines; duplicating machines,8472,6,1
H5,847230,"Office machines; for sorting or folding mail or for inserting mail in envelopes or bands, machines for opening, closing or sealing mail and machines for affixing or cancelling postage stamps",8472,6,1
H5,847290,Office machines; not elsewhere classified,8472,6,1
H5,847321,"Calculating machines; parts and accessories of the electronic calculating machines of item no. 8470.10, 8470.21 or 8470.29 (other than covers, carrying cases and the like)",8473,6,1
H5,847329,"Machinery; parts and accessories of the machines of item no. 8470.30. 8470.50 or 8470.90 (other than covers, carrying cases and the like)",8473,6,1
H5,847330,"Machinery; parts and accessories (other than covers, carrying cases and the like) of the machines of heading no. 8471",8473,6,1
H5,847340,"Machinery; parts and accessories (other than covers, carrying cases and the like) of the machines of heading no. 8472",8473,6,1
H5,847350,"Machines; parts and accessories (other than covers, carrying cases and the like) equally suitable for use with machines of two or more of the headings 8470 to 8472",8473,6,1
H5,847410,"Machines; for sorting, screening, separating or washing earth, stone, ores or other mineral substances",8474,6,1
H5,847420,"Machines; for crushing or grinding earth, stone, ores or other mineral substances",8474,6,1
H5,847431,Machines; concrete or mortar mixers,8474,6,1
H5,847432,Machines; for mixing mineral substances with bitumen,8474,6,1
H5,847439,"Machines; for mixing or kneading mineral substances, excluding concrete mixers and machines for mixing mineral substances with bitumen",8474,6,1
H5,847480,"Machines; for agglomerating, shaping or moulding solid mineral fuels, ceramic paste, unhardened cements, plastering materials in powder or paste form, machines for forming foundry moulds of sand",8474,6,1
H5,847490,"Machines, for sorting, screening, separating, washing, crushing etc mineral substances, for agglomerating, shaping or moulding solid fuels, ceramic pastes etc, for forming foundry moulds of sand; parts",8474,6,1
H5,847510,"Machines; for assembling electric or electronic lamps, tubes, valves or flash-bulbs, in glass envelopes",8475,6,1
H5,847521,"Machines; for manufacturing or hot working glass or glassware, for making optical fibres and preforms thereof",8475,6,1
H5,847529,"Machines; for manufacturing or hot working glass or glassware, not for making optical fibres and preforms thereof",8475,6,1
H5,847590,"Machines; parts, of those for assembling electric or electronic lamps, tubes, valves or flash-bulbs, in glass envelopes and manufacturing or hot working glass or glassware",8475,6,1
H5,847621,"Machines; automatic beverage-vending machines, incorporating heating or refrigerating devices",8476,6,1
H5,847629,"Machines; automatic beverage-vending machines, not incorporating heating or refrigerating devices",8476,6,1
H5,847681,"Machines; automatic goods-vending machines, (e.g. postage stamp, cigarette, food or money-changing machines, excluding beverage-vending machines), incorporating heating or refrigerating devices",8476,6,1
H5,847689,"Machines; automatic goods-vending machines, (e.g. postage stamp, cigarette, food or money-changing machines, excluding beverage-vending machines), not incorporating heating or refrigerating devices",8476,6,1
H5,847690,Machines; parts of automatic goods-vending machines,8476,6,1
H5,847710,"Machinery; injection-moulding machines, for working rubber or plastics or for the manufacture of products from these materials",8477,6,1
H5,847720,"Machinery; extruders, for working rubber or plastics or for the manufacture of products from these materials",8477,6,1
H5,847730,"Machinery; blow moulding machines, for working rubber or plastics or for the manufacture of products from these materials",8477,6,1
H5,847740,"Machinery; vacuum moulding machines and other thermoforming machines, for working rubber or plastics or for the manufacture of products from these materials",8477,6,1
H5,847751,Machinery; for moulding or retreading pneumatic tyres or for moulding or otherwise forming inner tubes,8477,6,1
H5,847759,"Machinery; for moulding or forming, for working rubber or plastics or for the manufacture of products from these materials, n.e.c. in this chapter",8477,6,1
H5,847780,"Machinery; for working rubber or plastics or for the manufacture of products from these materials, n.e.c. in this chapter",8477,6,1
H5,847790,"Machinery; parts of the machines of heading no. 8477, n.e.c. in item no. 8477.90",8477,6,1
H5,847810,"Machinery; for preparing or making up tobacco, n.e.c. in this chapter",8478,6,1
H5,847890,"Machinery; parts of those for preparing or making up tobacco, n.e.c. in this chapter",8478,6,1
H5,847910,"Machinery and mechanical appliances; for public works, building or the like",8479,6,1
H5,847920,Machinery; for the extraction or preparation of animal or fixed vegetable fats or oils,8479,6,1
H5,847930,Machinery and mechanical appliances; presses for the manufacture of particle or fibre building board of wood or other ligneous materials and other machinery for treating wood or cork,8479,6,1
H5,847940,Machines; for making rope or cable,8479,6,1
H5,847950,"Machinery and mechanical appliances; industrial robots, n.e.c. or included",8479,6,1
H5,847960,Machinery and mechanical appliances; evaporative air coolers,8479,6,1
H5,847971,"Machinery and mechanical appliances; passenger boarding bridges, of a kind used in airports",8479,6,1
H5,847979,"Machinery and mechanical appliances; passenger boarding bridges, other than of a kind used in airports",8479,6,1
H5,847981,"Machines and mechanical appliances; for treating metal, including electric wire coil-winders",8479,6,1
H5,847982,"Machines; for mixing, kneading, crushing, grinding, screening, sifting, homogenising, emulsifying or stirring",8479,6,1
H5,847989,"Machines and mechanical appliances; having individual functions, n.e.c. or included in this chapter",8479,6,1
H5,847990,"Machines and mechanical appliances; parts, of those having individual functions",8479,6,1
H5,848010,Moulding boxes; for metal foundry,8480,6,1
H5,848020,"Mould bases; for metal, metal carbides, glass, mineral materials, rubber or plastics",8480,6,1
H5,848030,"Moulding patterns; of metal, metal carbides, glass, mineral materials, rubber or plastics",8480,6,1
H5,848041,"Moulds; for metal or metal carbides, injection or compression types",8480,6,1
H5,848049,"Moulds; for metal or metal carbides, other than injection or compression types",8480,6,1
H5,848050,Moulds; for glass,8480,6,1
H5,848060,Moulds; for mineral materials,8480,6,1
H5,848071,"Moulds; for rubber or plastics, injection or compression types",8480,6,1
H5,848079,"Moulds; for rubber or plastics, other than injection or compression types",8480,6,1
H5,848110,"Valves; pressure reducing, for pipes, boiler shells, tanks, vats or the like",8481,6,1
H5,848120,Valves; for oleohydraulic or pneumatic transmissions,8481,6,1
H5,848130,"Valves; check (nonreturn) valves, for pipes, boiler shells, tanks, vats or the like",8481,6,1
H5,848140,"Valves; safety or relief valves, for pipes, boiler shells, tanks, vats or the like",8481,6,1
H5,848180,"Taps, cocks, valves and similar appliances; for pipes, boiler shells, tanks, vats or the like, including thermostatically controlled valves",8481,6,1
H5,848190,"Taps, cocks, valves and similar appliances; parts thereof",8481,6,1
H5,848210,Ball bearings,8482,6,1
H5,848220,"Bearings; tapered roller bearings, including cone and tapered roller assemblies",8482,6,1
H5,848230,Bearings; spherical roller bearings,8482,6,1
H5,848240,Bearings; needle roller bearings,8482,6,1
H5,848250,Bearings; cylindrical roller bearings n.e.c. in heading no. 8482,8482,6,1
H5,848280,"Bearings; n.e.c. in heading no. 8482, including combined ball/roller",8482,6,1
H5,848291,"Bearings; parts, balls, needles and rollers",8482,6,1
H5,848299,"Bearings; parts, (other than balls, needles and rollers)",8482,6,1
H5,848310,Transmission shafts (including cam shafts and crank shafts) and cranks,8483,6,1
H5,848320,"Bearing housings, incorporating ball or roller bearings",8483,6,1
H5,848330,"Bearing housings, not incorporating ball or roller bearings and plain shaft bearings",8483,6,1
H5,848340,"Gears and gearing; (not toothed wheels, chain sprockets and other transmission elements presented separately); ball or roller screws; gear boxes and other speed changers, including torque converters",8483,6,1
H5,848350,"Pulleys and flywheels, including pulley blocks",8483,6,1
H5,848360,Clutches and shaft couplings (including universal joints),8483,6,1
H5,848390,"Transmission components; toothed wheels, chain sprockets and other transmission elements presented separately; parts",8483,6,1
H5,848410,Gaskets and similar joints; of metal sheeting combined with other material or two or more layers of metal,8484,6,1
H5,848420,Seals; mechanical,8484,6,1
H5,848490,"Gasket sets or assortments of gaskets and similar joints; dissimilar in composition, put up in pouches, envelopes or similar packings",8484,6,1
H5,848610,Machines and apparatus of a kind used solely or principally for the manufacture of semiconductor boules or wafers,8486,6,1
H5,848620,Machines and apparatus of a kind used solely or principally for the manufacture of semiconductor devices or of electronic integrated circuits,8486,6,1
H5,848630,Machines and apparatus of a kind used solely or principally for the manufacture of flat panel displays,8486,6,1
H5,848640,"Machines and apparatus of a kind used solely or principally for the manufacture or repair of masks and reticles, assembling semiconductor devices or electronic integrated circuits, or for lifting, handling, loading or unloading items of heading 8486",8486,6,1
H5,848690,Machines and apparatus of heading 8486; parts and accessories,8486,6,1
H5,848710,Ships' or boats' propellers and blades therefor,8487,6,1
H5,848790,"Machinery parts; not containing electrical connectors, insulators, coils, contacts or other electrical features, n.e.c. in chapter 84, other than ships' or boats' propellers and blades therefor",8487,6,1
H5,850110,Electric motors; of an output not exceeding 37.5W,8501,6,1
H5,850120,Electric motors; universal AC/DC of an output exceeding 37.5W,8501,6,1
H5,850131,"Electric motors and generators; DC, of an output not exceeding 750W",8501,6,1
H5,850132,"Electric motors and generators; DC, of an output exceeding 750W but not exceeding 75kW",8501,6,1
H5,850133,"Electric motors and generators; DC, of an output exceeding 75kW but not exceeding 375kW",8501,6,1
H5,850134,"Electric motors and generators; DC, of an output exceeding 375kW",8501,6,1
H5,850140,"Electric motors; AC motors, single-phase",8501,6,1
H5,850151,"Electric motors; AC motors, multi-phase, of an output not exceeding 750W",8501,6,1
H5,850152,"Electric motors; AC motors, multi-phase, of an output exceeding 750W but not exceeding 75kW",8501,6,1
H5,850153,"Electric motors; AC motors, multi-phase, of an output exceeding 75kW",8501,6,1
H5,850161,"Generators; AC generators, (alternators), of an output not exceeding 75kVA",8501,6,1
H5,850162,"Electric generators; AC generators, (alternators), of an output exceeding 75kVA but not exceeding 375kVA",8501,6,1
H5,850163,"Electric generators; AC generators, (alternators), of an output exceeding 375kVA but not exceeding 750kVA",8501,6,1
H5,850164,"Electric generators; AC generators, (alternators), of an output exceeding 750kVA",8501,6,1
H5,850211,"Electric generating sets; with compression-ignition internal combustion piston engines (diesel or semi-diesel engines), of an output not exceeding 75kVA",8502,6,1
H5,850212,"Electric generating sets; with compression-ignition internal combustion piston engines (diesel or semi-diesel engines), of an output exceeding 75kVA but not exceeding 375kVA",8502,6,1
H5,850213,"Electric generating sets; with compression-ignition internal combustion piston engines (diesel or semi-diesel engines), of an output exceeding 375kVA",8502,6,1
H5,850220,Electric generating sets; with spark-ignition internal combustion piston engines,8502,6,1
H5,850231,"Electric generating sets; wind-powered, (excluding those with spark-ignition or compression-ignition internal combustion piston engines)",8502,6,1
H5,850239,"Electric generating sets; (excluding those with spark-ignition or compression-ignition internal combustion piston engines), other than wind powered",8502,6,1
H5,850240,Electric rotary converters,8502,6,1
H5,850300,Electric motors and generators; parts suitable for use solely or principally with the machines of heading no. 8501 or 8502,8503,6,1
H5,850410,Discharge lamps or tubes; ballasts therefor,8504,6,1
H5,850421,"Electrical transformers; liquid dielectric, having a power handling capacity not exceeding 650kVA",8504,6,1
H5,850422,"Electrical transformers; liquid dielectric, having a power handling capacity exceeding 650kVA but not exceeding 10,000kVA",8504,6,1
H5,850423,"Electrical transformers; liquid dielectric, having a power handling capacity exceeding 10,000kVA",8504,6,1
H5,850431,"Electrical transformers; n.e.c. in item no. 8504.2, having a power handling capacity not exceeding 1kVA",8504,6,1
H5,850432,"Transformers; n.e.c. in item no. 8504.2, having a power handling capacity exceeding 1kVA but not exceeding 16kVA",8504,6,1
H5,850433,"Transformers; n.e.c. in item no. 8504.2, having a power handling capacity exceeding 16kVA but not exceeding 500kVA",8504,6,1
H5,850434,"Transformers; n.e.c. in item no. 8504.2, having a power handling capacity exceeding 500kVA",8504,6,1
H5,850440,Electrical static converters,8504,6,1
H5,850450,Electrical inductors; n.e.c. in heading no. 8504,8504,6,1
H5,850490,"Electrical transformers, static converters and inductors; parts thereof",8504,6,1
H5,850511,"Magnets; permanent magnets and articles intended to become permanent magnets after magnetisation, of metal",8505,6,1
H5,850519,"Magnets; permanent magnets and articles intended to become permanent magnets after magnetisation, other than of metal",8505,6,1
H5,850520,"Magnets; electro-magnetic couplings, clutches and brakes",8505,6,1
H5,850590,"Magnets; electro-magnets, holding devices and parts n.e.c. in heading no. 8505",8505,6,1
H5,850610,"Cells and batteries; primary, manganese dioxide",8506,6,1
H5,850630,"Cells and batteries; primary, mercuric oxide",8506,6,1
H5,850640,"Cells and batteries; primary, silver oxide",8506,6,1
H5,850650,"Cells and batteries; primary, lithium",8506,6,1
H5,850660,"Cells and batteries; primary, air-zinc",8506,6,1
H5,850680,"Cells and batteries; primary, (other than manganese dioxide, mercuric oxide, silver oxide, lithium or air-zinc)",8506,6,1
H5,850690,"Cells and batteries; primary, parts thereof",8506,6,1
H5,850710,"Electric accumulators; lead-acid, of a kind used for starting piston engines, including separators, whether or not rectangular (including square)",8507,6,1
H5,850720,"Electric accumulators; lead-acid, (other than for starting piston engines), including separators, whether or not rectangular (including square)",8507,6,1
H5,850730,"Electric accumulators; nickel-cadmium, including separators, whether or not rectangular (including square)",8507,6,1
H5,850740,"Electric accumulators; nickel-iron, including separators, whether or not rectangular (including square)",8507,6,1
H5,850750,"Electric accumulators; nickel-metal hydride, including separators, whether or not rectangular (including square)",8507,6,1
H5,850760,"Electric accumulators; lithium-ion, including separators, whether or not rectangular (including square)",8507,6,1
H5,850780,"Electric accumulators; other than lead-acid, nickel-cadmium, nickel-iron, nickel-metal hydride and lithium-ion, including separators, whether or not rectangular (including square)",8507,6,1
H5,850790,Electric accumulators; parts n.e.c. in heading no. 8507,8507,6,1
H5,850811,"Vacuum cleaners, with self-contained electric motor, of a power not exceeding 1,500 W and having a dust bag or other receptacle capacity not exceeding 20L",8508,6,1
H5,850819,"Vacuum cleaners, with self-contained electric motor, n.e.c. in item no. 8508.1",8508,6,1
H5,850860,"Vacuum cleaners, other than with a self-contained electric motor",8508,6,1
H5,850870,Parts of vacuum cleaners,8508,6,1
H5,850940,"Electro-mechanical domestic appliances; food grinders and mixers, fruit or vegetable juice extractors, with self-contained electric motor",8509,6,1
H5,850980,"Electro-mechanical domestic appliances; with self-contained electric motor, other than vacuum cleaners of heading 85.08, n.e.c. in heading no. 8509",8509,6,1
H5,850990,Electro-mechanical domestic appliances; parts for the appliances of heading no. 8509,8509,6,1
H5,851010,Shavers; with self-contained electric motor,8510,6,1
H5,851020,Hair clippers; with a self-contained electric motor,8510,6,1
H5,851030,Hair-removing appliances; with self-contained electric motor,8510,6,1
H5,851090,Shavers and hair clippers; parts of those with self-contained electric motor,8510,6,1
H5,851110,"Ignition or starting equipment; spark plugs, of a kind used for spark or compression-ignition internal combustion engines",8511,6,1
H5,851120,"Ignition or starting equipment; ignition magnetos, magneto-dynamos and magnetic flywheels, of a kind used for spark or compression-ignition internal combustion engines",8511,6,1
H5,851130,Ignition or starting equipment; distributors and ignition coils of a kind used for spark-ignition or compression-ignition internal combustion engines,8511,6,1
H5,851140,"Ignition or starting equipment; starter motors and dual purpose starter-generators, of a kind used for spark or compression-ignition internal combustion engines",8511,6,1
H5,851150,"Ignition or starting equipment; generators n.e.c. in heading no. 8511, of a kind used for spark or compression-ignition internal combustion engines",8511,6,1
H5,851180,"Ignition or starting equipment; n.e.c. in heading no. 8511, of a kind used for spark or compression-ignition internal combustion engines",8511,6,1
H5,851190,"Ignition or starting equipment; parts of the equipment of heading no. 8511, for use in spark-ignition or compression-ignition internal combustion engines",8511,6,1
H5,851210,"Lighting or visual signalling equipment; electrical, of a kind used on bicycles, excluding articles of heading no. 8539",8512,6,1
H5,851220,"Lighting or visual signalling equipment; electrical, of a kind used on motor vehicles (excluding articles of heading no. 8539)",8512,6,1
H5,851230,"Sound signalling equipment; electrical, used on cycles or motor vehicles (excluding articles of heading no. 8539)",8512,6,1
H5,851240,"Windscreen wipers, defrosters and demisters; electrical, of kinds used for cycles or motor vehicles",8512,6,1
H5,851290,"Lighting or signalling equipment; electrical, (excluding articles of heading no. 8539), windscreen wipers, defrosters and demisters; parts, of those kinds used for cycles or motor vehicles",8512,6,1
H5,851310,"Lamps; portable, electric, designed to function by their own source of energy (excluding lighting equipment of heading no. 8512)",8513,6,1
H5,851390,"Lamps; parts of portable, electric lamps of heading no. 8513, designed to function by their own source of energy",8513,6,1
H5,851410,"Furnaces and ovens; electric, for industrial or laboratory use, resistance heated",8514,6,1
H5,851420,"Furnaces and ovens; electric, for industrial or laboratory use, functioning by induction or dielectric loss",8514,6,1
H5,851430,"Furnaces and ovens; electric, for industrial or laboratory use, other than those functioning by induction, dielectric loss or resistance heated",8514,6,1
H5,851440,"Heating equipment; for the heat treatment of materials by induction or dielectric loss, industrial or laboratory, other than furnaces and ovens",8514,6,1
H5,851490,"Furnaces, ovens and heating equipment; parts of the industrial or laboratory equipment of heading no. 8514",8514,6,1
H5,851511,"Brazing or soldering machines and apparatus; soldering irons and guns, whether or not capable of cutting",8515,6,1
H5,851519,"Brazing or soldering machines and apparatus; other than soldering irons and guns, whether or not capable of cutting",8515,6,1
H5,851521,"Welding machines and apparatus; for resistance welding of metal, fully or partly automatic, whether or not capable of cutting",8515,6,1
H5,851529,"Welding machines and apparatus; for resistance welding of metal, other than fully or partly automatic, whether or not capable of cutting",8515,6,1
H5,851531,"Welding machines and apparatus; for arc (including plasma arc) welding of metals, fully or partly automatic, whether or not capable of cutting",8515,6,1
H5,851539,"Welding machines and apparatus; for arc (including plasma arc) welding of metals, other than fully or partly automatic, whether or not capable of cutting",8515,6,1
H5,851580,"Welding machines and apparatus; n.e.c. in heading no. 8515, whether or not capable of cutting",8515,6,1
H5,851590,"Welding, brazing or soldering machines; parts of the machines of heading no. 8515",8515,6,1
H5,851610,"Heaters; electric, instantaneous or storage water and immersion heaters",8516,6,1
H5,851621,Heating apparatus; electric storage heating radiators,8516,6,1
H5,851629,Heating apparatus; electric soil heating apparatus and space heating apparatus (excluding storage heating radiators),8516,6,1
H5,851631,Hair-dressing apparatus; electro-thermic hair dryers,8516,6,1
H5,851632,"Hair-dressing apparatus; electro-thermic, other than hair dryers",8516,6,1
H5,851633,Hand-drying apparatus; electro-thermic,8516,6,1
H5,851640,Smoothing irons; electric,8516,6,1
H5,851650,"Ovens; microwave, of a kind used for domestic purposes",8516,6,1
H5,851660,"Ovens, cookers, cooking plates, boiling rings, grillers and roasters; of a kind used for domestic purposes (excluding microwaves)",8516,6,1
H5,851671,"Electro-thermic appliances; coffee or tea makers, of a kind used for domestic purposes",8516,6,1
H5,851672,"Electro-thermic appliances; toasters, of a kind used for domestic purposes",8516,6,1
H5,851679,"Electro-thermic appliances; n.e.c. in heading no. 8516, used for domestic purposes",8516,6,1
H5,851680,"Resistors; electric heating, other than those of heading no. 8545",8516,6,1
H5,851690,"Electro-thermic appliances; parts, of heating resistors, of water, space and soil heaters, hair-dressing apparatus, hand dryers, smoothing irons and other domestic appliances of heading no. 8516",8516,6,1
H5,851711,Line telephone sets with cordless handsets,8517,6,1
H5,851712,Telephones for cellular networks or for other wireless networks,8517,6,1
H5,851718,Telephone sets n.e.c. in item no. 8517.1,8517,6,1
H5,851761,Base stations,8517,6,1
H5,851762,"Communication apparatus (excluding telephone sets or base stations); machines for the reception, conversion and transmission or regeneration of voice, images or other data, including switching and routing apparatus",8517,6,1
H5,851769,"Communication apparatus (excluding telephone sets or base stations); machines for the transmission or reception of voice, images or other data (including wired/wireless networks), n.e.c. in item no. 8517.6",8517,6,1
H5,851770,"Telephone sets and other apparatus for the transmission or reception of voice, images or other data, via a wired or wireless network; parts",8517,6,1
H5,851810,Microphones and stands therefor,8518,6,1
H5,851821,"Loudspeakers; single, mounted in their enclosures",8518,6,1
H5,851822,"Loudspeakers; multiple, mounted in the same enclosure",8518,6,1
H5,851829,Loudspeakers; not mounted in their enclosures,8518,6,1
H5,851830,"Headphones and earphones, whether or not combined with a microphone, and sets consisting of a microphone and one or more loudspeakers",8518,6,1
H5,851840,Amplifiers; audio-frequency electric,8518,6,1
H5,851850,Amplifier sets; electric sound,8518,6,1
H5,851890,"Microphones, headphones, earphones, amplifier equipment; parts of the equipment of heading no. 8518",8518,6,1
H5,851920,"Sound recording or reproducing apparatus; operated by coins, banknotes, bank cards, tokens or by other means of payment",8519,6,1
H5,851930,Sound recording or reproducing apparatus; turntables (record-decks),8519,6,1
H5,851950,Sound recording or reproducing apparatus; telephone answering machines,8519,6,1
H5,851981,"Sound recording or reproducing apparatus; using magnetic, optical or semiconductor media, n.e.c. in item no 8519.20, 8519.30 or 8519.50",8519,6,1
H5,851989,Sound recording or reproducing apparatus; n.e.c. in heading no 8519,8519,6,1
H5,852110,Video recording or reproducing apparatus; magnetic tape-type,8521,6,1
H5,852190,Video recording or reproducing apparatus; other than magnetic tape-type,8521,6,1
H5,852210,"Sound recording or reproducing apparatus; parts and accessories thereof, pick-up cartridges",8522,6,1
H5,852290,"Sound or video recording or reproducing apparatus; parts and accessories thereof, other than pick-up cartridges",8522,6,1
H5,852321,"Magnetic media; cards incorporating a magnetic stripe, whether or not recorded, excluding products of Chapter 37",8523,6,1
H5,852329,"Magnetic media; other than cards incorporating a magnetic stripe, whether or not recorded, excluding products of Chapter 37",8523,6,1
H5,852341,"Optical media; unrecorded, excluding products of Chapter 37",8523,6,1
H5,852349,"Optical media; recorded, excluding products of Chapter 37",8523,6,1
H5,852351,"Semiconductor media; solid-state non-volatile storage devices, whether or not recorded, excluding products of Chapter 37",8523,6,1
H5,852352,"Semiconductor media; smart cards,  whether or not recorded, excluding products of Chapter 37",8523,6,1
H5,852359,"Semiconductor media; other than smart cards, whether or not recorded, excluding products of Chapter 37",8523,6,1
H5,852380,"Media n.e.c. in heading 8523, whether or not recorded, excluding products of Chapter 37",8523,6,1
H5,852550,"Transmission apparatus for radio-broadcasting or television, whether or not incorporating sound recording or reproducing apparatus, not incorporating reception apparatus",8525,6,1
H5,852560,"Transmission apparatus for radio-broadcasting or television, whether or not incorporating sound recording or reproducing apparatus, incorporating reception apparatus",8525,6,1
H5,852580,"Television cameras, digital cameras and video camera recorders",8525,6,1
H5,852610,Radar apparatus,8526,6,1
H5,852691,Radio navigational aid apparatus,8526,6,1
H5,852692,Radio remote control apparatus,8526,6,1
H5,852712,Radio broadcast receivers capable of operating without an external power source; pocket-size radio cassette-players,8527,6,1
H5,852713,"Radio broadcast receivers capable of operating without an external power source; apparatus (other than pocket-size radio cassette-players), combined with sound recording or reproducing apparatus",8527,6,1
H5,852719,Radio broadcast receivers capable of operating without an external power source; n.e.c. in item no. 8527.1,8527,6,1
H5,852721,"Radio-broadcast receivers not capable of operating without an external source of power, of a kind used in motor vehicles; combined with sound recording or reproducing apparatus",8527,6,1
H5,852729,"Radio-broadcast receivers not capable of operating without an external source of power, of a kind used in motor vehicles; not combined with sound recording or reproducing apparatus",8527,6,1
H5,852791,Radio-broadcast receivers n.e.c. in heading no. 8527; combined with sound recording or reproducing apparatus,8527,6,1
H5,852792,Radio-broadcast receivers n.e.c. in heading no. 8527; not combined with sound recording or reproducing apparatus but combined with a clock,8527,6,1
H5,852799,Radio-broadcast receivers n.e.c. in heading no. 8527; not combined with sound recording or reproducing apparatus and not combined with a clock,8527,6,1
H5,852842,"Monitors; cathode-ray tube, capable of directly connecting to and designed for use with an automatic data processing machine of heading 84.71",8528,6,1
H5,852849,"Monitors; cathode-ray tube, n.e.c. in subheading 8528.42, whether or not colour",8528,6,1
H5,852852,Monitors; other than cathode-ray tube; capable of directly connecting to and designed for use with an automatic data processing machine of heading 84.71,8528,6,1
H5,852859,"Monitors other than cathode-ray tube; n.e.c. in subheading 8528.52, whether or not colour",8528,6,1
H5,852862,Projectors; capable of directly connecting to and designed for use with an automatic data processing machine of heading 84.71,8528,6,1
H5,852869,"Projectors; n.e.c. in subheading 8528.62, whether or not colour",8528,6,1
H5,852871,"Reception apparatus for television, whether or not incorporating radio-broadcast receivers or sound or video recording or reproducing apparatus; not designed to incorporate a video display or screen",8528,6,1
H5,852872,"Reception apparatus for television, whether or not incorporating radio-broadcast receivers or sound or video recording or reproducing apparatus; incorporating a colour video display or screen",8528,6,1
H5,852873,"Reception apparatus for television, whether or not incorporating radio-broadcast receivers or sound or video recording or reproducing apparatus; incorporating a monochrome video display or screen",8528,6,1
H5,852910,Reception and transmission apparatus; aerials and aerial reflectors of all kinds and parts suitable for use therewith,8529,6,1
H5,852990,"Reception and transmission apparatus; for use with the apparatus of heading no. 8525 to 8528, excluding aerials and aerial reflectors",8529,6,1
H5,853010,"Signalling, safety or traffic control equipment; for railways or tramways (excluding those of heading no. 8608)",8530,6,1
H5,853080,"Signalling, safety or traffic control equipment; for roads, inland waterways, parking facilities, port installations or airfields (excluding those of heading no. 8608)",8530,6,1
H5,853090,"Signalling apparatus; parts of safety, traffic control equipment for railways, tramways, roads, inland waterways, airfields, parking facilities, port instalments (excluding those of heading no. 8608)",8530,6,1
H5,853110,"Signalling apparatus; electric, sound or visual, burglar or fire alarms and similar, other than those of heading no. 8512 or 8530",8531,6,1
H5,853120,"Signalling apparatus; electric, sound or visual, indicator panels incorporating liquid crystal devices (LCD) or light-emitting diodes (LED), excluding those of heading no. 8512 or 8530",8531,6,1
H5,853180,"Signalling apparatus; electric, sound or visual, apparatus n.e.c. in heading no. 8531, excluding those of heading no. 8512 or 8530",8531,6,1
H5,853190,"Signalling apparatus; parts of the electric, sound or visual apparatus of heading no. 8531",8531,6,1
H5,853210,"Electrical capacitors; fixed, designed for use in 50/60 Hz circuits and having a reactive power handling capacity of not less than 0.5 kvar (power capacitors)",8532,6,1
H5,853221,"Electrical capacitors; fixed, tantalum",8532,6,1
H5,853222,"Electrical capacitors; fixed, aluminium electrolytic",8532,6,1
H5,853223,"Electrical capacitors; fixed, ceramic dielectric, single layer",8532,6,1
H5,853224,"Electrical capacitors; fixed, ceramic dielectric, multilayer",8532,6,1
H5,853225,"Electrical capacitors; fixed, dielectric of paper or plastics",8532,6,1
H5,853229,"Electrical capacitors; fixed, n.e.c. in heading no. 8532",8532,6,1
H5,853230,Electrical capacitors; variable or adjustable (pre-set) capacitors,8532,6,1
H5,853290,Electrical capacitors; parts of the capacitors of heading no. 8532,8532,6,1
H5,853310,"Electrical resistors; fixed carbon resistors, composition or film types (including rheostats and potentiometers but excluding heating resistors)",8533,6,1
H5,853321,"Electrical resistors; fixed, for a power handling capacity not exceeding 20W (including rheostats and potentiometers but excluding heating resistors and carbon resistors)",8533,6,1
H5,853329,"Electrical resistors; fixed, for a power handling capacity exceeding 20W (including rheostats and potentiometers but excluding heating resistors and carbon resistors)",8533,6,1
H5,853331,"Electrical resistors; wirewound variable, including rheostats and potentiometers, for a power handling capacity not exceeding 20W (excluding heating)",8533,6,1
H5,853339,"Electrical resistors; wirewound variable, including rheostats and potentiometers, for a power handling capacity exceeding 20W (excluding heating)",8533,6,1
H5,853340,"Electrical resistors; variable, including rheostats and potentiometers (excluding heating)",8533,6,1
H5,853390,Resistors; parts of the resistors of heading no. 8533,8533,6,1
H5,853400,Circuits; printed,8534,6,1
H5,853510,"Electrical apparatus; fuses, for a voltage exceeding 1000 volts",8535,6,1
H5,853521,"Electrical apparatus; automatic circuit breakers, for a voltage exceeding 1000 volts but less than 72.5kV",8535,6,1
H5,853529,"Electrical apparatus; automatic circuit breakers, for a voltage of 72.5kV or more",8535,6,1
H5,853530,"Electrical apparatus; isolating and make-and-break switches, for a voltage exceeding 1000 volts",8535,6,1
H5,853540,"Electrical apparatus; lightning arresters, voltage limiters and surge suppressors (for a voltage exceeding 1000 volts)",8535,6,1
H5,853590,"Electrical apparatus; n.e.c. in heading no. 8535, for switching or protecting electrical circuits, for a voltage exceeding 1000 volts",8535,6,1
H5,853610,"Electrical apparatus; fuses, for a voltage not exceeding 1000 volts",8536,6,1
H5,853620,"Electrical apparatus; automatic circuit breakers, for a voltage not exceeding 1000 volts",8536,6,1
H5,853630,"Electrical apparatus; for protecting electrical circuits, n.e.c. in heading no. 8536, for a voltage not exceeding 1000 volts",8536,6,1
H5,853641,"Electrical apparatus; relays, (for a voltage not exceeding 60 volts)",8536,6,1
H5,853649,"Electrical apparatus; relays, for a voltage exceeding 60 volts",8536,6,1
H5,853650,"Electrical apparatus; switches n.e.c. in heading no. 8536, for a voltage not exceeding 1000 volts",8536,6,1
H5,853661,"Electrical apparatus; lamp-holders, for a voltage not exceeding 1000 volts",8536,6,1
H5,853669,"Electrical apparatus; plugs and sockets, for a voltage not exceeding 1000 volts",8536,6,1
H5,853670,"Connectors for optical fibres, optical fibre bundles or cables",8536,6,1
H5,853690,"Electrical apparatus; n.e.c. in heading no. 8536, for switching or protecting electrical circuits, for a voltage not exceeding 1000 volts",8536,6,1
H5,853710,"Boards, panels, consoles, desks and other bases; for electric control or the distribution of electricity, (other than switching apparatus of heading no. 8517), for a voltage not exceeding 1000 volts",8537,6,1
H5,853720,"Boards, panels, consoles, desks and other bases; for electric control or the distribution of electricity, (other than switching apparatus of heading no. 8517), for a voltage exceeding 1000 volts",8537,6,1
H5,853810,"Electrical apparatus; parts (e.g. boards, panels, consoles, desks, cabinets, other bases), for goods of heading no. 8537, not equipped with their apparatus",8538,6,1
H5,853890,"Electrical apparatus; parts suitable for use solely or principally with the apparatus of heading no. 8535, 8536 or 8537",8538,6,1
H5,853910,Lamps; sealed beam units,8539,6,1
H5,853921,"Lamps; filament, (excluding ultra-violet or infra-red), tungsten halogen",8539,6,1
H5,853922,"Lamps; filament, (excluding ultra-violet or infra-red), of a power not exceeding 200W and for a voltage exceeding 100 volts, other than tungsten halogen",8539,6,1
H5,853929,"Lamps; filament, (excluding ultra-violet or infra-red), n.e.c. in item no. 8539.2",8539,6,1
H5,853931,"Lamps; discharge, (excluding ultra-violet), fluorescent, hot cathode",8539,6,1
H5,853932,"Lamps; discharge, (excluding ultra-violet), mercury or sodium vapour lamps, metal halide lamps",8539,6,1
H5,853939,"Lamps; discharge, (excluding ultra-violet, excluding fluorescent, hot cathode)",8539,6,1
H5,853941,Lamps; arc-lamps,8539,6,1
H5,853949,"Lamps; ultra-violet or infra-red lamps, (excluding arc-lamps)",8539,6,1
H5,853950,Lamps; light-emitting diode (LED) lamps,8539,6,1
H5,853990,Lamps; parts of the lamps of heading no. 8539,8539,6,1
H5,854011,"Tubes; cathode-ray television picture tubes, including video monitor cathode-ray tubes, colour",8540,6,1
H5,854012,"Tubes; cathode-ray television picture tubes, including video monitor cathode-ray tubes, monochrome",8540,6,1
H5,854020,"Tubes; television camera tubes, image converters and intensifiers, other photo-cathode tubes",8540,6,1
H5,854040,"Tubes; data/graphic display tubes, monochrome; data/graphic display tubes, colour, with a phosphor dot screen pitch smaller than 0.4mm",8540,6,1
H5,854060,"Tubes; cathode ray, n.e.c. in heading no. 8540",8540,6,1
H5,854071,"Tubes; microwave, magnetrons, excluding grid-controlled tubes",8540,6,1
H5,854079,"Tubes; microwave (for example klystrons, travelling wave tubes, carlinotrons), excluding magnetrons and grid-controlled tubes",8540,6,1
H5,854081,Valves and tubes; receiver or amplifier,8540,6,1
H5,854089,Valves and tubes; n.e.c. in heading no. 8540,8540,6,1
H5,854091,Tubes; parts of cathode-ray tubes,8540,6,1
H5,854099,"Valves and tubes; parts of the valves and tubes of heading no. 8540, excluding parts of cathode-ray tubes",8540,6,1
H5,854110,"Electrical apparatus; diodes, other than photosensitive or light-emitting diodes (LED)",8541,6,1
H5,854121,"Electrical apparatus; transistors, (other than photosensitive), with a dissipation rate of less than 1W",8541,6,1
H5,854129,"Electrical apparatus; transistors, (other than photosensitive), with a dissipation rate of 1W or more",8541,6,1
H5,854130,"Electrical apparatus; thyristors, diacs and triacs, other than photosensitive devices",8541,6,1
H5,854140,"Electrical apparatus; photosensitive, including photovoltaic cells, whether or not assembled in modules or made up into panels, light-emitting diodes (LED)",8541,6,1
H5,854150,"Electrical apparatus; photosensitive semiconductor devices n.e.c. in heading no. 8541, including photovoltaic cells, whether or not assembled in modules or made up into panels",8541,6,1
H5,854160,Crystals; mounted piezo-electric,8541,6,1
H5,854190,"Electrical apparatus; parts for diodes, transistors and similar semiconductor devices and photosensitive semiconductor devices",8541,6,1
H5,854231,"Electronic integrated circuits; processors and controllers, whether or not combined with memories, converters, logic circuits, amplifiers, clock and timing circuits, or other circuits",8542,6,1
H5,854232,Electronic integrated circuits; memories,8542,6,1
H5,854233,Electronic integrated circuits; amplifiers,8542,6,1
H5,854239,Electronic integrated circuits; n.e.c. in heading no. 8542,8542,6,1
H5,854290,Parts of electronic integrated circuits,8542,6,1
H5,854310,Electrical machines and apparatus; particle accelerators,8543,6,1
H5,854320,Electrical machines and apparatus; signal generators,8543,6,1
H5,854330,"Electrical machines and apparatus; for electroplating, electrolysis or electrophoresis",8543,6,1
H5,854370,"Electrical machines and apparatus; having individual functions, not specified or included elsewhere in this chapter, n.e.c. in heading no. 8543",8543,6,1
H5,854390,Electrical machines and apparatus; parts of the electrical goods of heading no. 8543,8543,6,1
H5,854411,"Insulated electric conductors; winding wire, of copper",8544,6,1
H5,854419,"Insulated electric conductors; winding wire, (of other than copper)",8544,6,1
H5,854420,Insulated electric conductors; co-axial cable and other co-axial electric conductors,8544,6,1
H5,854430,"Insulated electric conductors; ignition wiring sets and other wiring sets of a kind used in vehicles, aircraft or ships",8544,6,1
H5,854442,"Insulated electric conductors; for a voltage not exceeding 1000 volts, fitted with connectors",8544,6,1
H5,854449,"Insulated electric conductors; for a voltage not exceeding 1000 volts, not fitted with connectors",8544,6,1
H5,854460,Insulated electric conductors; for a voltage exceeding 1000 volts,8544,6,1
H5,854470,Insulated electric conductors; optical fibre cables,8544,6,1
H5,854511,"Carbon electrodes; with or without metal, of a kind used for furnaces",8545,6,1
H5,854519,"Carbon electrodes; with or without metal, of a kind used for other than furnaces",8545,6,1
H5,854520,"Carbon brushes; with or without metal, used for electrical purposes",8545,6,1
H5,854590,"Carbon; lamp carbons, battery carbons and other articles of graphite or other carbon, with or without metal, of a kind used for electrical purposes",8545,6,1
H5,854610,Electrical insulators; of glass,8546,6,1
H5,854620,Electrical insulators; of ceramics,8546,6,1
H5,854690,Electrical insulators; other than of glass and ceramics,8546,6,1
H5,854710,"Insulating fittings; of ceramics, for electrical machines, of insulating material only (except minor assembly parts), excluding those of heading no. 8546",8547,6,1
H5,854720,"Insulating fittings; of plastics, for electrical machines, of insulating material only (except minor assembly parts), excluding those of heading no. 8546",8547,6,1
H5,854790,"Insulating fittings; (other than of ceramics or plastics), for electrical machines, appliances and equipment, excluding insulators of heading no. 8546",8547,6,1
H5,854810,"Waste and scrap of primary cells, primary batteries and electric accumulators; spent primary cells, spent primary batteries and spent electric accumulators",8548,6,1
H5,854890,Electrical parts of machinery or apparatus; n.e.c. in chapter 85,8548,6,1
H5,860110,Rail locomotives; powered from an external source of electricity,8601,6,1
H5,860120,Rail locomotives; powered by electric accumulators,8601,6,1
H5,860210,Rail locomotives; diesel-electric powered,8602,6,1
H5,860290,Rail locomotives and locomotive tenders; other than diesel-electric powered,8602,6,1
H5,860310,"Railway or tramway coaches, vans and trucks; self-propelled, powered from an external source of electricity (excluding those of heading no. 8604)",8603,6,1
H5,860390,"Railway or tramway coaches, vans and trucks; self-propelled, powered other than from an external source of electricity (excluding those of heading no. 8604)",8603,6,1
H5,860400,"Railway or tramway maintenance or service vehicles; whether or not self-propelled (e.g. workshops, cranes, ballast tampers, trackliners, testing coaches and track inspection vehicles)",8604,6,1
H5,860500,"Railway or tramway coaches; passenger coaches, luggage vans, post office coaches and other special purpose railway or tramway coaches, not self-propelled (excluding those of heading no. 8604)",8605,6,1
H5,860610,"Railway or tramway goods vans and wagons; tank wagons and the like, not self-propelled",8606,6,1
H5,860630,"Railway or tramway goods vans and wagons; self-discharging, not self-propelled, excluding those of item no. 8606.10",8606,6,1
H5,860691,"Railway or tramway goods vans and wagons; covered and closed, not self-propelled",8606,6,1
H5,860692,"Railway or tramway goods vans and wagons; open, with non-removable sides of a height exceeding 60cm, not self-propelled",8606,6,1
H5,860699,"Railway or tramway goods vans and wagons; n.e.c. in heading no. 8606, not self-propelled",8606,6,1
H5,860711,"Railway or tramway locomotives or rolling stock; parts, driving bogies and bissel-bogies",8607,6,1
H5,860712,"Railway or tramway locomotives or rolling stock; parts, bogies and bissel-bogies (excluding driving bogies and bissel-bogies)",8607,6,1
H5,860719,"Railway or tramway locomotives or rolling stock; parts, axles and wheels, and parts thereof",8607,6,1
H5,860721,"Railway or tramway locomotives or rolling stock; parts, air brakes and parts thereof",8607,6,1
H5,860729,"Railway or tramway locomotives or rolling stock; parts, brakes (other than air brakes) and parts thereof",8607,6,1
H5,860730,"Railway or tramway locomotives or rolling stock; parts, hooks and other coupling devices, buffers and parts thereof",8607,6,1
H5,860791,Railway or tramway locomotives; parts n.e.c. in heading no. 8607,8607,6,1
H5,860799,Railway or tramway rolling stock; parts n.e.c. in heading no. 8607,8607,6,1
H5,860800,"Railway or tramway track fixtures and fittings; mechanical (including electro-mechanical) signalling, safety or traffic control equipment for railways, tramways, roads, inland waterways, parking facilities, port installations or airfields; parts thereof",8608,6,1
H5,860900,Containers; (including containers for transport of fluids) specially designed and equipped for carriage by one or more modes of transport,8609,6,1
H5,870110,Tractors; single axle,8701,6,1
H5,870120,"Tractors; road, for semi-trailers",8701,6,1
H5,870130,Tractors; track-laying,8701,6,1
H5,870191,Tractors; n.e.c. in heading no 8701 (other than tractors of heading no 8709); of an engine power not exceeding 18kW,8701,6,1
H5,870192,Tractors; n.e.c. in heading no 8701 (other than tractors of heading no 8709); of an engine power exceeding 18kW but not exceeding 37kW,8701,6,1
H5,870193,Tractors; n.e.c. in heading no 8701 (other than tractors of heading no 8709); of an engine power exceeding 37kW but not exceeding 75kW,8701,6,1
H5,870194,Tractors; n.e.c. in heading no 8701 (other than tractors of heading no 8709); of an engine power exceeding 75kW but not exceeding 130kW,8701,6,1
H5,870195,Tractors; n.e.c. in heading no 8701 (other than tractors of heading no 8709); of an engine power exceeding 130kW,8701,6,1
H5,870210,"Vehicles; public transport type (carries 10 or more persons, including driver), with only compression-ignition internal combustion piston engine (diesel or semi-diesel), new or used",8702,6,1
H5,870220,"Vehicles; public transport type (carries 10 or more persons, including driver), with both compression-ignition internal combustion piston engine (diesel or semi-diesel) and electric motor for propulsion, new or used",8702,6,1
H5,870230,"Vehicles; public transport type (carries 10 or more persons, including driver), with both compression-ignition internal combustion piston engine (diesel or semi-diesel) and electric motor for propulsion, new or used",8702,6,1
H5,870240,"Vehicles; public transport type (carries 10 or more persons, including driver), with only electric motor for propulsion, new or used",8702,6,1
H5,870290,"Vehicles; public transport type (carries 10 or more persons, including driver), n.e.c. in heading 8702, new or used",8702,6,1
H5,870310,"Vehicles; specially designed for travelling on snow, golf cars and similar vehicles",8703,6,1
H5,870321,"Vehicles; with only spark-ignition internal combustion reciprocating piston engine, cylinder capacity not over 1000cc",8703,6,1
H5,870322,"Vehicles; with only spark-ignition internal combustion reciprocating piston engine, cylinder capacity over 1000 but not over 1500cc",8703,6,1
H5,870323,"Vehicles; with only spark-ignition internal combustion reciprocating piston engine, cylinder capacity over 1500 but not over 3000cc",8703,6,1
H5,870324,"Vehicles; with only spark-ignition internal combustion reciprocating piston engine, cylinder capacity over 3000cc",8703,6,1
H5,870331,"Vehicles; with only compression-ignition internal combustion piston engine (diesel or semi-diesel), cylinder capacity not over 1500cc",8703,6,1
H5,870332,"Vehicles; with only compression-ignition internal combustion piston engine (diesel or semi-diesel), cylinder capacity over 1500 but not over 2500cc",8703,6,1
H5,870333,"Vehicles; with only compression-ignition internal combustion piston engine (diesel or semi-diesel), cylinder capacity over 2500cc",8703,6,1
H5,870340,"Vehicles; with both spark-ignition internal combustion reciprocating piston engine and electric motor for propulsion, incapable of being charged by plugging to external source of electric power",8703,6,1
H5,870350,"Vehicles; with both compression-ignition internal combustion piston engine (diesel or semi-diesel) and electric motor for propulsion, incapable of being charged by plugging to external source of electric power",8703,6,1
H5,870360,"Vehicles; with both spark-ignition internal combustion reciprocating piston engine and electric motor for propulsion, capable of being charged by plugging to external source of electric power",8703,6,1
H5,870370,"Vehicles; with both compression-ignition internal combustion piston engine (diesel or semi-diesel) and electric motor for propulsion, capable of being charged by plugging to external source of electric power",8703,6,1
H5,870380,Vehicles; with only electric motor for propulsion,8703,6,1
H5,870390,Vehicles; for transport of persons (other than those of heading no. 8702) n.e.c. in heading no. 8703,8703,6,1
H5,870410,"Vehicles; dumpers, designed for off-highway use, for transport of goods",8704,6,1
H5,870421,"Vehicles; compression-ignition internal combustion piston engine (diesel or semi-diesel), for transport of goods, (of a gvw not exceeding 5 tonnes), n.e.c. in item no 8704.1",8704,6,1
H5,870422,"Vehicles; compression-ignition internal combustion piston engine (diesel or semi-diesel), for transport of goods, (of a g.v.w. exceeding 5 tonnes but not exceeding 20 tonnes), n.e.c. in item no 8704.1",8704,6,1
H5,870423,"Vehicles; compression-ignition internal combustion piston engine (diesel or semi-diesel), for transport of goods, (of a g.v.w. exceeding 20 tonnes), n.e.c. in item no 8704.1",8704,6,1
H5,870431,"Vehicles; spark-ignition internal combustion piston engine, for transport of goods, (of a g.v.w. not exceeding 5 tonnes), n.e.c. in item no 8704.1",8704,6,1
H5,870432,"Vehicles; spark-ignition internal combustion piston engine, for transport of goods, (of a g.v.w. exceeding 5 tonnes), n.e.c. in item no 8704.1",8704,6,1
H5,870490,"Vehicles; for transport of goods, n.e.c. in heading no. 8704",8704,6,1
H5,870510,Vehicles; crane lorries,8705,6,1
H5,870520,Vehicles; mobile drilling derricks,8705,6,1
H5,870530,Vehicles; fire fighting vehicles,8705,6,1
H5,870540,Vehicles; concrete-mixer lorries,8705,6,1
H5,870590,"Vehicles; break-down lorries, road-sweepers, spraying lorries, mobile workshops, mobile radiological units, and other special purpose vehicles n.e.c. in heading no. 8705",8705,6,1
H5,870600,"Chassis; fitted with engines, for the motor vehicles of heading no. 8701 to 8705",8706,6,1
H5,870710,Vehicles; bodies (including cabs) for the motor vehicles of heading no. 8703,8707,6,1
H5,870790,"Vehicles; bodies (including cabs) for the motor vehicles of heading no. 8701, 8702, 8704 or 8705",8707,6,1
H5,870810,"Vehicles; bumpers and parts thereof, for the vehicles of heading no. 8701 to 8705",8708,6,1
H5,870821,"Vehicles; parts of bodies, safety seat belts",8708,6,1
H5,870829,"Vehicles; parts and accessories, of bodies, other than safety seat belts",8708,6,1
H5,870830,"Vehicle parts; brakes, servo-brakes and parts thereof",8708,6,1
H5,870840,Vehicle parts; gear boxes and parts thereof,8708,6,1
H5,870850,"Vehicle parts; drive-axles with differential, whether or not provided with other transmission components, and non-driving axles; parts thereof",8708,6,1
H5,870870,Vehicle parts; road wheels and parts and accessories thereof,8708,6,1
H5,870880,Vehicle parts; suspension systems and parts thereof (including shock-absorbers),8708,6,1
H5,870891,Vehicle parts; radiators and parts thereof,8708,6,1
H5,870892,Vehicle parts; silencers (mufflers) and exhaust pipes; parts thereof,8708,6,1
H5,870893,Vehicle parts; clutches and parts thereof,8708,6,1
H5,870894,"Vehicle parts; steering wheels, steering columns and steering boxes; parts thereof",8708,6,1
H5,870895,Vehicle parts; safety airbags with inflater system; parts thereof,8708,6,1
H5,870899,Vehicle parts and accessories; n.e.c. in heading no. 8708,8708,6,1
H5,870911,"Vehicles; electrical, self-propelled, (not fitted with lifting or handling equipment), of the type used for short distance transport of goods in factories, warehouses, dock areas or airports",8709,6,1
H5,870919,"Vehicles; (not electrical), self-propelled, without handling equipment, used for short distance transport of goods in factories, airports and such, and tractors of the type used on railway station platforms",8709,6,1
H5,870990,Vehicles; parts of the vehicles of heading no. 8709,8709,6,1
H5,871000,"Tanks and other armoured fighting vehicles; motorised, whether or not fitted with weapons, and parts of such vehicles",8710,6,1
H5,871110,"Motorcycles (including mopeds) and cycles; fitted with an auxiliary motor, with reciprocating internal combustion piston engine not exceeding 50cc, with or without side-cars; side-cars",8711,6,1
H5,871120,"Motorcycles (including mopeds) and cycles; fitted with an auxiliary motor, reciprocating internal combustion piston engine, of cylinder capacity exceeding 50cc but not exceeding 250cc, with or without side-cars; side-cars",8711,6,1
H5,871130,"Motorcycles (including mopeds) and cycles; fitted with an auxiliary motor, reciprocating internal combustion piston engine, of cylinder capacity exceeding 250cc but not exceeding 500cc, with or without side-cars; side-cars",8711,6,1
H5,871140,"Motorcycles (including mopeds) and cycles; fitted with auxiliary motor, reciprocating internal combustion piston engine of cylinder capacity exceeding 500cc but not exceeding 800cc, with or without sidecars; side-cars",8711,6,1
H5,871150,"Motorcycles (including mopeds) and cycles; fitted with auxiliary motor, with reciprocating internal combustion piston engine of a cylinder capacity exceeding 800cc, with or without side-cars; side-cars",8711,6,1
H5,871160,"Motorcycles (including mopeds) and cycles; fitted with auxiliary motor, with electric motor for propulsion, with or without side-cars; side-cars",8711,6,1
H5,871190,"Motorcycles (including mopeds) and cycles; n.e.c. in heading no. 8711, fitted with auxiliary motor, with or without side-cars; side-cars",8711,6,1
H5,871200,"Bicycles and other cycles; including delivery tricycles, not motorised",8712,6,1
H5,871310,Carriages for disabled persons; not mechanically propelled,8713,6,1
H5,871390,Carriages for disabled persons; mechanically propelled,8713,6,1
H5,871410,Motorcycles (including mopeds); parts and accessories,8714,6,1
H5,871420,Carriages for disabled persons; parts and accessories thereof,8714,6,1
H5,871491,"Cycles; frames and forks, and parts thereof",8714,6,1
H5,871492,"Cycles; parts thereof, wheel rims and spokes",8714,6,1
H5,871493,"Cycles; parts thereof, hubs (other than coaster braking hubs and hub brakes) and free-wheel sprocket-wheels",8714,6,1
H5,871494,"Cycles; parts thereof, brakes, including coaster braking hubs and hub-brakes, and parts thereof",8714,6,1
H5,871495,"Cycles; parts thereof, saddles",8714,6,1
H5,871496,"Cycles; parts, pedals and crank-gear, and parts thereof",8714,6,1
H5,871499,"Cycles; parts thereof, n.e.c. in item no. 8714.9",8714,6,1
H5,871500,Baby carriages and parts thereof,8715,6,1
H5,871610,"Trailers and semi-trailers; of the caravan type, for housing or camping",8716,6,1
H5,871620,"Trailers and semi-trailers; self-loading or self-unloading, for agricultural purposes",8716,6,1
H5,871631,Tanker trailers and tanker semi-trailers,8716,6,1
H5,871639,Trailers and semi-trailers; (other than tanker type),8716,6,1
H5,871640,Trailers and semi-trailers; n.e.c. in item no. 8716.3,8716,6,1
H5,871680,Vehicles; n.e.c. in heading no. 8716,8716,6,1
H5,871690,"Trailers, semi-trailers and other vehicles not mechanically propelled; parts thereof for heading no. 8716",8716,6,1
H5,880100,"Balloons and dirigibles; gliders, hang gliders and other non-powered aircraft.",8801,6,1
H5,880211,Helicopters; of an unladen weight not exceeding 2000kg,8802,6,1
H5,880212,Helicopters; of an unladen weight exceeding 2000kg,8802,6,1
H5,880220,Aeroplanes and other aircraft; of an unladen weight not exceeding 2000kg,8802,6,1
H5,880230,"Aeroplanes and other aircraft; of an unladen weight exceeding 2000kg but not exceeding 15,000kg",8802,6,1
H5,880240,"Aeroplanes and other aircraft; of an unladen weight exceeding 15,000kg",8802,6,1
H5,880260,Spacecraft; (including satellites) and suborbital and spacecraft launch vehicles,8802,6,1
H5,880310,Aircraft and spacecraft; propellers and rotors and parts thereof,8803,6,1
H5,880320,Aircraft and spacecraft; under-carriages and parts thereof,8803,6,1
H5,880330,Aircraft and spacecraft; parts of aeroplanes or helicopters n.e.c. in heading no. 8803,8803,6,1
H5,880390,Aircraft and spacecraft; parts thereof n.e.c. in chapter 88,8803,6,1
H5,880400,Parachutes (including dirigible parachutes and paragliders) and rotochutes; parts thereof and accessories thereto,8804,6,1
H5,880510,"Aircraft launching gear, deck-arrestor or similar gear and parts thereof",8805,6,1
H5,880521,Ground flying trainers and parts thereof; air combat simulators and parts thereof,8805,6,1
H5,880529,Ground flying trainers and parts thereof; other than air combat simulators and parts thereof,8805,6,1
H5,890110,"Cruise ships, excursion boats and similar vessels, principally designed for the transport of persons, ferry boats of all kinds",8901,6,1
H5,890120,Tankers,8901,6,1
H5,890130,"Vessels, refrigerated; other than tankers",8901,6,1
H5,890190,"Vessels; n.e.c. in heading no. 8901, for the transport of goods and other vessels for the transport of both persons and goods",8901,6,1
H5,890200,"Fishing vessels, factory ships and other vessels; for processing or preserving fishery products",8902,6,1
H5,890310,"Yachts and other vessels; for pleasure or sports, rowing boats and canoes, inflatable",8903,6,1
H5,890391,"Sailboats; with or without auxiliary motor, for pleasure or sports, other than inflatable",8903,6,1
H5,890392,"Motorboats; (other than outboard motorboats), for pleasure or sports, other than inflatable",8903,6,1
H5,890399,"Yachts and other vessels; for pleasure or sports, rowing boats and canoes, n.e.c. in heading no. 8903, other than inflatable",8903,6,1
H5,890400,Tugs and pusher craft,8904,6,1
H5,890510,Dredgers,8905,6,1
H5,890520,Floating or submersible drilling or production platforms,8905,6,1
H5,890590,"Vessels; light, fire-floats, floating cranes and other vessels, the navigability of which is subsidiary to their main function, floating docks",8905,6,1
H5,890610,Vessels; warships,8906,6,1
H5,890690,"Vessels; other, including lifeboats other than rowing boats, other than warships",8906,6,1
H5,890710,Rafts; inflatable,8907,6,1
H5,890790,"Floating structures; tanks, coffer-dams, landing stages, buoys and beacons",8907,6,1
H5,890800,Vessels and other floating structures; for breaking up,8908,6,1
H5,900110,"Optical fibres, optical fibre bundles and cables; excluding those of heading no. 8544",9001,6,1
H5,900120,"Optical elements; polarising material, sheets and plates thereof",9001,6,1
H5,900130,"Lenses, contact; unmounted, of any material, excluding elements of glass not optically worked",9001,6,1
H5,900140,"Lenses, spectacle; unmounted, of glass, excluding elements of glass not optically worked",9001,6,1
H5,900150,"Lenses, spectacle; unmounted, of materials other than glass",9001,6,1
H5,900190,"Optical elements; lenses n.e.c. in heading no. 9001, prisms, mirrors and other optical elements, unmounted, of any material (excluding elements of glass not optically worked)",9001,6,1
H5,900211,"Lenses; objective, for cameras, projectors or photographic enlargers or reducers, mounted, being parts or fittings for instruments or apparatus, of any material (excluding glass not optically worked)",9002,6,1
H5,900219,"Lenses; objective, (other than for cameras, projectors or photographic enlargers or reducers), mounted, of any material (excluding elements of glass not optically worked)",9002,6,1
H5,900220,"Filters; mounted as parts or fittings for instruments or apparatus, of any material (excluding elements of glass not optically worked)",9002,6,1
H5,900290,"Optical elements; n.e.c. in heading no. 9002 (e.g. prisms and mirrors), mounted, being parts or fittings for instruments or apparatus, of any material (excluding elements of glass not optically worked)",9002,6,1
H5,900311,"Frames and mountings; for spectacles, goggles or the like, of plastics",9003,6,1
H5,900319,"Frames and mountings; for spectacles, goggles or the like, of materials other than plastics",9003,6,1
H5,900390,"Frames and mountings; parts for spectacles, goggles or the like",9003,6,1
H5,900410,"Sunglasses; corrective, protective or other",9004,6,1
H5,900490,"Spectacles, goggles and the like; (other than sunglasses) corrective, protective or other",9004,6,1
H5,900510,Binoculars,9005,6,1
H5,900580,"Monoculars; other optical telescopes and astronomical instruments, excluding instruments for radio-astronomy",9005,6,1
H5,900590,"Binoculars, monoculars, other optical telescopes, astronomical instruments (excluding those of radio-astronomy); parts and accessories (including mountings)",9005,6,1
H5,900630,"Cameras, photographic (excluding cinematographic); specially designed for underwater use, aerial survey, medical or surgical examination of internal organs; comparison cameras for forensic or criminological use",9006,6,1
H5,900640,"Cameras, photographic (excluding cinematographic); instant print cameras",9006,6,1
H5,900651,"Cameras, photographic (excluding cinematographic); with a through-the-lens viewfinder, single lens reflex (SLR), for a roll film of a width not exceeding 35mm",9006,6,1
H5,900652,"Cameras, photographic (excluding cinematographic); of a kind (not SLR) for roll film of a width less than 35mm",9006,6,1
H5,900653,"Cameras, photographic (excluding cinematographic); of a kind (not SLR) for roll film of a width of 35mm",9006,6,1
H5,900659,"Cameras, photographic (excluding cinematographic); n.e.c. in heading no 9006",9006,6,1
H5,900661,Photographic flashlight apparatus; discharge lamp (electronic),9006,6,1
H5,900669,Photographic flashlight apparatus; n.e.c. in heading no. 9006,9006,6,1
H5,900691,"Cameras, photographic (excluding cinematographic); parts and accessories",9006,6,1
H5,900699,"Photographic flashlight apparatus; parts and accessories, for other than cameras",9006,6,1
H5,900710,"Cameras, cinematographic; whether or not incorporating sound recording apparatus",9007,6,1
H5,900720,"Projectors, cinematographic; whether or not incorporating sound recording or reproducing apparatus",9007,6,1
H5,900791,"Cameras, cinematographic; parts and accessories, whether or not incorporating sound recording apparatus",9007,6,1
H5,900792,"Projectors, cinematographic; parts and accessories, whether or not incorporating sound reproducing apparatus",9007,6,1
H5,900850,"Image projectors, photographic enlargers and reducers, excluding cinematographic",9008,6,1
H5,900890,"Photographic (other than cinematographic) image projectors, enlargers, and reducers; parts and accessories",9008,6,1
H5,901010,Photographic laboratory apparatus and equipment; for automatically developing photographic (including cinematographic) film or paper in rolls or for automatically exposing developed film to rolls of paper,9010,6,1
H5,901050,"Photographic laboratory apparatus and equipment; n.e.c. in item no. 9010.10, for photographic (including cinematographic) laboratories; negatoscopes",9010,6,1
H5,901060,Photographic laboratory apparatus and equipment (including cinematographic); projection screens,9010,6,1
H5,901090,Photographic laboratory apparatus and equipment (including cinematographic); parts and accessories,9010,6,1
H5,901110,"Microscopes, compound optical; stereoscopic microscopes",9011,6,1
H5,901120,"Microscopes, compound optical; for photomicrography, cinephotomicrography or microprojection",9011,6,1
H5,901180,"Microscopes, compound optical; (other than stereoscopic and microscopes for photomicrography, cinephotomicrography or microprojection)",9011,6,1
H5,901190,"Microscopes, compound optical; parts and accessories (including those for photomicrography, cinephotomicrography or microprojection)",9011,6,1
H5,901210,Microscopes (excluding optical microscopes); diffraction apparatus,9012,6,1
H5,901290,Microscopes (excluding optical microscopes); diffraction apparatus; parts and accessories,9012,6,1
H5,901310,"Optical appliances and instruments; telescopic sights for fitting to arms; periscopes; telescopes designed to form parts of machines, appliances, instruments or apparatus of this chapter",9013,6,1
H5,901320,Lasers; other than laser diodes,9013,6,1
H5,901380,"Optical devices, appliances and instruments; n.e.c. in heading no. 9013 (including liquid crystal devices)",9013,6,1
H5,901390,Optical appliances and instruments; parts and accessories for articles of heading no. 9013,9013,6,1
H5,901410,Navigational instruments and appliances; direction finding compasses,9014,6,1
H5,901420,Navigational instruments and appliances; for aeronautical or space navigation (excluding compasses),9014,6,1
H5,901480,Navigational instruments and appliances; for navigation other than aeronautical or space navigation (excluding direction finding compasses),9014,6,1
H5,901490,Navigational instruments and appliances; parts and accessories,9014,6,1
H5,901510,Rangefinders,9015,6,1
H5,901520,Surveying equipment; theodolites and tacheometers,9015,6,1
H5,901530,Surveying equipment; levels,9015,6,1
H5,901540,Surveying equipment; photogrammetrical surveying instruments and appliances,9015,6,1
H5,901580,"Surveying equipment; articles n.e.c. in heading no. 9015, including hydrographic, oceanographic, hydrological, meteorological or geophysical instruments and appliances (excluding compasses)",9015,6,1
H5,901590,Surveying equipment; parts and accessories for articles of heading no. 9015,9015,6,1
H5,901600,"Balances; of a sensitivity of 5cg or better, with or without weights",9016,6,1
H5,901710,Drafting tables and machines; whether or not automatic,9017,6,1
H5,901720,"Drawing, marking-out or mathematical calculating instruments",9017,6,1
H5,901730,"Mathematical equipment; micrometers, callipers and gauges",9017,6,1
H5,901780,Mathematical instruments and equipment; n.e.c. in heading no. 9017,9017,6,1
H5,901790,"Drawing, marking-out equipment and mathematical instruments; parts and accessories",9017,6,1
H5,901811,"Medical, surgical instruments and appliances; electro-cardiographs",9018,6,1
H5,901812,"Medical, surgical instruments and appliances; ultrasonic scanning apparatus",9018,6,1
H5,901813,"Medical, surgical instruments and appliances; magnetic resonance imaging apparatus",9018,6,1
H5,901814,"Medical, surgical instruments and appliances; scintigraphic apparatus",9018,6,1
H5,901819,"Medical, surgical instruments and appliances; electro-diagnostic apparatus (including apparatus for functional exploratory examination or for checking physiological parameters), n.e.c. in item no. 9018.1",9018,6,1
H5,901820,"Medical, surgical instruments and appliances; ultra-violet or infra-red ray apparatus",9018,6,1
H5,901831,"Medical, surgical instruments and appliances; syringes, with or without needles",9018,6,1
H5,901832,"Medical, surgical instruments and appliances; tubular metal needles and needles for sutures",9018,6,1
H5,901839,"Medical, surgical instruments and appliances; catheters, cannulae and the like",9018,6,1
H5,901841,"Dental instruments and appliances; dental drill engines, whether or not combined on a single base with other dental equipment",9018,6,1
H5,901849,Dental instruments and appliances; other than dental drill engines,9018,6,1
H5,901850,Ophthalmic instruments and appliances,9018,6,1
H5,901890,"Medical, surgical or dental instruments and appliances; n.e.c. in heading no. 9018",9018,6,1
H5,901910,Mechano-therapy appliances; massage apparatus and psychological aptitude-testing apparatus,9019,6,1
H5,901920,"Therapeutic respiration apparatus; ozone, oxygen, aerosol therapy apparatus; artificial respiration or other therapeutic respiration apparatus",9019,6,1
H5,902000,Breathing appliances and gas masks; excluding protective masks having neither mechanical parts nor replaceable filters and excluding apparatus of item no. 9019.20,9020,6,1
H5,902110,Orthopaedic or fracture appliances,9021,6,1
H5,902121,Dental fittings; artificial teeth,9021,6,1
H5,902129,Dental fittings; other than artificial teeth,9021,6,1
H5,902131,Artificial parts of the body,9021,6,1
H5,902139,Artificial parts of the body; excluding artificial joints,9021,6,1
H5,902140,Hearing aids (excluding parts and accessories),9021,6,1
H5,902150,Pacemakers; for stimulating heart muscles (excluding parts and accessories),9021,6,1
H5,902190,"Appliances; worn, carried or implanted in the body, to compensate for a defect or disability",9021,6,1
H5,902212,"Apparatus based on the use of x-rays; including radiography or radiotherapy apparatus, whether or not for medical, surgical, dental or veterinary uses, computed tomography apparatus",9022,6,1
H5,902213,"Apparatus based on the use of x-rays; including radiography or radiotherapy apparatus, for dental uses, excluding computed tomography apparatus",9022,6,1
H5,902214,"Apparatus based on the use of x-rays; including radiography or radiotherapy apparatus, for medical, surgical or veterinary uses, not dental uses, excluding computed tomography apparatus",9022,6,1
H5,902219,"Apparatus based on the use of x-rays, including radiography or radiotherapy apparatus; for other than medical, surgical, dental or veterinary uses",9022,6,1
H5,902221,"Apparatus based on the use of alpha, beta or gamma radiations, including radiography or radiotherapy apparatus; for medical, surgical, dental or veterinary uses",9022,6,1
H5,902229,"Apparatus based on the use of alpha, beta or gamma radiations, including radiography or radiotherapy apparatus; (for other than medical, surgical, dental or veterinary uses)",9022,6,1
H5,902230,X-ray tubes,9022,6,1
H5,902290,"Apparatus based on use of x-rays and similar; parts and accessories (x-ray generators, tubes, high tension generators, control panels and desks, screens, examination or treatment tables, chairs and like",9022,6,1
H5,902300,"Instruments, apparatus and models; designed for demonstrational purposes (in education or exhibitions), unsuitable for other uses",9023,6,1
H5,902410,"Machines and appliances; for testing the hardness, strength, compressibility, elasticity or other mechanical properties of metals",9024,6,1
H5,902480,"Machines and appliances; for testing the hardness, strength, compressibility, elasticity or other mechanical properties of materials other than metals",9024,6,1
H5,902490,"Machines and appliances; parts and accessories for those testing hardness, strength, compressibility, elasticity or other mechanical properties of materials (e.g. metal, wood, textiles, paper, plastics)",9024,6,1
H5,902511,"Thermometers and pyrometers; liquid filled, for direct reading, not combined with other instruments",9025,6,1
H5,902519,"Thermometers and pyrometers; (other than liquid filled, for direct reading), not combined with other instruments",9025,6,1
H5,902580,"Hydrometers and similar floating instruments, barometers, hygrometers, psychrometers, thermometers, pyrometers; recording or not, any combination of these instruments (excluding thermometers and barometers not combined with other instruments)",9025,6,1
H5,902590,"Hydrometers and similar floating instruments, barometers, hygrometers, psychrometers, thermometers, pyrometers; recording or not, any combination of these instruments, parts and accessories",9025,6,1
H5,902610,Instruments and apparatus; for measuring or checking the flow or level of liquids,9026,6,1
H5,902620,Instruments and apparatus; for measuring or checking pressure,9026,6,1
H5,902680,"Instruments and apparatus; for measuring or checking variables of liquids or gases (excluding pressure or the flow and level of liquids and those of heading no. 9014, 9015, 9028 and 9032)",9026,6,1
H5,902690,"Instruments and apparatus; parts and accessories for those measuring or checking the flow, level, pressure or other variables of liquids or gases (excluding those of heading no. 9014, 9015, 9028 or 9032)",9026,6,1
H5,902710,"Instruments and apparatus; gas or smoke analysis apparatus, for physical or chemical analysis",9027,6,1
H5,902720,Chromatographs and electrophoresis instruments,9027,6,1
H5,902730,"Spectrometers, spectrophotometers and spectrographs; using optical radiations (UV, visible, IR)",9027,6,1
H5,902750,"Instruments and apparatus; using optical radiations (UV, visible, IR), (other than spectrometers, spectrophotometers and spectrographs)",9027,6,1
H5,902780,"Instruments and apparatus; for physical or chemical analysis, for measuring or checking viscosity, porosity, expansion, surface tension or quantities of heat, sound or light, n.e.c. in heading no. 9027",9027,6,1
H5,902790,Microtomes and parts and accessories thereof,9027,6,1
H5,902810,"Meters; gas, supply or production meters, including calibrating meters thereof",9028,6,1
H5,902820,"Meters; liquid supply or production meters, including calibrating meters thereof",9028,6,1
H5,902830,"Meters; electricity supply or production meters, including calibrating meters thereof",9028,6,1
H5,902890,"Meters; parts and accessories of gas, liquid, electricity supply or production meters, including calibrating meters thereof",9028,6,1
H5,902910,"Meters and counters; revolution counters, production counters, taximeters, mileometers, pedometers and the like",9029,6,1
H5,902920,Meters; speed indicators and tachometers; stroboscopes,9029,6,1
H5,902990,"Meters and counters; parts and accessories for revolution and production counters, taximeters, mileometers, pedometers and the like; speed indicators, tachometers (excluding heading no. 9015), stroboscopes",9029,6,1
H5,903010,Instruments and apparatus; for measuring or detecting ionising radiations,9030,6,1
H5,903020,Oscilloscopes and oscillographs,9030,6,1
H5,903031,"Multimeters; for measuring or checking voltage, current, resistance or power, without a recording device",9030,6,1
H5,903032,"Multimeters; for measuring or checking voltage, current, resistance or power, with a recording device",9030,6,1
H5,903033,"Instruments and apparatus; for measuring or checking voltage, current, resistance or power, without a recording device (excluding multimeters)",9030,6,1
H5,903039,"Instruments and apparatus; for measuring or checking voltage, current, resistance or power, with a recording device (excluding multimeters)",9030,6,1
H5,903040,"Instruments and apparatus; specially designed for telecommunications (e.g. cross-talk meters, gain measuring instruments, distortion factor meters, psophometers)",9030,6,1
H5,903082,Instruments and apparatus; for measuring or checking semiconductor wafers or devices,9030,6,1
H5,903084,"Instruments and apparatus; n.e.c. in heading no. 9030, with a recording device",9030,6,1
H5,903089,"Instruments and apparatus; n.e.c. in heading no. 9030, without a recording device",9030,6,1
H5,903090,"Instruments, apparatus for measuring, checking electrical quantities, not meters of heading no. 9028; parts and accessories, for measuring or detecting alpha, beta, gamma, x-ray, cosmic and other radiations",9030,6,1
H5,903110,Machines; for balancing mechanical parts,9031,6,1
H5,903120,Test benches,9031,6,1
H5,903141,"Optical instruments and appliances; for inspecting semiconductor wafers or devices or for inspecting photomasks or reticles used in manufacturing semiconductor devices, n.e.c. in chapter 90",9031,6,1
H5,903149,"Optical instruments and appliances; for measuring or checking, n.e.c. in chapter 90",9031,6,1
H5,903180,"Instruments, appliances and machines; for measuring or checking n.e.c. in chapter 90",9031,6,1
H5,903190,"Instruments, appliances and machines; parts and accessories for those measuring or checking devices of heading no. 9031",9031,6,1
H5,903210,"Regulating or controlling instruments and apparatus; automatic type, thermostats",9032,6,1
H5,903220,"Regulating or controlling instruments and apparatus; automatic, manostats",9032,6,1
H5,903281,"Regulating or controlling instruments and apparatus; automatic, hydraulic or pneumatic",9032,6,1
H5,903289,"Regulating or controlling instruments and apparatus; automatic, other than hydraulic or pneumatic",9032,6,1
H5,903290,"Regulating or controlling instruments and apparatus; automatic, parts and accessories",9032,6,1
H5,903300,"Machines and appliances, instruments or apparatus of chapter 90; parts and accessories n.e.c. in chapter 90",9033,6,1
H5,910111,"Wrist-watches; electrically operated, with or without a stop-watch, with case of precious metal or of metal clad with precious metal, with mechanical display only",9101,6,1
H5,910119,"Wrist-watches; electrically operated, with or without a stop-watch, with case of precious metal or metal clad with precious metal, without mechanical display",9101,6,1
H5,910121,"Wrist-watches; (not electrically operated), automatic winding, whether or not incorporating a stop-watch facility, case of precious metal or of metal clad with precious metal",9101,6,1
H5,910129,"Wrist-watches; (not electrically operated), (not automatic winding), whether or not incorporating a stop-watch facility, case of precious metal or of metal clad with precious metal",9101,6,1
H5,910191,"Pocket-watches and other watches, including stop-watches; (excluding wrist-watches), with case of precious metal or of metal clad with precious metal, electrically operated",9101,6,1
H5,910199,"Pocket-watches and other watches, including stop-watches; (excluding wrist-watches), with case of precious metal or of metal clad with precious metal, not electrically operated",9101,6,1
H5,910211,"Wrist-watches; electrically operated, with or without a stop-watch, (other than those of heading no. 9101) with mechanical display only",9102,6,1
H5,910212,"Wrist-watches; electrically operated, with or without a stop-watch, (other than those of heading no. 9101) with opto-electronic display only",9102,6,1
H5,910219,"Wrist-watches; electrically operated, with or without a stop-watch, (other than those of heading no. 9101) without mechanical or opto-electronic display",9102,6,1
H5,910221,"Wrist-watches; whether or not incorporating a stop-watch facility, with automatic winding",9102,6,1
H5,910229,"Wrist-watches; whether or not incorporating a stop-watch facility, with other than automatic winding",9102,6,1
H5,910291,"Pocket watches and other watches, including stop-watches; (excluding wrist-watches), other than those of heading no. 9101, electrically operated",9102,6,1
H5,910299,"Pocket watches and other watches, including stop-watches; (excluding wrist-watches), other than those of heading no. 9101, other than electrically operated",9102,6,1
H5,910310,"Clocks; with watch movements, electrically operated, excluding clocks of heading no. 9104",9103,6,1
H5,910390,"Clocks; with watch movements, other than electrically operated, excluding clocks of heading no. 9104",9103,6,1
H5,910400,"Clocks; instrument panel clocks and clocks of a similar type for vehicles, aircraft, spacecraft or vessels",9104,6,1
H5,910511,"Clocks; (excluding those with watch movements and instrument panel clocks), alarm clocks, electrically operated",9105,6,1
H5,910519,"Clocks; (excluding those with watch movements and instrument panel clocks), alarm clocks, other than electrically operated",9105,6,1
H5,910521,"Clocks; (excluding those with watch movements and instrument panel clocks), wall clocks, electrically operated",9105,6,1
H5,910529,"Clocks; (excluding those with watch movements and instrument panel clocks), wall clocks, other than electrically operated",9105,6,1
H5,910591,"Clocks; (excluding those with watch movements and instrument panel clocks), (other than alarm or wall clocks), electrically operated",9105,6,1
H5,910599,"Clocks; (excluding those with watch movements and instrument panel clocks), other than alarm or wall clocks, other than electrically operated",9105,6,1
H5,910610,"Time recording apparatus; time-registers, time recorders, with clock, watch movement or synchronous motor",9106,6,1
H5,910690,"Time recording apparatus; with clock or watch movement or with synchronous motor, n.e.c. in heading no. 9106",9106,6,1
H5,910700,"Time switches; with clock, watch movement or synchronous motor",9107,6,1
H5,910811,"Watch movements; complete and assembled, electrically operated, with mechanical display only or with a device to which a mechanical display can be incorporated",9108,6,1
H5,910812,"Watch movements; complete and assembled, electrically operated, by means of solar cells, with opto-electronic display",9108,6,1
H5,910819,"Watch movements; complete and assembled, electrically operated, by means of solar cells, without mechanical display or device including such or opto-electronic display",9108,6,1
H5,910820,"Watch movements; complete and assembled, with automatic winding",9108,6,1
H5,910890,"Watch movements; complete and assembled, not automatic winding or electrically operated",9108,6,1
H5,910910,"Clock movements; complete and assembled, electrically operated",9109,6,1
H5,910990,"Clock movements; complete and assembled, other than electrically operated",9109,6,1
H5,911011,"Watches; complete movements, unassembled or partly assembled (movement sets)",9110,6,1
H5,911012,"Watches; incomplete movements, assembled",9110,6,1
H5,911019,Watches; rough movements,9110,6,1
H5,911090,"Clocks; movements, whether or not complete, incomplete, assembled or unassembled",9110,6,1
H5,911110,Watch cases; of precious metal or of metal clad with precious metal,9111,6,1
H5,911120,"Watch cases; of base metal, whether or not gold-plated or silver-plated",9111,6,1
H5,911180,Watch cases; n.e.c. in heading no. 9111,9111,6,1
H5,911190,Watch cases and parts thereof,9111,6,1
H5,911220,Clock cases and similar cases for other goods of chapter 91; other than watch cases,9112,6,1
H5,911290,"Clock cases and similar cases for other goods of chapter 91; other than watch cases, parts thereof",9112,6,1
H5,911310,"Watch straps, watch bands, watch bracelets, and parts thereof; of precious metal or of metal clad with precious metal",9113,6,1
H5,911320,"Watch straps, watch bands, watch bracelets, and parts thereof; of base metal, whether or not gold- or silver-plated",9113,6,1
H5,911390,"Watch straps, watch bands, watch bracelets, and parts thereof; n.e.c. in heading no. 9113",9113,6,1
H5,911410,"Clock or watch parts; springs, including hairsprings",9114,6,1
H5,911430,Clock or watch parts; dials,9114,6,1
H5,911440,Clock or watch parts; plates and bridges,9114,6,1
H5,911490,"Clock or watch parts; other than springs (including hairsprings), dials, plates, and bridges",9114,6,1
H5,920110,"Musical instruments; pianos, upright, including automatic pianos",9201,6,1
H5,920120,"Musical instruments; pianos, grand",9201,6,1
H5,920190,Musical instruments; harpsichords and other keyboard stringed instruments n.e.c. in heading no. 9201,9201,6,1
H5,920210,"Musical instruments; string, played with a bow (e.g. violins)",9202,6,1
H5,920290,"Musical instruments; string, played other than with a bow (e.g. guitars and harps)",9202,6,1
H5,920510,"Musical instruments; brass-wind (e.g. trumpets), other than fairground organs and mechanical street organs",9205,6,1
H5,920590,"Musical instruments; wind, other than brass, (eg. clarinet, bagpipes, pipe organs), other than fairground organs and mechanical street organs",9205,6,1
H5,920600,"Musical instruments; percussion (e.g. drums, xylophones, cymbals, castanets, maracas)",9206,6,1
H5,920710,"Musical instruments; keyboard, (other than accordions), the sound of which is produced or must be amplified electrically",9207,6,1
H5,920790,"Musical instruments; (other than keyboard), the sound of which is produced or must be amplified electrically",9207,6,1
H5,920810,Musical boxes,9208,6,1
H5,920890,"Fairground and mechanical street organs, mechanical singing birds, musical saws and musical instruments n.e.c. in chapter 92; decoy calls of all kinds; whistles; call horns and other mouth-blown sound signalling instruments",9208,6,1
H5,920930,Musical instrument strings,9209,6,1
H5,920991,Musical instruments; parts and accessories for pianos,9209,6,1
H5,920992,Musical instruments; parts and accessories for string musical instruments other than keyboard instruments,9209,6,1
H5,920994,"Musical instruments; parts and accessories for the musical instruments the sound of which is produced or must be amplified electrically (e.g. organs, guitars and accordions)",9209,6,1
H5,920999,"Musical instruments; parts and accessories for musical instruments n.e.c. in heading no. 9209; metronomes, tuning forks and pitch pipes",9209,6,1
H5,930110,"Military weapons; artillery weapons (e.g. guns, howitzers, and mortars)",9301,6,1
H5,930120,"Military weapons; rocket launchers, flame-throwers, grenade launchers, torpedo tubes and similar projectors",9301,6,1
H5,930190,"Military weapons; other than revolvers, pistols, and arms of heading 9307, n.e.c. in heading 9301",9301,6,1
H5,930200,Revolvers and pistols; other than those of heading no. 9303 or 9304,9302,6,1
H5,930310,Firearms; muzzle-loading,9303,6,1
H5,930320,"Firearms; sporting, hunting or target-shooting shotguns, including combination shotgun-rifles",9303,6,1
H5,930330,"Firearms; sporting, hunting or target-shooting rifles n.e.c. in heading no. 9303",9303,6,1
H5,930390,Firearms; n.e.c. in heading no. 9303,9303,6,1
H5,930400,"Firearms; (e.g. spring, air or gas guns and pistols, truncheons), excluding those of heading no. 9307",9304,6,1
H5,930510,"Firearms; parts and accessories, of revolvers or pistols",9305,6,1
H5,930520,"Firearms; parts and accessories, of shotguns or rifles of heading 9303",9305,6,1
H5,930591,"Firearms; parts and accessories, of military weapons of heading 9301",9305,6,1
H5,930599,"Firearms; parts and accessories, of firearms other than the military weapons of heading 9301",9305,6,1
H5,930621,Ammunition; shotgun cartridges,9306,6,1
H5,930629,Ammunition; parts of shotgun cartridges,9306,6,1
H5,930630,Ammunition; cartridges and parts thereof n.e.c. in heading no. 9306,9306,6,1
H5,930690,Ammunition; n.e.c. in chapter 93,9306,6,1
H5,930700,"Arms; swords, cutlasses, bayonets, lances and the like, parts thereof and scabbards and sheaths therefor",9307,6,1
H5,940110,Seats; of a kind used for aircraft,9401,6,1
H5,940120,Seats; of a kind used for motor vehicles,9401,6,1
H5,940130,"Seats; swivel with variable height adjustment, excluding medical, surgical, dental, veterinary or barber furniture",9401,6,1
H5,940140,"Seats; convertible into beds, other than garden seats or camping equipment",9401,6,1
H5,940152,Seats; of bamboo,9401,6,1
H5,940153,Seats; of rattan,9401,6,1
H5,940159,"Seats; of cane, osier or similar materials, other than bamboo or rattan",9401,6,1
H5,940161,"Seats; with wooden frames, upholstered, (excluding medical, surgical, dental, veterinary or barber furniture)",9401,6,1
H5,940169,"Seats; with wooden frames, not upholstered, (excluding medical, surgical, dental, veterinary or barber furniture)",9401,6,1
H5,940171,"Seats; with metal frames, upholstered, (excluding medical, surgical, dental, veterinary or barber furniture)",9401,6,1
H5,940179,"Seats; with metal frames, not upholstered, (excluding medical, surgical, dental, veterinary or barber furniture)",9401,6,1
H5,940180,"Seats; n.e.c. in heading no. 9401, (excluding medical, surgical, dental, veterinary or barber furniture)",9401,6,1
H5,940190,Seat; parts,9401,6,1
H5,940210,"Chairs; dentists', barbers' or similar chairs having rotating as well as both reclining and elevating movements, and parts thereof",9402,6,1
H5,940290,"Furniture; for medical, surgical, veterinary use (e.g. operating tables, examination tables, hospital beds with mechanical fittings) and parts thereof",9402,6,1
H5,940310,"Furniture; metal, for office use",9403,6,1
H5,940320,"Furniture; metal, other than for office use",9403,6,1
H5,940330,"Furniture; wooden, for office use",9403,6,1
H5,940340,"Furniture; wooden, for kitchen use",9403,6,1
H5,940350,"Furniture; wooden, for bedroom use",9403,6,1
H5,940360,"Furniture; wooden, other than for office, kitchen or bedroom use",9403,6,1
H5,940370,Furniture; plastic,9403,6,1
H5,940382,Furniture; of bamboo,9403,6,1
H5,940383,Furniture; of rattan,9403,6,1
H5,940389,"Furniture; of cane, osier, or similar materials (other than bamboo or rattan)",9403,6,1
H5,940390,Furniture; parts,9403,6,1
H5,940410,Mattress supports,9404,6,1
H5,940421,"Mattresses; of cellular rubber or plastics, whether or not covered",9404,6,1
H5,940429,"Mattresses; of other materials, not cellular rubber or plastics",9404,6,1
H5,940430,Sleeping bags,9404,6,1
H5,940490,"Bedding and similar furnishing articles; n.e.c. in heading no. 9404 (e.g. quilts, eiderdowns, cushions, pouffes and pillows)",9404,6,1
H5,940510,Chandeliers and other electric ceiling or wall light fittings; excluding those used for lighting public open spaces or thoroughfares,9405,6,1
H5,940520,"Lamps, electric; floor-standing or for table, desk or bedside",9405,6,1
H5,940530,Lighting sets; of a kind used for Christmas trees,9405,6,1
H5,940540,"Lamps and light fittings; electric, n.e.c. in heading no. 9405",9405,6,1
H5,940550,Lamps and light fittings; non-electric,9405,6,1
H5,940560,"Illuminated signs, name plates and the like",9405,6,1
H5,940591,"Lamps and light fittings; parts thereof, of glass",9405,6,1
H5,940592,"Lamps and light fittings; parts thereof, of plastics",9405,6,1
H5,940599,"Lamps and light fittings; parts thereof, of materials other than glass or plastics",9405,6,1
H5,940610,"Buildings; prefabricated, of wood",9406,6,1
H5,940690,"Buildings; prefabricated, not of wood",9406,6,1
H5,950300,"Tricycles, scooters, pedal cars and similar wheeled toys; dolls' carriages; dolls; other toys; reduced-size (scale) models and similar recreational models, working or not; puzzles of all kinds",9503,6,1
H5,950420,Billiard articles and accessories of all kinds,9504,6,1
H5,950430,"Games; operated by coins, banknotes, bank cards, tokens or by other means of payment, other than billiard articles and accesssories, and automatic bowling alley equipment",9504,6,1
H5,950440,Games; playing cards,9504,6,1
H5,950450,"Games; video game consoles and machines, other than those of subheading 9504.30",9504,6,1
H5,950490,"Games; articles for funfair, table or parlour games, including pintables, special tables for casino games, automatic bowling alley equipment, n.e.c. in heading 9504",9504,6,1
H5,950510,Christmas festivity articles,9505,6,1
H5,950590,"Festive, carnival or other entertainment articles including novelty jokes and conjuring tricks; other than Christmas festivity articles",9505,6,1
H5,950611,Skis; for snow,9506,6,1
H5,950612,Ski-fastenings (ski-bindings); for snow-skis,9506,6,1
H5,950619,Snow-ski equipment,9506,6,1
H5,950621,Sailboards; for water sport,9506,6,1
H5,950629,"Water sport equipment; water-skis, surf-boards and other water-sport equipment, excluding sailboards",9506,6,1
H5,950631,Golf clubs; complete,9506,6,1
H5,950632,Golf balls,9506,6,1
H5,950639,Golf equipment; other than clubs and balls,9506,6,1
H5,950640,Table-tennis articles and equipment,9506,6,1
H5,950651,Lawn-tennis racquets; whether or not strung,9506,6,1
H5,950659,"Tennis, badminton and similar racquets; whether or not strung",9506,6,1
H5,950661,Lawn-tennis balls,9506,6,1
H5,950662,Balls; inflatable,9506,6,1
H5,950669,"Balls; (other than inflatable or for lawn-tennis, golf or table-tennis)",9506,6,1
H5,950670,"Skates; ice and roller, including skating boots with skates attached",9506,6,1
H5,950691,Athletics and gymnastics equipment,9506,6,1
H5,950699,Equipment for outdoor games and recreation n.e.c. in heading no. 9506,9506,6,1
H5,950710,Fishing rods,9507,6,1
H5,950720,Fish-hooks; whether or not snelled,9507,6,1
H5,950730,Fishing reels,9507,6,1
H5,950790,"Fishing tackle n.e.c., butterfly nets, decoy birds (other than those of heading no. 9208 or 9705) and similar hunting or shooting requisites",9507,6,1
H5,950810,Travelling circuses and travelling menageries,9508,6,1
H5,950890,"Roundabouts, swings, shooting galleries, other fairground amusements; travelling theatres",9508,6,1
H5,960110,Ivory and articles thereof; worked,9601,6,1
H5,960190,"Bone, tortoise shell, horn, antlers, coral, mother-of-pearl and other animal carving material and articles thereof (including articles obtained by moulding)",9601,6,1
H5,960200,"Vegetable, mineral carving material and articles of these materials, moulded or carved articles of wax, stearin, natural gums, resins or modelling pastes, worked unhardened gelatin (not heading no. 3503)",9602,6,1
H5,960310,"Brooms and brushes; consisting of twigs or other vegetable materials bound together, with or without handles",9603,6,1
H5,960321,Brushes; toothbrushes,9603,6,1
H5,960329,"Brushes; shaving, hair, nail, eyelash and other toilet brushes for use on the person, including brushes as parts of appliances",9603,6,1
H5,960330,"Brushes; artists' brushes, writing brushes and similar brushes for the application of cosmetics",9603,6,1
H5,960340,"Brushes; paint, distemper, varnish or similar brushes (not those of item no. 9603.30), paint pads and rollers",9603,6,1
H5,960350,"Brushes; constituting parts of machines, appliances or vehicles",9603,6,1
H5,960390,"Brooms, brushes, mops, feather dusters, squeegees, hand operated mechanical floor sweepers; (not motorised), prepared knots and tufts for brooms or brush making n.e.c.",9603,6,1
H5,960400,Hand sieves and hand riddles,9604,6,1
H5,960500,"Travel sets; for personal toilet, sewing, shoe or clothes cleaning",9605,6,1
H5,960610,"Press-fasteners, snap-fasteners, press-studs and parts therefor",9606,6,1
H5,960621,"Buttons; of plastics, not covered with textile material",9606,6,1
H5,960622,"Buttons; of base metal, not covered with textile material",9606,6,1
H5,960629,"Buttons; of other than base metal or plastics, not covered with textile material",9606,6,1
H5,960630,Button moulds and other parts of buttons; button blanks,9606,6,1
H5,960711,Slide fasteners; fitted with chain scoops of base metal,9607,6,1
H5,960719,Slide fasteners; other than those fitted with chain scoops of base metal,9607,6,1
H5,960720,Slide fasteners; parts,9607,6,1
H5,960810,Pens; ball point,9608,6,1
H5,960820,Pens; felt tipped and other porous-tipped pens and markers,9608,6,1
H5,960830,"Pens; fountain, stylograph and other pens",9608,6,1
H5,960840,Pencils; propelling or sliding,9608,6,1
H5,960850,Pen and pencil sets; of articles from two or more of the foregoing sub-headings,9608,6,1
H5,960860,"Pens; ball-point, refills comprising the ball point and ink-reservoir",9608,6,1
H5,960891,Pens; nibs and nib points,9608,6,1
H5,960899,"Pens and pencils; duplicating stylos, pen-holders, pencil-holders, and similar holders, parts of the articles of heading 9608, including caps and clips",9608,6,1
H5,960910,Pencils and crayons; with leads encased in rigid sheath,9609,6,1
H5,960920,Pencil leads; black or coloured,9609,6,1
H5,960990,"Pastels, drawing charcoals, writing or drawing chalks, tailors' chalk",9609,6,1
H5,961000,"Slates and boards; with writing or drawing surfaces, whether or not framed",9610,6,1
H5,961100,"Stamps; date, numbering, sealing stamps and the like (including devices for printing or embossing labels), designed for operating by hand; hand operated composing sticks and printing sets",9611,6,1
H5,961210,"Ribbons; for typewriters and the like, inked or otherwise prepared, for giving impressions, whether or not on spools or in cartridges",9612,6,1
H5,961220,"Ink pads; whether or not inked, with or without boxes",9612,6,1
H5,961310,"Lighters; pocket, cigarette, gas fuelled, non-refillable",9613,6,1
H5,961320,"Lighters; pocket, cigarette, gas fuelled, refillable",9613,6,1
H5,961380,"Lighters; whether or not mechanical or electrical, n.e.c. in heading no. 9613",9613,6,1
H5,961390,"Lighters; parts for cigarette lighters and other lighters, whether or not mechanical or electrical, other than flints and wicks",9613,6,1
H5,961400,"Smoking pipes (including pipe bowls) and cigar or cigarette holders, and parts thereof",9614,6,1
H5,961511,"Combs, hair slides and the like; of hard rubber or plastics",9615,6,1
H5,961519,"Combs, hair slides and the like; of other than hard rubber or plastics",9615,6,1
H5,961590,"Hairpins, curling pins, curling grips, hair curlers and the like (not those of heading no. 8516) and parts thereof",9615,6,1
H5,961610,"Scent sprays and similar toilet sprays, and mounts and heads therefor",9616,6,1
H5,961620,Powder puffs and pads; for the application of cosmetics or toilet preparations,9616,6,1
H5,961700,"Vacuum flasks and other vacuum vessels, complete with cases; parts thereof other than glass inners",9617,6,1
H5,961800,Tailors' dummies and other lay figures; automata and other animated displays used for shop window dressing,9618,6,1
H5,961900,"Sanitary towels (pads) and tampons, napkins and napkin liners for babies and similar articles, of any material",9619,6,1
H5,962000,"Monopods, bipods, tripods and similar articles",9620,6,1
H5,970110,"Paintings, drawings and pastels; executed entirely by hand, other than drawings of heading no. 4906",9701,6,1
H5,970190,Artwork; collages and similar decorative plaques,9701,6,1
H5,970200,"Engravings, prints and lithographs; original",9702,6,1
H5,970300,"Sculptures and statuary; original, in any material",9703,6,1
H5,970400,"Stamps, postage or revenue; stamp-postmarks, first-day covers, postal stationery (stamped paper) and like, used or unused, other than those of heading 4907",9704,6,1
H5,970500,"Collections and collectors' pieces; of zoological, botanical, mineralogical, anatomical, historical, archaeological, palaeontological, ethnographic or numismatic interest",9705,6,1
H5,970600,Antiques; of an age exceeding one hundred years,9706,6,1
H5,999999,Commodities not specified according to kind,9999,6,1
