hs6_code,ucc_code,ucc_description,map_weight,confidence_level
010221,030810,OTHER BEEF,0.3537,HIGH
010221,030110,GROUND BEEF,0.3537,HIGH
010221,100510,MISCELLANEOUS DAIRY PRODUCTS,0.2927,HIGH
010229,100510,MISCELLANEOUS DAIRY PRODUCTS,0.3584,HIGH
010229,030810,OTHER BEEF,0.3208,HIGH
010229,030110,GROUND BEEF,0.3208,HIGH
010231,030810,OTHER BEEF,0.3667,HIGH
010231,030110,GROUND BEEF,0.3667,HIGH
010231,100510,MISCELLANEOUS DAIRY PRODUCTS,0.2667,HIGH
010239,030810,OTHER BEEF,0.5,HIGH
010239,030110,GROUND BEEF,0.5,HIGH
010290,030810,OTHER BEEF,0.5,HIGH
010290,030110,GROUND BEEF,0.5,HIGH
010310,040410,OTHER PORK,0.6077,HIGH
010310,040210,PORK CHOPS,0.3923,MEDIUM-HIGH
010391,040410,OTHER PORK,0.6077,HIGH
010391,040210,PORK CHOPS,0.3923,MEDIUM-HIGH
010392,040410,OTHER PORK,0.5981,HIGH
010392,040210,PORK CHOPS,0.4019,MEDIUM
010410,050410,LAMB AND ORGAN MEATS,0.5,HIGH
010410,050900,"MUTTON, GOAT AND GAME",0.5,HIGH
010511,060110,FRESH AND FROZEN WHOLE CHICKEN,0.3031,HIGH
010511,060210,FRESH AND FROZEN CHICKEN PARTS,0.3031,HIGH
010511,080110,EGGS,0.2458,HIGH
010511,050410,LAMB AND ORGAN MEATS,0.1479,MEDIUM
010512,060310,OTHER POULTRY,1.0,HIGH
010594,060110,FRESH AND FROZEN WHOLE CHICKEN,0.5,HIGH
010594,060210,FRESH AND FROZEN CHICKEN PARTS,0.5,HIGH
010599,060310,OTHER POULTRY,1.0,HIGH
020110,030810,OTHER BEEF,0.5,HIGH
020110,030110,GROUND BEEF,0.5,HIGH
020120,030810,OTHER BEEF,0.3491,HIGH
020120,030110,GROUND BEEF,0.3491,HIGH
020120,050410,LAMB AND ORGAN MEATS,0.1712,MEDIUM
020120,030210,CHUCK ROAST,0.1305,MEDIUM-LOW
020130,030810,OTHER BEEF,0.3489,HIGH
020130,030110,GROUND BEEF,0.3489,HIGH
020130,050410,LAMB AND ORGAN MEATS,0.1719,MEDIUM
020130,030210,CHUCK ROAST,0.1303,MEDIUM-LOW
020210,030810,OTHER BEEF,0.5,HIGH
020210,030110,GROUND BEEF,0.5,HIGH
020220,030810,OTHER BEEF,0.3495,HIGH
020220,030110,GROUND BEEF,0.3495,HIGH
020220,050410,LAMB AND ORGAN MEATS,0.1711,MEDIUM
020220,030210,CHUCK ROAST,0.1299,MEDIUM-LOW
020230,030810,OTHER BEEF,0.347,HIGH
020230,030110,GROUND BEEF,0.347,HIGH
020230,050410,LAMB AND ORGAN MEATS,0.1744,MEDIUM
020230,030210,CHUCK ROAST,0.1315,MEDIUM-LOW
020311,040410,OTHER PORK,0.6077,HIGH
020311,040210,PORK CHOPS,0.3923,MEDIUM-HIGH
020312,040410,OTHER PORK,0.6173,HIGH
020312,040210,PORK CHOPS,0.3827,MEDIUM
020319,040410,OTHER PORK,0.4842,HIGH
020319,040210,PORK CHOPS,0.3017,MEDIUM
020319,050410,LAMB AND ORGAN MEATS,0.2141,MEDIUM
020321,040410,OTHER PORK,0.6,HIGH
020321,040210,PORK CHOPS,0.4,MEDIUM-HIGH
020322,040410,OTHER PORK,0.6168,HIGH
020322,040210,PORK CHOPS,0.3832,MEDIUM
020329,040410,OTHER PORK,0.45,HIGH
020329,040210,PORK CHOPS,0.3,MEDIUM-HIGH
020329,050410,LAMB AND ORGAN MEATS,0.25,MEDIUM
020410,050410,LAMB AND ORGAN MEATS,1.0,MEDIUM
020421,050410,LAMB AND ORGAN MEATS,0.5,MEDIUM
020421,050900,"MUTTON, GOAT AND GAME",0.5,MEDIUM
020422,050410,LAMB AND ORGAN MEATS,0.7003,HIGH
020422,050900,"MUTTON, GOAT AND GAME",0.2997,MEDIUM
020423,050410,LAMB AND ORGAN MEATS,0.6781,HIGH
020423,050900,"MUTTON, GOAT AND GAME",0.3219,MEDIUM
020430,050410,LAMB AND ORGAN MEATS,1.0,MEDIUM
020441,050410,LAMB AND ORGAN MEATS,0.5,MEDIUM
020441,050900,"MUTTON, GOAT AND GAME",0.5,MEDIUM
020442,050410,LAMB AND ORGAN MEATS,0.7021,HIGH
020442,050900,"MUTTON, GOAT AND GAME",0.2979,MEDIUM
020443,050410,LAMB AND ORGAN MEATS,0.6832,HIGH
020443,050900,"MUTTON, GOAT AND GAME",0.3168,MEDIUM
020450,050410,LAMB AND ORGAN MEATS,1.0,MEDIUM
020500,050410,LAMB AND ORGAN MEATS,1.0,MEDIUM
020610,030810,OTHER BEEF,0.3618,HIGH
020610,030110,GROUND BEEF,0.3618,HIGH
020610,050410,LAMB AND ORGAN MEATS,0.2763,HIGH
020621,030810,OTHER BEEF,0.5,HIGH
020621,030110,GROUND BEEF,0.5,HIGH
020622,030810,OTHER BEEF,0.5,HIGH
020622,030110,GROUND BEEF,0.5,HIGH
020629,030810,OTHER BEEF,0.3846,HIGH
020629,030110,GROUND BEEF,0.3846,HIGH
020629,050410,LAMB AND ORGAN MEATS,0.2308,HIGH
020630,040410,OTHER PORK,0.4151,HIGH
020630,050410,LAMB AND ORGAN MEATS,0.317,HIGH
020630,040210,PORK CHOPS,0.2679,MEDIUM-HIGH
020641,040410,OTHER PORK,0.6,HIGH
020641,040210,PORK CHOPS,0.4,MEDIUM-HIGH
020649,040410,OTHER PORK,0.4501,HIGH
020649,040210,PORK CHOPS,0.2989,MEDIUM-HIGH
020649,050410,LAMB AND ORGAN MEATS,0.251,HIGH
020680,050410,LAMB AND ORGAN MEATS,0.6838,HIGH
020680,050900,"MUTTON, GOAT AND GAME",0.3162,MEDIUM
020690,050410,LAMB AND ORGAN MEATS,0.7198,HIGH
020690,050900,"MUTTON, GOAT AND GAME",0.2802,MEDIUM
020711,060110,FRESH AND FROZEN WHOLE CHICKEN,0.5,HIGH
020711,060210,FRESH AND FROZEN CHICKEN PARTS,0.5,HIGH
020712,060110,FRESH AND FROZEN WHOLE CHICKEN,0.5,HIGH
020712,060210,FRESH AND FROZEN CHICKEN PARTS,0.5,HIGH
020713,060110,FRESH AND FROZEN WHOLE CHICKEN,0.3503,HIGH
020713,060210,FRESH AND FROZEN CHICKEN PARTS,0.3503,HIGH
020713,050410,LAMB AND ORGAN MEATS,0.2993,HIGH
020714,060110,FRESH AND FROZEN WHOLE CHICKEN,0.3861,HIGH
020714,060210,FRESH AND FROZEN CHICKEN PARTS,0.3861,HIGH
020714,050410,LAMB AND ORGAN MEATS,0.2278,HIGH
020724,060310,OTHER POULTRY,1.0,HIGH
020725,060310,OTHER POULTRY,1.0,HIGH
020726,060310,OTHER POULTRY,0.5392,HIGH
020726,050410,LAMB AND ORGAN MEATS,0.4608,HIGH
020727,060310,OTHER POULTRY,0.6666,HIGH
020727,050410,LAMB AND ORGAN MEATS,0.3334,MEDIUM
020744,050410,LAMB AND ORGAN MEATS,1.0,HIGH
020745,050410,LAMB AND ORGAN MEATS,1.0,HIGH
020754,050410,LAMB AND ORGAN MEATS,1.0,HIGH
020755,050410,LAMB AND ORGAN MEATS,1.0,HIGH
020760,050410,LAMB AND ORGAN MEATS,1.0,HIGH
020810,050410,LAMB AND ORGAN MEATS,1.0,HIGH
020830,050410,LAMB AND ORGAN MEATS,1.0,HIGH
020840,050410,LAMB AND ORGAN MEATS,1.0,MEDIUM-HIGH
020850,050410,LAMB AND ORGAN MEATS,1.0,HIGH
020860,050410,LAMB AND ORGAN MEATS,1.0,HIGH
020890,050410,LAMB AND ORGAN MEATS,1.0,HIGH
020910,160211,FATS AND OILS,0.3234,HIGH
020910,040410,OTHER PORK,0.3234,HIGH
020910,040210,PORK CHOPS,0.1975,MEDIUM
020910,050410,LAMB AND ORGAN MEATS,0.1556,MEDIUM
020990,060110,FRESH AND FROZEN WHOLE CHICKEN,0.2325,HIGH
020990,060210,FRESH AND FROZEN CHICKEN PARTS,0.2325,HIGH
020990,160211,FATS AND OILS,0.2325,HIGH
020990,060310,OTHER POULTRY,0.1907,MEDIUM-HIGH
020990,050410,LAMB AND ORGAN MEATS,0.1118,MEDIUM
021011,040410,OTHER PORK,0.6173,HIGH
021011,040210,PORK CHOPS,0.3827,MEDIUM
021012,040110,BACON,0.3785,HIGH
021012,040410,OTHER PORK,0.3785,HIGH
021012,040210,PORK CHOPS,0.243,MEDIUM-HIGH
021019,040410,OTHER PORK,0.3249,HIGH
021019,040110,BACON,0.2846,HIGH
021019,040210,PORK CHOPS,0.2086,MEDIUM-HIGH
021019,050410,LAMB AND ORGAN MEATS,0.1819,MEDIUM
021020,030810,OTHER BEEF,0.3957,HIGH
021020,030110,GROUND BEEF,0.3957,HIGH
021020,050410,LAMB AND ORGAN MEATS,0.2086,MEDIUM
021091,180210,FROZEN MEALS,0.503,HIGH
021091,050410,LAMB AND ORGAN MEATS,0.497,HIGH
021092,180210,FROZEN MEALS,0.5159,MEDIUM-HIGH
021092,050410,LAMB AND ORGAN MEATS,0.4841,MEDIUM-HIGH
021093,180210,FROZEN MEALS,0.503,HIGH
021093,050410,LAMB AND ORGAN MEATS,0.497,HIGH
021099,180210,FROZEN MEALS,0.2731,HIGH
021099,050410,LAMB AND ORGAN MEATS,0.2721,HIGH
021099,060110,FRESH AND FROZEN WHOLE CHICKEN,0.1516,HIGH
021099,060210,FRESH AND FROZEN CHICKEN PARTS,0.1516,HIGH
021099,060310,OTHER POULTRY,0.1516,HIGH
030111,070110,CANNED FISH AND SEAFOOD,0.3333,MEDIUM
030111,070230,FRESH FISH AND SHELLFISH,0.3333,MEDIUM
030111,070240,FROZEN FISH AND SHELLFISH,0.3333,MEDIUM
030119,070110,CANNED FISH AND SEAFOOD,0.3333,MEDIUM
030119,070230,FRESH FISH AND SHELLFISH,0.3333,MEDIUM
030119,070240,FROZEN FISH AND SHELLFISH,0.3333,MEDIUM
030191,070110,CANNED FISH AND SEAFOOD,0.3333,MEDIUM
030191,070230,FRESH FISH AND SHELLFISH,0.3333,MEDIUM
030191,070240,FROZEN FISH AND SHELLFISH,0.3333,MEDIUM
030193,070110,CANNED FISH AND SEAFOOD,0.3333,MEDIUM
030193,070230,FRESH FISH AND SHELLFISH,0.3333,MEDIUM
030193,070240,FROZEN FISH AND SHELLFISH,0.3333,MEDIUM
030199,070110,CANNED FISH AND SEAFOOD,0.3333,MEDIUM-HIGH
030199,070230,FRESH FISH AND SHELLFISH,0.3333,MEDIUM-HIGH
030199,070240,FROZEN FISH AND SHELLFISH,0.3333,MEDIUM-HIGH
030211,070110,CANNED FISH AND SEAFOOD,0.3333,MEDIUM
030211,070230,FRESH FISH AND SHELLFISH,0.3333,MEDIUM
030211,070240,FROZEN FISH AND SHELLFISH,0.3333,MEDIUM
030213,070110,CANNED FISH AND SEAFOOD,0.3333,MEDIUM
030213,070230,FRESH FISH AND SHELLFISH,0.3333,MEDIUM
030213,070240,FROZEN FISH AND SHELLFISH,0.3333,MEDIUM
030214,070110,CANNED FISH AND SEAFOOD,0.3333,MEDIUM
030214,070230,FRESH FISH AND SHELLFISH,0.3333,MEDIUM
030214,070240,FROZEN FISH AND SHELLFISH,0.3333,MEDIUM
030221,070110,CANNED FISH AND SEAFOOD,0.3333,MEDIUM
030221,070230,FRESH FISH AND SHELLFISH,0.3333,MEDIUM
030221,070240,FROZEN FISH AND SHELLFISH,0.3333,MEDIUM
030229,070110,CANNED FISH AND SEAFOOD,0.3333,MEDIUM
030229,070230,FRESH FISH AND SHELLFISH,0.3333,MEDIUM
030229,070240,FROZEN FISH AND SHELLFISH,0.3333,MEDIUM
030242,050410,LAMB AND ORGAN MEATS,0.2706,MEDIUM
030242,070110,CANNED FISH AND SEAFOOD,0.2431,MEDIUM-LOW
030242,070230,FRESH FISH AND SHELLFISH,0.2431,MEDIUM-LOW
030242,070240,FROZEN FISH AND SHELLFISH,0.2431,MEDIUM-LOW
030244,070110,CANNED FISH AND SEAFOOD,0.3333,MEDIUM
030244,070230,FRESH FISH AND SHELLFISH,0.3333,MEDIUM
030244,070240,FROZEN FISH AND SHELLFISH,0.3333,MEDIUM
030245,070110,CANNED FISH AND SEAFOOD,0.2752,MEDIUM
030245,070230,FRESH FISH AND SHELLFISH,0.2752,MEDIUM
030245,070240,FROZEN FISH AND SHELLFISH,0.2752,MEDIUM
030245,050410,LAMB AND ORGAN MEATS,0.1743,MEDIUM
030246,050410,LAMB AND ORGAN MEATS,0.2706,MEDIUM
030246,070110,CANNED FISH AND SEAFOOD,0.2431,MEDIUM-LOW
030246,070230,FRESH FISH AND SHELLFISH,0.2431,MEDIUM-LOW
030246,070240,FROZEN FISH AND SHELLFISH,0.2431,MEDIUM-LOW
030247,070110,CANNED FISH AND SEAFOOD,0.3333,MEDIUM
030247,070230,FRESH FISH AND SHELLFISH,0.3333,MEDIUM
030247,070240,FROZEN FISH AND SHELLFISH,0.3333,MEDIUM
030251,070110,CANNED FISH AND SEAFOOD,0.3333,MEDIUM
030251,070230,FRESH FISH AND SHELLFISH,0.3333,MEDIUM
030251,070240,FROZEN FISH AND SHELLFISH,0.3333,MEDIUM
030252,070110,CANNED FISH AND SEAFOOD,0.3333,MEDIUM
030252,070230,FRESH FISH AND SHELLFISH,0.3333,MEDIUM
030252,070240,FROZEN FISH AND SHELLFISH,0.3333,MEDIUM
030253,070110,CANNED FISH AND SEAFOOD,0.3333,MEDIUM
030253,070230,FRESH FISH AND SHELLFISH,0.3333,MEDIUM
030253,070240,FROZEN FISH AND SHELLFISH,0.3333,MEDIUM
030255,070110,CANNED FISH AND SEAFOOD,0.2754,MEDIUM
030255,070230,FRESH FISH AND SHELLFISH,0.2754,MEDIUM
030255,070240,FROZEN FISH AND SHELLFISH,0.2754,MEDIUM
030255,050410,LAMB AND ORGAN MEATS,0.1738,MEDIUM
030256,050410,LAMB AND ORGAN MEATS,0.2709,MEDIUM
030256,070110,CANNED FISH AND SEAFOOD,0.243,MEDIUM-LOW
030256,070230,FRESH FISH AND SHELLFISH,0.243,MEDIUM-LOW
030256,070240,FROZEN FISH AND SHELLFISH,0.243,MEDIUM-LOW
030259,070110,CANNED FISH AND SEAFOOD,0.2582,MEDIUM-LOW
030259,070230,FRESH FISH AND SHELLFISH,0.2582,MEDIUM-LOW
030259,070240,FROZEN FISH AND SHELLFISH,0.2582,MEDIUM-LOW
030259,050410,LAMB AND ORGAN MEATS,0.2253,MEDIUM
030272,070110,CANNED FISH AND SEAFOOD,0.3333,MEDIUM
030272,070230,FRESH FISH AND SHELLFISH,0.3333,MEDIUM
030272,070240,FROZEN FISH AND SHELLFISH,0.3333,MEDIUM
030273,070110,CANNED FISH AND SEAFOOD,0.2739,MEDIUM
030273,070230,FRESH FISH AND SHELLFISH,0.2739,MEDIUM
030273,070240,FROZEN FISH AND SHELLFISH,0.2739,MEDIUM
030273,050410,LAMB AND ORGAN MEATS,0.1782,MEDIUM
030279,070110,CANNED FISH AND SEAFOOD,0.2569,MEDIUM
030279,070230,FRESH FISH AND SHELLFISH,0.2569,MEDIUM
030279,070240,FROZEN FISH AND SHELLFISH,0.2569,MEDIUM
030279,050410,LAMB AND ORGAN MEATS,0.2293,MEDIUM
030284,050410,LAMB AND ORGAN MEATS,0.2706,MEDIUM
030284,070110,CANNED FISH AND SEAFOOD,0.2431,MEDIUM-LOW
030284,070230,FRESH FISH AND SHELLFISH,0.2431,MEDIUM-LOW
030284,070240,FROZEN FISH AND SHELLFISH,0.2431,MEDIUM-LOW
030285,050410,LAMB AND ORGAN MEATS,0.2706,MEDIUM
030285,070110,CANNED FISH AND SEAFOOD,0.2431,MEDIUM-LOW
030285,070230,FRESH FISH AND SHELLFISH,0.2431,MEDIUM-LOW
030285,070240,FROZEN FISH AND SHELLFISH,0.2431,MEDIUM-LOW
030289,070110,CANNED FISH AND SEAFOOD,0.2649,MEDIUM-LOW
030289,070230,FRESH FISH AND SHELLFISH,0.2649,MEDIUM-LOW
030289,070240,FROZEN FISH AND SHELLFISH,0.2649,MEDIUM-LOW
030289,050410,LAMB AND ORGAN MEATS,0.2053,MEDIUM
030290,070110,CANNED FISH AND SEAFOOD,0.3333,MEDIUM
030290,070230,FRESH FISH AND SHELLFISH,0.3333,MEDIUM
030290,070240,FROZEN FISH AND SHELLFISH,0.3333,MEDIUM
030291,070110,CANNED FISH AND SEAFOOD,0.3333,MEDIUM
030291,070230,FRESH FISH AND SHELLFISH,0.3333,MEDIUM
030291,070240,FROZEN FISH AND SHELLFISH,0.3333,MEDIUM
030292,070110,CANNED FISH AND SEAFOOD,0.3333,MEDIUM-HIGH
030292,070230,FRESH FISH AND SHELLFISH,0.3333,MEDIUM-HIGH
030292,070240,FROZEN FISH AND SHELLFISH,0.3333,MEDIUM-HIGH
030299,050410,LAMB AND ORGAN MEATS,0.3457,HIGH
030299,070110,CANNED FISH AND SEAFOOD,0.2181,MEDIUM
030299,070230,FRESH FISH AND SHELLFISH,0.2181,MEDIUM
030299,070240,FROZEN FISH AND SHELLFISH,0.2181,MEDIUM
030311,070110,CANNED FISH AND SEAFOOD,0.3333,MEDIUM
030311,070230,FRESH FISH AND SHELLFISH,0.3333,MEDIUM
030311,070240,FROZEN FISH AND SHELLFISH,0.3333,MEDIUM
030312,070110,CANNED FISH AND SEAFOOD,0.3333,MEDIUM
030312,070230,FRESH FISH AND SHELLFISH,0.3333,MEDIUM
030312,070240,FROZEN FISH AND SHELLFISH,0.3333,MEDIUM
030313,070110,CANNED FISH AND SEAFOOD,0.3333,MEDIUM
030313,070230,FRESH FISH AND SHELLFISH,0.3333,MEDIUM
030313,070240,FROZEN FISH AND SHELLFISH,0.3333,MEDIUM
030314,070110,CANNED FISH AND SEAFOOD,0.3333,MEDIUM
030314,070230,FRESH FISH AND SHELLFISH,0.3333,MEDIUM
030314,070240,FROZEN FISH AND SHELLFISH,0.3333,MEDIUM
030323,070110,CANNED FISH AND SEAFOOD,0.3333,MEDIUM
030323,070230,FRESH FISH AND SHELLFISH,0.3333,MEDIUM
030323,070240,FROZEN FISH AND SHELLFISH,0.3333,MEDIUM
030324,070110,CANNED FISH AND SEAFOOD,0.2742,MEDIUM-HIGH
030324,070230,FRESH FISH AND SHELLFISH,0.2742,MEDIUM-HIGH
030324,070240,FROZEN FISH AND SHELLFISH,0.2742,MEDIUM-HIGH
030324,050410,LAMB AND ORGAN MEATS,0.1773,MEDIUM
030325,070110,CANNED FISH AND SEAFOOD,0.2742,MEDIUM-HIGH
030325,070230,FRESH FISH AND SHELLFISH,0.2742,MEDIUM-HIGH
030325,070240,FROZEN FISH AND SHELLFISH,0.2742,MEDIUM-HIGH
030325,050410,LAMB AND ORGAN MEATS,0.1773,MEDIUM
030329,070110,CANNED FISH AND SEAFOOD,0.3333,MEDIUM
030329,070230,FRESH FISH AND SHELLFISH,0.3333,MEDIUM
030329,070240,FROZEN FISH AND SHELLFISH,0.3333,MEDIUM
030331,070110,CANNED FISH AND SEAFOOD,0.3333,MEDIUM
030331,070230,FRESH FISH AND SHELLFISH,0.3333,MEDIUM
030331,070240,FROZEN FISH AND SHELLFISH,0.3333,MEDIUM
030339,070110,CANNED FISH AND SEAFOOD,0.3333,MEDIUM-LOW
030339,070230,FRESH FISH AND SHELLFISH,0.3333,MEDIUM-LOW
030339,070240,FROZEN FISH AND SHELLFISH,0.3333,MEDIUM-LOW
030345,070110,CANNED FISH AND SEAFOOD,0.3333,MEDIUM
030345,070230,FRESH FISH AND SHELLFISH,0.3333,MEDIUM
030345,070240,FROZEN FISH AND SHELLFISH,0.3333,MEDIUM
030354,070110,CANNED FISH AND SEAFOOD,0.3333,MEDIUM
030354,070230,FRESH FISH AND SHELLFISH,0.3333,MEDIUM
030354,070240,FROZEN FISH AND SHELLFISH,0.3333,MEDIUM
030355,070110,CANNED FISH AND SEAFOOD,0.3333,MEDIUM
030355,070230,FRESH FISH AND SHELLFISH,0.3333,MEDIUM
030355,070240,FROZEN FISH AND SHELLFISH,0.3333,MEDIUM
030357,070110,CANNED FISH AND SEAFOOD,0.3333,MEDIUM
030357,070230,FRESH FISH AND SHELLFISH,0.3333,MEDIUM
030357,070240,FROZEN FISH AND SHELLFISH,0.3333,MEDIUM
030359,070110,CANNED FISH AND SEAFOOD,0.3333,MEDIUM-LOW
030359,070230,FRESH FISH AND SHELLFISH,0.3333,MEDIUM-LOW
030359,070240,FROZEN FISH AND SHELLFISH,0.3333,MEDIUM-LOW
030363,070110,CANNED FISH AND SEAFOOD,0.3333,MEDIUM
030363,070230,FRESH FISH AND SHELLFISH,0.3333,MEDIUM
030363,070240,FROZEN FISH AND SHELLFISH,0.3333,MEDIUM
030364,070110,CANNED FISH AND SEAFOOD,0.3333,MEDIUM
030364,070230,FRESH FISH AND SHELLFISH,0.3333,MEDIUM
030364,070240,FROZEN FISH AND SHELLFISH,0.3333,MEDIUM
030365,070110,CANNED FISH AND SEAFOOD,0.3333,MEDIUM
030365,070230,FRESH FISH AND SHELLFISH,0.3333,MEDIUM
030365,070240,FROZEN FISH AND SHELLFISH,0.3333,MEDIUM
030367,070110,CANNED FISH AND SEAFOOD,0.2676,MEDIUM
030367,070230,FRESH FISH AND SHELLFISH,0.2676,MEDIUM
030367,070240,FROZEN FISH AND SHELLFISH,0.2676,MEDIUM
030367,050410,LAMB AND ORGAN MEATS,0.1972,MEDIUM
030369,070110,CANNED FISH AND SEAFOOD,0.3333,MEDIUM-LOW
030369,070230,FRESH FISH AND SHELLFISH,0.3333,MEDIUM-LOW
030369,070240,FROZEN FISH AND SHELLFISH,0.3333,MEDIUM-LOW
030382,050410,LAMB AND ORGAN MEATS,0.2706,MEDIUM
030382,070110,CANNED FISH AND SEAFOOD,0.2431,MEDIUM-LOW
030382,070230,FRESH FISH AND SHELLFISH,0.2431,MEDIUM-LOW
030382,070240,FROZEN FISH AND SHELLFISH,0.2431,MEDIUM-LOW
030383,070110,CANNED FISH AND SEAFOOD,0.3333,MEDIUM-LOW
030383,070230,FRESH FISH AND SHELLFISH,0.3333,MEDIUM-LOW
030383,070240,FROZEN FISH AND SHELLFISH,0.3333,MEDIUM-LOW
030384,070110,CANNED FISH AND SEAFOOD,0.3516,MEDIUM-HIGH
030384,070230,FRESH FISH AND SHELLFISH,0.3242,MEDIUM
030384,070240,FROZEN FISH AND SHELLFISH,0.3242,MEDIUM
030389,070110,CANNED FISH AND SEAFOOD,0.2593,MEDIUM
030389,070230,FRESH FISH AND SHELLFISH,0.2593,MEDIUM
030389,070240,FROZEN FISH AND SHELLFISH,0.2593,MEDIUM
030389,050410,LAMB AND ORGAN MEATS,0.222,MEDIUM
030390,070110,CANNED FISH AND SEAFOOD,0.3333,MEDIUM-HIGH
030390,070230,FRESH FISH AND SHELLFISH,0.3333,MEDIUM-HIGH
030390,070240,FROZEN FISH AND SHELLFISH,0.3333,MEDIUM-HIGH
030391,070110,CANNED FISH AND SEAFOOD,0.3333,MEDIUM-HIGH
030391,070230,FRESH FISH AND SHELLFISH,0.3333,MEDIUM-HIGH
030391,070240,FROZEN FISH AND SHELLFISH,0.3333,MEDIUM-HIGH
030392,070110,CANNED FISH AND SEAFOOD,0.3333,MEDIUM-HIGH
030392,070230,FRESH FISH AND SHELLFISH,0.3333,MEDIUM-HIGH
030392,070240,FROZEN FISH AND SHELLFISH,0.3333,MEDIUM-HIGH
030399,050410,LAMB AND ORGAN MEATS,0.3358,HIGH
030399,070110,CANNED FISH AND SEAFOOD,0.2214,MEDIUM
030399,070230,FRESH FISH AND SHELLFISH,0.2214,MEDIUM
030399,070240,FROZEN FISH AND SHELLFISH,0.2214,MEDIUM
030431,070110,CANNED FISH AND SEAFOOD,0.3333,MEDIUM-HIGH
030431,070230,FRESH FISH AND SHELLFISH,0.3333,MEDIUM-HIGH
030431,070240,FROZEN FISH AND SHELLFISH,0.3333,MEDIUM-HIGH
030432,070110,CANNED FISH AND SEAFOOD,0.2746,MEDIUM-HIGH
030432,070230,FRESH FISH AND SHELLFISH,0.2746,MEDIUM-HIGH
030432,070240,FROZEN FISH AND SHELLFISH,0.2746,MEDIUM-HIGH
030432,050410,LAMB AND ORGAN MEATS,0.1762,MEDIUM
030433,070110,CANNED FISH AND SEAFOOD,0.3333,MEDIUM-HIGH
030433,070230,FRESH FISH AND SHELLFISH,0.3333,MEDIUM-HIGH
030433,070240,FROZEN FISH AND SHELLFISH,0.3333,MEDIUM-HIGH
030439,070110,CANNED FISH AND SEAFOOD,0.3333,MEDIUM-HIGH
030439,070230,FRESH FISH AND SHELLFISH,0.3333,MEDIUM-HIGH
030439,070240,FROZEN FISH AND SHELLFISH,0.3333,MEDIUM-HIGH
030441,070110,CANNED FISH AND SEAFOOD,0.3333,MEDIUM
030441,070230,FRESH FISH AND SHELLFISH,0.3333,MEDIUM
030441,070240,FROZEN FISH AND SHELLFISH,0.3333,MEDIUM
030442,070110,CANNED FISH AND SEAFOOD,0.3333,MEDIUM-HIGH
030442,070230,FRESH FISH AND SHELLFISH,0.3333,MEDIUM-HIGH
030442,070240,FROZEN FISH AND SHELLFISH,0.3333,MEDIUM-HIGH
030443,070110,CANNED FISH AND SEAFOOD,0.3333,MEDIUM
030443,070230,FRESH FISH AND SHELLFISH,0.3333,MEDIUM
030443,070240,FROZEN FISH AND SHELLFISH,0.3333,MEDIUM
030444,070110,CANNED FISH AND SEAFOOD,0.3333,MEDIUM-HIGH
030444,070230,FRESH FISH AND SHELLFISH,0.3333,MEDIUM-HIGH
030444,070240,FROZEN FISH AND SHELLFISH,0.3333,MEDIUM-HIGH
030445,070110,CANNED FISH AND SEAFOOD,0.3333,MEDIUM
030445,070230,FRESH FISH AND SHELLFISH,0.3333,MEDIUM
030445,070240,FROZEN FISH AND SHELLFISH,0.3333,MEDIUM
030447,070110,CANNED FISH AND SEAFOOD,0.3333,MEDIUM-HIGH
030447,070230,FRESH FISH AND SHELLFISH,0.3333,MEDIUM-HIGH
030447,070240,FROZEN FISH AND SHELLFISH,0.3333,MEDIUM-HIGH
030449,070110,CANNED FISH AND SEAFOOD,0.3333,MEDIUM
030449,070230,FRESH FISH AND SHELLFISH,0.3333,MEDIUM
030449,070240,FROZEN FISH AND SHELLFISH,0.3333,MEDIUM
030451,050410,LAMB AND ORGAN MEATS,0.3143,MEDIUM
030451,070110,CANNED FISH AND SEAFOOD,0.2286,MEDIUM-HIGH
030451,070230,FRESH FISH AND SHELLFISH,0.2286,MEDIUM-HIGH
030451,070240,FROZEN FISH AND SHELLFISH,0.2286,MEDIUM-HIGH
030452,050410,LAMB AND ORGAN MEATS,0.3991,MEDIUM
030452,070110,CANNED FISH AND SEAFOOD,0.2003,MEDIUM
030452,070230,FRESH FISH AND SHELLFISH,0.2003,MEDIUM
030452,070240,FROZEN FISH AND SHELLFISH,0.2003,MEDIUM
030453,050410,LAMB AND ORGAN MEATS,0.3074,MEDIUM
030453,070110,CANNED FISH AND SEAFOOD,0.2309,MEDIUM-LOW
030453,070230,FRESH FISH AND SHELLFISH,0.2309,MEDIUM-LOW
030453,070240,FROZEN FISH AND SHELLFISH,0.2309,MEDIUM-LOW
030454,070110,CANNED FISH AND SEAFOOD,0.3333,MEDIUM
030454,070230,FRESH FISH AND SHELLFISH,0.3333,MEDIUM
030454,070240,FROZEN FISH AND SHELLFISH,0.3333,MEDIUM
030459,050410,LAMB AND ORGAN MEATS,0.3893,MEDIUM
030459,070110,CANNED FISH AND SEAFOOD,0.2036,MEDIUM
030459,070230,FRESH FISH AND SHELLFISH,0.2036,MEDIUM
030459,070240,FROZEN FISH AND SHELLFISH,0.2036,MEDIUM
030461,070110,CANNED FISH AND SEAFOOD,0.3333,MEDIUM-HIGH
030461,070230,FRESH FISH AND SHELLFISH,0.3333,MEDIUM-HIGH
030461,070240,FROZEN FISH AND SHELLFISH,0.3333,MEDIUM-HIGH
030462,070110,CANNED FISH AND SEAFOOD,0.3333,MEDIUM-HIGH
030462,070230,FRESH FISH AND SHELLFISH,0.3333,MEDIUM-HIGH
030462,070240,FROZEN FISH AND SHELLFISH,0.3333,MEDIUM-HIGH
030463,070110,CANNED FISH AND SEAFOOD,0.3333,MEDIUM-HIGH
030463,070230,FRESH FISH AND SHELLFISH,0.3333,MEDIUM-HIGH
030463,070240,FROZEN FISH AND SHELLFISH,0.3333,MEDIUM-HIGH
030469,070110,CANNED FISH AND SEAFOOD,0.3333,MEDIUM-HIGH
030469,070230,FRESH FISH AND SHELLFISH,0.3333,MEDIUM-HIGH
030469,070240,FROZEN FISH AND SHELLFISH,0.3333,MEDIUM-HIGH
030471,070110,CANNED FISH AND SEAFOOD,0.3333,MEDIUM
030471,070230,FRESH FISH AND SHELLFISH,0.3333,MEDIUM
030471,070240,FROZEN FISH AND SHELLFISH,0.3333,MEDIUM
030472,070110,CANNED FISH AND SEAFOOD,0.3333,MEDIUM-HIGH
030472,070230,FRESH FISH AND SHELLFISH,0.3333,MEDIUM-HIGH
030472,070240,FROZEN FISH AND SHELLFISH,0.3333,MEDIUM-HIGH
030473,070110,CANNED FISH AND SEAFOOD,0.3333,MEDIUM-HIGH
030473,070230,FRESH FISH AND SHELLFISH,0.3333,MEDIUM-HIGH
030473,070240,FROZEN FISH AND SHELLFISH,0.3333,MEDIUM-HIGH
030475,070110,CANNED FISH AND SEAFOOD,0.3333,MEDIUM
030475,070230,FRESH FISH AND SHELLFISH,0.3333,MEDIUM
030475,070240,FROZEN FISH AND SHELLFISH,0.3333,MEDIUM
030479,070110,CANNED FISH AND SEAFOOD,0.3333,MEDIUM-LOW
030479,070230,FRESH FISH AND SHELLFISH,0.3333,MEDIUM-LOW
030479,070240,FROZEN FISH AND SHELLFISH,0.3333,MEDIUM-LOW
030481,070110,CANNED FISH AND SEAFOOD,0.3333,MEDIUM-HIGH
030481,070230,FRESH FISH AND SHELLFISH,0.3333,MEDIUM-HIGH
030481,070240,FROZEN FISH AND SHELLFISH,0.3333,MEDIUM-HIGH
030482,070110,CANNED FISH AND SEAFOOD,0.3333,MEDIUM-HIGH
030482,070230,FRESH FISH AND SHELLFISH,0.3333,MEDIUM-HIGH
030482,070240,FROZEN FISH AND SHELLFISH,0.3333,MEDIUM-HIGH
030483,070110,CANNED FISH AND SEAFOOD,0.3333,MEDIUM
030483,070230,FRESH FISH AND SHELLFISH,0.3333,MEDIUM
030483,070240,FROZEN FISH AND SHELLFISH,0.3333,MEDIUM
030484,070110,CANNED FISH AND SEAFOOD,0.3333,MEDIUM-HIGH
030484,070230,FRESH FISH AND SHELLFISH,0.3333,MEDIUM-HIGH
030484,070240,FROZEN FISH AND SHELLFISH,0.3333,MEDIUM-HIGH
030486,070110,CANNED FISH AND SEAFOOD,0.3333,MEDIUM-HIGH
030486,070230,FRESH FISH AND SHELLFISH,0.3333,MEDIUM-HIGH
030486,070240,FROZEN FISH AND SHELLFISH,0.3333,MEDIUM-HIGH
030487,070110,CANNED FISH AND SEAFOOD,0.3333,MEDIUM
030487,070230,FRESH FISH AND SHELLFISH,0.3333,MEDIUM
030487,070240,FROZEN FISH AND SHELLFISH,0.3333,MEDIUM
030489,110310,ORANGES,0.2557,HIGH
030489,070110,CANNED FISH AND SEAFOOD,0.1667,MEDIUM
030489,070230,FRESH FISH AND SHELLFISH,0.1667,MEDIUM
030489,070240,FROZEN FISH AND SHELLFISH,0.1667,MEDIUM
030489,110510,"CITRUS FRUITS, EXCLUDING ORANGES",0.1283,MEDIUM
030489,130110,FROZEN ORANGE JUICE,0.1161,MEDIUM-LOW
030491,070110,CANNED FISH AND SEAFOOD,0.2714,MEDIUM-HIGH
030491,070230,FRESH FISH AND SHELLFISH,0.2714,MEDIUM-HIGH
030491,070240,FROZEN FISH AND SHELLFISH,0.2714,MEDIUM-HIGH
030491,050410,LAMB AND ORGAN MEATS,0.1858,MEDIUM
030492,050410,LAMB AND ORGAN MEATS,1.0,MEDIUM
030493,070110,CANNED FISH AND SEAFOOD,0.3169,MEDIUM-HIGH
030493,070230,FRESH FISH AND SHELLFISH,0.262,MEDIUM-HIGH
030493,070240,FROZEN FISH AND SHELLFISH,0.262,MEDIUM-HIGH
030493,050410,LAMB AND ORGAN MEATS,0.1591,MEDIUM-LOW
030494,070110,CANNED FISH AND SEAFOOD,0.3094,MEDIUM-HIGH
030494,070230,FRESH FISH AND SHELLFISH,0.2516,MEDIUM-HIGH
030494,070240,FROZEN FISH AND SHELLFISH,0.2516,MEDIUM-HIGH
030494,050410,LAMB AND ORGAN MEATS,0.1874,MEDIUM
030495,070110,CANNED FISH AND SEAFOOD,0.2737,MEDIUM-LOW
030495,070230,FRESH FISH AND SHELLFISH,0.2565,MEDIUM
030495,070240,FROZEN FISH AND SHELLFISH,0.2565,MEDIUM
030495,050410,LAMB AND ORGAN MEATS,0.2132,MEDIUM
030499,050410,LAMB AND ORGAN MEATS,0.3022,MEDIUM
030499,070110,CANNED FISH AND SEAFOOD,0.2454,MEDIUM
030499,070230,FRESH FISH AND SHELLFISH,0.2262,MEDIUM
030499,070240,FROZEN FISH AND SHELLFISH,0.2262,MEDIUM
030510,180210,FROZEN MEALS,0.3448,MEDIUM-HIGH
030510,070110,CANNED FISH AND SEAFOOD,0.2184,MEDIUM-LOW
030510,070230,FRESH FISH AND SHELLFISH,0.2184,MEDIUM-LOW
030510,070240,FROZEN FISH AND SHELLFISH,0.2184,MEDIUM-LOW
030520,070110,CANNED FISH AND SEAFOOD,0.3333,MEDIUM
030520,070230,FRESH FISH AND SHELLFISH,0.3333,MEDIUM
030520,070240,FROZEN FISH AND SHELLFISH,0.3333,MEDIUM
030531,070110,CANNED FISH AND SEAFOOD,0.3333,MEDIUM-HIGH
030531,070230,FRESH FISH AND SHELLFISH,0.3333,MEDIUM-HIGH
030531,070240,FROZEN FISH AND SHELLFISH,0.3333,MEDIUM-HIGH
030532,070110,CANNED FISH AND SEAFOOD,0.3333,MEDIUM-LOW
030532,070230,FRESH FISH AND SHELLFISH,0.3333,MEDIUM-LOW
030532,070240,FROZEN FISH AND SHELLFISH,0.3333,MEDIUM-LOW
030539,070110,CANNED FISH AND SEAFOOD,0.3333,MEDIUM
030539,070230,FRESH FISH AND SHELLFISH,0.3333,MEDIUM
030539,070240,FROZEN FISH AND SHELLFISH,0.3333,MEDIUM
030541,070110,CANNED FISH AND SEAFOOD,0.3333,MEDIUM
030541,070230,FRESH FISH AND SHELLFISH,0.3333,MEDIUM
030541,070240,FROZEN FISH AND SHELLFISH,0.3333,MEDIUM
030543,050410,LAMB AND ORGAN MEATS,0.2828,HIGH
030543,070110,CANNED FISH AND SEAFOOD,0.2391,MEDIUM-HIGH
030543,070230,FRESH FISH AND SHELLFISH,0.2391,MEDIUM-HIGH
030543,070240,FROZEN FISH AND SHELLFISH,0.2391,MEDIUM-HIGH
030544,070110,CANNED FISH AND SEAFOOD,0.2531,MEDIUM-HIGH
030544,070230,FRESH FISH AND SHELLFISH,0.2531,MEDIUM-HIGH
030544,070240,FROZEN FISH AND SHELLFISH,0.2531,MEDIUM-HIGH
030544,050410,LAMB AND ORGAN MEATS,0.2408,MEDIUM-HIGH
030549,050410,LAMB AND ORGAN MEATS,0.281,HIGH
030549,070110,CANNED FISH AND SEAFOOD,0.2397,MEDIUM
030549,070230,FRESH FISH AND SHELLFISH,0.2397,MEDIUM
030549,070240,FROZEN FISH AND SHELLFISH,0.2397,MEDIUM
030551,070110,CANNED FISH AND SEAFOOD,0.3333,MEDIUM
030551,070230,FRESH FISH AND SHELLFISH,0.3333,MEDIUM
030551,070240,FROZEN FISH AND SHELLFISH,0.3333,MEDIUM
030552,070110,CANNED FISH AND SEAFOOD,0.3333,MEDIUM-HIGH
030552,070230,FRESH FISH AND SHELLFISH,0.3333,MEDIUM-HIGH
030552,070240,FROZEN FISH AND SHELLFISH,0.3333,MEDIUM-HIGH
030553,070110,CANNED FISH AND SEAFOOD,0.3333,MEDIUM
030553,070230,FRESH FISH AND SHELLFISH,0.3333,MEDIUM
030553,070240,FROZEN FISH AND SHELLFISH,0.3333,MEDIUM
030554,070110,CANNED FISH AND SEAFOOD,0.3333,MEDIUM
030554,070230,FRESH FISH AND SHELLFISH,0.3333,MEDIUM
030554,070240,FROZEN FISH AND SHELLFISH,0.3333,MEDIUM
030559,070110,CANNED FISH AND SEAFOOD,0.3333,MEDIUM
030559,070230,FRESH FISH AND SHELLFISH,0.3333,MEDIUM
030559,070240,FROZEN FISH AND SHELLFISH,0.3333,MEDIUM
030561,070110,CANNED FISH AND SEAFOOD,0.3333,MEDIUM
030561,070230,FRESH FISH AND SHELLFISH,0.3333,MEDIUM
030561,070240,FROZEN FISH AND SHELLFISH,0.3333,MEDIUM
030562,070110,CANNED FISH AND SEAFOOD,0.3333,MEDIUM
030562,070230,FRESH FISH AND SHELLFISH,0.3333,MEDIUM
030562,070240,FROZEN FISH AND SHELLFISH,0.3333,MEDIUM
030564,070110,CANNED FISH AND SEAFOOD,0.2561,MEDIUM-HIGH
030564,070230,FRESH FISH AND SHELLFISH,0.2561,MEDIUM-HIGH
030564,070240,FROZEN FISH AND SHELLFISH,0.2561,MEDIUM-HIGH
030564,050410,LAMB AND ORGAN MEATS,0.2316,MEDIUM-HIGH
030569,050410,LAMB AND ORGAN MEATS,0.2637,HIGH
030569,070110,CANNED FISH AND SEAFOOD,0.2454,MEDIUM
030569,070230,FRESH FISH AND SHELLFISH,0.2454,MEDIUM
030569,070240,FROZEN FISH AND SHELLFISH,0.2454,MEDIUM
030571,070110,CANNED FISH AND SEAFOOD,0.3333,MEDIUM-HIGH
030571,070230,FRESH FISH AND SHELLFISH,0.3333,MEDIUM-HIGH
030571,070240,FROZEN FISH AND SHELLFISH,0.3333,MEDIUM-HIGH
030572,070110,CANNED FISH AND SEAFOOD,0.3333,MEDIUM
030572,070230,FRESH FISH AND SHELLFISH,0.3333,MEDIUM
030572,070240,FROZEN FISH AND SHELLFISH,0.3333,MEDIUM
030579,050410,LAMB AND ORGAN MEATS,0.256,MEDIUM-HIGH
030579,070110,CANNED FISH AND SEAFOOD,0.248,MEDIUM-HIGH
030579,070230,FRESH FISH AND SHELLFISH,0.248,MEDIUM-HIGH
030579,070240,FROZEN FISH AND SHELLFISH,0.248,MEDIUM-HIGH
030611,070110,CANNED FISH AND SEAFOOD,1.0,MEDIUM
030612,070110,CANNED FISH AND SEAFOOD,1.0,MEDIUM
030614,070110,CANNED FISH AND SEAFOOD,1.0,MEDIUM-HIGH
030615,070110,CANNED FISH AND SEAFOOD,1.0,MEDIUM-HIGH
030616,070110,CANNED FISH AND SEAFOOD,1.0,MEDIUM
030617,070110,CANNED FISH AND SEAFOOD,1.0,MEDIUM
030619,180210,FROZEN MEALS,0.5454,MEDIUM-HIGH
030619,070110,CANNED FISH AND SEAFOOD,0.4546,MEDIUM
030621,070110,CANNED FISH AND SEAFOOD,1.0,MEDIUM-HIGH
030622,070110,CANNED FISH AND SEAFOOD,1.0,MEDIUM-HIGH
030624,070110,CANNED FISH AND SEAFOOD,1.0,MEDIUM-HIGH
030625,070110,CANNED FISH AND SEAFOOD,1.0,MEDIUM-HIGH
030626,070110,CANNED FISH AND SEAFOOD,1.0,MEDIUM
030627,070110,CANNED FISH AND SEAFOOD,1.0,MEDIUM-HIGH
030629,180210,FROZEN MEALS,0.5714,HIGH
030629,070110,CANNED FISH AND SEAFOOD,0.4286,MEDIUM
030631,070110,CANNED FISH AND SEAFOOD,1.0,MEDIUM-HIGH
030632,070110,CANNED FISH AND SEAFOOD,1.0,MEDIUM-HIGH
030633,070110,CANNED FISH AND SEAFOOD,1.0,MEDIUM-HIGH
030634,070110,CANNED FISH AND SEAFOOD,1.0,MEDIUM
030635,070110,CANNED FISH AND SEAFOOD,1.0,MEDIUM
030636,070110,CANNED FISH AND SEAFOOD,1.0,MEDIUM-HIGH
030639,180210,FROZEN MEALS,0.5722,MEDIUM-HIGH
030639,070110,CANNED FISH AND SEAFOOD,0.4278,MEDIUM
030691,070110,CANNED FISH AND SEAFOOD,1.0,MEDIUM-HIGH
030692,070110,CANNED FISH AND SEAFOOD,1.0,MEDIUM-HIGH
030693,070110,CANNED FISH AND SEAFOOD,1.0,MEDIUM-HIGH
030695,070110,CANNED FISH AND SEAFOOD,1.0,MEDIUM-HIGH
030699,180210,FROZEN MEALS,0.5714,HIGH
030699,070110,CANNED FISH AND SEAFOOD,0.4286,MEDIUM
030711,070110,CANNED FISH AND SEAFOOD,1.0,MEDIUM-HIGH
030712,070110,CANNED FISH AND SEAFOOD,1.0,HIGH
030719,070110,CANNED FISH AND SEAFOOD,1.0,MEDIUM-HIGH
030721,070110,CANNED FISH AND SEAFOOD,1.0,MEDIUM
030722,070110,CANNED FISH AND SEAFOOD,1.0,MEDIUM
030729,070110,CANNED FISH AND SEAFOOD,1.0,MEDIUM
030741,070110,CANNED FISH AND SEAFOOD,0.5385,MEDIUM-HIGH
030741,070230,FRESH FISH AND SHELLFISH,0.2308,MEDIUM-LOW
030741,070240,FROZEN FISH AND SHELLFISH,0.2308,MEDIUM-LOW
030742,070110,CANNED FISH AND SEAFOOD,0.5385,MEDIUM-HIGH
030742,070230,FRESH FISH AND SHELLFISH,0.2308,MEDIUM-LOW
030742,070240,FROZEN FISH AND SHELLFISH,0.2308,MEDIUM-LOW
030743,070110,CANNED FISH AND SEAFOOD,0.5715,MEDIUM-HIGH
030743,070230,FRESH FISH AND SHELLFISH,0.2143,MEDIUM-LOW
030743,070240,FROZEN FISH AND SHELLFISH,0.2143,MEDIUM-LOW
030749,070110,CANNED FISH AND SEAFOOD,0.5687,MEDIUM-HIGH
030749,070230,FRESH FISH AND SHELLFISH,0.2157,MEDIUM-LOW
030749,070240,FROZEN FISH AND SHELLFISH,0.2157,MEDIUM-LOW
030751,070110,CANNED FISH AND SEAFOOD,1.0,MEDIUM-HIGH
030752,070110,CANNED FISH AND SEAFOOD,1.0,MEDIUM-HIGH
030759,070110,CANNED FISH AND SEAFOOD,1.0,MEDIUM-HIGH
030771,070110,CANNED FISH AND SEAFOOD,1.0,HIGH
030772,070110,CANNED FISH AND SEAFOOD,0.5327,MEDIUM-HIGH
030772,180210,FROZEN MEALS,0.4673,MEDIUM-HIGH
030779,070110,CANNED FISH AND SEAFOOD,0.531,MEDIUM-HIGH
030779,180210,FROZEN MEALS,0.469,MEDIUM-HIGH
030781,070110,CANNED FISH AND SEAFOOD,1.0,MEDIUM-HIGH
030783,180210,FROZEN MEALS,0.5714,HIGH
030783,070110,CANNED FISH AND SEAFOOD,0.4286,MEDIUM
030787,180210,FROZEN MEALS,0.5722,MEDIUM-HIGH
030787,070110,CANNED FISH AND SEAFOOD,0.4278,MEDIUM
030789,180210,FROZEN MEALS,0.5722,MEDIUM-HIGH
030789,070110,CANNED FISH AND SEAFOOD,0.4278,MEDIUM
030791,070110,CANNED FISH AND SEAFOOD,1.0,MEDIUM-HIGH
030792,180210,FROZEN MEALS,0.647,HIGH
030792,070110,CANNED FISH AND SEAFOOD,0.353,MEDIUM
030799,180210,FROZEN MEALS,1.0,HIGH
030812,180210,FROZEN MEALS,1.0,MEDIUM-HIGH
030819,180210,FROZEN MEALS,1.0,MEDIUM-HIGH
030821,070110,CANNED FISH AND SEAFOOD,1.0,MEDIUM
030822,180210,FROZEN MEALS,1.0,MEDIUM-HIGH
030829,180210,FROZEN MEALS,1.0,MEDIUM-HIGH
030830,180210,FROZEN MEALS,1.0,HIGH
030890,180210,FROZEN MEALS,0.5732,MEDIUM-HIGH
030890,070110,CANNED FISH AND SEAFOOD,0.4268,MEDIUM
040110,090110,"FRESH MILK, ALL TYPES",0.239,HIGH
040110,090210,CREAM,0.239,HIGH
040110,160211,FATS AND OILS,0.239,HIGH
040110,160310,NONDAIRY CREAM AND IMITATION MILK,0.1647,MEDIUM-HIGH
040110,100410,ICE CREAM AND RELATED PRODUCTS,0.1183,MEDIUM
040120,090110,"FRESH MILK, ALL TYPES",0.2407,HIGH
040120,090210,CREAM,0.2407,HIGH
040120,160211,FATS AND OILS,0.2407,HIGH
040120,160310,NONDAIRY CREAM AND IMITATION MILK,0.1607,MEDIUM-HIGH
040120,100410,ICE CREAM AND RELATED PRODUCTS,0.1171,MEDIUM
040140,090110,"FRESH MILK, ALL TYPES",0.2412,HIGH
040140,090210,CREAM,0.2412,HIGH
040140,160211,FATS AND OILS,0.2412,HIGH
040140,160310,NONDAIRY CREAM AND IMITATION MILK,0.1594,MEDIUM-HIGH
040140,100410,ICE CREAM AND RELATED PRODUCTS,0.1168,MEDIUM
040150,090110,"FRESH MILK, ALL TYPES",0.2411,HIGH
040150,090210,CREAM,0.2411,HIGH
040150,160211,FATS AND OILS,0.2411,HIGH
040150,160310,NONDAIRY CREAM AND IMITATION MILK,0.1599,MEDIUM-HIGH
040150,100410,ICE CREAM AND RELATED PRODUCTS,0.1169,MEDIUM
040210,090110,"FRESH MILK, ALL TYPES",0.2424,HIGH
040210,090210,CREAM,0.2424,HIGH
040210,160211,FATS AND OILS,0.2424,HIGH
040210,160310,NONDAIRY CREAM AND IMITATION MILK,0.1568,MEDIUM
040210,100410,ICE CREAM AND RELATED PRODUCTS,0.1161,MEDIUM
040221,090110,"FRESH MILK, ALL TYPES",0.2421,HIGH
040221,090210,CREAM,0.2421,HIGH
040221,160211,FATS AND OILS,0.2421,HIGH
040221,160310,NONDAIRY CREAM AND IMITATION MILK,0.1575,MEDIUM
040221,100410,ICE CREAM AND RELATED PRODUCTS,0.1163,MEDIUM-LOW
040229,090110,"FRESH MILK, ALL TYPES",0.242,HIGH
040229,090210,CREAM,0.242,HIGH
040229,160211,FATS AND OILS,0.242,HIGH
040229,160310,NONDAIRY CREAM AND IMITATION MILK,0.1577,MEDIUM-HIGH
040229,100410,ICE CREAM AND RELATED PRODUCTS,0.1163,MEDIUM
040291,090110,"FRESH MILK, ALL TYPES",0.3156,HIGH
040291,090210,CREAM,0.3156,HIGH
040291,160310,NONDAIRY CREAM AND IMITATION MILK,0.2139,MEDIUM
040291,100410,ICE CREAM AND RELATED PRODUCTS,0.1549,MEDIUM
040299,090110,"FRESH MILK, ALL TYPES",0.4792,HIGH
040299,090210,CREAM,0.2238,HIGH
040299,160310,NONDAIRY CREAM AND IMITATION MILK,0.184,MEDIUM-LOW
040299,100410,ICE CREAM AND RELATED PRODUCTS,0.113,MEDIUM
040310,100510,MISCELLANEOUS DAIRY PRODUCTS,0.2763,HIGH
040310,130320,DRIED FRUIT,0.2271,HIGH
040310,170510,"NONCARBONATED FRUIT FLAVORED DRINKS, INCLUDING",0.1347,MEDIUM
040310,130212,CANNED AND BOTTLED FRUIT JUICE,0.1206,MEDIUM-LOW
040310,130122,FROZEN FRUIT JUICES,0.1206,MEDIUM-LOW
040310,130211,FRESH FRUIT JUICE,0.1206,MEDIUM-LOW
040390,090210,CREAM,0.2549,HIGH
040390,090110,"FRESH MILK, ALL TYPES",0.2408,HIGH
040390,160310,NONDAIRY CREAM AND IMITATION MILK,0.1294,MEDIUM
040390,100410,ICE CREAM AND RELATED PRODUCTS,0.1252,MEDIUM
040390,130320,DRIED FRUIT,0.0795,MEDIUM-HIGH
040390,170510,"NONCARBONATED FRUIT FLAVORED DRINKS, INCLUDING",0.0453,MEDIUM-LOW
040390,130212,CANNED AND BOTTLED FRUIT JUICE,0.0416,MEDIUM-LOW
040390,130122,FROZEN FRUIT JUICES,0.0416,MEDIUM-LOW
040390,130211,FRESH FRUIT JUICE,0.0416,MEDIUM-LOW
040410,100510,MISCELLANEOUS DAIRY PRODUCTS,0.6207,HIGH
040410,150211,SUGAR,0.3793,HIGH
040490,100510,MISCELLANEOUS DAIRY PRODUCTS,0.3934,HIGH
040490,090110,"FRESH MILK, ALL TYPES",0.2877,HIGH
040490,150211,SUGAR,0.1356,HIGH
040490,160310,NONDAIRY CREAM AND IMITATION MILK,0.1246,MEDIUM-LOW
040490,150212,ARTIFICIAL SWEETENERS,0.0588,MEDIUM-LOW
040510,100110,BUTTER,0.5842,HIGH
040510,160320,PEANUT BUTTER,0.4158,HIGH
040520,100510,MISCELLANEOUS DAIRY PRODUCTS,0.5,HIGH
040520,100110,BUTTER,0.3098,HIGH
040520,160320,PEANUT BUTTER,0.1902,MEDIUM
040590,160211,FATS AND OILS,0.4251,HIGH
040590,090110,"FRESH MILK, ALL TYPES",0.4108,HIGH
040590,160310,NONDAIRY CREAM AND IMITATION MILK,0.1641,MEDIUM
040610,100210,CHEESE,0.3924,HIGH
040610,100510,MISCELLANEOUS DAIRY PRODUCTS,0.2792,HIGH
040610,090110,"FRESH MILK, ALL TYPES",0.23,HIGH
040610,160310,NONDAIRY CREAM AND IMITATION MILK,0.0985,MEDIUM-LOW
040620,100210,CHEESE,0.4167,HIGH
040620,090110,"FRESH MILK, ALL TYPES",0.2781,HIGH
040620,160310,NONDAIRY CREAM AND IMITATION MILK,0.1064,MEDIUM-LOW
040620,050410,LAMB AND ORGAN MEATS,0.0994,MEDIUM
040620,050900,"MUTTON, GOAT AND GAME",0.0994,MEDIUM
040630,100210,CHEESE,0.4825,HIGH
040630,090110,"FRESH MILK, ALL TYPES",0.2208,HIGH
040630,050410,LAMB AND ORGAN MEATS,0.1031,MEDIUM
040630,050900,"MUTTON, GOAT AND GAME",0.1031,MEDIUM
040630,160310,NONDAIRY CREAM AND IMITATION MILK,0.0904,MEDIUM-LOW
040640,100210,CHEESE,1.0,HIGH
040690,100210,CHEESE,0.4111,HIGH
040690,090110,"FRESH MILK, ALL TYPES",0.2075,HIGH
040690,100510,MISCELLANEOUS DAIRY PRODUCTS,0.1186,HIGH
040690,050410,LAMB AND ORGAN MEATS,0.0916,MEDIUM
040690,050900,"MUTTON, GOAT AND GAME",0.0907,MEDIUM
040690,160310,NONDAIRY CREAM AND IMITATION MILK,0.0804,MEDIUM-LOW
040711,080110,EGGS,0.3333,HIGH
040711,060110,FRESH AND FROZEN WHOLE CHICKEN,0.3333,HIGH
040711,060210,FRESH AND FROZEN CHICKEN PARTS,0.3333,HIGH
040719,080110,EGGS,0.3333,HIGH
040719,060110,FRESH AND FROZEN WHOLE CHICKEN,0.3333,HIGH
040719,060210,FRESH AND FROZEN CHICKEN PARTS,0.3333,HIGH
040721,080110,EGGS,0.4546,HIGH
040721,060110,FRESH AND FROZEN WHOLE CHICKEN,0.2727,HIGH
040721,060210,FRESH AND FROZEN CHICKEN PARTS,0.2727,HIGH
040729,080110,EGGS,0.3333,HIGH
040729,060110,FRESH AND FROZEN WHOLE CHICKEN,0.3333,HIGH
040729,060210,FRESH AND FROZEN CHICKEN PARTS,0.3333,HIGH
040790,080110,EGGS,1.0,HIGH
040811,080110,EGGS,1.0,HIGH
040819,080110,EGGS,1.0,HIGH
040891,080110,EGGS,1.0,HIGH
040899,080110,EGGS,1.0,HIGH
040900,020110,WHITE BREAD,0.5,MEDIUM-LOW
040900,020210,"BREAD, OTHER THAN WHITE",0.5,MEDIUM-LOW
050210,040410,OTHER PORK,0.6102,HIGH
050210,040210,PORK CHOPS,0.3898,MEDIUM-HIGH
050400,030110,GROUND BEEF,0.1831,HIGH
050400,030810,OTHER BEEF,0.1831,HIGH
050400,040510,SAUSAGE,0.1749,HIGH
050400,040410,OTHER PORK,0.1508,HIGH
050400,040210,PORK CHOPS,0.0886,MEDIUM
050400,070110,CANNED FISH AND SEAFOOD,0.0731,MEDIUM-LOW
050400,070230,FRESH FISH AND SHELLFISH,0.0731,MEDIUM-LOW
050400,070240,FROZEN FISH AND SHELLFISH,0.0731,MEDIUM-LOW
050800,070110,CANNED FISH AND SEAFOOD,1.0,MEDIUM
051110,030810,OTHER BEEF,0.3768,HIGH
051110,030110,GROUND BEEF,0.3768,HIGH
051110,100510,MISCELLANEOUS DAIRY PRODUCTS,0.2464,HIGH
051191,070110,CANNED FISH AND SEAFOOD,0.3343,HIGH
051191,080110,EGGS,0.3302,HIGH
051191,070230,FRESH FISH AND SHELLFISH,0.1677,MEDIUM-LOW
051191,070240,FROZEN FISH AND SHELLFISH,0.1677,MEDIUM-LOW
051199,030810,OTHER BEEF,0.3526,HIGH
051199,030110,GROUND BEEF,0.3526,HIGH
051199,100510,MISCELLANEOUS DAIRY PRODUCTS,0.2949,HIGH
060110,120110,POTATOES,1.0,HIGH
060120,120110,POTATOES,1.0,HIGH
060220,180320,NUTS,0.3191,HIGH
060220,130320,DRIED FRUIT,0.2624,MEDIUM-HIGH
060220,130212,CANNED AND BOTTLED FRUIT JUICE,0.1395,MEDIUM-LOW
060220,130122,FROZEN FRUIT JUICES,0.1395,MEDIUM-LOW
060220,130211,FRESH FRUIT JUICE,0.1395,MEDIUM-LOW
070110,120110,POTATOES,1.0,HIGH
070190,120110,POTATOES,1.0,HIGH
070200,120310,TOMATOES,0.4314,HIGH
070200,130310,CANNED FRUITS,0.1626,HIGH
070200,110410,OTHER FRESH FRUITS,0.1626,HIGH
070200,130121,FROZEN FRUITS,0.1626,HIGH
070200,110510,"CITRUS FRUITS, EXCLUDING ORANGES",0.0809,MEDIUM
070390,140110,FROZEN VEGETABLES,0.2,HIGH
070390,140230,CANNED MISCELLANEOUS VEGETABLES,0.2,HIGH
070390,140310,DRIED PROCESSED VEGETABLES,0.2,HIGH
070390,140340,DRIED MISCELLANEOUS VEGETABLES,0.2,HIGH
070390,120410,OTHER FRESH VEGETABLES,0.2,HIGH
070410,140110,FROZEN VEGETABLES,0.2,HIGH
070410,140230,CANNED MISCELLANEOUS VEGETABLES,0.2,HIGH
070410,140310,DRIED PROCESSED VEGETABLES,0.2,HIGH
070410,140340,DRIED MISCELLANEOUS VEGETABLES,0.2,HIGH
070410,120410,OTHER FRESH VEGETABLES,0.2,HIGH
070490,140110,FROZEN VEGETABLES,0.2,HIGH
070490,140230,CANNED MISCELLANEOUS VEGETABLES,0.2,HIGH
070490,140310,DRIED PROCESSED VEGETABLES,0.2,HIGH
070490,140340,DRIED MISCELLANEOUS VEGETABLES,0.2,HIGH
070490,120410,OTHER FRESH VEGETABLES,0.2,HIGH
070511,120210,LETTUCE,1.0,HIGH
070519,120210,LETTUCE,0.6462,HIGH
070519,160212,SALAD DRESSINGS,0.1769,MEDIUM-LOW
070519,010120,PREPARED FLOUR MIXES,0.1769,MEDIUM-LOW
070690,160212,SALAD DRESSINGS,1.0,MEDIUM-LOW
070810,140110,FROZEN VEGETABLES,0.1667,HIGH
070810,140230,CANNED MISCELLANEOUS VEGETABLES,0.1667,HIGH
070810,140310,DRIED PROCESSED VEGETABLES,0.1667,HIGH
070810,140320,DRIED PEAS,0.1667,HIGH
070810,140340,DRIED MISCELLANEOUS VEGETABLES,0.1667,HIGH
070810,120410,OTHER FRESH VEGETABLES,0.1667,HIGH
070820,140330,DRIED BEANS,0.25,HIGH
070820,140210,CANNED BEANS,0.25,HIGH
070820,140110,FROZEN VEGETABLES,0.0833,HIGH
070820,140230,CANNED MISCELLANEOUS VEGETABLES,0.0833,HIGH
070820,140310,DRIED PROCESSED VEGETABLES,0.0833,HIGH
070820,140320,DRIED PEAS,0.0833,HIGH
070820,140340,DRIED MISCELLANEOUS VEGETABLES,0.0833,HIGH
070820,120410,OTHER FRESH VEGETABLES,0.0833,HIGH
070890,140110,FROZEN VEGETABLES,0.1296,HIGH
070890,140230,CANNED MISCELLANEOUS VEGETABLES,0.1296,HIGH
070890,140310,DRIED PROCESSED VEGETABLES,0.1296,HIGH
070890,140320,DRIED PEAS,0.1296,HIGH
070890,140340,DRIED MISCELLANEOUS VEGETABLES,0.1296,HIGH
070890,120410,OTHER FRESH VEGETABLES,0.1296,HIGH
070890,140210,CANNED BEANS,0.1111,HIGH
070890,140330,DRIED BEANS,0.1111,HIGH
070920,140110,FROZEN VEGETABLES,0.172,HIGH
070920,140230,CANNED MISCELLANEOUS VEGETABLES,0.172,HIGH
070920,140310,DRIED PROCESSED VEGETABLES,0.172,HIGH
070920,140340,DRIED MISCELLANEOUS VEGETABLES,0.172,HIGH
070920,120410,OTHER FRESH VEGETABLES,0.172,HIGH
070920,020110,WHITE BREAD,0.07,MEDIUM-LOW
070920,020210,"BREAD, OTHER THAN WHITE",0.07,MEDIUM-LOW
070940,140110,FROZEN VEGETABLES,0.2,HIGH
070940,140230,CANNED MISCELLANEOUS VEGETABLES,0.2,HIGH
070940,140310,DRIED PROCESSED VEGETABLES,0.2,HIGH
070940,140340,DRIED MISCELLANEOUS VEGETABLES,0.2,HIGH
070940,120410,OTHER FRESH VEGETABLES,0.2,HIGH
070960,130310,CANNED FRUITS,0.3333,MEDIUM-HIGH
070960,130121,FROZEN FRUITS,0.3333,MEDIUM-HIGH
070960,110410,OTHER FRESH FRUITS,0.3333,MEDIUM-HIGH
070970,140110,FROZEN VEGETABLES,0.2,HIGH
070970,140230,CANNED MISCELLANEOUS VEGETABLES,0.2,HIGH
070970,140310,DRIED PROCESSED VEGETABLES,0.2,HIGH
070970,140340,DRIED MISCELLANEOUS VEGETABLES,0.2,HIGH
070970,120410,OTHER FRESH VEGETABLES,0.2,HIGH
070992,180420,"OLIVES, PICKLES, RELISHES",1.0,MEDIUM
070993,140110,FROZEN VEGETABLES,0.2,HIGH
070993,140230,CANNED MISCELLANEOUS VEGETABLES,0.2,HIGH
070993,140310,DRIED PROCESSED VEGETABLES,0.2,HIGH
070993,140340,DRIED MISCELLANEOUS VEGETABLES,0.2,HIGH
070993,120410,OTHER FRESH VEGETABLES,0.2,HIGH
070999,140220,CANNED CORN,0.5,HIGH
070999,140110,FROZEN VEGETABLES,0.1,HIGH
070999,140230,CANNED MISCELLANEOUS VEGETABLES,0.1,HIGH
070999,140310,DRIED PROCESSED VEGETABLES,0.1,HIGH
070999,140340,DRIED MISCELLANEOUS VEGETABLES,0.1,HIGH
070999,120410,OTHER FRESH VEGETABLES,0.1,HIGH
071010,120110,POTATOES,1.0,HIGH
071021,140110,FROZEN VEGETABLES,0.1667,HIGH
071021,140230,CANNED MISCELLANEOUS VEGETABLES,0.1667,HIGH
071021,140310,DRIED PROCESSED VEGETABLES,0.1667,HIGH
071021,140320,DRIED PEAS,0.1667,HIGH
071021,140340,DRIED MISCELLANEOUS VEGETABLES,0.1667,HIGH
071021,120410,OTHER FRESH VEGETABLES,0.1667,HIGH
071022,140330,DRIED BEANS,0.25,MEDIUM-HIGH
071022,140210,CANNED BEANS,0.25,MEDIUM-HIGH
071022,140110,FROZEN VEGETABLES,0.0833,HIGH
071022,140230,CANNED MISCELLANEOUS VEGETABLES,0.0833,HIGH
071022,140310,DRIED PROCESSED VEGETABLES,0.0833,HIGH
071022,140320,DRIED PEAS,0.0833,HIGH
071022,140340,DRIED MISCELLANEOUS VEGETABLES,0.0833,HIGH
071022,120410,OTHER FRESH VEGETABLES,0.0833,HIGH
071029,140320,DRIED PEAS,0.1346,HIGH
071029,140110,FROZEN VEGETABLES,0.1239,HIGH
071029,140230,CANNED MISCELLANEOUS VEGETABLES,0.1239,HIGH
071029,140310,DRIED PROCESSED VEGETABLES,0.1239,HIGH
071029,140340,DRIED MISCELLANEOUS VEGETABLES,0.1239,HIGH
071029,120410,OTHER FRESH VEGETABLES,0.1239,HIGH
071029,140210,CANNED BEANS,0.123,HIGH
071029,140330,DRIED BEANS,0.123,HIGH
071030,140110,FROZEN VEGETABLES,0.2,HIGH
071030,140230,CANNED MISCELLANEOUS VEGETABLES,0.2,HIGH
071030,140310,DRIED PROCESSED VEGETABLES,0.2,HIGH
071030,140340,DRIED MISCELLANEOUS VEGETABLES,0.2,HIGH
071030,120410,OTHER FRESH VEGETABLES,0.2,HIGH
071040,140220,CANNED CORN,1.0,HIGH
071080,120310,TOMATOES,0.5,HIGH
071080,140110,FROZEN VEGETABLES,0.1,HIGH
071080,140230,CANNED MISCELLANEOUS VEGETABLES,0.1,HIGH
071080,140310,DRIED PROCESSED VEGETABLES,0.1,HIGH
071080,140340,DRIED MISCELLANEOUS VEGETABLES,0.1,HIGH
071080,120410,OTHER FRESH VEGETABLES,0.1,HIGH
071090,140410,FROZEN VEGETABLE JUICES,0.25,MEDIUM-LOW
071090,140420,FRESH AND CANNED VEGETABLE JUICES,0.25,MEDIUM-LOW
071090,140110,FROZEN VEGETABLES,0.1,HIGH
071090,140230,CANNED MISCELLANEOUS VEGETABLES,0.1,HIGH
071090,140310,DRIED PROCESSED VEGETABLES,0.1,HIGH
071090,140340,DRIED MISCELLANEOUS VEGETABLES,0.1,HIGH
071090,120410,OTHER FRESH VEGETABLES,0.1,HIGH
071120,180420,"OLIVES, PICKLES, RELISHES",1.0,MEDIUM
071190,140110,FROZEN VEGETABLES,0.1342,MEDIUM-HIGH
071190,140230,CANNED MISCELLANEOUS VEGETABLES,0.1342,MEDIUM-HIGH
071190,140310,DRIED PROCESSED VEGETABLES,0.1342,MEDIUM-HIGH
071190,140340,DRIED MISCELLANEOUS VEGETABLES,0.1342,MEDIUM-HIGH
071190,120410,OTHER FRESH VEGETABLES,0.1342,MEDIUM-HIGH
071190,140210,CANNED BEANS,0.1097,HIGH
071190,140320,DRIED PEAS,0.1097,HIGH
071190,140330,DRIED BEANS,0.1097,HIGH
071220,010110,FLOUR,0.6122,HIGH
071220,010120,PREPARED FLOUR MIXES,0.3878,MEDIUM-HIGH
071233,150310,"JAMS, PRESERVES, OTHER SWEETS",1.0,MEDIUM
071290,180420,"OLIVES, PICKLES, RELISHES",0.1667,MEDIUM
071290,120110,POTATOES,0.1667,HIGH
071290,120310,TOMATOES,0.1667,HIGH
071290,140220,CANNED CORN,0.1667,HIGH
071290,010110,FLOUR,0.102,HIGH
071290,010120,PREPARED FLOUR MIXES,0.0646,MEDIUM-HIGH
071290,140110,FROZEN VEGETABLES,0.0333,HIGH
071290,140230,CANNED MISCELLANEOUS VEGETABLES,0.0333,HIGH
071290,140310,DRIED PROCESSED VEGETABLES,0.0333,HIGH
071290,140340,DRIED MISCELLANEOUS VEGETABLES,0.0333,HIGH
071290,120410,OTHER FRESH VEGETABLES,0.0333,HIGH
071310,140110,FROZEN VEGETABLES,0.1667,HIGH
071310,140230,CANNED MISCELLANEOUS VEGETABLES,0.1667,HIGH
071310,140310,DRIED PROCESSED VEGETABLES,0.1667,HIGH
071310,140320,DRIED PEAS,0.1667,HIGH
071310,140340,DRIED MISCELLANEOUS VEGETABLES,0.1667,HIGH
071310,120410,OTHER FRESH VEGETABLES,0.1667,HIGH
071331,140330,DRIED BEANS,0.5,MEDIUM-HIGH
071331,140210,CANNED BEANS,0.5,MEDIUM-HIGH
071332,140330,DRIED BEANS,0.5,MEDIUM-HIGH
071332,140210,CANNED BEANS,0.5,MEDIUM-HIGH
071333,140330,DRIED BEANS,0.3677,MEDIUM-HIGH
071333,140210,CANNED BEANS,0.3677,MEDIUM-HIGH
071333,020210,"BREAD, OTHER THAN WHITE",0.1323,MEDIUM-LOW
071333,020110,WHITE BREAD,0.1323,MEDIUM-LOW
071334,140330,DRIED BEANS,0.5,HIGH
071334,140210,CANNED BEANS,0.5,HIGH
071339,140210,CANNED BEANS,0.1906,HIGH
071339,140330,DRIED BEANS,0.1906,HIGH
071339,180620,BABY FOOD,0.1476,MEDIUM-HIGH
071339,020110,WHITE BREAD,0.0774,MEDIUM-LOW
071339,020210,"BREAD, OTHER THAN WHITE",0.0774,MEDIUM-LOW
071339,140110,FROZEN VEGETABLES,0.0633,HIGH
071339,140230,CANNED MISCELLANEOUS VEGETABLES,0.0633,HIGH
071339,140310,DRIED PROCESSED VEGETABLES,0.0633,HIGH
071339,140340,DRIED MISCELLANEOUS VEGETABLES,0.0633,HIGH
071339,120410,OTHER FRESH VEGETABLES,0.0633,HIGH
071350,140210,CANNED BEANS,0.2368,HIGH
071350,140330,DRIED BEANS,0.2368,HIGH
071350,140110,FROZEN VEGETABLES,0.1053,HIGH
071350,140230,CANNED MISCELLANEOUS VEGETABLES,0.1053,HIGH
071350,140310,DRIED PROCESSED VEGETABLES,0.1053,HIGH
071350,140340,DRIED MISCELLANEOUS VEGETABLES,0.1053,HIGH
071350,120410,OTHER FRESH VEGETABLES,0.1053,HIGH
071360,140110,FROZEN VEGETABLES,0.1667,HIGH
071360,140230,CANNED MISCELLANEOUS VEGETABLES,0.1667,HIGH
071360,140310,DRIED PROCESSED VEGETABLES,0.1667,HIGH
071360,140320,DRIED PEAS,0.1667,HIGH
071360,140340,DRIED MISCELLANEOUS VEGETABLES,0.1667,HIGH
071360,120410,OTHER FRESH VEGETABLES,0.1667,HIGH
071390,140210,CANNED BEANS,0.1476,HIGH
071390,140320,DRIED PEAS,0.1476,HIGH
071390,140330,DRIED BEANS,0.1476,HIGH
071390,140410,FROZEN VEGETABLE JUICES,0.0806,MEDIUM
071390,140420,FRESH AND CANNED VEGETABLE JUICES,0.0806,MEDIUM
071390,140110,FROZEN VEGETABLES,0.0792,MEDIUM-HIGH
071390,140230,CANNED MISCELLANEOUS VEGETABLES,0.0792,MEDIUM-HIGH
071390,140310,DRIED PROCESSED VEGETABLES,0.0792,MEDIUM-HIGH
071390,140340,DRIED MISCELLANEOUS VEGETABLES,0.0792,MEDIUM-HIGH
071390,120410,OTHER FRESH VEGETABLES,0.0792,MEDIUM-HIGH
071410,120110,POTATOES,1.0,HIGH
071420,120110,POTATOES,1.0,HIGH
080121,180320,NUTS,1.0,HIGH
080122,180320,NUTS,1.0,HIGH
080131,180320,NUTS,1.0,HIGH
080132,180320,NUTS,1.0,HIGH
080261,180320,NUTS,1.0,HIGH
080262,180320,NUTS,1.0,HIGH
080270,180320,NUTS,0.625,HIGH
080270,170110,COLA,0.375,HIGH
080280,180320,NUTS,0.625,HIGH
080280,170110,COLA,0.375,HIGH
080290,180320,NUTS,1.0,HIGH
080390,110210,BANANAS,1.0,HIGH
080510,110310,ORANGES,0.6338,HIGH
080510,110510,"CITRUS FRUITS, EXCLUDING ORANGES",0.3662,MEDIUM
080520,110310,ORANGES,0.2093,HIGH
080520,110510,"CITRUS FRUITS, EXCLUDING ORANGES",0.2093,HIGH
080520,130310,CANNED FRUITS,0.1938,HIGH
080520,110410,OTHER FRESH FRUITS,0.1938,HIGH
080520,130121,FROZEN FRUITS,0.1938,HIGH
080529,110310,ORANGES,0.2165,HIGH
080529,110510,"CITRUS FRUITS, EXCLUDING ORANGES",0.2165,HIGH
080529,130310,CANNED FRUITS,0.189,HIGH
080529,110410,OTHER FRESH FRUITS,0.189,HIGH
080529,130121,FROZEN FRUITS,0.189,HIGH
080540,130310,CANNED FRUITS,0.2614,HIGH
080540,110410,OTHER FRESH FRUITS,0.2614,HIGH
080540,130121,FROZEN FRUITS,0.2614,HIGH
080540,110510,"CITRUS FRUITS, EXCLUDING ORANGES",0.2157,MEDIUM-HIGH
080550,110310,ORANGES,0.2115,HIGH
080550,110510,"CITRUS FRUITS, EXCLUDING ORANGES",0.2115,HIGH
080550,130310,CANNED FRUITS,0.1923,HIGH
080550,110410,OTHER FRESH FRUITS,0.1923,HIGH
080550,130121,FROZEN FRUITS,0.1923,HIGH
080590,110510,"CITRUS FRUITS, EXCLUDING ORANGES",0.2256,HIGH
080590,130310,CANNED FRUITS,0.1936,HIGH
080590,110310,ORANGES,0.1936,HIGH
080590,110410,OTHER FRESH FRUITS,0.1936,HIGH
080590,130121,FROZEN FRUITS,0.1936,HIGH
080810,110110,APPLES,1.0,HIGH
081030,130310,CANNED FRUITS,0.1545,HIGH
081030,110410,OTHER FRESH FRUITS,0.1545,HIGH
081030,130121,FROZEN FRUITS,0.1545,HIGH
081030,130320,DRIED FRUIT,0.1269,MEDIUM-HIGH
081030,110510,"CITRUS FRUITS, EXCLUDING ORANGES",0.0747,MEDIUM
081030,130212,CANNED AND BOTTLED FRUIT JUICE,0.067,MEDIUM-LOW
081030,020110,WHITE BREAD,0.067,MEDIUM-LOW
081030,020210,"BREAD, OTHER THAN WHITE",0.067,MEDIUM-LOW
081030,130122,FROZEN FRUIT JUICES,0.067,MEDIUM-LOW
081030,130211,FRESH FRUIT JUICE,0.067,MEDIUM-LOW
081040,130310,CANNED FRUITS,0.3333,HIGH
081040,130121,FROZEN FRUITS,0.3333,HIGH
081040,110410,OTHER FRESH FRUITS,0.3333,HIGH
081050,130310,CANNED FRUITS,0.1684,HIGH
081050,110410,OTHER FRESH FRUITS,0.1684,HIGH
081050,130121,FROZEN FRUITS,0.1684,HIGH
081050,130320,DRIED FRUIT,0.1424,HIGH
081050,110510,"CITRUS FRUITS, EXCLUDING ORANGES",0.0935,MEDIUM
081050,130212,CANNED AND BOTTLED FRUIT JUICE,0.0863,MEDIUM
081050,130122,FROZEN FRUIT JUICES,0.0863,MEDIUM
081050,130211,FRESH FRUIT JUICE,0.0863,MEDIUM
081090,130310,CANNED FRUITS,0.2804,HIGH
081090,130121,FROZEN FRUITS,0.2804,HIGH
081090,110410,OTHER FRESH FRUITS,0.2804,HIGH
081090,110510,"CITRUS FRUITS, EXCLUDING ORANGES",0.1589,MEDIUM-HIGH
081110,150211,SUGAR,1.0,HIGH
081120,020110,WHITE BREAD,0.25,MEDIUM-LOW
081120,020210,"BREAD, OTHER THAN WHITE",0.25,MEDIUM-LOW
081120,130310,CANNED FRUITS,0.0895,HIGH
081120,110410,OTHER FRESH FRUITS,0.0895,HIGH
081120,130121,FROZEN FRUITS,0.0895,HIGH
081120,130320,DRIED FRUIT,0.0734,MEDIUM-HIGH
081120,110510,"CITRUS FRUITS, EXCLUDING ORANGES",0.0429,MEDIUM-LOW
081120,130212,CANNED AND BOTTLED FRUIT JUICE,0.0384,MEDIUM-LOW
081120,130122,FROZEN FRUIT JUICES,0.0384,MEDIUM-LOW
081120,130211,FRESH FRUIT JUICE,0.0384,MEDIUM-LOW
081190,110210,BANANAS,0.2195,HIGH
081190,150211,SUGAR,0.2195,HIGH
081190,110110,APPLES,0.1097,HIGH
081190,180320,NUTS,0.078,HIGH
081190,130310,CANNED FRUITS,0.0536,HIGH
081190,110410,OTHER FRESH FRUITS,0.0536,HIGH
081190,130121,FROZEN FRUITS,0.0536,HIGH
081190,130320,DRIED FRUIT,0.0504,HIGH
081190,050410,LAMB AND ORGAN MEATS,0.027,MEDIUM
081190,110510,"CITRUS FRUITS, EXCLUDING ORANGES",0.027,MEDIUM
081190,130212,CANNED AND BOTTLED FRUIT JUICE,0.027,MEDIUM-LOW
081190,150212,ARTIFICIAL SWEETENERS,0.027,MEDIUM-LOW
081190,130122,FROZEN FRUIT JUICES,0.027,MEDIUM-LOW
081190,130211,FRESH FRUIT JUICE,0.027,MEDIUM-LOW
081290,180320,NUTS,0.1711,HIGH
081290,130310,CANNED FRUITS,0.1258,MEDIUM-HIGH
081290,110410,OTHER FRESH FRUITS,0.1258,MEDIUM-HIGH
081290,130121,FROZEN FRUITS,0.1258,MEDIUM-HIGH
081290,130320,DRIED FRUIT,0.1148,MEDIUM-HIGH
081290,110310,ORANGES,0.0768,HIGH
081290,110510,"CITRUS FRUITS, EXCLUDING ORANGES",0.0768,HIGH
081290,130212,CANNED AND BOTTLED FRUIT JUICE,0.061,MEDIUM-LOW
081290,130122,FROZEN FRUIT JUICES,0.061,MEDIUM-LOW
081290,130211,FRESH FRUIT JUICE,0.061,MEDIUM-LOW
081330,110110,APPLES,1.0,HIGH
081340,130320,DRIED FRUIT,0.3665,HIGH
081340,130212,CANNED AND BOTTLED FRUIT JUICE,0.2112,MEDIUM
081340,130122,FROZEN FRUIT JUICES,0.2112,MEDIUM
081340,130211,FRESH FRUIT JUICE,0.2112,MEDIUM
081350,180320,NUTS,0.4288,HIGH
081350,130310,CANNED FRUITS,0.1904,HIGH
081350,130121,FROZEN FRUITS,0.1904,HIGH
081350,110410,OTHER FRESH FRUITS,0.1904,HIGH
081400,110510,"CITRUS FRUITS, EXCLUDING ORANGES",0.1416,HIGH
081400,130310,CANNED FRUITS,0.1411,HIGH
081400,110410,OTHER FRESH FRUITS,0.1411,HIGH
081400,130121,FROZEN FRUITS,0.1411,HIGH
081400,110310,ORANGES,0.1236,HIGH
081400,130320,DRIED FRUIT,0.0997,HIGH
081400,130212,CANNED AND BOTTLED FRUIT JUICE,0.0535,MEDIUM-LOW
081400,130122,FROZEN FRUIT JUICES,0.0535,MEDIUM-LOW
081400,130211,FRESH FRUIT JUICE,0.0535,MEDIUM-LOW
081400,130110,FROZEN ORANGE JUICE,0.0512,MEDIUM-LOW
090111,170310,ROASTED COFFEE,0.5321,HIGH
090111,170410,INSTANT AND FREEZE DRIED COFFEE,0.2491,MEDIUM
090111,020710,"SWEETROLLS, COFFEE CAKES, DOUGHNUTS",0.2188,MEDIUM-LOW
090112,170310,ROASTED COFFEE,0.5296,HIGH
090112,170410,INSTANT AND FREEZE DRIED COFFEE,0.2498,MEDIUM
090112,020710,"SWEETROLLS, COFFEE CAKES, DOUGHNUTS",0.2206,MEDIUM
090121,170310,ROASTED COFFEE,0.5345,HIGH
090121,170410,INSTANT AND FREEZE DRIED COFFEE,0.2482,MEDIUM
090121,020710,"SWEETROLLS, COFFEE CAKES, DOUGHNUTS",0.2172,MEDIUM-LOW
090122,170310,ROASTED COFFEE,0.5291,HIGH
090122,170410,INSTANT AND FREEZE DRIED COFFEE,0.2504,MEDIUM
090122,020710,"SWEETROLLS, COFFEE CAKES, DOUGHNUTS",0.2204,MEDIUM
090190,170310,ROASTED COFFEE,0.3934,MEDIUM-HIGH
090190,170410,INSTANT AND FREEZE DRIED COFFEE,0.3213,MEDIUM
090190,020710,"SWEETROLLS, COFFEE CAKES, DOUGHNUTS",0.2853,MEDIUM
090210,170520,TEA,1.0,HIGH
090220,170520,TEA,1.0,HIGH
090230,170520,TEA,1.0,HIGH
090240,170520,TEA,1.0,HIGH
090411,180410,"SALT, SPICES, OTHER SEASONINGS",0.4707,MEDIUM
090411,020110,WHITE BREAD,0.2646,MEDIUM-LOW
090411,020210,"BREAD, OTHER THAN WHITE",0.2646,MEDIUM-LOW
090412,180410,"SALT, SPICES, OTHER SEASONINGS",1.0,MEDIUM
090421,180410,"SALT, SPICES, OTHER SEASONINGS",0.5,MEDIUM
090421,130310,CANNED FRUITS,0.1667,HIGH
090421,130121,FROZEN FRUITS,0.1667,HIGH
090421,110410,OTHER FRESH FRUITS,0.1667,HIGH
090422,180410,"SALT, SPICES, OTHER SEASONINGS",0.5,MEDIUM
090422,130310,CANNED FRUITS,0.1667,HIGH
090422,130121,FROZEN FRUITS,0.1667,HIGH
090422,110410,OTHER FRESH FRUITS,0.1667,HIGH
090510,180410,"SALT, SPICES, OTHER SEASONINGS",1.0,MEDIUM
090520,180410,"SALT, SPICES, OTHER SEASONINGS",1.0,MEDIUM
090611,180410,"SALT, SPICES, OTHER SEASONINGS",1.0,MEDIUM
090619,180410,"SALT, SPICES, OTHER SEASONINGS",1.0,MEDIUM
090620,180410,"SALT, SPICES, OTHER SEASONINGS",1.0,MEDIUM
090710,130320,DRIED FRUIT,0.3812,HIGH
090710,130212,CANNED AND BOTTLED FRUIT JUICE,0.2063,MEDIUM-LOW
090710,130122,FROZEN FRUIT JUICES,0.2063,MEDIUM-LOW
090710,130211,FRESH FRUIT JUICE,0.2063,MEDIUM-LOW
090720,130320,DRIED FRUIT,0.3734,HIGH
090720,130212,CANNED AND BOTTLED FRUIT JUICE,0.2089,MEDIUM
090720,130122,FROZEN FRUIT JUICES,0.2089,MEDIUM
090720,130211,FRESH FRUIT JUICE,0.2089,MEDIUM
091011,180410,"SALT, SPICES, OTHER SEASONINGS",1.0,MEDIUM
091012,180410,"SALT, SPICES, OTHER SEASONINGS",1.0,HIGH
091091,180410,"SALT, SPICES, OTHER SEASONINGS",1.0,MEDIUM-HIGH
091099,180410,"SALT, SPICES, OTHER SEASONINGS",1.0,MEDIUM-HIGH
100111,010110,FLOUR,0.2247,HIGH
100111,010120,PREPARED FLOUR MIXES,0.1592,HIGH
100111,020110,WHITE BREAD,0.133,MEDIUM-HIGH
100111,020210,"BREAD, OTHER THAN WHITE",0.133,MEDIUM-HIGH
100111,020620,BREAD AND CRACKER PRODUCTS,0.133,MEDIUM-HIGH
100111,010210,READY-TO-EAT AND COOKED CEREALS,0.1086,MEDIUM
100111,010320,"PASTA, CORNMEAL AND OTHER CEREAL PRODUCTS",0.1086,MEDIUM
100119,010110,FLOUR,0.2308,HIGH
100119,010120,PREPARED FLOUR MIXES,0.1505,MEDIUM-HIGH
100119,020110,WHITE BREAD,0.1346,MEDIUM-HIGH
100119,020210,"BREAD, OTHER THAN WHITE",0.1346,MEDIUM-HIGH
100119,020620,BREAD AND CRACKER PRODUCTS,0.1346,MEDIUM-HIGH
100119,010210,READY-TO-EAT AND COOKED CEREALS,0.1075,MEDIUM
100119,010320,"PASTA, CORNMEAL AND OTHER CEREAL PRODUCTS",0.1075,MEDIUM
100191,010110,FLOUR,0.231,HIGH
100191,010120,PREPARED FLOUR MIXES,0.154,MEDIUM-HIGH
100191,020110,WHITE BREAD,0.1333,MEDIUM-HIGH
100191,020210,"BREAD, OTHER THAN WHITE",0.1333,MEDIUM-HIGH
100191,020620,BREAD AND CRACKER PRODUCTS,0.1333,MEDIUM-HIGH
100191,010210,READY-TO-EAT AND COOKED CEREALS,0.1076,MEDIUM
100191,010320,"PASTA, CORNMEAL AND OTHER CEREAL PRODUCTS",0.1076,MEDIUM
100199,010110,FLOUR,0.2228,HIGH
100199,020110,WHITE BREAD,0.1474,MEDIUM
100199,020210,"BREAD, OTHER THAN WHITE",0.1474,MEDIUM
100199,010120,PREPARED FLOUR MIXES,0.1385,MEDIUM
100199,020620,BREAD AND CRACKER PRODUCTS,0.137,MEDIUM
100199,010210,READY-TO-EAT AND COOKED CEREALS,0.1089,MEDIUM
100199,010320,"PASTA, CORNMEAL AND OTHER CEREAL PRODUCTS",0.0979,MEDIUM
100310,010320,"PASTA, CORNMEAL AND OTHER CEREAL PRODUCTS",1.0,MEDIUM
100390,010320,"PASTA, CORNMEAL AND OTHER CEREAL PRODUCTS",1.0,MEDIUM
100410,010320,"PASTA, CORNMEAL AND OTHER CEREAL PRODUCTS",1.0,MEDIUM
100490,010320,"PASTA, CORNMEAL AND OTHER CEREAL PRODUCTS",1.0,MEDIUM
100510,140220,CANNED CORN,0.6822,HIGH
100510,010320,"PASTA, CORNMEAL AND OTHER CEREAL PRODUCTS",0.3178,MEDIUM
100590,140220,CANNED CORN,0.3256,HIGH
100590,180310,POTATO CHIPS AND OTHER SNACKS,0.1886,MEDIUM
100590,190313,SNACKS AND NONALCOHOLIC BEVERAGES AT VENDING,0.1667,MEDIUM
100590,010320,"PASTA, CORNMEAL AND OTHER CEREAL PRODUCTS",0.1516,MEDIUM
100590,020110,WHITE BREAD,0.0837,MEDIUM-LOW
100590,020210,"BREAD, OTHER THAN WHITE",0.0837,MEDIUM-LOW
100610,010310,RICE,1.0,HIGH
100620,010310,RICE,1.0,HIGH
100630,010310,RICE,1.0,HIGH
100640,010310,RICE,1.0,HIGH
100890,010310,RICE,0.5,HIGH
100890,010210,READY-TO-EAT AND COOKED CEREALS,0.5,MEDIUM-HIGH
110100,010110,FLOUR,0.2202,HIGH
110100,010120,PREPARED FLOUR MIXES,0.1571,HIGH
110100,020110,WHITE BREAD,0.1456,MEDIUM-HIGH
110100,020210,"BREAD, OTHER THAN WHITE",0.1456,MEDIUM-HIGH
110100,020620,BREAD AND CRACKER PRODUCTS,0.129,MEDIUM-HIGH
110100,010210,READY-TO-EAT AND COOKED CEREALS,0.1049,MEDIUM
110100,010320,"PASTA, CORNMEAL AND OTHER CEREAL PRODUCTS",0.0975,MEDIUM
110220,140220,CANNED CORN,0.3343,HIGH
110220,010110,FLOUR,0.3064,HIGH
110220,010120,PREPARED FLOUR MIXES,0.1978,MEDIUM-HIGH
110220,010320,"PASTA, CORNMEAL AND OTHER CEREAL PRODUCTS",0.1616,MEDIUM
110290,010310,RICE,0.2297,HIGH
110290,010110,FLOUR,0.2282,HIGH
110290,010120,PREPARED FLOUR MIXES,0.1497,MEDIUM-HIGH
110290,020110,WHITE BREAD,0.0851,MEDIUM-HIGH
110290,020210,"BREAD, OTHER THAN WHITE",0.0851,MEDIUM-HIGH
110290,020620,BREAD AND CRACKER PRODUCTS,0.0851,MEDIUM-HIGH
110290,010210,READY-TO-EAT AND COOKED CEREALS,0.0686,MEDIUM
110290,010320,"PASTA, CORNMEAL AND OTHER CEREAL PRODUCTS",0.0686,MEDIUM
110311,010110,FLOUR,0.2251,HIGH
110311,010120,PREPARED FLOUR MIXES,0.1476,MEDIUM-HIGH
110311,020110,WHITE BREAD,0.1378,MEDIUM-HIGH
110311,020210,"BREAD, OTHER THAN WHITE",0.1378,MEDIUM-HIGH
110311,020620,BREAD AND CRACKER PRODUCTS,0.1378,MEDIUM-HIGH
110311,010210,READY-TO-EAT AND COOKED CEREALS,0.1119,MEDIUM
110311,010320,"PASTA, CORNMEAL AND OTHER CEREAL PRODUCTS",0.1021,MEDIUM
110313,140220,CANNED CORN,0.6313,HIGH
110313,010320,"PASTA, CORNMEAL AND OTHER CEREAL PRODUCTS",0.3688,HIGH
110319,010320,"PASTA, CORNMEAL AND OTHER CEREAL PRODUCTS",0.5,MEDIUM
110319,010310,RICE,0.5,HIGH
110320,010320,"PASTA, CORNMEAL AND OTHER CEREAL PRODUCTS",0.5,MEDIUM
110320,010110,FLOUR,0.1184,HIGH
110320,010120,PREPARED FLOUR MIXES,0.079,MEDIUM-HIGH
110320,020110,WHITE BREAD,0.079,MEDIUM-HIGH
110320,020210,"BREAD, OTHER THAN WHITE",0.079,MEDIUM-HIGH
110320,020620,BREAD AND CRACKER PRODUCTS,0.079,MEDIUM-HIGH
110320,010210,READY-TO-EAT AND COOKED CEREALS,0.0658,MEDIUM
110412,010320,"PASTA, CORNMEAL AND OTHER CEREAL PRODUCTS",1.0,MEDIUM
110419,010320,"PASTA, CORNMEAL AND OTHER CEREAL PRODUCTS",0.5,MEDIUM
110419,010310,RICE,0.5,HIGH
110422,010320,"PASTA, CORNMEAL AND OTHER CEREAL PRODUCTS",1.0,MEDIUM
110423,140220,CANNED CORN,0.6838,HIGH
110423,010320,"PASTA, CORNMEAL AND OTHER CEREAL PRODUCTS",0.3162,MEDIUM
110429,010320,"PASTA, CORNMEAL AND OTHER CEREAL PRODUCTS",0.5,MEDIUM
110429,010310,RICE,0.5,HIGH
110510,120110,POTATOES,0.3797,HIGH
110510,010110,FLOUR,0.3797,HIGH
110510,010120,PREPARED FLOUR MIXES,0.2406,MEDIUM-HIGH
110520,120110,POTATOES,1.0,HIGH
110610,010110,FLOUR,0.1143,HIGH
110610,140210,CANNED BEANS,0.1143,HIGH
110610,140320,DRIED PEAS,0.1143,HIGH
110610,140330,DRIED BEANS,0.1143,HIGH
110610,140110,FROZEN VEGETABLES,0.0943,HIGH
110610,140230,CANNED MISCELLANEOUS VEGETABLES,0.0943,HIGH
110610,140310,DRIED PROCESSED VEGETABLES,0.0943,HIGH
110610,140340,DRIED MISCELLANEOUS VEGETABLES,0.0943,HIGH
110610,120410,OTHER FRESH VEGETABLES,0.0943,HIGH
110610,010120,PREPARED FLOUR MIXES,0.071,MEDIUM
110620,010110,FLOUR,0.6166,HIGH
110620,010120,PREPARED FLOUR MIXES,0.3834,MEDIUM
110630,010110,FLOUR,0.4267,HIGH
110630,110210,BANANAS,0.3036,HIGH
110630,010120,PREPARED FLOUR MIXES,0.2697,MEDIUM-HIGH
110710,170310,ROASTED COFFEE,1.0,MEDIUM
110720,170310,ROASTED COFFEE,1.0,MEDIUM
110811,010110,FLOUR,0.239,HIGH
110811,010120,PREPARED FLOUR MIXES,0.1576,MEDIUM-HIGH
110811,020110,WHITE BREAD,0.1576,MEDIUM-HIGH
110811,020210,"BREAD, OTHER THAN WHITE",0.1576,MEDIUM-HIGH
110811,020620,BREAD AND CRACKER PRODUCTS,0.1576,MEDIUM-HIGH
110811,010210,READY-TO-EAT AND COOKED CEREALS,0.1305,MEDIUM
110812,140220,CANNED CORN,0.6769,HIGH
110812,010320,"PASTA, CORNMEAL AND OTHER CEREAL PRODUCTS",0.3231,MEDIUM
110813,120110,POTATOES,0.7384,HIGH
110813,180310,POTATO CHIPS AND OTHER SNACKS,0.2616,MEDIUM-LOW
110814,120110,POTATOES,1.0,HIGH
110819,010320,"PASTA, CORNMEAL AND OTHER CEREAL PRODUCTS",0.5,MEDIUM
110819,120110,POTATOES,0.0887,HIGH
110819,010110,FLOUR,0.0821,HIGH
110819,140220,CANNED CORN,0.0821,HIGH
110819,010120,PREPARED FLOUR MIXES,0.0514,MEDIUM
110819,020110,WHITE BREAD,0.0514,MEDIUM
110819,020210,"BREAD, OTHER THAN WHITE",0.0514,MEDIUM
110819,020620,BREAD AND CRACKER PRODUCTS,0.0514,MEDIUM
110819,010210,READY-TO-EAT AND COOKED CEREALS,0.0412,MEDIUM
110900,010110,FLOUR,0.2454,HIGH
110900,010120,PREPARED FLOUR MIXES,0.1568,MEDIUM-HIGH
110900,020110,WHITE BREAD,0.1568,MEDIUM-HIGH
110900,020210,"BREAD, OTHER THAN WHITE",0.1568,MEDIUM-HIGH
110900,020620,BREAD AND CRACKER PRODUCTS,0.1568,MEDIUM-HIGH
110900,010210,READY-TO-EAT AND COOKED CEREALS,0.1273,MEDIUM
120190,160211,FATS AND OILS,1.0,HIGH
120230,180320,NUTS,0.3086,HIGH
120230,160320,PEANUT BUTTER,0.2996,HIGH
120230,100110,BUTTER,0.2702,HIGH
120230,170310,ROASTED COFFEE,0.1215,MEDIUM-LOW
120241,180320,NUTS,0.6937,HIGH
120241,170310,ROASTED COFFEE,0.3063,MEDIUM-LOW
120242,180320,NUTS,0.4328,HIGH
120242,160211,FATS AND OILS,0.3799,HIGH
120242,170310,ROASTED COFFEE,0.1873,MEDIUM-LOW
120400,160211,FATS AND OILS,1.0,HIGH
120510,160211,FATS AND OILS,1.0,HIGH
120590,160211,FATS AND OILS,1.0,HIGH
120600,160211,FATS AND OILS,1.0,HIGH
120710,180320,NUTS,1.0,HIGH
120730,160211,FATS AND OILS,1.0,HIGH
120740,160211,FATS AND OILS,0.6615,HIGH
120740,180410,"SALT, SPICES, OTHER SEASONINGS",0.3385,MEDIUM
120750,180510,SAUCES AND GRAVIES,1.0,MEDIUM-HIGH
120760,160211,FATS AND OILS,1.0,HIGH
120770,130320,DRIED FRUIT,0.189,HIGH
120770,130310,CANNED FRUITS,0.1418,HIGH
120770,110410,OTHER FRESH FRUITS,0.1418,HIGH
120770,130121,FROZEN FRUITS,0.1418,HIGH
120770,130212,CANNED AND BOTTLED FRUIT JUICE,0.1037,MEDIUM-LOW
120770,130122,FROZEN FRUIT JUICES,0.1037,MEDIUM-LOW
120770,130211,FRESH FRUIT JUICE,0.1037,MEDIUM-LOW
120770,110510,"CITRUS FRUITS, EXCLUDING ORANGES",0.0748,MEDIUM
120799,160211,FATS AND OILS,0.2877,HIGH
120799,130310,CANNED FRUITS,0.2374,HIGH
120799,110410,OTHER FRESH FRUITS,0.2374,HIGH
120799,130121,FROZEN FRUITS,0.2374,HIGH
120810,180210,FROZEN MEALS,1.0,HIGH
120890,160211,FATS AND OILS,0.213,HIGH
120890,180210,FROZEN MEALS,0.1657,HIGH
120890,130310,CANNED FRUITS,0.1657,HIGH
120890,110410,OTHER FRESH FRUITS,0.1657,HIGH
120890,130121,FROZEN FRUITS,0.1657,HIGH
120890,180510,SAUCES AND GRAVIES,0.1243,MEDIUM
120910,150211,SUGAR,1.0,HIGH
120922,020110,WHITE BREAD,0.5,MEDIUM-LOW
120922,020210,"BREAD, OTHER THAN WHITE",0.5,MEDIUM-LOW
120991,180410,"SALT, SPICES, OTHER SEASONINGS",0.2,MEDIUM
120991,120210,LETTUCE,0.2,HIGH
120991,120310,TOMATOES,0.2,HIGH
120991,140410,FROZEN VEGETABLE JUICES,0.1,MEDIUM
120991,140420,FRESH AND CANNED VEGETABLE JUICES,0.1,MEDIUM
120991,140110,FROZEN VEGETABLES,0.04,HIGH
120991,140230,CANNED MISCELLANEOUS VEGETABLES,0.04,HIGH
120991,140310,DRIED PROCESSED VEGETABLES,0.04,HIGH
120991,140340,DRIED MISCELLANEOUS VEGETABLES,0.04,HIGH
120991,120410,OTHER FRESH VEGETABLES,0.04,HIGH
120999,130310,CANNED FRUITS,0.3333,HIGH
120999,130121,FROZEN FRUITS,0.3333,HIGH
120999,110410,OTHER FRESH FRUITS,0.3333,HIGH
121190,140330,DRIED BEANS,0.25,HIGH
121190,140210,CANNED BEANS,0.25,HIGH
121190,130310,CANNED FRUITS,0.1667,MEDIUM-HIGH
121190,110410,OTHER FRESH FRUITS,0.1667,MEDIUM-HIGH
121190,130121,FROZEN FRUITS,0.1667,MEDIUM-HIGH
121291,150211,SUGAR,1.0,HIGH
121292,140330,DRIED BEANS,0.5,HIGH
121292,140210,CANNED BEANS,0.5,HIGH
121293,150211,SUGAR,1.0,HIGH
121299,130310,CANNED FRUITS,0.142,HIGH
121299,130121,FROZEN FRUITS,0.142,HIGH
121299,110410,OTHER FRESH FRUITS,0.142,HIGH
121299,130320,DRIED FRUIT,0.1359,HIGH
121299,110510,"CITRUS FRUITS, EXCLUDING ORANGES",0.074,MEDIUM
121299,130212,CANNED AND BOTTLED FRUIT JUICE,0.0728,MEDIUM-LOW
121299,140410,FROZEN VEGETABLE JUICES,0.0728,MEDIUM-LOW
121299,140420,FRESH AND CANNED VEGETABLE JUICES,0.0728,MEDIUM-LOW
121299,130122,FROZEN FRUIT JUICES,0.0728,MEDIUM-LOW
121299,130211,FRESH FRUIT JUICE,0.0728,MEDIUM-LOW
121300,010320,"PASTA, CORNMEAL AND OTHER CEREAL PRODUCTS",1.0,MEDIUM
121490,140110,FROZEN VEGETABLES,0.2,HIGH
121490,140230,CANNED MISCELLANEOUS VEGETABLES,0.2,HIGH
121490,140310,DRIED PROCESSED VEGETABLES,0.2,HIGH
121490,140340,DRIED MISCELLANEOUS VEGETABLES,0.2,HIGH
121490,120410,OTHER FRESH VEGETABLES,0.2,HIGH
130120,150110,CANDY AND CHEWING GUM,1.0,HIGH
130190,150110,CANDY AND CHEWING GUM,1.0,HIGH
130211,140410,FROZEN VEGETABLE JUICES,0.5,MEDIUM
130211,140420,FRESH AND CANNED VEGETABLE JUICES,0.5,MEDIUM
130212,140410,FROZEN VEGETABLE JUICES,0.5,MEDIUM
130212,140420,FRESH AND CANNED VEGETABLE JUICES,0.5,MEDIUM
130213,140410,FROZEN VEGETABLE JUICES,0.5,MEDIUM
130213,140420,FRESH AND CANNED VEGETABLE JUICES,0.5,MEDIUM
130214,140410,FROZEN VEGETABLE JUICES,0.5,MEDIUM
130214,140420,FRESH AND CANNED VEGETABLE JUICES,0.5,MEDIUM
130219,180320,NUTS,0.5,HIGH
130219,140410,FROZEN VEGETABLE JUICES,0.25,MEDIUM
130219,140420,FRESH AND CANNED VEGETABLE JUICES,0.25,MEDIUM
130232,140210,CANNED BEANS,0.145,HIGH
130232,140330,DRIED BEANS,0.145,HIGH
130232,140110,FROZEN VEGETABLES,0.142,HIGH
130232,140230,CANNED MISCELLANEOUS VEGETABLES,0.142,HIGH
130232,140310,DRIED PROCESSED VEGETABLES,0.142,HIGH
130232,140340,DRIED MISCELLANEOUS VEGETABLES,0.142,HIGH
130232,120410,OTHER FRESH VEGETABLES,0.142,HIGH
130239,140410,FROZEN VEGETABLE JUICES,0.5,MEDIUM-LOW
130239,140420,FRESH AND CANNED VEGETABLE JUICES,0.5,MEDIUM-LOW
140190,140410,FROZEN VEGETABLE JUICES,0.5,MEDIUM-LOW
140190,140420,FRESH AND CANNED VEGETABLE JUICES,0.5,MEDIUM-LOW
140490,180320,NUTS,0.5,HIGH
140490,140410,FROZEN VEGETABLE JUICES,0.25,MEDIUM
140490,140420,FRESH AND CANNED VEGETABLE JUICES,0.25,MEDIUM
150110,160211,FATS AND OILS,1.0,HIGH
150120,020110,WHITE BREAD,0.25,MEDIUM
150120,020210,"BREAD, OTHER THAN WHITE",0.25,MEDIUM
150120,160211,FATS AND OILS,0.191,HIGH
150120,040410,OTHER PORK,0.191,HIGH
150120,040210,PORK CHOPS,0.118,MEDIUM
150190,160211,FATS AND OILS,0.2615,HIGH
150190,060110,FRESH AND FROZEN WHOLE CHICKEN,0.2615,HIGH
150190,060210,FRESH AND FROZEN CHICKEN PARTS,0.2615,HIGH
150190,060310,OTHER POULTRY,0.2154,HIGH
150210,160211,FATS AND OILS,1.0,HIGH
150290,160211,FATS AND OILS,0.2598,HIGH
150290,030110,GROUND BEEF,0.2502,HIGH
150290,030810,OTHER BEEF,0.2502,HIGH
150290,050410,LAMB AND ORGAN MEATS,0.1199,MEDIUM-LOW
150290,050900,"MUTTON, GOAT AND GAME",0.1199,MEDIUM-LOW
150300,160211,FATS AND OILS,1.0,HIGH
150410,160211,FATS AND OILS,0.2603,MEDIUM-LOW
150410,070110,CANNED FISH AND SEAFOOD,0.2466,MEDIUM-LOW
150410,070230,FRESH FISH AND SHELLFISH,0.2466,MEDIUM-LOW
150410,070240,FROZEN FISH AND SHELLFISH,0.2466,MEDIUM-LOW
150420,160211,FATS AND OILS,0.471,HIGH
150420,070110,CANNED FISH AND SEAFOOD,0.1763,MEDIUM
150420,070230,FRESH FISH AND SHELLFISH,0.1763,MEDIUM
150420,070240,FROZEN FISH AND SHELLFISH,0.1763,MEDIUM
150430,160211,FATS AND OILS,1.0,HIGH
150600,160211,FATS AND OILS,1.0,HIGH
150710,160211,FATS AND OILS,1.0,HIGH
150790,160211,FATS AND OILS,1.0,HIGH
150810,180320,NUTS,0.2596,HIGH
150810,160211,FATS AND OILS,0.2596,HIGH
150810,160320,PEANUT BUTTER,0.2468,HIGH
150810,100110,BUTTER,0.234,HIGH
150890,180320,NUTS,0.2609,HIGH
150890,160211,FATS AND OILS,0.2609,HIGH
150890,160320,PEANUT BUTTER,0.2464,HIGH
150890,100110,BUTTER,0.2319,HIGH
150910,160211,FATS AND OILS,0.6843,HIGH
150910,180420,"OLIVES, PICKLES, RELISHES",0.3157,MEDIUM-LOW
150990,160211,FATS AND OILS,0.684,HIGH
150990,180420,"OLIVES, PICKLES, RELISHES",0.316,MEDIUM
151000,160211,FATS AND OILS,0.6838,HIGH
151000,180420,"OLIVES, PICKLES, RELISHES",0.3162,MEDIUM
151110,160211,FATS AND OILS,1.0,HIGH
151190,160211,FATS AND OILS,1.0,HIGH
151211,160211,FATS AND OILS,1.0,HIGH
151219,160211,FATS AND OILS,1.0,HIGH
151221,160211,FATS AND OILS,1.0,HIGH
151229,160211,FATS AND OILS,1.0,HIGH
151311,160211,FATS AND OILS,0.2318,HIGH
151311,130310,CANNED FRUITS,0.2203,HIGH
151311,110410,OTHER FRESH FRUITS,0.2203,HIGH
151311,130121,FROZEN FRUITS,0.2203,HIGH
151311,110510,"CITRUS FRUITS, EXCLUDING ORANGES",0.1072,MEDIUM
151319,160211,FATS AND OILS,0.2328,HIGH
151319,130310,CANNED FRUITS,0.2198,HIGH
151319,110410,OTHER FRESH FRUITS,0.2198,HIGH
151319,130121,FROZEN FRUITS,0.2198,HIGH
151319,110510,"CITRUS FRUITS, EXCLUDING ORANGES",0.1078,MEDIUM
151321,160211,FATS AND OILS,1.0,HIGH
151329,160211,FATS AND OILS,1.0,HIGH
151411,160211,FATS AND OILS,1.0,HIGH
151419,160211,FATS AND OILS,1.0,HIGH
151491,160211,FATS AND OILS,0.6707,HIGH
151491,180510,SAUCES AND GRAVIES,0.3293,MEDIUM
151499,160211,FATS AND OILS,0.6793,HIGH
151499,180510,SAUCES AND GRAVIES,0.3207,MEDIUM
151511,160211,FATS AND OILS,1.0,HIGH
151519,160211,FATS AND OILS,1.0,HIGH
151521,140220,CANNED CORN,0.4061,HIGH
151521,160211,FATS AND OILS,0.4061,HIGH
151521,010320,"PASTA, CORNMEAL AND OTHER CEREAL PRODUCTS",0.1878,MEDIUM
151529,140220,CANNED CORN,0.4063,HIGH
151529,160211,FATS AND OILS,0.4063,HIGH
151529,010320,"PASTA, CORNMEAL AND OTHER CEREAL PRODUCTS",0.1874,MEDIUM-LOW
151530,160211,FATS AND OILS,1.0,HIGH
151550,160211,FATS AND OILS,0.6835,HIGH
151550,180410,"SALT, SPICES, OTHER SEASONINGS",0.3165,MEDIUM
151590,160211,FATS AND OILS,0.3853,HIGH
151590,180320,NUTS,0.3685,HIGH
151590,140410,FROZEN VEGETABLE JUICES,0.1231,MEDIUM-LOW
151590,140420,FRESH AND CANNED VEGETABLE JUICES,0.1231,MEDIUM-LOW
151610,160211,FATS AND OILS,1.0,HIGH
151620,160211,FATS AND OILS,0.6233,HIGH
151620,140410,FROZEN VEGETABLE JUICES,0.1883,MEDIUM-LOW
151620,140420,FRESH AND CANNED VEGETABLE JUICES,0.1883,MEDIUM-LOW
151710,160110,MARGARINE,1.0,HIGH
151790,100510,MISCELLANEOUS DAIRY PRODUCTS,0.376,MEDIUM-HIGH
151790,160211,FATS AND OILS,0.2406,HIGH
151790,160212,SALAD DRESSINGS,0.0998,MEDIUM-LOW
151790,150212,ARTIFICIAL SWEETENERS,0.0835,MEDIUM-LOW
151790,180520,BAKING NEEDS AND MISCELLANEOUS PRODUCTS,0.0712,MEDIUM-LOW
151790,140410,FROZEN VEGETABLE JUICES,0.0645,MEDIUM-LOW
151790,140420,FRESH AND CANNED VEGETABLE JUICES,0.0645,MEDIUM-LOW
151800,160211,FATS AND OILS,0.6136,HIGH
151800,140410,FROZEN VEGETABLE JUICES,0.1932,MEDIUM-LOW
151800,140420,FRESH AND CANNED VEGETABLE JUICES,0.1932,MEDIUM-LOW
152110,140410,FROZEN VEGETABLE JUICES,0.5,MEDIUM
152110,140420,FRESH AND CANNED VEGETABLE JUICES,0.5,MEDIUM
152200,140410,FROZEN VEGETABLE JUICES,0.5,MEDIUM-LOW
152200,140420,FRESH AND CANNED VEGETABLE JUICES,0.5,MEDIUM-LOW
160100,040410,OTHER PORK,0.1819,HIGH
160100,050410,LAMB AND ORGAN MEATS,0.164,MEDIUM
160100,030810,OTHER BEEF,0.1418,HIGH
160100,030110,GROUND BEEF,0.1418,HIGH
160100,040210,PORK CHOPS,0.1017,MEDIUM
160100,060110,FRESH AND FROZEN WHOLE CHICKEN,0.0955,HIGH
160100,060210,FRESH AND FROZEN CHICKEN PARTS,0.0955,HIGH
160100,060310,OTHER POULTRY,0.0778,HIGH
160210,050410,LAMB AND ORGAN MEATS,1.0,HIGH
160220,060310,OTHER POULTRY,1.0,HIGH
160231,060310,OTHER POULTRY,0.4254,HIGH
160231,180210,FROZEN MEALS,0.3181,HIGH
160231,050410,LAMB AND ORGAN MEATS,0.2565,MEDIUM
160232,060110,FRESH AND FROZEN WHOLE CHICKEN,0.2461,HIGH
160232,060210,FRESH AND FROZEN CHICKEN PARTS,0.2461,HIGH
160232,180210,FROZEN MEALS,0.1886,HIGH
160232,060310,OTHER POULTRY,0.1792,HIGH
160232,050410,LAMB AND ORGAN MEATS,0.14,MEDIUM
160239,060110,FRESH AND FROZEN WHOLE CHICKEN,0.2188,HIGH
160239,060210,FRESH AND FROZEN CHICKEN PARTS,0.2188,HIGH
160239,060310,OTHER POULTRY,0.2092,HIGH
160239,050410,LAMB AND ORGAN MEATS,0.186,HIGH
160239,180210,FROZEN MEALS,0.1672,HIGH
160241,040410,OTHER PORK,0.3361,HIGH
160241,040210,PORK CHOPS,0.2079,MEDIUM
160241,140110,FROZEN VEGETABLES,0.0912,HIGH
160241,140230,CANNED MISCELLANEOUS VEGETABLES,0.0912,HIGH
160241,140310,DRIED PROCESSED VEGETABLES,0.0912,HIGH
160241,140340,DRIED MISCELLANEOUS VEGETABLES,0.0912,HIGH
160241,120410,OTHER FRESH VEGETABLES,0.0912,HIGH
160242,040410,OTHER PORK,0.6179,HIGH
160242,040210,PORK CHOPS,0.3821,MEDIUM
160249,040410,OTHER PORK,0.1654,HIGH
160249,030810,OTHER BEEF,0.1442,HIGH
160249,030110,GROUND BEEF,0.1442,HIGH
160249,040210,PORK CHOPS,0.1054,MEDIUM-HIGH
160249,050410,LAMB AND ORGAN MEATS,0.1,MEDIUM
160249,140110,FROZEN VEGETABLES,0.0682,MEDIUM-HIGH
160249,140230,CANNED MISCELLANEOUS VEGETABLES,0.0682,MEDIUM-HIGH
160249,140310,DRIED PROCESSED VEGETABLES,0.0682,MEDIUM-HIGH
160249,140340,DRIED MISCELLANEOUS VEGETABLES,0.0682,MEDIUM-HIGH
160249,120410,OTHER FRESH VEGETABLES,0.0682,MEDIUM-HIGH
160250,030810,OTHER BEEF,0.1526,HIGH
160250,030110,GROUND BEEF,0.1526,HIGH
160250,140110,FROZEN VEGETABLES,0.1011,MEDIUM-HIGH
160250,140230,CANNED MISCELLANEOUS VEGETABLES,0.1011,MEDIUM-HIGH
160250,140310,DRIED PROCESSED VEGETABLES,0.1011,MEDIUM-HIGH
160250,140340,DRIED MISCELLANEOUS VEGETABLES,0.1011,MEDIUM-HIGH
160250,120410,OTHER FRESH VEGETABLES,0.1011,MEDIUM-HIGH
160250,050410,LAMB AND ORGAN MEATS,0.1009,MEDIUM
160250,180210,FROZEN MEALS,0.0882,HIGH
160290,050410,LAMB AND ORGAN MEATS,1.0,MEDIUM
160300,070110,CANNED FISH AND SEAFOOD,0.1425,HIGH
160300,050410,LAMB AND ORGAN MEATS,0.1272,MEDIUM
160300,130212,CANNED AND BOTTLED FRUIT JUICE,0.119,MEDIUM-HIGH
160300,130110,FROZEN ORANGE JUICE,0.119,MEDIUM-HIGH
160300,130211,FRESH FRUIT JUICE,0.119,MEDIUM-HIGH
160300,140410,FROZEN VEGETABLE JUICES,0.0816,MEDIUM-LOW
160300,140420,FRESH AND CANNED VEGETABLE JUICES,0.0816,MEDIUM-LOW
160300,130122,FROZEN FRUIT JUICES,0.0816,MEDIUM-LOW
160300,070230,FRESH FISH AND SHELLFISH,0.0643,MEDIUM-LOW
160300,070240,FROZEN FISH AND SHELLFISH,0.0643,MEDIUM-LOW
160411,160211,FATS AND OILS,0.332,HIGH
160411,070110,CANNED FISH AND SEAFOOD,0.2227,MEDIUM-HIGH
160411,070230,FRESH FISH AND SHELLFISH,0.2227,MEDIUM-HIGH
160411,070240,FROZEN FISH AND SHELLFISH,0.2227,MEDIUM-HIGH
160412,160211,FATS AND OILS,0.5,HIGH
160412,120310,TOMATOES,0.3096,HIGH
160412,180510,SAUCES AND GRAVIES,0.1904,MEDIUM
160413,160211,FATS AND OILS,1.0,HIGH
160414,160211,FATS AND OILS,0.5277,HIGH
160414,070110,CANNED FISH AND SEAFOOD,0.1574,MEDIUM
160414,070230,FRESH FISH AND SHELLFISH,0.1574,MEDIUM
160414,070240,FROZEN FISH AND SHELLFISH,0.1574,MEDIUM
160415,070110,CANNED FISH AND SEAFOOD,0.3333,MEDIUM-HIGH
160415,070230,FRESH FISH AND SHELLFISH,0.3333,MEDIUM-HIGH
160415,070240,FROZEN FISH AND SHELLFISH,0.3333,MEDIUM-HIGH
160416,160211,FATS AND OILS,1.0,HIGH
160417,160211,FATS AND OILS,0.4471,HIGH
160417,070110,CANNED FISH AND SEAFOOD,0.1843,MEDIUM
160417,070230,FRESH FISH AND SHELLFISH,0.1843,MEDIUM
160417,070240,FROZEN FISH AND SHELLFISH,0.1843,MEDIUM
160418,070110,CANNED FISH AND SEAFOOD,0.3333,MEDIUM-HIGH
160418,070230,FRESH FISH AND SHELLFISH,0.3333,MEDIUM-HIGH
160418,070240,FROZEN FISH AND SHELLFISH,0.3333,MEDIUM-HIGH
160419,160211,FATS AND OILS,0.3472,HIGH
160419,070110,CANNED FISH AND SEAFOOD,0.2176,MEDIUM-LOW
160419,070230,FRESH FISH AND SHELLFISH,0.2176,MEDIUM-LOW
160419,070240,FROZEN FISH AND SHELLFISH,0.2176,MEDIUM-LOW
160420,180210,FROZEN MEALS,0.1975,HIGH
160420,160211,FATS AND OILS,0.1773,HIGH
160420,050410,LAMB AND ORGAN MEATS,0.1479,MEDIUM
160420,070110,CANNED FISH AND SEAFOOD,0.1363,MEDIUM-LOW
160420,070230,FRESH FISH AND SHELLFISH,0.1251,MEDIUM-LOW
160420,070240,FROZEN FISH AND SHELLFISH,0.1251,MEDIUM-LOW
160420,020410,CAKES AND CUPCAKES,0.0909,MEDIUM-LOW
160432,080110,EGGS,0.4234,HIGH
160432,070110,CANNED FISH AND SEAFOOD,0.1922,MEDIUM-LOW
160432,070230,FRESH FISH AND SHELLFISH,0.1922,MEDIUM-LOW
160432,070240,FROZEN FISH AND SHELLFISH,0.1922,MEDIUM-LOW
160510,070110,CANNED FISH AND SEAFOOD,0.5256,HIGH
160510,180210,FROZEN MEALS,0.1746,HIGH
160510,050410,LAMB AND ORGAN MEATS,0.1066,MEDIUM
160510,070230,FRESH FISH AND SHELLFISH,0.0966,MEDIUM
160510,070240,FROZEN FISH AND SHELLFISH,0.0966,MEDIUM
160521,070110,CANNED FISH AND SEAFOOD,0.5683,MEDIUM-HIGH
160521,180210,FROZEN MEALS,0.1597,HIGH
160521,050410,LAMB AND ORGAN MEATS,0.0969,MEDIUM
160521,070230,FRESH FISH AND SHELLFISH,0.0876,MEDIUM-LOW
160521,070240,FROZEN FISH AND SHELLFISH,0.0876,MEDIUM-LOW
160529,070110,CANNED FISH AND SEAFOOD,0.5619,MEDIUM-HIGH
160529,180210,FROZEN MEALS,0.1643,HIGH
160529,050410,LAMB AND ORGAN MEATS,0.0978,MEDIUM
160529,070230,FRESH FISH AND SHELLFISH,0.088,MEDIUM-LOW
160529,070240,FROZEN FISH AND SHELLFISH,0.088,MEDIUM-LOW
160530,070110,CANNED FISH AND SEAFOOD,0.4612,HIGH
160530,050410,LAMB AND ORGAN MEATS,0.1825,MEDIUM
160530,180210,FROZEN MEALS,0.1691,HIGH
160530,070230,FRESH FISH AND SHELLFISH,0.0936,MEDIUM
160530,070240,FROZEN FISH AND SHELLFISH,0.0936,MEDIUM
160540,070110,CANNED FISH AND SEAFOOD,0.412,HIGH
160540,050410,LAMB AND ORGAN MEATS,0.2348,MEDIUM
160540,180210,FROZEN MEALS,0.1667,HIGH
160540,070230,FRESH FISH AND SHELLFISH,0.0933,MEDIUM
160540,070240,FROZEN FISH AND SHELLFISH,0.0933,MEDIUM
160551,070110,CANNED FISH AND SEAFOOD,0.5523,HIGH
160551,180210,FROZEN MEALS,0.1637,HIGH
160551,050410,LAMB AND ORGAN MEATS,0.1008,MEDIUM
160551,070230,FRESH FISH AND SHELLFISH,0.0916,MEDIUM
160551,070240,FROZEN FISH AND SHELLFISH,0.0916,MEDIUM
160552,070110,CANNED FISH AND SEAFOOD,0.5348,HIGH
160552,180210,FROZEN MEALS,0.1721,HIGH
160552,050410,LAMB AND ORGAN MEATS,0.1044,MEDIUM
160552,070230,FRESH FISH AND SHELLFISH,0.0944,MEDIUM-LOW
160552,070240,FROZEN FISH AND SHELLFISH,0.0944,MEDIUM-LOW
160553,070110,CANNED FISH AND SEAFOOD,0.3259,HIGH
160553,180210,FROZEN MEALS,0.2465,HIGH
160553,050410,LAMB AND ORGAN MEATS,0.1518,MEDIUM
160553,070230,FRESH FISH AND SHELLFISH,0.1379,MEDIUM
160553,070240,FROZEN FISH AND SHELLFISH,0.1379,MEDIUM
160554,070110,CANNED FISH AND SEAFOOD,0.4324,MEDIUM-HIGH
160554,070230,FRESH FISH AND SHELLFISH,0.1624,MEDIUM
160554,070240,FROZEN FISH AND SHELLFISH,0.1624,MEDIUM
160554,180210,FROZEN MEALS,0.1512,HIGH
160554,050410,LAMB AND ORGAN MEATS,0.0917,MEDIUM
160555,070110,CANNED FISH AND SEAFOOD,0.5349,HIGH
160555,180210,FROZEN MEALS,0.1701,HIGH
160555,050410,LAMB AND ORGAN MEATS,0.1047,MEDIUM
160555,070230,FRESH FISH AND SHELLFISH,0.0951,MEDIUM
160555,070240,FROZEN FISH AND SHELLFISH,0.0951,MEDIUM
160556,070110,CANNED FISH AND SEAFOOD,0.5682,HIGH
160556,180210,FROZEN MEALS,0.161,HIGH
160556,050410,LAMB AND ORGAN MEATS,0.0966,MEDIUM
160556,070230,FRESH FISH AND SHELLFISH,0.0871,MEDIUM-LOW
160556,070240,FROZEN FISH AND SHELLFISH,0.0871,MEDIUM-LOW
160557,070110,CANNED FISH AND SEAFOOD,0.5349,MEDIUM-HIGH
160557,180210,FROZEN MEALS,0.1701,HIGH
160557,050410,LAMB AND ORGAN MEATS,0.1047,MEDIUM
160557,070230,FRESH FISH AND SHELLFISH,0.0951,MEDIUM
160557,070240,FROZEN FISH AND SHELLFISH,0.0951,MEDIUM
160558,180210,FROZEN MEALS,0.2985,HIGH
160558,070110,CANNED FISH AND SEAFOOD,0.1928,MEDIUM
160558,050410,LAMB AND ORGAN MEATS,0.1811,MEDIUM
160558,070230,FRESH FISH AND SHELLFISH,0.1638,MEDIUM-LOW
160558,070240,FROZEN FISH AND SHELLFISH,0.1638,MEDIUM-LOW
160559,180210,FROZEN MEALS,0.3036,HIGH
160559,050410,LAMB AND ORGAN MEATS,0.187,MEDIUM
160559,070110,CANNED FISH AND SEAFOOD,0.1698,MEDIUM
160559,070230,FRESH FISH AND SHELLFISH,0.1698,MEDIUM
160559,070240,FROZEN FISH AND SHELLFISH,0.1698,MEDIUM
170112,150211,SUGAR,1.0,HIGH
170113,150211,SUGAR,1.0,HIGH
170114,150211,SUGAR,1.0,HIGH
170191,150211,SUGAR,1.0,HIGH
170199,150211,SUGAR,1.0,HIGH
170211,090110,"FRESH MILK, ALL TYPES",0.4121,HIGH
170211,100510,MISCELLANEOUS DAIRY PRODUCTS,0.4121,HIGH
170211,160310,NONDAIRY CREAM AND IMITATION MILK,0.1758,MEDIUM-LOW
170219,100510,MISCELLANEOUS DAIRY PRODUCTS,0.4052,HIGH
170219,090110,"FRESH MILK, ALL TYPES",0.4052,HIGH
170219,160310,NONDAIRY CREAM AND IMITATION MILK,0.1897,MEDIUM
170220,150211,SUGAR,1.0,HIGH
170290,150211,SUGAR,0.7585,HIGH
170290,150212,ARTIFICIAL SWEETENERS,0.2415,MEDIUM-LOW
170310,150211,SUGAR,1.0,HIGH
170390,150211,SUGAR,1.0,HIGH
170410,150110,CANDY AND CHEWING GUM,0.5348,HIGH
170410,150211,SUGAR,0.4652,HIGH
170490,180320,NUTS,0.2237,HIGH
170490,150211,SUGAR,0.2005,HIGH
170490,160320,PEANUT BUTTER,0.1246,HIGH
170490,100510,MISCELLANEOUS DAIRY PRODUCTS,0.1211,MEDIUM-HIGH
170490,100110,BUTTER,0.1076,HIGH
170490,150110,CANDY AND CHEWING GUM,0.0986,MEDIUM
170490,020110,WHITE BREAD,0.0619,MEDIUM-LOW
170490,020210,"BREAD, OTHER THAN WHITE",0.0619,MEDIUM-LOW
180100,140330,DRIED BEANS,0.3907,HIGH
180100,140210,CANNED BEANS,0.3907,HIGH
180100,170310,ROASTED COFFEE,0.2185,MEDIUM
180400,160211,FATS AND OILS,0.4021,HIGH
180400,100110,BUTTER,0.366,HIGH
180400,160320,PEANUT BUTTER,0.232,MEDIUM-HIGH
180500,150211,SUGAR,1.0,HIGH
180610,150211,SUGAR,1.0,HIGH
180620,150211,SUGAR,0.2268,HIGH
180620,100510,MISCELLANEOUS DAIRY PRODUCTS,0.1691,MEDIUM-HIGH
180620,090110,"FRESH MILK, ALL TYPES",0.1311,HIGH
180620,150110,CANDY AND CHEWING GUM,0.1139,MEDIUM
180620,160211,FATS AND OILS,0.0998,HIGH
180620,100110,BUTTER,0.0653,HIGH
180620,160310,NONDAIRY CREAM AND IMITATION MILK,0.0576,MEDIUM-LOW
180620,140410,FROZEN VEGETABLE JUICES,0.0484,MEDIUM-LOW
180620,140420,FRESH AND CANNED VEGETABLE JUICES,0.0484,MEDIUM-LOW
180620,160320,PEANUT BUTTER,0.0397,MEDIUM
180631,150110,CANDY AND CHEWING GUM,0.4768,MEDIUM
180631,160320,PEANUT BUTTER,0.1914,HIGH
180631,180320,NUTS,0.1659,HIGH
180631,100110,BUTTER,0.1659,HIGH
180632,150110,CANDY AND CHEWING GUM,0.3593,MEDIUM
180632,100510,MISCELLANEOUS DAIRY PRODUCTS,0.3036,MEDIUM-HIGH
180632,090110,"FRESH MILK, ALL TYPES",0.2439,HIGH
180632,160310,NONDAIRY CREAM AND IMITATION MILK,0.0932,MEDIUM-LOW
180690,150211,SUGAR,0.2274,HIGH
180690,150110,CANDY AND CHEWING GUM,0.1945,MEDIUM
180690,100510,MISCELLANEOUS DAIRY PRODUCTS,0.1649,MEDIUM-HIGH
180690,090110,"FRESH MILK, ALL TYPES",0.148,HIGH
180690,160320,PEANUT BUTTER,0.0726,HIGH
180690,160310,NONDAIRY CREAM AND IMITATION MILK,0.0679,MEDIUM-LOW
180690,180320,NUTS,0.0623,HIGH
180690,100110,BUTTER,0.0623,HIGH
190110,090110,"FRESH MILK, ALL TYPES",0.2745,HIGH
190110,100510,MISCELLANEOUS DAIRY PRODUCTS,0.2317,MEDIUM-HIGH
190110,010110,FLOUR,0.1491,HIGH
190110,150211,SUGAR,0.1491,HIGH
190110,160310,NONDAIRY CREAM AND IMITATION MILK,0.1046,MEDIUM-LOW
190110,010120,PREPARED FLOUR MIXES,0.091,MEDIUM
190120,010120,PREPARED FLOUR MIXES,0.2149,MEDIUM-LOW
190120,150211,SUGAR,0.2111,HIGH
190120,100510,MISCELLANEOUS DAIRY PRODUCTS,0.1982,MEDIUM-HIGH
190120,020410,CAKES AND CUPCAKES,0.151,MEDIUM-LOW
190120,020510,COOKIES,0.1475,MEDIUM-HIGH
190120,020310,BISCUITS AND ROLLS,0.0772,MEDIUM-LOW
190190,100210,CHEESE,0.1253,HIGH
190190,160110,MARGARINE,0.1253,HIGH
190190,010110,FLOUR,0.096,HIGH
190190,090110,"FRESH MILK, ALL TYPES",0.0926,HIGH
190190,100510,MISCELLANEOUS DAIRY PRODUCTS,0.0874,HIGH
190190,090210,CREAM,0.0663,HIGH
190190,140220,CANNED CORN,0.0621,HIGH
190190,150211,SUGAR,0.0606,HIGH
190190,010120,PREPARED FLOUR MIXES,0.0597,MEDIUM
190190,160310,NONDAIRY CREAM AND IMITATION MILK,0.0477,MEDIUM
190190,020110,WHITE BREAD,0.038,MEDIUM
190190,020210,"BREAD, OTHER THAN WHITE",0.038,MEDIUM
190190,020620,BREAD AND CRACKER PRODUCTS,0.038,MEDIUM
190190,100410,ICE CREAM AND RELATED PRODUCTS,0.0329,MEDIUM
190190,010210,READY-TO-EAT AND COOKED CEREALS,0.0301,MEDIUM
190211,080110,EGGS,0.5141,HIGH
190211,010320,"PASTA, CORNMEAL AND OTHER CEREAL PRODUCTS",0.2501,MEDIUM
190211,180510,SAUCES AND GRAVIES,0.2359,MEDIUM
190219,080110,EGGS,0.5149,HIGH
190219,010320,"PASTA, CORNMEAL AND OTHER CEREAL PRODUCTS",0.2492,MEDIUM
190219,180510,SAUCES AND GRAVIES,0.2359,MEDIUM
190220,010320,"PASTA, CORNMEAL AND OTHER CEREAL PRODUCTS",1.0,MEDIUM
190230,010320,"PASTA, CORNMEAL AND OTHER CEREAL PRODUCTS",1.0,HIGH
190300,120110,POTATOES,1.0,HIGH
190410,150211,SUGAR,0.6728,HIGH
190410,010320,"PASTA, CORNMEAL AND OTHER CEREAL PRODUCTS",0.3272,MEDIUM
190420,010320,"PASTA, CORNMEAL AND OTHER CEREAL PRODUCTS",0.242,MEDIUM
190420,170310,ROASTED COFFEE,0.2174,MEDIUM-LOW
190420,110310,ORANGES,0.1101,HIGH
190420,110510,"CITRUS FRUITS, EXCLUDING ORANGES",0.1101,HIGH
190420,130310,CANNED FRUITS,0.1068,HIGH
190420,110410,OTHER FRESH FRUITS,0.1068,HIGH
190420,130121,FROZEN FRUITS,0.1068,HIGH
190430,010110,FLOUR,0.2471,HIGH
190430,010120,PREPARED FLOUR MIXES,0.1566,MEDIUM-HIGH
190430,020110,WHITE BREAD,0.1566,MEDIUM-HIGH
190430,020210,"BREAD, OTHER THAN WHITE",0.1566,MEDIUM-HIGH
190430,020620,BREAD AND CRACKER PRODUCTS,0.1566,MEDIUM-HIGH
190430,010210,READY-TO-EAT AND COOKED CEREALS,0.1265,MEDIUM
190490,140220,CANNED CORN,0.6832,HIGH
190490,010320,"PASTA, CORNMEAL AND OTHER CEREAL PRODUCTS",0.3168,MEDIUM
190531,020510,COOKIES,0.3134,HIGH
190531,020310,BISCUITS AND ROLLS,0.2609,MEDIUM
190531,180320,NUTS,0.1467,HIGH
190531,160320,PEANUT BUTTER,0.1467,HIGH
190531,100110,BUTTER,0.1323,HIGH
190532,180320,NUTS,0.3447,HIGH
190532,160320,PEANUT BUTTER,0.3447,HIGH
190532,100110,BUTTER,0.3107,HIGH
190540,020110,WHITE BREAD,0.3333,MEDIUM-HIGH
190540,020210,"BREAD, OTHER THAN WHITE",0.3333,MEDIUM-HIGH
190540,020620,BREAD AND CRACKER PRODUCTS,0.3333,MEDIUM-HIGH
190590,010310,RICE,0.2537,HIGH
190590,140220,CANNED CORN,0.1079,HIGH
190590,020310,BISCUITS AND ROLLS,0.097,MEDIUM-LOW
190590,180310,POTATO CHIPS AND OTHER SNACKS,0.0897,HIGH
190590,190313,SNACKS AND NONALCOHOLIC BEVERAGES AT VENDING,0.0561,MEDIUM
190590,180320,NUTS,0.0491,HIGH
190590,020110,WHITE BREAD,0.0457,MEDIUM
190590,020210,"BREAD, OTHER THAN WHITE",0.0457,MEDIUM
190590,020620,BREAD AND CRACKER PRODUCTS,0.0457,MEDIUM
190590,130320,DRIED FRUIT,0.0403,MEDIUM-HIGH
190590,020710,"SWEETROLLS, COFFEE CAKES, DOUGHNUTS",0.0318,MEDIUM
190590,150110,CANDY AND CHEWING GUM,0.026,MEDIUM
190590,020410,CAKES AND CUPCAKES,0.024,MEDIUM-LOW
190590,020820,"PIES, TARTS, TURNOVERS",0.0235,MEDIUM
190590,130212,CANNED AND BOTTLED FRUIT JUICE,0.0213,MEDIUM-LOW
190590,130122,FROZEN FRUIT JUICES,0.0213,MEDIUM-LOW
190590,130211,FRESH FRUIT JUICE,0.0213,MEDIUM-LOW
200190,140330,DRIED BEANS,0.2,HIGH
200190,140210,CANNED BEANS,0.2,HIGH
200190,180320,NUTS,0.0907,HIGH
200190,130320,DRIED FRUIT,0.0748,HIGH
200190,140110,FROZEN VEGETABLES,0.0627,HIGH
200190,140230,CANNED MISCELLANEOUS VEGETABLES,0.0627,HIGH
200190,140310,DRIED PROCESSED VEGETABLES,0.0627,HIGH
200190,140340,DRIED MISCELLANEOUS VEGETABLES,0.0627,HIGH
200190,120410,OTHER FRESH VEGETABLES,0.0627,HIGH
200190,130212,CANNED AND BOTTLED FRUIT JUICE,0.0404,MEDIUM-LOW
200190,130122,FROZEN FRUIT JUICES,0.0404,MEDIUM-LOW
200190,130211,FRESH FRUIT JUICE,0.0404,MEDIUM-LOW
200210,120310,TOMATOES,1.0,HIGH
200290,120310,TOMATOES,1.0,HIGH
200410,120110,POTATOES,1.0,HIGH
200490,140220,CANNED CORN,0.3243,HIGH
200490,140330,DRIED BEANS,0.1622,HIGH
200490,140210,CANNED BEANS,0.1622,HIGH
200490,140110,FROZEN VEGETABLES,0.0595,HIGH
200490,140230,CANNED MISCELLANEOUS VEGETABLES,0.0595,HIGH
200490,140310,DRIED PROCESSED VEGETABLES,0.0595,HIGH
200490,140340,DRIED MISCELLANEOUS VEGETABLES,0.0595,HIGH
200490,120410,OTHER FRESH VEGETABLES,0.0595,HIGH
200490,140320,DRIED PEAS,0.0541,HIGH
200510,140110,FROZEN VEGETABLES,0.2,HIGH
200510,140230,CANNED MISCELLANEOUS VEGETABLES,0.2,HIGH
200510,140310,DRIED PROCESSED VEGETABLES,0.2,HIGH
200510,140340,DRIED MISCELLANEOUS VEGETABLES,0.2,HIGH
200510,120410,OTHER FRESH VEGETABLES,0.2,HIGH
200520,120110,POTATOES,0.5589,HIGH
200520,180310,POTATO CHIPS AND OTHER SNACKS,0.3086,HIGH
200520,190313,SNACKS AND NONALCOHOLIC BEVERAGES AT VENDING,0.1324,MEDIUM
200540,140110,FROZEN VEGETABLES,0.1667,HIGH
200540,140230,CANNED MISCELLANEOUS VEGETABLES,0.1667,HIGH
200540,140310,DRIED PROCESSED VEGETABLES,0.1667,HIGH
200540,140320,DRIED PEAS,0.1667,HIGH
200540,140340,DRIED MISCELLANEOUS VEGETABLES,0.1667,HIGH
200540,120410,OTHER FRESH VEGETABLES,0.1667,HIGH
200551,140330,DRIED BEANS,0.5,HIGH
200551,140210,CANNED BEANS,0.5,HIGH
200559,140330,DRIED BEANS,0.5,MEDIUM-HIGH
200559,140210,CANNED BEANS,0.5,MEDIUM-HIGH
200560,140110,FROZEN VEGETABLES,0.2,HIGH
200560,140230,CANNED MISCELLANEOUS VEGETABLES,0.2,HIGH
200560,140310,DRIED PROCESSED VEGETABLES,0.2,HIGH
200560,140340,DRIED MISCELLANEOUS VEGETABLES,0.2,HIGH
200560,120410,OTHER FRESH VEGETABLES,0.2,HIGH
200570,180420,"OLIVES, PICKLES, RELISHES",0.397,MEDIUM
200570,160212,SALAD DRESSINGS,0.1936,MEDIUM-LOW
200570,140110,FROZEN VEGETABLES,0.0731,HIGH
200570,140230,CANNED MISCELLANEOUS VEGETABLES,0.0731,HIGH
200570,140310,DRIED PROCESSED VEGETABLES,0.0731,HIGH
200570,140340,DRIED MISCELLANEOUS VEGETABLES,0.0731,HIGH
200570,120410,OTHER FRESH VEGETABLES,0.0731,HIGH
200570,150310,"JAMS, PRESERVES, OTHER SWEETS",0.0439,MEDIUM
200580,140220,CANNED CORN,1.0,HIGH
200599,130310,CANNED FRUITS,0.1667,MEDIUM-HIGH
200599,130121,FROZEN FRUITS,0.1667,MEDIUM-HIGH
200599,110410,OTHER FRESH FRUITS,0.1667,MEDIUM-HIGH
200599,140110,FROZEN VEGETABLES,0.1,HIGH
200599,140230,CANNED MISCELLANEOUS VEGETABLES,0.1,HIGH
200599,140310,DRIED PROCESSED VEGETABLES,0.1,HIGH
200599,140340,DRIED MISCELLANEOUS VEGETABLES,0.1,HIGH
200599,120410,OTHER FRESH VEGETABLES,0.1,HIGH
200600,150211,SUGAR,0.2133,HIGH
200600,180410,"SALT, SPICES, OTHER SEASONINGS",0.1285,MEDIUM
200600,180320,NUTS,0.0781,HIGH
200600,130320,DRIED FRUIT,0.0582,MEDIUM-HIGH
200600,110310,ORANGES,0.0487,HIGH
200600,110510,"CITRUS FRUITS, EXCLUDING ORANGES",0.0487,HIGH
200600,130310,CANNED FRUITS,0.0458,HIGH
200600,110410,OTHER FRESH FRUITS,0.0458,HIGH
200600,130121,FROZEN FRUITS,0.0458,HIGH
200600,140110,FROZEN VEGETABLES,0.0387,MEDIUM-HIGH
200600,140230,CANNED MISCELLANEOUS VEGETABLES,0.0387,MEDIUM-HIGH
200600,140310,DRIED PROCESSED VEGETABLES,0.0387,MEDIUM-HIGH
200600,140340,DRIED MISCELLANEOUS VEGETABLES,0.0387,MEDIUM-HIGH
200600,120410,OTHER FRESH VEGETABLES,0.0387,MEDIUM-HIGH
200600,130212,CANNED AND BOTTLED FRUIT JUICE,0.0311,MEDIUM-LOW
200600,130122,FROZEN FRUIT JUICES,0.0311,MEDIUM-LOW
200600,130211,FRESH FRUIT JUICE,0.0311,MEDIUM-LOW
200710,130320,DRIED FRUIT,0.3791,HIGH
200710,130212,CANNED AND BOTTLED FRUIT JUICE,0.207,MEDIUM-LOW
200710,130122,FROZEN FRUIT JUICES,0.207,MEDIUM-LOW
200710,130211,FRESH FRUIT JUICE,0.207,MEDIUM-LOW
200791,130110,FROZEN ORANGE JUICE,0.1817,MEDIUM
200791,110310,ORANGES,0.1676,HIGH
200791,110510,"CITRUS FRUITS, EXCLUDING ORANGES",0.1282,HIGH
200791,130310,CANNED FRUITS,0.098,HIGH
200791,110410,OTHER FRESH FRUITS,0.098,HIGH
200791,130121,FROZEN FRUITS,0.098,HIGH
200791,130320,DRIED FRUIT,0.0869,HIGH
200791,130212,CANNED AND BOTTLED FRUIT JUICE,0.0471,MEDIUM-LOW
200791,130122,FROZEN FRUIT JUICES,0.0471,MEDIUM-LOW
200791,130211,FRESH FRUIT JUICE,0.0471,MEDIUM-LOW
200799,150310,"JAMS, PRESERVES, OTHER SWEETS",0.1348,MEDIUM-LOW
200799,130320,DRIED FRUIT,0.12,HIGH
200799,180320,NUTS,0.1189,HIGH
200799,130310,CANNED FRUITS,0.0979,HIGH
200799,110410,OTHER FRESH FRUITS,0.0979,HIGH
200799,130121,FROZEN FRUITS,0.0979,HIGH
200799,110110,APPLES,0.0838,HIGH
200799,130212,CANNED AND BOTTLED FRUIT JUICE,0.0656,MEDIUM-LOW
200799,130122,FROZEN FRUIT JUICES,0.0656,MEDIUM-LOW
200799,130211,FRESH FRUIT JUICE,0.0656,MEDIUM-LOW
200799,110510,"CITRUS FRUITS, EXCLUDING ORANGES",0.0519,MEDIUM
200811,180320,NUTS,0.4936,HIGH
200811,160320,PEANUT BUTTER,0.266,HIGH
200811,100110,BUTTER,0.2404,HIGH
200819,180320,NUTS,0.5,HIGH
200819,180310,POTATO CHIPS AND OTHER SNACKS,0.2658,MEDIUM
200819,190313,SNACKS AND NONALCOHOLIC BEVERAGES AT VENDING,0.2342,MEDIUM
200820,150211,SUGAR,1.0,HIGH
200830,150211,SUGAR,0.3925,HIGH
200830,110310,ORANGES,0.0979,HIGH
200830,130110,FROZEN ORANGE JUICE,0.0973,MEDIUM
200830,110510,"CITRUS FRUITS, EXCLUDING ORANGES",0.0854,HIGH
200830,130310,CANNED FRUITS,0.0663,HIGH
200830,110410,OTHER FRESH FRUITS,0.0663,HIGH
200830,130121,FROZEN FRUITS,0.0663,HIGH
200830,130320,DRIED FRUIT,0.0473,HIGH
200830,130212,CANNED AND BOTTLED FRUIT JUICE,0.0269,MEDIUM
200830,130122,FROZEN FRUIT JUICES,0.0269,MEDIUM
200830,130211,FRESH FRUIT JUICE,0.0269,MEDIUM
200850,130310,CANNED FRUITS,0.2813,HIGH
200850,130121,FROZEN FRUITS,0.2813,HIGH
200850,110410,OTHER FRESH FRUITS,0.2813,HIGH
200850,110510,"CITRUS FRUITS, EXCLUDING ORANGES",0.1562,MEDIUM
200897,130320,DRIED FRUIT,0.1393,MEDIUM-HIGH
200897,150211,SUGAR,0.1068,HIGH
200897,180320,NUTS,0.1037,HIGH
200897,110510,"CITRUS FRUITS, EXCLUDING ORANGES",0.0787,HIGH
200897,130310,CANNED FRUITS,0.0784,HIGH
200897,110410,OTHER FRESH FRUITS,0.0784,HIGH
200897,130121,FROZEN FRUITS,0.0784,HIGH
200897,130212,CANNED AND BOTTLED FRUIT JUICE,0.0735,MEDIUM-LOW
200897,130122,FROZEN FRUIT JUICES,0.0735,MEDIUM-LOW
200897,130211,FRESH FRUIT JUICE,0.0735,MEDIUM-LOW
200897,110310,ORANGES,0.0703,HIGH
200897,010320,"PASTA, CORNMEAL AND OTHER CEREAL PRODUCTS",0.0453,MEDIUM
200899,110210,BANANAS,0.1429,HIGH
200899,180410,"SALT, SPICES, OTHER SEASONINGS",0.1429,MEDIUM
200899,120110,POTATOES,0.1429,HIGH
200899,110110,APPLES,0.1072,HIGH
200899,180320,NUTS,0.0528,HIGH
200899,130320,DRIED FRUIT,0.0465,HIGH
200899,130310,CANNED FRUITS,0.0402,HIGH
200899,130121,FROZEN FRUITS,0.0402,HIGH
200899,110410,OTHER FRESH FRUITS,0.0402,HIGH
200899,130212,CANNED AND BOTTLED FRUIT JUICE,0.0263,MEDIUM
200899,130122,FROZEN FRUIT JUICES,0.0263,MEDIUM
200899,130211,FRESH FRUIT JUICE,0.0263,MEDIUM
200899,110510,"CITRUS FRUITS, EXCLUDING ORANGES",0.0223,MEDIUM
200899,140110,FROZEN VEGETABLES,0.0177,HIGH
200899,140210,CANNED BEANS,0.0177,HIGH
200899,140230,CANNED MISCELLANEOUS VEGETABLES,0.0177,HIGH
200899,140310,DRIED PROCESSED VEGETABLES,0.0177,HIGH
200899,140330,DRIED BEANS,0.0177,HIGH
200899,140340,DRIED MISCELLANEOUS VEGETABLES,0.0177,HIGH
200899,120410,OTHER FRESH VEGETABLES,0.0177,HIGH
200899,020410,CAKES AND CUPCAKES,0.0112,MEDIUM-HIGH
200899,020710,"SWEETROLLS, COFFEE CAKES, DOUGHNUTS",0.008,MEDIUM
200911,130110,FROZEN ORANGE JUICE,0.2981,HIGH
200911,110310,ORANGES,0.2562,HIGH
200911,130212,CANNED AND BOTTLED FRUIT JUICE,0.1593,MEDIUM
200911,130211,FRESH FRUIT JUICE,0.1593,MEDIUM
200911,110510,"CITRUS FRUITS, EXCLUDING ORANGES",0.127,MEDIUM
200912,130110,FROZEN ORANGE JUICE,0.2957,HIGH
200912,110310,ORANGES,0.2561,HIGH
200912,130212,CANNED AND BOTTLED FRUIT JUICE,0.1601,MEDIUM
200912,130211,FRESH FRUIT JUICE,0.1601,MEDIUM
200912,110510,"CITRUS FRUITS, EXCLUDING ORANGES",0.128,MEDIUM
200919,130110,FROZEN ORANGE JUICE,0.2383,HIGH
200919,150211,SUGAR,0.2062,HIGH
200919,110310,ORANGES,0.2062,HIGH
200919,130212,CANNED AND BOTTLED FRUIT JUICE,0.1254,MEDIUM
200919,130211,FRESH FRUIT JUICE,0.1254,MEDIUM
200919,110510,"CITRUS FRUITS, EXCLUDING ORANGES",0.0984,MEDIUM-LOW
200921,130310,CANNED FRUITS,0.1725,HIGH
200921,110410,OTHER FRESH FRUITS,0.1725,HIGH
200921,130121,FROZEN FRUITS,0.1725,HIGH
200921,110510,"CITRUS FRUITS, EXCLUDING ORANGES",0.1382,MEDIUM-HIGH
200921,130212,CANNED AND BOTTLED FRUIT JUICE,0.1148,MEDIUM
200921,130110,FROZEN ORANGE JUICE,0.1148,MEDIUM
200921,130211,FRESH FRUIT JUICE,0.1148,MEDIUM
200929,130310,CANNED FRUITS,0.1676,HIGH
200929,110410,OTHER FRESH FRUITS,0.1676,HIGH
200929,130121,FROZEN FRUITS,0.1676,HIGH
200929,110510,"CITRUS FRUITS, EXCLUDING ORANGES",0.1413,HIGH
200929,130212,CANNED AND BOTTLED FRUIT JUICE,0.1187,MEDIUM-HIGH
200929,130110,FROZEN ORANGE JUICE,0.1187,MEDIUM-HIGH
200929,130211,FRESH FRUIT JUICE,0.1187,MEDIUM-HIGH
200931,130310,CANNED FRUITS,0.1272,HIGH
200931,110410,OTHER FRESH FRUITS,0.1272,HIGH
200931,130121,FROZEN FRUITS,0.1272,HIGH
200931,110510,"CITRUS FRUITS, EXCLUDING ORANGES",0.1089,MEDIUM-HIGH
200931,130212,CANNED AND BOTTLED FRUIT JUICE,0.1009,MEDIUM
200931,130211,FRESH FRUIT JUICE,0.1009,MEDIUM
200931,110310,ORANGES,0.0963,HIGH
200931,130110,FROZEN ORANGE JUICE,0.085,MEDIUM
200931,130320,DRIED FRUIT,0.0825,HIGH
200931,130122,FROZEN FRUIT JUICES,0.0439,MEDIUM-LOW
200939,130310,CANNED FRUITS,0.1118,HIGH
200939,110410,OTHER FRESH FRUITS,0.1118,HIGH
200939,130121,FROZEN FRUITS,0.1118,HIGH
200939,150211,SUGAR,0.1,HIGH
200939,110510,"CITRUS FRUITS, EXCLUDING ORANGES",0.0999,HIGH
200939,130212,CANNED AND BOTTLED FRUIT JUICE,0.0938,MEDIUM-HIGH
200939,130211,FRESH FRUIT JUICE,0.0938,MEDIUM-HIGH
200939,110310,ORANGES,0.0863,HIGH
200939,130110,FROZEN ORANGE JUICE,0.0792,MEDIUM
200939,130320,DRIED FRUIT,0.073,MEDIUM-HIGH
200939,130122,FROZEN FRUIT JUICES,0.0388,MEDIUM-LOW
200941,130310,CANNED FRUITS,0.1738,HIGH
200941,110410,OTHER FRESH FRUITS,0.1738,HIGH
200941,130121,FROZEN FRUITS,0.1738,HIGH
200941,130212,CANNED AND BOTTLED FRUIT JUICE,0.1074,MEDIUM
200941,130110,FROZEN ORANGE JUICE,0.1074,MEDIUM
200941,130211,FRESH FRUIT JUICE,0.1074,MEDIUM
200941,110510,"CITRUS FRUITS, EXCLUDING ORANGES",0.0853,MEDIUM-LOW
200941,180720,VITAMIN SUPPLEMENTS,0.0708,MEDIUM-LOW
200949,130310,CANNED FRUITS,0.1723,HIGH
200949,110410,OTHER FRESH FRUITS,0.1723,HIGH
200949,130121,FROZEN FRUITS,0.1723,HIGH
200949,130212,CANNED AND BOTTLED FRUIT JUICE,0.1083,MEDIUM
200949,130110,FROZEN ORANGE JUICE,0.1083,MEDIUM
200949,130211,FRESH FRUIT JUICE,0.1083,MEDIUM
200949,110510,"CITRUS FRUITS, EXCLUDING ORANGES",0.087,MEDIUM
200949,180720,VITAMIN SUPPLEMENTS,0.0714,MEDIUM-LOW
200950,120310,TOMATOES,0.3462,HIGH
200950,130212,CANNED AND BOTTLED FRUIT JUICE,0.2179,MEDIUM-HIGH
200950,130110,FROZEN ORANGE JUICE,0.2179,MEDIUM-HIGH
200950,130211,FRESH FRUIT JUICE,0.2179,MEDIUM-HIGH
200961,130212,CANNED AND BOTTLED FRUIT JUICE,0.3333,MEDIUM
200961,130110,FROZEN ORANGE JUICE,0.3333,MEDIUM
200961,130211,FRESH FRUIT JUICE,0.3333,MEDIUM
200969,130212,CANNED AND BOTTLED FRUIT JUICE,0.3333,MEDIUM-HIGH
200969,130110,FROZEN ORANGE JUICE,0.3333,MEDIUM-HIGH
200969,130211,FRESH FRUIT JUICE,0.3333,MEDIUM-HIGH
200971,110110,APPLES,0.3536,HIGH
200971,130212,CANNED AND BOTTLED FRUIT JUICE,0.2155,MEDIUM
200971,130110,FROZEN ORANGE JUICE,0.2155,MEDIUM
200971,130211,FRESH FRUIT JUICE,0.2155,MEDIUM
200979,110110,APPLES,0.3439,HIGH
200979,130212,CANNED AND BOTTLED FRUIT JUICE,0.2187,MEDIUM-HIGH
200979,130110,FROZEN ORANGE JUICE,0.2187,MEDIUM-HIGH
200979,130211,FRESH FRUIT JUICE,0.2187,MEDIUM-HIGH
200981,130212,CANNED AND BOTTLED FRUIT JUICE,0.3333,MEDIUM-HIGH
200981,130110,FROZEN ORANGE JUICE,0.3333,MEDIUM-HIGH
200981,130211,FRESH FRUIT JUICE,0.3333,MEDIUM-HIGH
200989,130212,CANNED AND BOTTLED FRUIT JUICE,0.1177,MEDIUM
200989,130211,FRESH FRUIT JUICE,0.1177,MEDIUM
200989,130110,FROZEN ORANGE JUICE,0.1084,MEDIUM
200989,130320,DRIED FRUIT,0.1048,HIGH
200989,130310,CANNED FRUITS,0.0939,HIGH
200989,110410,OTHER FRESH FRUITS,0.0939,HIGH
200989,130121,FROZEN FRUITS,0.0939,HIGH
200989,140410,FROZEN VEGETABLE JUICES,0.0829,MEDIUM-LOW
200989,140420,FRESH AND CANNED VEGETABLE JUICES,0.0829,MEDIUM-LOW
200989,130122,FROZEN FRUIT JUICES,0.056,MEDIUM-LOW
200989,110510,"CITRUS FRUITS, EXCLUDING ORANGES",0.048,MEDIUM
200990,140410,FROZEN VEGETABLE JUICES,0.2158,HIGH
200990,140420,FRESH AND CANNED VEGETABLE JUICES,0.2158,HIGH
200990,130122,FROZEN FRUIT JUICES,0.1867,MEDIUM
200990,130320,DRIED FRUIT,0.1801,HIGH
200990,130212,CANNED AND BOTTLED FRUIT JUICE,0.1008,MEDIUM
200990,130211,FRESH FRUIT JUICE,0.1008,MEDIUM
210111,170410,INSTANT AND FREEZE DRIED COFFEE,0.3975,HIGH
210111,170310,ROASTED COFFEE,0.3554,MEDIUM
210111,020710,"SWEETROLLS, COFFEE CAKES, DOUGHNUTS",0.2471,MEDIUM-LOW
210112,150211,SUGAR,0.3189,HIGH
210112,170310,ROASTED COFFEE,0.2767,MEDIUM
210112,170410,INSTANT AND FREEZE DRIED COFFEE,0.2187,MEDIUM
210112,020710,"SWEETROLLS, COFFEE CAKES, DOUGHNUTS",0.1856,MEDIUM-LOW
210120,170520,TEA,0.4499,HIGH
210120,150211,SUGAR,0.2731,HIGH
210120,170410,INSTANT AND FREEZE DRIED COFFEE,0.1646,MEDIUM-LOW
210120,010320,"PASTA, CORNMEAL AND OTHER CEREAL PRODUCTS",0.1124,MEDIUM
210130,170310,ROASTED COFFEE,0.5629,HIGH
210130,170410,INSTANT AND FREEZE DRIED COFFEE,0.234,MEDIUM
210130,020710,"SWEETROLLS, COFFEE CAKES, DOUGHNUTS",0.2031,MEDIUM-LOW
210230,180520,BAKING NEEDS AND MISCELLANEOUS PRODUCTS,1.0,MEDIUM
210310,180510,SAUCES AND GRAVIES,1.0,MEDIUM-HIGH
210320,120310,TOMATOES,0.624,HIGH
210320,180510,SAUCES AND GRAVIES,0.376,MEDIUM-HIGH
210330,180510,SAUCES AND GRAVIES,0.4205,MEDIUM-HIGH
210330,010110,FLOUR,0.3522,HIGH
210330,010120,PREPARED FLOUR MIXES,0.2273,MEDIUM-HIGH
210390,180410,"SALT, SPICES, OTHER SEASONINGS",0.2224,MEDIUM-LOW
210390,160212,SALAD DRESSINGS,0.2224,HIGH
210390,120310,TOMATOES,0.1515,HIGH
210390,180510,SAUCES AND GRAVIES,0.1256,MEDIUM
210390,200112,NONALCOHOLIC BEER,0.1112,MEDIUM
210390,070110,CANNED FISH AND SEAFOOD,0.0556,MEDIUM
210390,070230,FRESH FISH AND SHELLFISH,0.0556,MEDIUM
210390,070240,FROZEN FISH AND SHELLFISH,0.0556,MEDIUM
210410,180110,CANNED AND PACKAGED SOUPS,0.5302,HIGH
210410,070110,CANNED FISH AND SEAFOOD,0.2349,HIGH
210410,070230,FRESH FISH AND SHELLFISH,0.1174,MEDIUM-LOW
210410,070240,FROZEN FISH AND SHELLFISH,0.1174,MEDIUM-LOW
210500,090210,CREAM,0.2982,HIGH
210500,100410,ICE CREAM AND RELATED PRODUCTS,0.2777,HIGH
210500,100510,MISCELLANEOUS DAIRY PRODUCTS,0.2026,MEDIUM-HIGH
210500,160310,NONDAIRY CREAM AND IMITATION MILK,0.12,MEDIUM
210500,170531,OTHER NONCARBONATED BEVERAGES AND ICE,0.1015,MEDIUM-LOW
210690,150211,SUGAR,0.0971,HIGH
210690,090110,"FRESH MILK, ALL TYPES",0.0664,HIGH
210690,150212,ARTIFICIAL SWEETENERS,0.0649,MEDIUM-LOW
210690,200410,OTHER ALCOHOLIC BEVERAGES,0.0612,MEDIUM-LOW
210690,150110,CANDY AND CHEWING GUM,0.0574,MEDIUM-HIGH
210690,170531,OTHER NONCARBONATED BEVERAGES AND ICE,0.057,MEDIUM-LOW
210690,100110,BUTTER,0.0569,HIGH
210690,100510,MISCELLANEOUS DAIRY PRODUCTS,0.0457,HIGH
210690,090210,CREAM,0.0393,HIGH
210690,200900,ALCOHOLIC BEVERAGES PURCHASED ON TRIPS,0.0388,MEDIUM
210690,160211,FATS AND OILS,0.0369,HIGH
210690,160320,PEANUT BUTTER,0.0347,MEDIUM
210690,170310,ROASTED COFFEE,0.0339,MEDIUM-HIGH
210690,200535,OTHER ALCOHOL AT BOARD,0.0314,MEDIUM-LOW
210690,130110,FROZEN ORANGE JUICE,0.0301,HIGH
210690,160310,NONDAIRY CREAM AND IMITATION MILK,0.0294,MEDIUM-LOW
210690,170410,INSTANT AND FREEZE DRIED COFFEE,0.0273,MEDIUM
210690,110310,ORANGES,0.026,HIGH
210690,020710,"SWEETROLLS, COFFEE CAKES, DOUGHNUTS",0.0241,MEDIUM
210690,100410,ICE CREAM AND RELATED PRODUCTS,0.0207,MEDIUM
210690,130320,DRIED FRUIT,0.0194,MEDIUM-HIGH
210690,140410,FROZEN VEGETABLE JUICES,0.0182,MEDIUM-LOW
210690,140420,FRESH AND CANNED VEGETABLE JUICES,0.0182,MEDIUM-LOW
210690,130212,CANNED AND BOTTLED FRUIT JUICE,0.0177,MEDIUM
210690,130211,FRESH FRUIT JUICE,0.0177,MEDIUM
210690,130122,FROZEN FRUIT JUICES,0.0166,MEDIUM-LOW
210690,110510,"CITRUS FRUITS, EXCLUDING ORANGES",0.0129,MEDIUM
220110,150212,ARTIFICIAL SWEETENERS,1.0,MEDIUM-LOW
220210,170210,OTHER CARBONATED DRINKS,0.3517,HIGH
220210,150211,SUGAR,0.2398,HIGH
220210,150212,ARTIFICIAL SWEETENERS,0.1572,MEDIUM-LOW
220210,170533,SPORTS DRINKS,0.1391,MEDIUM-LOW
220210,170510,"NONCARBONATED FRUIT FLAVORED DRINKS, INCLUDING",0.1121,MEDIUM-LOW
220290,090110,"FRESH MILK, ALL TYPES",0.1154,HIGH
220290,200111,BEER AND ALE,0.0784,MEDIUM-HIGH
220290,200515,BEER AT BOARD,0.0784,MEDIUM-HIGH
220290,130110,FROZEN ORANGE JUICE,0.0738,HIGH
220290,150110,CANDY AND CHEWING GUM,0.0733,MEDIUM
220290,110310,ORANGES,0.0635,HIGH
220290,200112,NONALCOHOLIC BEER,0.0559,MEDIUM-LOW
220290,160310,NONDAIRY CREAM AND IMITATION MILK,0.051,MEDIUM
220290,170210,OTHER CARBONATED DRINKS,0.0486,MEDIUM
220290,170533,SPORTS DRINKS,0.0486,MEDIUM
220290,140410,FROZEN VEGETABLE JUICES,0.0412,HIGH
220290,140420,FRESH AND CANNED VEGETABLE JUICES,0.0412,HIGH
220290,130320,DRIED FRUIT,0.0401,MEDIUM-HIGH
220290,130122,FROZEN FRUIT JUICES,0.037,HIGH
220290,130212,CANNED AND BOTTLED FRUIT JUICE,0.0369,MEDIUM
220290,130211,FRESH FRUIT JUICE,0.0369,MEDIUM
220290,110510,"CITRUS FRUITS, EXCLUDING ORANGES",0.0313,MEDIUM
220290,190313,SNACKS AND NONALCOHOLIC BEVERAGES AT VENDING,0.0284,MEDIUM
220290,200410,OTHER ALCOHOLIC BEVERAGES,0.0201,MEDIUM-LOW
220291,200111,BEER AND ALE,0.2669,MEDIUM-HIGH
220291,200112,NONALCOHOLIC BEER,0.2669,MEDIUM-HIGH
220291,200515,BEER AT BOARD,0.2669,MEDIUM-HIGH
220291,200410,OTHER ALCOHOLIC BEVERAGES,0.1992,MEDIUM
220299,090110,"FRESH MILK, ALL TYPES",0.1368,HIGH
220299,130110,FROZEN ORANGE JUICE,0.0883,HIGH
220299,150110,CANDY AND CHEWING GUM,0.0877,MEDIUM
220299,110310,ORANGES,0.076,HIGH
220299,160310,NONDAIRY CREAM AND IMITATION MILK,0.0609,MEDIUM
220299,170210,OTHER CARBONATED DRINKS,0.0568,MEDIUM-LOW
220299,170533,SPORTS DRINKS,0.0568,MEDIUM-LOW
220299,140410,FROZEN VEGETABLE JUICES,0.0493,HIGH
220299,140420,FRESH AND CANNED VEGETABLE JUICES,0.0493,HIGH
220299,130320,DRIED FRUIT,0.0481,MEDIUM-HIGH
220299,200112,NONALCOHOLIC BEER,0.0469,MEDIUM-LOW
220299,130122,FROZEN FRUIT JUICES,0.0443,HIGH
220299,130212,CANNED AND BOTTLED FRUIT JUICE,0.0442,MEDIUM
220299,130211,FRESH FRUIT JUICE,0.0442,MEDIUM
220299,200410,OTHER ALCOHOLIC BEVERAGES,0.039,MEDIUM-LOW
220299,110510,"CITRUS FRUITS, EXCLUDING ORANGES",0.0375,MEDIUM
220299,190313,SNACKS AND NONALCOHOLIC BEVERAGES AT VENDING,0.034,MEDIUM
220300,200111,BEER AND ALE,0.3333,MEDIUM-HIGH
220300,200112,NONALCOHOLIC BEER,0.3333,MEDIUM-HIGH
220300,200515,BEER AT BOARD,0.3333,MEDIUM-HIGH
220410,200310,WINE,0.6135,HIGH
220410,200525,WINE AT BOARD,0.3865,MEDIUM
220421,200310,WINE,0.3251,HIGH
220421,200525,WINE AT BOARD,0.198,MEDIUM
220421,200535,OTHER ALCOHOL AT BOARD,0.1391,MEDIUM-LOW
220421,200410,OTHER ALCOHOLIC BEVERAGES,0.1315,MEDIUM-LOW
220421,020110,WHITE BREAD,0.1032,MEDIUM-LOW
220421,020210,"BREAD, OTHER THAN WHITE",0.1032,MEDIUM-LOW
220422,200310,WINE,0.3725,HIGH
220422,200525,WINE AT BOARD,0.2277,MEDIUM
220422,200410,OTHER ALCOHOLIC BEVERAGES,0.1608,MEDIUM-LOW
220422,020110,WHITE BREAD,0.1195,MEDIUM-LOW
220422,020210,"BREAD, OTHER THAN WHITE",0.1195,MEDIUM-LOW
220429,200310,WINE,0.374,HIGH
220429,200525,WINE AT BOARD,0.2285,MEDIUM
220429,200410,OTHER ALCOHOLIC BEVERAGES,0.1613,MEDIUM-LOW
220429,020110,WHITE BREAD,0.1181,MEDIUM-LOW
220429,020210,"BREAD, OTHER THAN WHITE",0.1181,MEDIUM-LOW
220430,200535,OTHER ALCOHOL AT BOARD,1.0,MEDIUM-LOW
220510,200310,WINE,0.6208,HIGH
220510,200525,WINE AT BOARD,0.3792,MEDIUM
220590,200310,WINE,0.6214,HIGH
220590,200525,WINE AT BOARD,0.3786,MEDIUM
220600,200410,OTHER ALCOHOLIC BEVERAGES,0.2223,MEDIUM
220600,200310,WINE,0.1987,HIGH
220600,170531,OTHER NONCARBONATED BEVERAGES AND ICE,0.1651,MEDIUM-LOW
220600,010310,RICE,0.1421,HIGH
220600,200900,ALCOHOLIC BEVERAGES PURCHASED ON TRIPS,0.142,MEDIUM
220600,200525,WINE AT BOARD,0.1298,MEDIUM-HIGH
220710,200410,OTHER ALCOHOLIC BEVERAGES,0.5,MEDIUM-LOW
220710,200535,OTHER ALCOHOL AT BOARD,0.5,MEDIUM-LOW
220720,200535,OTHER ALCOHOL AT BOARD,1.0,MEDIUM-LOW
220820,200310,WINE,0.6182,HIGH
220820,200525,WINE AT BOARD,0.3818,MEDIUM
220890,200410,OTHER ALCOHOLIC BEVERAGES,0.4506,MEDIUM
220890,200535,OTHER ALCOHOL AT BOARD,0.2925,MEDIUM-LOW
220890,170531,OTHER NONCARBONATED BEVERAGES AND ICE,0.257,MEDIUM-LOW
230110,180210,FROZEN MEALS,0.5118,MEDIUM-HIGH
230110,050410,LAMB AND ORGAN MEATS,0.4882,MEDIUM-HIGH
230120,070110,CANNED FISH AND SEAFOOD,0.3325,HIGH
230120,180210,FROZEN MEALS,0.2742,MEDIUM-HIGH
230120,070230,FRESH FISH AND SHELLFISH,0.1966,MEDIUM-LOW
230120,070240,FROZEN FISH AND SHELLFISH,0.1966,MEDIUM-LOW
230210,140220,CANNED CORN,0.6844,HIGH
230210,010320,"PASTA, CORNMEAL AND OTHER CEREAL PRODUCTS",0.3156,MEDIUM-LOW
230230,010110,FLOUR,0.2547,HIGH
230230,010120,PREPARED FLOUR MIXES,0.1557,MEDIUM
230230,020110,WHITE BREAD,0.1557,MEDIUM
230230,020210,"BREAD, OTHER THAN WHITE",0.1557,MEDIUM
230230,020620,BREAD AND CRACKER PRODUCTS,0.1557,MEDIUM
230230,010210,READY-TO-EAT AND COOKED CEREALS,0.1226,MEDIUM-LOW
230240,010310,RICE,0.5,HIGH
230240,010320,"PASTA, CORNMEAL AND OTHER CEREAL PRODUCTS",0.5,MEDIUM
230250,140210,CANNED BEANS,0.3333,HIGH
230250,140320,DRIED PEAS,0.3333,HIGH
230250,140330,DRIED BEANS,0.3333,HIGH
230310,140220,CANNED CORN,1.0,HIGH
230320,150211,SUGAR,1.0,HIGH
230400,160211,FATS AND OILS,0.1292,HIGH
230400,140110,FROZEN VEGETABLES,0.1244,HIGH
230400,140210,CANNED BEANS,0.1244,HIGH
230400,140230,CANNED MISCELLANEOUS VEGETABLES,0.1244,HIGH
230400,140310,DRIED PROCESSED VEGETABLES,0.1244,HIGH
230400,140330,DRIED BEANS,0.1244,HIGH
230400,140340,DRIED MISCELLANEOUS VEGETABLES,0.1244,HIGH
230400,120410,OTHER FRESH VEGETABLES,0.1244,HIGH
230500,180320,NUTS,0.2578,HIGH
230500,160211,FATS AND OILS,0.2578,HIGH
230500,160320,PEANUT BUTTER,0.2474,HIGH
230500,100110,BUTTER,0.237,HIGH
230610,160211,FATS AND OILS,1.0,HIGH
230620,160211,FATS AND OILS,1.0,HIGH
230630,160211,FATS AND OILS,1.0,HIGH
230641,160211,FATS AND OILS,1.0,HIGH
230649,160211,FATS AND OILS,1.0,HIGH
230650,160211,FATS AND OILS,0.2304,HIGH
230650,130310,CANNED FRUITS,0.2211,HIGH
230650,110410,OTHER FRESH FRUITS,0.2211,HIGH
230650,130121,FROZEN FRUITS,0.2211,HIGH
230650,110510,"CITRUS FRUITS, EXCLUDING ORANGES",0.1064,MEDIUM
230660,180320,NUTS,1.0,HIGH
230690,160211,FATS AND OILS,0.378,HIGH
230690,140220,CANNED CORN,0.2438,HIGH
230690,140410,FROZEN VEGETABLE JUICES,0.1329,MEDIUM-LOW
230690,140420,FRESH AND CANNED VEGETABLE JUICES,0.1329,MEDIUM-LOW
230690,010320,"PASTA, CORNMEAL AND OTHER CEREAL PRODUCTS",0.1125,MEDIUM-LOW
230700,200310,WINE,0.6077,HIGH
230700,200525,WINE AT BOARD,0.3923,MEDIUM-HIGH
230800,160211,FATS AND OILS,0.3334,HIGH
230800,140410,FROZEN VEGETABLE JUICES,0.1667,MEDIUM-LOW
230800,140420,FRESH AND CANNED VEGETABLE JUICES,0.1667,MEDIUM-LOW
230800,110310,ORANGES,0.07,HIGH
230800,110510,"CITRUS FRUITS, EXCLUDING ORANGES",0.07,HIGH
230800,130310,CANNED FRUITS,0.0644,HIGH
230800,110410,OTHER FRESH FRUITS,0.0644,HIGH
230800,130121,FROZEN FRUITS,0.0644,HIGH
230990,080110,EGGS,0.1587,HIGH
230990,180720,VITAMIN SUPPLEMENTS,0.1587,MEDIUM-LOW
230990,090110,"FRESH MILK, ALL TYPES",0.1346,HIGH
230990,040410,OTHER PORK,0.0952,HIGH
230990,030810,OTHER BEEF,0.0677,HIGH
230990,030110,GROUND BEEF,0.0677,HIGH
230990,040210,PORK CHOPS,0.0635,MEDIUM-HIGH
230990,060110,FRESH AND FROZEN WHOLE CHICKEN,0.0558,HIGH
230990,060210,FRESH AND FROZEN CHICKEN PARTS,0.0558,HIGH
230990,160310,NONDAIRY CREAM AND IMITATION MILK,0.0483,MEDIUM-LOW
230990,060310,OTHER POULTRY,0.0472,HIGH
230990,100510,MISCELLANEOUS DAIRY PRODUCTS,0.0468,HIGH
240110,630210,OTHER TOBACCO PRODUCTS,0.6543,MEDIUM-HIGH
240110,630110,CIGARETTES,0.3457,MEDIUM-HIGH
240120,630210,OTHER TOBACCO PRODUCTS,0.6203,MEDIUM-HIGH
240120,630110,CIGARETTES,0.3797,MEDIUM-HIGH
240130,630210,OTHER TOBACCO PRODUCTS,0.6154,HIGH
240130,630110,CIGARETTES,0.3846,HIGH
240210,630210,OTHER TOBACCO PRODUCTS,1.0,HIGH
240220,630110,CIGARETTES,0.5,HIGH
240220,630210,OTHER TOBACCO PRODUCTS,0.5,HIGH
240290,630110,CIGARETTES,0.5,HIGH
240290,630210,OTHER TOBACCO PRODUCTS,0.5,HIGH
240311,630210,OTHER TOBACCO PRODUCTS,1.0,HIGH
240319,630210,OTHER TOBACCO PRODUCTS,0.4663,MEDIUM-HIGH
240319,630110,CIGARETTES,0.3102,MEDIUM-HIGH
240319,630220,SMOKING ACCESSORIES,0.2235,MEDIUM-LOW
240391,630210,OTHER TOBACCO PRODUCTS,0.6316,HIGH
240391,630110,CIGARETTES,0.3684,HIGH
240399,010110,FLOUR,0.4225,MEDIUM
240399,630210,OTHER TOBACCO PRODUCTS,0.3662,HIGH
240399,630110,CIGARETTES,0.2113,HIGH
250100,290320,LIVING ROOM TABLES,1.0,MEDIUM-LOW
250840,600901,WATER SPORTS EQUIPMENT,0.0868,HIGH
250840,600902,OTHER SPORTS EQUIPMENT,0.0868,HIGH
250840,320130,INFANTS'' EQUIPMENT,0.0797,HIGH
250840,600430,WINTER SPORTS EQUIPMENT,0.0651,MEDIUM-HIGH
250840,310331,MISCELLANEOUS SOUND EQUIPMENT,0.0473,MEDIUM
250840,310335,MISCELLANEOUS VIDEO EQUIPMENT,0.0473,MEDIUM
250840,320150,OUTDOOR EQUIPMENT,0.0473,MEDIUM
250840,600410,CAMPING EQUIPMENT,0.0473,MEDIUM
250840,610120,PLAYGROUND EQUIPMENT,0.0473,MEDIUM
250840,610230,PHOTOGRAPHIC EQUIPMENT,0.0473,MEDIUM
250840,320905,MISCELLANEOUS HOUSEHOLD EQUIPMENT AND PARTS,0.0473,MEDIUM
250840,480213,"PARTS, EQUIPMENT, AND ACCESSORIES",0.0473,MEDIUM
250840,170533,SPORTS DRINKS,0.0473,MEDIUM
250840,310332,SOUND EQUIPMENT ACCESSORIES,0.0365,MEDIUM-LOW
250840,320140,LAUNDRY AND CLEANING EQUIPMENT,0.0365,MEDIUM-LOW
250840,600420,HUNTING AND FISHING EQUIPMENT,0.0365,MEDIUM-LOW
250840,320410,LAWN AND GARDEN EQUIPMENT,0.0365,MEDIUM-LOW
250840,620121,FEES FOR PARTICIPANT SPORTS,0.0365,MEDIUM-LOW
250840,240123,TOOLS AND EQUIPMENT FOR PAINTING AND,0.0365,MEDIUM-LOW
250840,240213,MATERIALS AND EQUIPMENT FOR ROOF AND GUTTERS,0.0365,MEDIUM-LOW
251200,180210,FROZEN MEALS,0.6555,MEDIUM-HIGH
251200,800700,MEALS AS PAY,0.3445,MEDIUM-LOW
252100,130310,CANNED FRUITS,0.2637,HIGH
252100,110410,OTHER FRESH FRUITS,0.2637,HIGH
252100,130121,FROZEN FRUITS,0.2637,HIGH
252100,110510,"CITRUS FRUITS, EXCLUDING ORANGES",0.2088,MEDIUM-HIGH
252220,130310,CANNED FRUITS,0.2533,HIGH
252220,110410,OTHER FRESH FRUITS,0.2533,HIGH
252220,130121,FROZEN FRUITS,0.2533,HIGH
252220,110510,"CITRUS FRUITS, EXCLUDING ORANGES",0.2401,HIGH
252230,130310,CANNED FRUITS,0.2533,HIGH
252230,110410,OTHER FRESH FRUITS,0.2533,HIGH
252230,130121,FROZEN FRUITS,0.2533,HIGH
252230,110510,"CITRUS FRUITS, EXCLUDING ORANGES",0.2401,HIGH
252321,020110,WHITE BREAD,0.5,MEDIUM-LOW
252321,020210,"BREAD, OTHER THAN WHITE",0.5,MEDIUM-LOW
260120,170310,ROASTED COFFEE,1.0,MEDIUM
261310,170310,ROASTED COFFEE,1.0,MEDIUM
261390,170310,ROASTED COFFEE,1.0,MEDIUM
262021,470111,GASOLINE,0.7031,HIGH
262021,470113,GASOLINE ON OUT-OF-TOWN TRIPS,0.2969,MEDIUM-LOW
270120,250911,"COAL, WOOD, OTHER FUELS (RENTER)",0.2257,MEDIUM
270120,250912,"COAL, WOOD, OTHER FUELS (OWNED HOME)",0.1942,MEDIUM
270120,250913,"COAL, WOOD, OTHER FUELS (OWNED VACATION)",0.1942,MEDIUM
270120,250914,"COAL, WOOD, OTHER FUELS (RENTED VACATION)",0.1942,MEDIUM
270120,470114,ALTERNATIVE FUELS,0.1917,MEDIUM-LOW
270400,470112,DIESEL FUEL,1.0,MEDIUM-LOW
270500,470111,GASOLINE,0.2527,HIGH
270500,470211,MOTOR OIL,0.2527,HIGH
270500,490311,MOTOR TUNE-UP,0.1423,MEDIUM
270500,470212,MOTOR OIL ON OUT-OF-TOWN TRIPS,0.1359,MEDIUM
270500,250111,FUEL OIL (RENTER),0.1098,MEDIUM-LOW
270500,470113,GASOLINE ON OUT-OF-TOWN TRIPS,0.1067,MEDIUM-LOW
270799,470211,MOTOR OIL,0.3758,MEDIUM
270799,160211,FATS AND OILS,0.3298,MEDIUM
270799,250111,FUEL OIL (RENTER),0.2944,MEDIUM-LOW
270900,470111,GASOLINE,0.2544,HIGH
270900,470211,MOTOR OIL,0.2544,HIGH
270900,490311,MOTOR TUNE-UP,0.1451,MEDIUM
270900,470212,MOTOR OIL ON OUT-OF-TOWN TRIPS,0.1352,MEDIUM
270900,250111,FUEL OIL (RENTER),0.112,MEDIUM-LOW
270900,470113,GASOLINE ON OUT-OF-TOWN TRIPS,0.0988,MEDIUM-LOW
271012,470111,GASOLINE,0.2473,HIGH
271012,470112,DIESEL FUEL,0.2347,MEDIUM-LOW
271012,470211,MOTOR OIL,0.1488,MEDIUM-LOW
271012,490311,MOTOR TUNE-UP,0.1229,MEDIUM-LOW
271012,470113,GASOLINE ON OUT-OF-TOWN TRIPS,0.1123,MEDIUM
271012,470212,MOTOR OIL ON OUT-OF-TOWN TRIPS,0.0742,MEDIUM
271012,250111,FUEL OIL (RENTER),0.0597,MEDIUM-LOW
271019,470112,DIESEL FUEL,0.2885,MEDIUM-LOW
271019,490311,MOTOR TUNE-UP,0.1089,MEDIUM
271019,470111,GASOLINE,0.0965,HIGH
271019,470211,MOTOR OIL,0.0861,MEDIUM-LOW
271019,250111,FUEL OIL (RENTER),0.0854,MEDIUM-HIGH
271019,470212,MOTOR OIL ON OUT-OF-TOWN TRIPS,0.0764,MEDIUM
271019,250112,FUEL OIL (OWNED HOME),0.0554,MEDIUM
271019,250113,FUEL OIL (OWNED VACATION),0.0554,MEDIUM
271019,250114,FUEL OIL (RENTED VACATION),0.0554,MEDIUM
271019,160211,FATS AND OILS,0.0503,MEDIUM-LOW
271019,470113,GASOLINE ON OUT-OF-TOWN TRIPS,0.0417,MEDIUM-LOW
271020,470112,DIESEL FUEL,0.2176,HIGH
271020,470111,GASOLINE,0.1228,HIGH
271020,490311,MOTOR TUNE-UP,0.1153,MEDIUM
271020,250111,FUEL OIL (RENTER),0.09,MEDIUM-HIGH
271020,470211,MOTOR OIL,0.0838,MEDIUM-LOW
271020,250112,FUEL OIL (OWNED HOME),0.0676,MEDIUM
271020,250113,FUEL OIL (OWNED VACATION),0.0676,MEDIUM
271020,250114,FUEL OIL (RENTED VACATION),0.0676,MEDIUM
271020,470212,MOTOR OIL ON OUT-OF-TOWN TRIPS,0.0664,MEDIUM
271020,470113,GASOLINE ON OUT-OF-TOWN TRIPS,0.0524,MEDIUM-LOW
271020,160211,FATS AND OILS,0.0488,MEDIUM-LOW
271099,470112,DIESEL FUEL,0.5385,MEDIUM-LOW
271099,470211,MOTOR OIL,0.2308,MEDIUM-LOW
271099,490311,MOTOR TUNE-UP,0.2308,MEDIUM-LOW
271119,470111,GASOLINE,0.2526,HIGH
271119,470211,MOTOR OIL,0.2526,HIGH
271119,470212,MOTOR OIL ON OUT-OF-TOWN TRIPS,0.1394,MEDIUM
271119,490311,MOTOR TUNE-UP,0.1379,MEDIUM
271119,470113,GASOLINE ON OUT-OF-TOWN TRIPS,0.1111,MEDIUM-LOW
271119,250111,FUEL OIL (RENTER),0.1065,MEDIUM-LOW
271129,470111,GASOLINE,0.2525,HIGH
271129,470211,MOTOR OIL,0.2525,HIGH
271129,470212,MOTOR OIL ON OUT-OF-TOWN TRIPS,0.1416,MEDIUM
271129,490311,MOTOR TUNE-UP,0.1352,MEDIUM
271129,470113,GASOLINE ON OUT-OF-TOWN TRIPS,0.1138,MEDIUM
271129,250111,FUEL OIL (RENTER),0.1043,MEDIUM-LOW
271210,470111,GASOLINE,0.2523,HIGH
271210,470211,MOTOR OIL,0.2523,HIGH
271210,470212,MOTOR OIL ON OUT-OF-TOWN TRIPS,0.1514,MEDIUM-HIGH
271210,470113,GASOLINE ON OUT-OF-TOWN TRIPS,0.1262,MEDIUM
271210,490311,MOTOR TUNE-UP,0.1229,MEDIUM
271210,250111,FUEL OIL (RENTER),0.0949,MEDIUM-LOW
271220,470211,MOTOR OIL,0.5081,MEDIUM
271220,160211,FATS AND OILS,0.4919,MEDIUM-LOW
271290,470111,GASOLINE,0.2527,HIGH
271290,470211,MOTOR OIL,0.2527,HIGH
271290,490311,MOTOR TUNE-UP,0.1431,MEDIUM
271290,470212,MOTOR OIL ON OUT-OF-TOWN TRIPS,0.1352,MEDIUM
271290,250111,FUEL OIL (RENTER),0.1105,MEDIUM-LOW
271290,470113,GASOLINE ON OUT-OF-TOWN TRIPS,0.1058,MEDIUM-LOW
271311,470111,GASOLINE,0.2525,HIGH
271311,470211,MOTOR OIL,0.2525,HIGH
271311,470212,MOTOR OIL ON OUT-OF-TOWN TRIPS,0.1451,MEDIUM
271311,490311,MOTOR TUNE-UP,0.1308,MEDIUM
271311,470113,GASOLINE ON OUT-OF-TOWN TRIPS,0.1182,MEDIUM
271311,250111,FUEL OIL (RENTER),0.101,MEDIUM-LOW
271312,470111,GASOLINE,0.2525,HIGH
271312,470211,MOTOR OIL,0.2525,HIGH
271312,470212,MOTOR OIL ON OUT-OF-TOWN TRIPS,0.1451,MEDIUM
271312,490311,MOTOR TUNE-UP,0.1308,MEDIUM
271312,470113,GASOLINE ON OUT-OF-TOWN TRIPS,0.1182,MEDIUM
271312,250111,FUEL OIL (RENTER),0.101,MEDIUM-LOW
271320,470111,GASOLINE,0.2523,HIGH
271320,470211,MOTOR OIL,0.2523,HIGH
271320,470212,MOTOR OIL ON OUT-OF-TOWN TRIPS,0.1514,MEDIUM-HIGH
271320,470113,GASOLINE ON OUT-OF-TOWN TRIPS,0.1262,MEDIUM
271320,490311,MOTOR TUNE-UP,0.1229,MEDIUM
271320,250111,FUEL OIL (RENTER),0.0949,MEDIUM-LOW
271390,470111,GASOLINE,0.2526,HIGH
271390,470211,MOTOR OIL,0.2526,HIGH
271390,470212,MOTOR OIL ON OUT-OF-TOWN TRIPS,0.1394,MEDIUM
271390,490311,MOTOR TUNE-UP,0.1379,MEDIUM
271390,470113,GASOLINE ON OUT-OF-TOWN TRIPS,0.1111,MEDIUM-LOW
271390,250111,FUEL OIL (RENTER),0.1065,MEDIUM-LOW
271410,470211,MOTOR OIL,0.5022,MEDIUM-LOW
271410,160211,FATS AND OILS,0.4978,MEDIUM-LOW
271500,470111,GASOLINE,0.2824,HIGH
271500,470211,MOTOR OIL,0.2824,HIGH
271500,490311,MOTOR TUNE-UP,0.1607,MEDIUM
271500,470212,MOTOR OIL ON OUT-OF-TOWN TRIPS,0.1505,MEDIUM
271500,250111,FUEL OIL (RENTER),0.124,MEDIUM-LOW
281511,170210,OTHER CARBONATED DRINKS,1.0,MEDIUM
281512,170210,OTHER CARBONATED DRINKS,1.0,MEDIUM
281810,150212,ARTIFICIAL SWEETENERS,0.5556,MEDIUM
281810,020110,WHITE BREAD,0.2222,MEDIUM-LOW
281810,020210,"BREAD, OTHER THAN WHITE",0.2222,MEDIUM-LOW
281820,150212,ARTIFICIAL SWEETENERS,1.0,MEDIUM
282490,110310,ORANGES,0.4977,HIGH
282490,110510,"CITRUS FRUITS, EXCLUDING ORANGES",0.2624,MEDIUM
282490,130110,FROZEN ORANGE JUICE,0.2398,MEDIUM
283311,020410,CAKES AND CUPCAKES,0.5844,MEDIUM-HIGH
283311,020710,"SWEETROLLS, COFFEE CAKES, DOUGHNUTS",0.4156,MEDIUM
284450,470112,DIESEL FUEL,1.0,MEDIUM-LOW
290110,470211,MOTOR OIL,0.1451,HIGH
290110,470111,GASOLINE,0.1387,HIGH
290110,160211,FATS AND OILS,0.1387,HIGH
290110,470212,MOTOR OIL ON OUT-OF-TOWN TRIPS,0.0807,MEDIUM
290110,490311,MOTOR TUNE-UP,0.0785,MEDIUM
290110,250111,FUEL OIL (RENTER),0.0671,MEDIUM
290110,600132,PURCHASE OF BOAT WITH MOTOR,0.0606,MEDIUM-LOW
290110,490312,"LUBE, OIL CHANGE, AND OIL FILTERS",0.0581,MEDIUM-LOW
290110,250112,FUEL OIL (OWNED HOME),0.0581,MEDIUM-LOW
290110,250113,FUEL OIL (OWNED VACATION),0.0581,MEDIUM-LOW
290110,250114,FUEL OIL (RENTED VACATION),0.0581,MEDIUM-LOW
290110,470113,GASOLINE ON OUT-OF-TOWN TRIPS,0.0581,MEDIUM-LOW
290129,470211,MOTOR OIL,0.1541,HIGH
290129,470111,GASOLINE,0.1484,HIGH
290129,160211,FATS AND OILS,0.1484,HIGH
290129,490311,MOTOR TUNE-UP,0.0847,MEDIUM
290129,470212,MOTOR OIL ON OUT-OF-TOWN TRIPS,0.0845,MEDIUM
290129,250111,FUEL OIL (RENTER),0.0711,MEDIUM-LOW
290129,600132,PURCHASE OF BOAT WITH MOTOR,0.0654,MEDIUM-LOW
290129,490312,"LUBE, OIL CHANGE, AND OIL FILTERS",0.0487,MEDIUM-LOW
290129,250112,FUEL OIL (OWNED HOME),0.0487,MEDIUM-LOW
290129,250113,FUEL OIL (OWNED VACATION),0.0487,MEDIUM-LOW
290129,250114,FUEL OIL (RENTED VACATION),0.0487,MEDIUM-LOW
290129,470113,GASOLINE ON OUT-OF-TOWN TRIPS,0.0487,MEDIUM-LOW
290420,150212,ARTIFICIAL SWEETENERS,1.0,MEDIUM-LOW
290511,200535,OTHER ALCOHOL AT BOARD,0.625,MEDIUM-LOW
290511,470112,DIESEL FUEL,0.375,MEDIUM-LOW
290513,200535,OTHER ALCOHOL AT BOARD,1.0,MEDIUM
290514,200535,OTHER ALCOHOL AT BOARD,1.0,MEDIUM
290516,200535,OTHER ALCOHOL AT BOARD,1.0,MEDIUM
290517,200535,OTHER ALCOHOL AT BOARD,1.0,MEDIUM-LOW
290519,200535,OTHER ALCOHOL AT BOARD,1.0,MEDIUM
290529,200535,OTHER ALCOHOL AT BOARD,1.0,MEDIUM
290621,200535,OTHER ALCOHOL AT BOARD,1.0,MEDIUM
290629,200535,OTHER ALCOHOL AT BOARD,1.0,MEDIUM
290722,620330,PHOTO PROCESSING,0.5,MEDIUM-LOW
290722,610220,OTHER PHOTOGRAPHIC SUPPLIES,0.25,MEDIUM
290722,610230,PHOTOGRAPHIC EQUIPMENT,0.25,MEDIUM
290930,150212,ARTIFICIAL SWEETENERS,1.0,MEDIUM-LOW
290950,200535,OTHER ALCOHOL AT BOARD,1.0,MEDIUM-LOW
290960,200535,OTHER ALCOHOL AT BOARD,1.0,MEDIUM-LOW
291440,200535,OTHER ALCOHOL AT BOARD,1.0,MEDIUM-LOW
291469,610220,OTHER PHOTOGRAPHIC SUPPLIES,0.25,MEDIUM
291469,610230,PHOTOGRAPHIC EQUIPMENT,0.25,MEDIUM
291469,540000,PRESCRIPTION DRUGS,0.25,MEDIUM
291469,550210,NONPRESCRIPTION DRUGS,0.25,MEDIUM
291470,150212,ARTIFICIAL SWEETENERS,1.0,MEDIUM-LOW
291479,150212,ARTIFICIAL SWEETENERS,1.0,MEDIUM-LOW
291539,200535,OTHER ALCOHOL AT BOARD,1.0,MEDIUM-LOW
291590,140410,FROZEN VEGETABLE JUICES,0.5,MEDIUM-LOW
291590,140420,FRESH AND CANNED VEGETABLE JUICES,0.5,MEDIUM-LOW
291813,090210,CREAM,0.5095,HIGH
291813,100410,ICE CREAM AND RELATED PRODUCTS,0.2608,MEDIUM
291813,160310,NONDAIRY CREAM AND IMITATION MILK,0.2297,MEDIUM
291819,200535,OTHER ALCOHOL AT BOARD,1.0,MEDIUM-LOW
291899,540000,PRESCRIPTION DRUGS,0.5,MEDIUM
291899,550210,NONPRESCRIPTION DRUGS,0.5,MEDIUM
292149,540000,PRESCRIPTION DRUGS,0.5,MEDIUM-LOW
292149,550210,NONPRESCRIPTION DRUGS,0.5,MEDIUM-LOW
292151,610220,OTHER PHOTOGRAPHIC SUPPLIES,0.5,MEDIUM-LOW
292151,610230,PHOTOGRAPHIC EQUIPMENT,0.5,MEDIUM-LOW
292219,540000,PRESCRIPTION DRUGS,0.5,MEDIUM-LOW
292219,550210,NONPRESCRIPTION DRUGS,0.5,MEDIUM-LOW
292229,610220,OTHER PHOTOGRAPHIC SUPPLIES,0.5,MEDIUM-LOW
292229,610230,PHOTOGRAPHIC EQUIPMENT,0.5,MEDIUM-LOW
292249,540000,PRESCRIPTION DRUGS,0.5,MEDIUM-LOW
292249,550210,NONPRESCRIPTION DRUGS,0.5,MEDIUM-LOW
292250,200535,OTHER ALCOHOL AT BOARD,0.4839,MEDIUM-LOW
292250,540000,PRESCRIPTION DRUGS,0.2581,MEDIUM
292250,550210,NONPRESCRIPTION DRUGS,0.2581,MEDIUM
292320,080110,EGGS,0.5,HIGH
292320,160211,FATS AND OILS,0.5,HIGH
292429,540000,PRESCRIPTION DRUGS,0.5,MEDIUM-LOW
292429,550210,NONPRESCRIPTION DRUGS,0.5,MEDIUM-LOW
292529,540000,PRESCRIPTION DRUGS,0.5,MEDIUM-LOW
292529,550210,NONPRESCRIPTION DRUGS,0.5,MEDIUM-LOW
292700,610220,OTHER PHOTOGRAPHIC SUPPLIES,0.5,MEDIUM-LOW
292700,610230,PHOTOGRAPHIC EQUIPMENT,0.5,MEDIUM-LOW
292800,540000,PRESCRIPTION DRUGS,0.5,MEDIUM-LOW
292800,550210,NONPRESCRIPTION DRUGS,0.5,MEDIUM-LOW
293020,620330,PHOTO PROCESSING,1.0,MEDIUM-LOW
293090,620330,PHOTO PROCESSING,0.5,MEDIUM-LOW
293090,540000,PRESCRIPTION DRUGS,0.25,MEDIUM-LOW
293090,550210,NONPRESCRIPTION DRUGS,0.25,MEDIUM-LOW
293190,540000,PRESCRIPTION DRUGS,0.5,MEDIUM-LOW
293190,550210,NONPRESCRIPTION DRUGS,0.5,MEDIUM-LOW
293213,200535,OTHER ALCOHOL AT BOARD,1.0,MEDIUM
293214,160211,FATS AND OILS,1.0,HIGH
293219,160211,FATS AND OILS,1.0,HIGH
293220,540000,PRESCRIPTION DRUGS,0.5,MEDIUM
293220,550210,NONPRESCRIPTION DRUGS,0.5,MEDIUM
293319,160211,FATS AND OILS,0.3728,HIGH
293319,610220,OTHER PHOTOGRAPHIC SUPPLIES,0.1919,MEDIUM-LOW
293319,610230,PHOTOGRAPHIC EQUIPMENT,0.1919,MEDIUM-LOW
293319,540000,PRESCRIPTION DRUGS,0.1216,MEDIUM-LOW
293319,550210,NONPRESCRIPTION DRUGS,0.1216,MEDIUM-LOW
293329,160211,FATS AND OILS,0.6226,HIGH
293329,540000,PRESCRIPTION DRUGS,0.1887,MEDIUM-LOW
293329,550210,NONPRESCRIPTION DRUGS,0.1887,MEDIUM-LOW
293339,160211,FATS AND OILS,0.6656,HIGH
293339,540000,PRESCRIPTION DRUGS,0.1672,MEDIUM-LOW
293339,550210,NONPRESCRIPTION DRUGS,0.1672,MEDIUM-LOW
293349,160211,FATS AND OILS,0.6236,HIGH
293349,540000,PRESCRIPTION DRUGS,0.1882,MEDIUM-LOW
293349,550210,NONPRESCRIPTION DRUGS,0.1882,MEDIUM-LOW
293359,160211,FATS AND OILS,0.652,HIGH
293359,540000,PRESCRIPTION DRUGS,0.174,MEDIUM-LOW
293359,550210,NONPRESCRIPTION DRUGS,0.174,MEDIUM-LOW
293369,160211,FATS AND OILS,0.7542,HIGH
293369,620330,PHOTO PROCESSING,0.2458,MEDIUM-LOW
293399,610220,OTHER PHOTOGRAPHIC SUPPLIES,0.25,MEDIUM
293399,610230,PHOTOGRAPHIC EQUIPMENT,0.25,MEDIUM
293399,540000,PRESCRIPTION DRUGS,0.25,MEDIUM-LOW
293399,550210,NONPRESCRIPTION DRUGS,0.25,MEDIUM-LOW
293410,160211,FATS AND OILS,1.0,HIGH
293420,160211,FATS AND OILS,1.0,HIGH
293430,160211,FATS AND OILS,0.6224,HIGH
293430,540000,PRESCRIPTION DRUGS,0.1888,MEDIUM-LOW
293430,550210,NONPRESCRIPTION DRUGS,0.1888,MEDIUM-LOW
293499,610220,OTHER PHOTOGRAPHIC SUPPLIES,0.25,MEDIUM
293499,610230,PHOTOGRAPHIC EQUIPMENT,0.25,MEDIUM
293499,540000,PRESCRIPTION DRUGS,0.25,MEDIUM-LOW
293499,550210,NONPRESCRIPTION DRUGS,0.25,MEDIUM-LOW
293500,540000,PRESCRIPTION DRUGS,0.5,MEDIUM-LOW
293500,550210,NONPRESCRIPTION DRUGS,0.5,MEDIUM-LOW
293590,540000,PRESCRIPTION DRUGS,0.5,MEDIUM-LOW
293590,550210,NONPRESCRIPTION DRUGS,0.5,MEDIUM-LOW
293621,550410,NONPRESCRIPTION VITAMINS,1.0,MEDIUM
293622,550410,NONPRESCRIPTION VITAMINS,0.5769,MEDIUM-HIGH
293622,180720,VITAMIN SUPPLEMENTS,0.4231,MEDIUM
293623,550410,NONPRESCRIPTION VITAMINS,0.5769,MEDIUM-HIGH
293623,180720,VITAMIN SUPPLEMENTS,0.4231,MEDIUM
293624,550410,NONPRESCRIPTION VITAMINS,0.5798,MEDIUM
293624,180720,VITAMIN SUPPLEMENTS,0.4202,MEDIUM-LOW
293625,550410,NONPRESCRIPTION VITAMINS,0.5833,MEDIUM
293625,180720,VITAMIN SUPPLEMENTS,0.4167,MEDIUM-LOW
293626,550410,NONPRESCRIPTION VITAMINS,0.5833,MEDIUM
293626,180720,VITAMIN SUPPLEMENTS,0.4167,MEDIUM-LOW
293627,550410,NONPRESCRIPTION VITAMINS,0.5798,MEDIUM
293627,180720,VITAMIN SUPPLEMENTS,0.4202,MEDIUM-LOW
293628,550410,NONPRESCRIPTION VITAMINS,0.5833,MEDIUM
293628,180720,VITAMIN SUPPLEMENTS,0.4167,MEDIUM-LOW
293629,610320,"PET PURCHASE, SUPPLIES, MEDICINE",0.5,MEDIUM
293629,550410,NONPRESCRIPTION VITAMINS,0.5,MEDIUM
293723,140410,FROZEN VEGETABLE JUICES,0.5,MEDIUM
293723,140420,FRESH AND CANNED VEGETABLE JUICES,0.5,MEDIUM
293919,140410,FROZEN VEGETABLE JUICES,0.5,MEDIUM-LOW
293919,140420,FRESH AND CANNED VEGETABLE JUICES,0.5,MEDIUM-LOW
293979,140410,FROZEN VEGETABLE JUICES,0.5,MEDIUM-LOW
293979,140420,FRESH AND CANNED VEGETABLE JUICES,0.5,MEDIUM-LOW
293999,140410,FROZEN VEGETABLE JUICES,0.5,MEDIUM-LOW
293999,140420,FRESH AND CANNED VEGETABLE JUICES,0.5,MEDIUM-LOW
294000,150211,SUGAR,0.3411,HIGH
294000,100510,MISCELLANEOUS DAIRY PRODUCTS,0.3295,HIGH
294000,090110,"FRESH MILK, ALL TYPES",0.3295,HIGH
294200,540000,PRESCRIPTION DRUGS,0.5,MEDIUM
294200,550210,NONPRESCRIPTION DRUGS,0.5,MEDIUM
300210,030810,OTHER BEEF,0.5,MEDIUM-LOW
300210,030110,GROUND BEEF,0.5,MEDIUM-LOW
300212,030810,OTHER BEEF,0.5,MEDIUM-LOW
300212,030110,GROUND BEEF,0.5,MEDIUM-LOW
300450,550410,NONPRESCRIPTION VITAMINS,1.0,MEDIUM-LOW
300510,550310,TOPICALS AND DRESSINGS,1.0,MEDIUM-LOW
310210,470112,DIESEL FUEL,0.6971,HIGH
310210,250111,FUEL OIL (RENTER),0.3029,MEDIUM-LOW
320190,180320,NUTS,0.5,HIGH
320190,140410,FROZEN VEGETABLE JUICES,0.25,MEDIUM
320190,140420,FRESH AND CANNED VEGETABLE JUICES,0.25,MEDIUM
320300,140410,FROZEN VEGETABLE JUICES,0.5,MEDIUM-LOW
320300,140420,FRESH AND CANNED VEGETABLE JUICES,0.5,MEDIUM-LOW
320413,110310,ORANGES,0.515,HIGH
320413,110510,"CITRUS FRUITS, EXCLUDING ORANGES",0.255,MEDIUM
320413,130110,FROZEN ORANGE JUICE,0.23,MEDIUM-LOW
320415,110310,ORANGES,0.525,HIGH
320415,110510,"CITRUS FRUITS, EXCLUDING ORANGES",0.2507,MEDIUM-LOW
320415,130110,FROZEN ORANGE JUICE,0.2243,MEDIUM-LOW
320416,110310,ORANGES,0.5178,HIGH
320416,110510,"CITRUS FRUITS, EXCLUDING ORANGES",0.2538,MEDIUM
320416,130110,FROZEN ORANGE JUICE,0.2284,MEDIUM-LOW
320417,110310,ORANGES,0.5113,HIGH
320417,110510,"CITRUS FRUITS, EXCLUDING ORANGES",0.2566,MEDIUM
320417,130110,FROZEN ORANGE JUICE,0.2321,MEDIUM-LOW
320419,110310,ORANGES,0.5178,HIGH
320419,110510,"CITRUS FRUITS, EXCLUDING ORANGES",0.2538,MEDIUM
320419,130110,FROZEN ORANGE JUICE,0.2284,MEDIUM-LOW
320620,110310,ORANGES,0.4835,HIGH
320620,110510,"CITRUS FRUITS, EXCLUDING ORANGES",0.2686,MEDIUM
320620,130110,FROZEN ORANGE JUICE,0.2479,MEDIUM
321000,990940,MATERIAL FOR FINISHING BASEMENTS AND,1.0,MEDIUM-LOW
330112,110310,ORANGES,0.2196,MEDIUM
330112,110510,"CITRUS FRUITS, EXCLUDING ORANGES",0.2196,MEDIUM
330112,130310,CANNED FRUITS,0.1869,MEDIUM-LOW
330112,110410,OTHER FRESH FRUITS,0.1869,MEDIUM-LOW
330112,130121,FROZEN FRUITS,0.1869,MEDIUM-LOW
330113,110510,"CITRUS FRUITS, EXCLUDING ORANGES",0.2233,MEDIUM
330113,110310,ORANGES,0.2067,MEDIUM-LOW
330113,130310,CANNED FRUITS,0.19,MEDIUM-LOW
330113,110410,OTHER FRESH FRUITS,0.19,MEDIUM-LOW
330113,130121,FROZEN FRUITS,0.19,MEDIUM-LOW
330119,110510,"CITRUS FRUITS, EXCLUDING ORANGES",0.2236,MEDIUM
330119,110310,ORANGES,0.2074,MEDIUM-LOW
330119,130310,CANNED FRUITS,0.1896,MEDIUM-LOW
330119,110410,OTHER FRESH FRUITS,0.1896,MEDIUM-LOW
330119,130121,FROZEN FRUITS,0.1896,MEDIUM-LOW
330129,110310,ORANGES,0.2093,MEDIUM-LOW
330129,110510,"CITRUS FRUITS, EXCLUDING ORANGES",0.2093,MEDIUM-LOW
330129,130310,CANNED FRUITS,0.1938,MEDIUM-LOW
330129,110410,OTHER FRESH FRUITS,0.1938,MEDIUM-LOW
330129,130121,FROZEN FRUITS,0.1938,MEDIUM-LOW
330190,160211,FATS AND OILS,1.0,MEDIUM-LOW
330290,640310,"COSMETICS, PERFUME, BATH PREPARATIONS",0.5164,MEDIUM-LOW
330290,160211,FATS AND OILS,0.4836,MEDIUM-LOW
330499,640110,HAIR CARE PRODUCTS,0.5,MEDIUM-LOW
330499,470111,GASOLINE,0.25,MEDIUM-LOW
330499,470211,MOTOR OIL,0.25,MEDIUM-LOW
330530,640110,HAIR CARE PRODUCTS,0.5,MEDIUM
330530,640120,NONELECTRIC ARTICLES FOR THE HAIR,0.5,MEDIUM
330590,640110,HAIR CARE PRODUCTS,0.5,MEDIUM
330590,640120,NONELECTRIC ARTICLES FOR THE HAIR,0.5,MEDIUM
330690,640210,"ORAL HYGIENE PRODUCTS, ARTICLES",1.0,HIGH
330710,640220,SHAVING NEEDS,1.0,MEDIUM-LOW
330720,640410,"DEODORANTS, FEMININE HYGIENE, MISCELLANEOUS PERSONAL",1.0,MEDIUM-HIGH
330790,640310,"COSMETICS, PERFUME, BATH PREPARATIONS",1.0,MEDIUM
340130,090210,CREAM,1.0,MEDIUM-LOW
340220,330210,OTHER LAUNDRY CLEANING PRODUCTS,1.0,MEDIUM-LOW
340290,330110,SOAPS AND DETERGENTS,0.5,MEDIUM
340290,330210,OTHER LAUNDRY CLEANING PRODUCTS,0.5,MEDIUM-HIGH
340311,470111,GASOLINE,0.5,MEDIUM-LOW
340311,470211,MOTOR OIL,0.5,MEDIUM-LOW
340319,470211,MOTOR OIL,0.5138,MEDIUM
340319,470111,GASOLINE,0.4862,MEDIUM-LOW
340391,470211,MOTOR OIL,0.3447,MEDIUM-LOW
340391,470111,GASOLINE,0.3277,MEDIUM-LOW
340391,160211,FATS AND OILS,0.3277,MEDIUM-LOW
340399,470211,MOTOR OIL,0.5164,MEDIUM
340399,470111,GASOLINE,0.4836,MEDIUM-LOW
350110,090110,"FRESH MILK, ALL TYPES",0.3236,HIGH
350110,100210,CHEESE,0.2633,HIGH
350110,100510,MISCELLANEOUS DAIRY PRODUCTS,0.2633,HIGH
350110,160310,NONDAIRY CREAM AND IMITATION MILK,0.1498,MEDIUM
350190,100210,CHEESE,0.5,HIGH
350190,100510,MISCELLANEOUS DAIRY PRODUCTS,0.5,HIGH
350211,080110,EGGS,1.0,HIGH
350219,080110,EGGS,1.0,HIGH
350220,090110,"FRESH MILK, ALL TYPES",0.5,HIGH
350220,100510,MISCELLANEOUS DAIRY PRODUCTS,0.5,HIGH
350300,610220,OTHER PHOTOGRAPHIC SUPPLIES,0.1667,MEDIUM
350300,610230,PHOTOGRAPHIC EQUIPMENT,0.1667,MEDIUM
350300,100210,CHEESE,0.1667,HIGH
350300,100510,MISCELLANEOUS DAIRY PRODUCTS,0.1667,HIGH
350300,070110,CANNED FISH AND SEAFOOD,0.1111,MEDIUM
350300,070230,FRESH FISH AND SHELLFISH,0.1111,MEDIUM
350300,070240,FROZEN FISH AND SHELLFISH,0.1111,MEDIUM
350510,120110,POTATOES,0.5,HIGH
350510,140220,CANNED CORN,0.3416,HIGH
350510,010320,"PASTA, CORNMEAL AND OTHER CEREAL PRODUCTS",0.1584,MEDIUM
350610,100210,CHEESE,0.3042,HIGH
350610,100510,MISCELLANEOUS DAIRY PRODUCTS,0.3042,HIGH
350610,070110,CANNED FISH AND SEAFOOD,0.1305,MEDIUM-LOW
350610,070230,FRESH FISH AND SHELLFISH,0.1305,MEDIUM-LOW
350610,070240,FROZEN FISH AND SHELLFISH,0.1305,MEDIUM-LOW
350691,610210,FILM,1.0,MEDIUM-HIGH
360410,610901,FIREWORKS,1.0,HIGH
360610,470114,ALTERNATIVE FUELS,1.0,MEDIUM-LOW
360690,470114,ALTERNATIVE FUELS,1.0,MEDIUM-LOW
370110,610210,FILM,1.0,HIGH
370120,610210,FILM,1.0,HIGH
370130,610210,FILM,1.0,HIGH
370191,610210,FILM,0.6154,HIGH
370191,610220,OTHER PHOTOGRAPHIC SUPPLIES,0.1923,MEDIUM-LOW
370191,610230,PHOTOGRAPHIC EQUIPMENT,0.1923,MEDIUM-LOW
370199,610210,FILM,0.6121,HIGH
370199,610220,OTHER PHOTOGRAPHIC SUPPLIES,0.194,MEDIUM-LOW
370199,610230,PHOTOGRAPHIC EQUIPMENT,0.194,MEDIUM-LOW
370210,610210,FILM,0.6457,HIGH
370210,020310,BISCUITS AND ROLLS,0.3543,MEDIUM-LOW
370231,610210,FILM,0.6544,MEDIUM-HIGH
370231,020310,BISCUITS AND ROLLS,0.3456,MEDIUM-LOW
370232,020310,BISCUITS AND ROLLS,0.5101,MEDIUM-LOW
370232,610210,FILM,0.4899,HIGH
370239,610210,FILM,0.6544,MEDIUM-HIGH
370239,020310,BISCUITS AND ROLLS,0.3456,MEDIUM-LOW
370241,610210,FILM,1.0,MEDIUM-HIGH
370242,610210,FILM,1.0,MEDIUM-HIGH
370243,610210,FILM,1.0,HIGH
370244,610210,FILM,1.0,HIGH
370252,610210,FILM,1.0,HIGH
370253,610210,FILM,0.7181,MEDIUM-HIGH
370253,020310,BISCUITS AND ROLLS,0.2819,MEDIUM-LOW
370254,610210,FILM,1.0,HIGH
370255,610210,FILM,1.0,HIGH
370256,610210,FILM,1.0,HIGH
370291,610210,FILM,0.3891,MEDIUM-HIGH
370291,610220,OTHER PHOTOGRAPHIC SUPPLIES,0.2036,MEDIUM-LOW
370291,020310,BISCUITS AND ROLLS,0.2036,MEDIUM-LOW
370291,610230,PHOTOGRAPHIC EQUIPMENT,0.2036,MEDIUM-LOW
370293,610210,FILM,1.0,HIGH
370294,610210,FILM,1.0,HIGH
370295,610210,FILM,1.0,HIGH
370296,610210,FILM,1.0,HIGH
370297,610210,FILM,1.0,HIGH
370298,610210,FILM,1.0,HIGH
370310,020310,BISCUITS AND ROLLS,0.5652,MEDIUM-LOW
370310,610220,OTHER PHOTOGRAPHIC SUPPLIES,0.2174,MEDIUM-LOW
370310,610230,PHOTOGRAPHIC EQUIPMENT,0.2174,MEDIUM-LOW
370320,020310,BISCUITS AND ROLLS,0.5556,MEDIUM-LOW
370320,610220,OTHER PHOTOGRAPHIC SUPPLIES,0.2222,MEDIUM-LOW
370320,610230,PHOTOGRAPHIC EQUIPMENT,0.2222,MEDIUM-LOW
370390,020310,BISCUITS AND ROLLS,0.5,MEDIUM-LOW
370390,610220,OTHER PHOTOGRAPHIC SUPPLIES,0.25,MEDIUM-LOW
370390,610230,PHOTOGRAPHIC EQUIPMENT,0.25,MEDIUM-LOW
370400,610210,FILM,0.4847,MEDIUM-HIGH
370400,610220,OTHER PHOTOGRAPHIC SUPPLIES,0.2576,MEDIUM-LOW
370400,610230,PHOTOGRAPHIC EQUIPMENT,0.2576,MEDIUM-LOW
370500,610210,FILM,0.4847,MEDIUM-HIGH
370500,610220,OTHER PHOTOGRAPHIC SUPPLIES,0.2576,MEDIUM-LOW
370500,610230,PHOTOGRAPHIC EQUIPMENT,0.2576,MEDIUM-LOW
370510,610210,FILM,0.4828,HIGH
370510,610220,OTHER PHOTOGRAPHIC SUPPLIES,0.2586,MEDIUM-LOW
370510,610230,PHOTOGRAPHIC EQUIPMENT,0.2586,MEDIUM-LOW
370590,610210,FILM,0.4802,HIGH
370590,610220,OTHER PHOTOGRAPHIC SUPPLIES,0.2599,MEDIUM-LOW
370590,610230,PHOTOGRAPHIC EQUIPMENT,0.2599,MEDIUM-LOW
370610,610210,FILM,0.7198,HIGH
370610,310331,MISCELLANEOUS SOUND EQUIPMENT,0.2802,MEDIUM-LOW
370690,610210,FILM,1.0,HIGH
370710,610220,OTHER PHOTOGRAPHIC SUPPLIES,0.5,MEDIUM-LOW
370710,610230,PHOTOGRAPHIC EQUIPMENT,0.5,MEDIUM-LOW
370790,610220,OTHER PHOTOGRAPHIC SUPPLIES,0.5,MEDIUM-LOW
370790,610230,PHOTOGRAPHIC EQUIPMENT,0.5,MEDIUM-LOW
380110,320512,SEWING MACHINES,0.3333,MEDIUM-LOW
380110,150212,ARTIFICIAL SWEETENERS,0.3333,MEDIUM-LOW
380110,600110,OUTBOARD MOTORS,0.3333,MEDIUM-LOW
380210,130310,CANNED FRUITS,0.2848,HIGH
380210,110410,OTHER FRESH FRUITS,0.2848,HIGH
380210,130121,FROZEN FRUITS,0.2848,HIGH
380210,110510,"CITRUS FRUITS, EXCLUDING ORANGES",0.1457,MEDIUM
380300,160211,FATS AND OILS,0.6748,HIGH
380300,470211,MOTOR OIL,0.3252,MEDIUM
380400,160211,FATS AND OILS,1.0,HIGH
380510,150110,CANDY AND CHEWING GUM,0.6232,MEDIUM-HIGH
380510,160211,FATS AND OILS,0.3768,MEDIUM-LOW
380590,160211,FATS AND OILS,0.6144,HIGH
380590,470211,MOTOR OIL,0.2162,MEDIUM
380590,250111,FUEL OIL (RENTER),0.1694,MEDIUM-LOW
380610,150110,CANDY AND CHEWING GUM,1.0,HIGH
380700,160211,FATS AND OILS,0.3499,MEDIUM-LOW
380700,140410,FROZEN VEGETABLE JUICES,0.325,MEDIUM-LOW
380700,140420,FRESH AND CANNED VEGETABLE JUICES,0.325,MEDIUM-LOW
380910,990940,MATERIAL FOR FINISHING BASEMENTS AND,1.0,MEDIUM-LOW
380991,990940,MATERIAL FOR FINISHING BASEMENTS AND,1.0,MEDIUM-LOW
380992,990940,MATERIAL FOR FINISHING BASEMENTS AND,1.0,MEDIUM-LOW
380993,990940,MATERIAL FOR FINISHING BASEMENTS AND,1.0,MEDIUM-LOW
381121,470211,MOTOR OIL,0.214,HIGH
381121,470111,GASOLINE,0.2021,HIGH
381121,470212,MOTOR OIL ON OUT-OF-TOWN TRIPS,0.1213,MEDIUM
381121,490311,MOTOR TUNE-UP,0.1129,MEDIUM
381121,160211,FATS AND OILS,0.0892,MEDIUM-LOW
381121,250111,FUEL OIL (RENTER),0.0872,MEDIUM-LOW
381121,600132,PURCHASE OF BOAT WITH MOTOR,0.0872,MEDIUM-LOW
381121,470113,GASOLINE ON OUT-OF-TOWN TRIPS,0.0862,MEDIUM-LOW
381129,470211,MOTOR OIL,0.2132,HIGH
381129,470111,GASOLINE,0.2027,HIGH
381129,470212,MOTOR OIL ON OUT-OF-TOWN TRIPS,0.1195,MEDIUM
381129,490311,MOTOR TUNE-UP,0.1141,MEDIUM
381129,160211,FATS AND OILS,0.0886,MEDIUM-LOW
381129,250111,FUEL OIL (RENTER),0.0881,MEDIUM-LOW
381129,600132,PURCHASE OF BOAT WITH MOTOR,0.0881,MEDIUM-LOW
381129,470113,GASOLINE ON OUT-OF-TOWN TRIPS,0.0856,MEDIUM-LOW
381190,160211,FATS AND OILS,1.0,MEDIUM
381300,520550,TOWING CHARGES,1.0,MEDIUM-LOW
381400,240112,"PAINTS, WALLPAPER AND SUPPLIES",0.5,MEDIUM
381400,240113,"PAINTS, WALLPAPER, SUPPLIES",0.5,MEDIUM
381511,380340,WOMEN''S ACTIVE SPORTSWEAR,0.3333,MEDIUM-LOW
381511,390230,GIRLS'' ACTIVE SPORTSWEAR,0.3333,MEDIUM-LOW
381511,360350,MEN''S ACTIVE SPORTSWEAR,0.3333,MEDIUM-LOW
381512,380340,WOMEN''S ACTIVE SPORTSWEAR,0.3333,MEDIUM-LOW
381512,390230,GIRLS'' ACTIVE SPORTSWEAR,0.3333,MEDIUM-LOW
381512,360350,MEN''S ACTIVE SPORTSWEAR,0.3333,MEDIUM-LOW
381900,470211,MOTOR OIL,0.1807,HIGH
381900,470111,GASOLINE,0.1776,HIGH
381900,160211,FATS AND OILS,0.127,HIGH
381900,490311,MOTOR TUNE-UP,0.1006,MEDIUM
381900,470212,MOTOR OIL ON OUT-OF-TOWN TRIPS,0.0981,MEDIUM
381900,250111,FUEL OIL (RENTER),0.0808,MEDIUM-LOW
381900,470113,GASOLINE ON OUT-OF-TOWN TRIPS,0.0805,MEDIUM-LOW
381900,600132,PURCHASE OF BOAT WITH MOTOR,0.0777,MEDIUM-LOW
381900,470220,"COOLANT, BRAKE FLUID, TRANSMISSION FLUID, AND OTHER",0.0768,MEDIUM-LOW
382313,160211,FATS AND OILS,0.686,HIGH
382313,470211,MOTOR OIL,0.314,MEDIUM-LOW
382319,160211,FATS AND OILS,0.4386,HIGH
382319,130310,CANNED FRUITS,0.1431,HIGH
382319,110410,OTHER FRESH FRUITS,0.1431,HIGH
382319,130121,FROZEN FRUITS,0.1431,HIGH
382319,110510,"CITRUS FRUITS, EXCLUDING ORANGES",0.0696,MEDIUM
382319,470211,MOTOR OIL,0.0625,MEDIUM-LOW
382370,200535,OTHER ALCOHOL AT BOARD,0.5,MEDIUM
382370,140410,FROZEN VEGETABLE JUICES,0.25,MEDIUM-LOW
382370,140420,FRESH AND CANNED VEGETABLE JUICES,0.25,MEDIUM-LOW
382490,140410,FROZEN VEGETABLE JUICES,0.25,MEDIUM-LOW
382490,140420,FRESH AND CANNED VEGETABLE JUICES,0.25,MEDIUM-LOW
382490,470211,MOTOR OIL,0.102,HIGH
382490,470111,GASOLINE,0.0979,HIGH
382490,160211,FATS AND OILS,0.0979,HIGH
382490,470212,MOTOR OIL ON OUT-OF-TOWN TRIPS,0.0563,MEDIUM
382490,490311,MOTOR TUNE-UP,0.0557,MEDIUM
382490,250111,FUEL OIL (RENTER),0.0471,MEDIUM
382490,600132,PURCHASE OF BOAT WITH MOTOR,0.043,MEDIUM-LOW
382499,140410,FROZEN VEGETABLE JUICES,0.25,MEDIUM-LOW
382499,140420,FRESH AND CANNED VEGETABLE JUICES,0.25,MEDIUM-LOW
382499,470211,MOTOR OIL,0.102,HIGH
382499,470111,GASOLINE,0.0979,HIGH
382499,160211,FATS AND OILS,0.0979,HIGH
382499,470212,MOTOR OIL ON OUT-OF-TOWN TRIPS,0.0563,MEDIUM
382499,490311,MOTOR TUNE-UP,0.0557,MEDIUM
382499,250111,FUEL OIL (RENTER),0.0471,MEDIUM
382499,600132,PURCHASE OF BOAT WITH MOTOR,0.043,MEDIUM-LOW
382600,470111,GASOLINE,0.2071,HIGH
382600,470211,MOTOR OIL,0.2071,HIGH
382600,490311,MOTOR TUNE-UP,0.1159,MEDIUM
382600,470212,MOTOR OIL ON OUT-OF-TOWN TRIPS,0.1119,MEDIUM
382600,160211,FATS AND OILS,0.0911,MEDIUM-LOW
382600,250111,FUEL OIL (RENTER),0.0895,MEDIUM-LOW
382600,600132,PURCHASE OF BOAT WITH MOTOR,0.0895,MEDIUM-LOW
382600,470113,GASOLINE ON OUT-OF-TOWN TRIPS,0.0881,MEDIUM-LOW
390760,610310,PET FOOD,1.0,MEDIUM-HIGH
391110,470111,GASOLINE,0.2283,HIGH
391110,470211,MOTOR OIL,0.2283,HIGH
391110,470212,MOTOR OIL ON OUT-OF-TOWN TRIPS,0.126,MEDIUM
391110,490311,MOTOR TUNE-UP,0.1246,MEDIUM
391110,470113,GASOLINE ON OUT-OF-TOWN TRIPS,0.1004,MEDIUM-LOW
391110,250111,FUEL OIL (RENTER),0.0962,MEDIUM-LOW
391110,600132,PURCHASE OF BOAT WITH MOTOR,0.0962,MEDIUM-LOW
391390,150110,CANDY AND CHEWING GUM,1.0,HIGH
391590,610310,PET FOOD,1.0,HIGH
391620,320120,WINDOW COVERINGS,1.0,MEDIUM-LOW
391710,040510,SAUSAGE,0.6916,HIGH
391710,150212,ARTIFICIAL SWEETENERS,0.3084,MEDIUM-LOW
391740,520410,VEHICLE INSPECTION,0.5,MEDIUM
391740,600142,PURCHASE OF OTHER VEHICLE,0.5,MEDIUM
391810,320120,WINDOW COVERINGS,0.505,MEDIUM-LOW
391810,320111,"FLOOR COVERINGS, NONPERMANENT",0.3293,MEDIUM-HIGH
391810,020310,BISCUITS AND ROLLS,0.1656,MEDIUM-LOW
391890,320120,WINDOW COVERINGS,0.5791,MEDIUM
391890,320111,"FLOOR COVERINGS, NONPERMANENT",0.4209,HIGH
391910,020310,BISCUITS AND ROLLS,0.5115,MEDIUM-LOW
391910,610210,FILM,0.4885,MEDIUM-HIGH
391990,020310,BISCUITS AND ROLLS,0.5116,MEDIUM-LOW
391990,610210,FILM,0.4884,MEDIUM-HIGH
392010,610210,FILM,1.0,MEDIUM-HIGH
392020,610210,FILM,1.0,MEDIUM-HIGH
392030,610210,FILM,1.0,MEDIUM-HIGH
392049,610210,FILM,1.0,MEDIUM-HIGH
392051,610210,FILM,1.0,MEDIUM-HIGH
392059,610210,FILM,1.0,MEDIUM-HIGH
392061,610210,FILM,1.0,MEDIUM-HIGH
392062,610210,FILM,0.5556,MEDIUM-HIGH
392062,610310,PET FOOD,0.4444,MEDIUM-HIGH
392063,610210,FILM,1.0,MEDIUM-HIGH
392069,610210,FILM,1.0,MEDIUM-HIGH
392071,610210,FILM,1.0,MEDIUM-HIGH
392073,610210,FILM,1.0,MEDIUM-HIGH
392079,610210,FILM,1.0,MEDIUM-HIGH
392091,610210,FILM,1.0,MEDIUM-HIGH
392092,610210,FILM,1.0,MEDIUM-HIGH
392093,610210,FILM,1.0,MEDIUM-HIGH
392094,610210,FILM,1.0,MEDIUM-HIGH
392099,610210,FILM,0.7068,MEDIUM-HIGH
392099,020310,BISCUITS AND ROLLS,0.2932,MEDIUM-LOW
392111,610210,FILM,1.0,MEDIUM-HIGH
392112,610210,FILM,1.0,MEDIUM-HIGH
392113,610210,FILM,1.0,MEDIUM-HIGH
392114,610210,FILM,1.0,MEDIUM-HIGH
392119,610210,FILM,1.0,HIGH
392190,610210,FILM,1.0,MEDIUM-HIGH
392340,610210,FILM,0.4802,HIGH
392340,610220,OTHER PHOTOGRAPHIC SUPPLIES,0.2599,MEDIUM-LOW
392340,610230,PHOTOGRAPHIC EQUIPMENT,0.2599,MEDIUM-LOW
392410,180410,"SALT, SPICES, OTHER SEASONINGS",0.1998,HIGH
392410,180510,SAUCES AND GRAVIES,0.1559,MEDIUM-HIGH
392410,320330,FLATWARE,0.1499,HIGH
392410,150211,SUGAR,0.1227,HIGH
392410,180110,CANNED AND PACKAGED SOUPS,0.1227,HIGH
392410,320380,"TABLEWARE, NONELECTRIC KITCHENWARE",0.109,MEDIUM-HIGH
392410,310334,SATELLITE DISHES,0.0818,MEDIUM-HIGH
392410,010320,"PASTA, CORNMEAL AND OTHER CEREAL PRODUCTS",0.0583,MEDIUM-LOW
392490,280210,CURTAINS AND DRAPERIES,0.3127,MEDIUM
392490,290420,INFANTS'' FURNITURE,0.1587,MEDIUM-HIGH
392490,330510,MISCELLANEOUS HOUSEHOLD PRODUCTS,0.1464,HIGH
392490,290320,LIVING ROOM TABLES,0.092,MEDIUM-LOW
392490,300900,MISCELLANEOUS HOUSEHOLD APPLIANCES,0.0831,MEDIUM
392490,320905,MISCELLANEOUS HOUSEHOLD EQUIPMENT AND PARTS,0.0831,MEDIUM
392490,290120,OTHER BEDROOM FURNITURE,0.0619,MEDIUM-LOW
392490,290430,OUTDOOR FURNITURE,0.0619,MEDIUM-LOW
392520,320120,WINDOW COVERINGS,1.0,MEDIUM
392610,660000,"SCHOOL SUPPLIES, ETC. - UNSPECIFIED",0.1972,MEDIUM-HIGH
392610,660110,"SCHOOL BOOKS, SUPPLIES, EQUIPMENT FOR COLLEGE",0.1171,MEDIUM
392610,660410,"SCHOOL BOOKS, SUPPLIES, EQUIPMENT FOR VOCATIONAL AND",0.1171,MEDIUM
392610,660902,"SCHOOL BOOKS, SUPPLIES, EQUIPMENT FOR OTHER SCHOOLS",0.1171,MEDIUM
392610,790430,SCHOOL LUNCHES,0.1157,MEDIUM-LOW
392610,610220,OTHER PHOTOGRAPHIC SUPPLIES,0.1157,MEDIUM-LOW
392610,530902,SCHOOL BUS,0.1157,MEDIUM-LOW
392610,660210,"SCHOOL BOOKS, SUPPLIES, EQUIPMENT FOR ELEMENTARY, HIGH",0.1044,MEDIUM-LOW
392620,600901,WATER SPORTS EQUIPMENT,0.1111,MEDIUM-LOW
392620,600902,OTHER SPORTS EQUIPMENT,0.1111,MEDIUM-LOW
392620,170533,SPORTS DRINKS,0.1111,MEDIUM-LOW
392620,390110,GIRLS'' COATS AND JACKETS,0.0833,MEDIUM-HIGH
392620,370110,BOYS'' COATS AND JACKETS,0.0833,MEDIUM-HIGH
392620,380110,WOMEN''S COATS AND JACKETS,0.0833,MEDIUM-HIGH
392620,360210,MEN''S COATS AND JACKETS,0.0833,MEDIUM-HIGH
392620,360330,MEN''S ACCESSORIES,0.0421,HIGH
392620,380901,WOMEN''S ACCESSORIES,0.0421,HIGH
392620,390322,GIRLS'' ACCESSORIES,0.0421,HIGH
392620,370220,BOYS'' ACCESSORIES,0.0421,HIGH
392620,410901,INFANT ACCESSORIES,0.0421,HIGH
392620,440900,CLOTHING STORAGE,0.0286,MEDIUM
392620,320232,TELEPHONES AND ACCESSORIES,0.0236,MEDIUM
392620,690120,COMPUTER ACCESSORIES,0.0236,MEDIUM
392620,630220,SMOKING ACCESSORIES,0.0236,MEDIUM
392620,480213,"PARTS, EQUIPMENT, AND ACCESSORIES",0.0236,MEDIUM
392630,290420,INFANTS'' FURNITURE,0.4785,HIGH
392630,290120,OTHER BEDROOM FURNITURE,0.2608,MEDIUM-LOW
392630,290430,OUTDOOR FURNITURE,0.2608,MEDIUM-LOW
392690,620330,PHOTO PROCESSING,0.2,MEDIUM
392690,600310,BICYCLES,0.2,HIGH
392690,610220,OTHER PHOTOGRAPHIC SUPPLIES,0.1,MEDIUM
392690,610230,PHOTOGRAPHIC EQUIPMENT,0.1,MEDIUM
392690,140410,FROZEN VEGETABLE JUICES,0.1,MEDIUM-LOW
392690,140420,FRESH AND CANNED VEGETABLE JUICES,0.1,MEDIUM-LOW
392690,380210,WOMEN''S DRESSES,0.0905,HIGH
392690,390120,GIRLS'' DRESSES AND SUITS,0.0548,MEDIUM
392690,410120,"INFANT DRESSES, OUTERWEAR",0.0548,MEDIUM
400299,160211,FATS AND OILS,1.0,MEDIUM-LOW
400610,490318,REPAIR TIRES AND OTHER REPAIR WORK,0.534,MEDIUM
400610,480110,"TIRES - PURCHASED, REPLACED, INSTALLED",0.466,MEDIUM-LOW
401035,140410,FROZEN VEGETABLE JUICES,0.5,MEDIUM-LOW
401035,140420,FRESH AND CANNED VEGETABLE JUICES,0.5,MEDIUM-LOW
401036,140410,FROZEN VEGETABLE JUICES,0.5,MEDIUM-LOW
401036,140420,FRESH AND CANNED VEGETABLE JUICES,0.5,MEDIUM-LOW
401039,140410,FROZEN VEGETABLE JUICES,0.5,MEDIUM-LOW
401039,140420,FRESH AND CANNED VEGETABLE JUICES,0.5,MEDIUM-LOW
401110,450110,NEW CARS,0.2421,MEDIUM-HIGH
401110,460110,USED CARS,0.2421,MEDIUM-HIGH
401110,490318,REPAIR TIRES AND OTHER REPAIR WORK,0.1423,MEDIUM
401110,470211,MOTOR OIL,0.1276,MEDIUM-LOW
401110,490311,MOTOR TUNE-UP,0.1276,MEDIUM-LOW
401110,480110,"TIRES - PURCHASED, REPLACED, INSTALLED",0.1181,MEDIUM-LOW
401120,450210,NEW TRUCKS,0.3258,HIGH
401120,460901,USED TRUCKS,0.3258,HIGH
401120,490318,REPAIR TIRES AND OTHER REPAIR WORK,0.1933,MEDIUM
401120,480110,"TIRES - PURCHASED, REPLACED, INSTALLED",0.1551,MEDIUM-LOW
401130,450900,NEW AIRCRAFT,0.3202,HIGH
401130,460903,USED AIRCRAFT,0.3202,HIGH
401130,490318,REPAIR TIRES AND OTHER REPAIR WORK,0.1921,MEDIUM
401130,480110,"TIRES - PURCHASED, REPLACED, INSTALLED",0.1676,MEDIUM-LOW
401140,450220,NEW MOTORCYCLES,0.3166,HIGH
401140,460902,USED MOTORCYCLES,0.3166,HIGH
401140,490318,REPAIR TIRES AND OTHER REPAIR WORK,0.195,MEDIUM
401140,480110,"TIRES - PURCHASED, REPLACED, INSTALLED",0.1717,MEDIUM
401150,600310,BICYCLES,0.4634,HIGH
401150,490318,REPAIR TIRES AND OTHER REPAIR WORK,0.2853,MEDIUM
401150,480110,"TIRES - PURCHASED, REPLACED, INSTALLED",0.2513,MEDIUM
401161,070110,CANNED FISH AND SEAFOOD,0.2227,MEDIUM
401161,070230,FRESH FISH AND SHELLFISH,0.2227,MEDIUM
401161,070240,FROZEN FISH AND SHELLFISH,0.2227,MEDIUM
401161,490318,REPAIR TIRES AND OTHER REPAIR WORK,0.1751,MEDIUM-LOW
401161,320512,SEWING MACHINES,0.1568,MEDIUM-LOW
401162,070110,CANNED FISH AND SEAFOOD,0.2227,MEDIUM
401162,070230,FRESH FISH AND SHELLFISH,0.2227,MEDIUM
401162,070240,FROZEN FISH AND SHELLFISH,0.2227,MEDIUM
401162,490318,REPAIR TIRES AND OTHER REPAIR WORK,0.1751,MEDIUM-LOW
401162,320512,SEWING MACHINES,0.1568,MEDIUM-LOW
401163,070110,CANNED FISH AND SEAFOOD,0.2641,MEDIUM
401163,070230,FRESH FISH AND SHELLFISH,0.2641,MEDIUM
401163,070240,FROZEN FISH AND SHELLFISH,0.2641,MEDIUM
401163,490318,REPAIR TIRES AND OTHER REPAIR WORK,0.2077,MEDIUM-LOW
401169,070110,CANNED FISH AND SEAFOOD,0.114,MEDIUM
401169,070230,FRESH FISH AND SHELLFISH,0.114,MEDIUM
401169,070240,FROZEN FISH AND SHELLFISH,0.114,MEDIUM
401169,490318,REPAIR TIRES AND OTHER REPAIR WORK,0.0901,MEDIUM
401169,480110,"TIRES - PURCHASED, REPLACED, INSTALLED",0.0896,MEDIUM-LOW
401169,600901,WATER SPORTS EQUIPMENT,0.0451,HIGH
401169,600902,OTHER SPORTS EQUIPMENT,0.0451,HIGH
401169,320130,INFANTS'' EQUIPMENT,0.0437,HIGH
401169,600430,WINTER SPORTS EQUIPMENT,0.0333,MEDIUM-HIGH
401169,320410,LAWN AND GARDEN EQUIPMENT,0.0333,MEDIUM-HIGH
401169,310331,MISCELLANEOUS SOUND EQUIPMENT,0.026,MEDIUM
401169,310335,MISCELLANEOUS VIDEO EQUIPMENT,0.026,MEDIUM
401169,320150,OUTDOOR EQUIPMENT,0.026,MEDIUM
401169,600410,CAMPING EQUIPMENT,0.026,MEDIUM
401169,610120,PLAYGROUND EQUIPMENT,0.026,MEDIUM
401169,610230,PHOTOGRAPHIC EQUIPMENT,0.026,MEDIUM
401169,320905,MISCELLANEOUS HOUSEHOLD EQUIPMENT AND PARTS,0.026,MEDIUM
401169,480213,"PARTS, EQUIPMENT, AND ACCESSORIES",0.026,MEDIUM
401169,170533,SPORTS DRINKS,0.026,MEDIUM
401169,340901,"REPAIRS/RENTALS OF LAWN AND GARDEN EQUIPMENT, HAND O",0.0238,MEDIUM
401169,310332,SOUND EQUIPMENT ACCESSORIES,0.0201,MEDIUM-LOW
401170,480110,"TIRES - PURCHASED, REPLACED, INSTALLED",0.2106,MEDIUM-LOW
401170,490318,REPAIR TIRES AND OTHER REPAIR WORK,0.1798,MEDIUM-LOW
401170,320512,SEWING MACHINES,0.1615,MEDIUM-LOW
401170,070110,CANNED FISH AND SEAFOOD,0.1494,MEDIUM
401170,070230,FRESH FISH AND SHELLFISH,0.1494,MEDIUM
401170,070240,FROZEN FISH AND SHELLFISH,0.1494,MEDIUM
401180,490318,REPAIR TIRES AND OTHER REPAIR WORK,0.2838,MEDIUM-LOW
401180,320512,SEWING MACHINES,0.2539,MEDIUM-LOW
401180,070110,CANNED FISH AND SEAFOOD,0.1541,MEDIUM
401180,070230,FRESH FISH AND SHELLFISH,0.1541,MEDIUM
401180,070240,FROZEN FISH AND SHELLFISH,0.1541,MEDIUM
401190,480110,"TIRES - PURCHASED, REPLACED, INSTALLED",0.2654,MEDIUM-LOW
401190,490318,REPAIR TIRES AND OTHER REPAIR WORK,0.2637,MEDIUM
401190,070110,CANNED FISH AND SEAFOOD,0.157,MEDIUM
401190,070230,FRESH FISH AND SHELLFISH,0.157,MEDIUM
401190,070240,FROZEN FISH AND SHELLFISH,0.157,MEDIUM
401192,070110,CANNED FISH AND SEAFOOD,0.2227,MEDIUM
401192,070230,FRESH FISH AND SHELLFISH,0.2227,MEDIUM
401192,070240,FROZEN FISH AND SHELLFISH,0.2227,MEDIUM
401192,490318,REPAIR TIRES AND OTHER REPAIR WORK,0.1751,MEDIUM-LOW
401192,320512,SEWING MACHINES,0.1568,MEDIUM-LOW
401193,490318,REPAIR TIRES AND OTHER REPAIR WORK,0.2632,MEDIUM-LOW
401193,320512,SEWING MACHINES,0.2358,MEDIUM-LOW
401193,070110,CANNED FISH AND SEAFOOD,0.167,MEDIUM
401193,070230,FRESH FISH AND SHELLFISH,0.167,MEDIUM
401193,070240,FROZEN FISH AND SHELLFISH,0.167,MEDIUM
401194,490318,REPAIR TIRES AND OTHER REPAIR WORK,0.2632,MEDIUM-LOW
401194,320512,SEWING MACHINES,0.2358,MEDIUM-LOW
401194,070110,CANNED FISH AND SEAFOOD,0.167,MEDIUM
401194,070230,FRESH FISH AND SHELLFISH,0.167,MEDIUM
401194,070240,FROZEN FISH AND SHELLFISH,0.167,MEDIUM
401199,480110,"TIRES - PURCHASED, REPLACED, INSTALLED",0.1534,MEDIUM-LOW
401199,490318,REPAIR TIRES AND OTHER REPAIR WORK,0.1117,MEDIUM
401199,070110,CANNED FISH AND SEAFOOD,0.0752,MEDIUM
401199,070230,FRESH FISH AND SHELLFISH,0.0752,MEDIUM
401199,070240,FROZEN FISH AND SHELLFISH,0.0752,MEDIUM
401199,600901,WATER SPORTS EQUIPMENT,0.0391,HIGH
401199,600902,OTHER SPORTS EQUIPMENT,0.0391,HIGH
401199,320130,INFANTS'' EQUIPMENT,0.0377,HIGH
401199,600430,WINTER SPORTS EQUIPMENT,0.0289,MEDIUM-HIGH
401199,320410,LAWN AND GARDEN EQUIPMENT,0.0284,MEDIUM-HIGH
401199,340901,"REPAIRS/RENTALS OF LAWN AND GARDEN EQUIPMENT, HAND O",0.0237,MEDIUM
401199,310331,MISCELLANEOUS SOUND EQUIPMENT,0.0224,MEDIUM
401199,310335,MISCELLANEOUS VIDEO EQUIPMENT,0.0224,MEDIUM
401199,320150,OUTDOOR EQUIPMENT,0.0224,MEDIUM
401199,600410,CAMPING EQUIPMENT,0.0224,MEDIUM
401199,610120,PLAYGROUND EQUIPMENT,0.0224,MEDIUM
401199,610230,PHOTOGRAPHIC EQUIPMENT,0.0224,MEDIUM
401199,320905,MISCELLANEOUS HOUSEHOLD EQUIPMENT AND PARTS,0.0224,MEDIUM
401199,480213,"PARTS, EQUIPMENT, AND ACCESSORIES",0.0224,MEDIUM
401199,170533,SPORTS DRINKS,0.0224,MEDIUM
401199,330610,LAWN AND GARDEN SUPPLIES,0.0224,MEDIUM
401199,620121,FEES FOR PARTICIPANT SPORTS,0.018,MEDIUM-LOW
401199,240123,TOOLS AND EQUIPMENT FOR PAINTING AND,0.018,MEDIUM-LOW
401199,320140,LAUNDRY AND CLEANING EQUIPMENT,0.0174,MEDIUM-LOW
401199,600420,HUNTING AND FISHING EQUIPMENT,0.0174,MEDIUM-LOW
401199,310332,SOUND EQUIPMENT ACCESSORIES,0.0173,MEDIUM-LOW
401211,450110,NEW CARS,0.2511,HIGH
401211,460110,USED CARS,0.2511,HIGH
401211,490318,REPAIR TIRES AND OTHER REPAIR WORK,0.1496,MEDIUM
401211,480110,"TIRES - PURCHASED, REPLACED, INSTALLED",0.1302,MEDIUM-LOW
401211,470211,MOTOR OIL,0.109,MEDIUM-LOW
401211,490311,MOTOR TUNE-UP,0.109,MEDIUM-LOW
401212,450210,NEW TRUCKS,0.1925,HIGH
401212,460901,USED TRUCKS,0.1925,HIGH
401212,490318,REPAIR TIRES AND OTHER REPAIR WORK,0.1145,MEDIUM
401212,480110,"TIRES - PURCHASED, REPLACED, INSTALLED",0.0996,MEDIUM-LOW
401212,520410,VEHICLE INSPECTION,0.0614,MEDIUM
401212,600142,PURCHASE OF OTHER VEHICLE,0.0614,MEDIUM
401212,850300,OTHER VEHICLE FINANCE CHARGES,0.0485,MEDIUM
401212,510901,TRUCK FINANCE CHARGES,0.0485,MEDIUM
401212,470311,ELECTRIC VEHICLE CHARGING,0.0485,MEDIUM
401212,490300,VEHICLE OR ENGINE REPAIRS,0.0485,MEDIUM
401212,450350,CAR/TRUCK LEASE PAYMENTS,0.042,MEDIUM-LOW
401212,520110,VEHICLE REGISTRATION STATE/LOCAL,0.042,MEDIUM-LOW
401213,450900,NEW AIRCRAFT,0.3207,HIGH
401213,460903,USED AIRCRAFT,0.3207,HIGH
401213,490318,REPAIR TIRES AND OTHER REPAIR WORK,0.1916,MEDIUM
401213,480110,"TIRES - PURCHASED, REPLACED, INSTALLED",0.1669,MEDIUM-LOW
401219,490318,REPAIR TIRES AND OTHER REPAIR WORK,0.3574,MEDIUM
401219,480110,"TIRES - PURCHASED, REPLACED, INSTALLED",0.2336,MEDIUM
401219,450210,NEW TRUCKS,0.2045,MEDIUM-HIGH
401219,460901,USED TRUCKS,0.2045,MEDIUM-HIGH
401220,490318,REPAIR TIRES AND OTHER REPAIR WORK,0.3426,MEDIUM
401220,480110,"TIRES - PURCHASED, REPLACED, INSTALLED",0.2593,MEDIUM-LOW
401220,450900,NEW AIRCRAFT,0.1991,HIGH
401220,460903,USED AIRCRAFT,0.1991,HIGH
401290,600310,BICYCLES,0.5163,HIGH
401290,490318,REPAIR TIRES AND OTHER REPAIR WORK,0.2578,MEDIUM
401290,480110,"TIRES - PURCHASED, REPLACED, INSTALLED",0.2259,MEDIUM-LOW
401310,450210,NEW TRUCKS,0.25,HIGH
401310,460901,USED TRUCKS,0.25,HIGH
401310,450110,NEW CARS,0.1632,MEDIUM-HIGH
401310,460110,USED CARS,0.1632,MEDIUM-HIGH
401310,470211,MOTOR OIL,0.0867,MEDIUM-LOW
401310,490311,MOTOR TUNE-UP,0.0867,MEDIUM-LOW
401320,600310,BICYCLES,1.0,HIGH
401390,510902,MOTORCYCLE AND PLANE FINANCE CHARGES,0.5,MEDIUM-LOW
401390,490318,REPAIR TIRES AND OTHER REPAIR WORK,0.2674,MEDIUM
401390,480110,"TIRES - PURCHASED, REPLACED, INSTALLED",0.2326,MEDIUM-LOW
401519,360330,MEN''S ACCESSORIES,0.1295,MEDIUM-HIGH
401519,380901,WOMEN''S ACCESSORIES,0.1295,MEDIUM-HIGH
401519,390322,GIRLS'' ACCESSORIES,0.1295,MEDIUM-HIGH
401519,370220,BOYS'' ACCESSORIES,0.1295,MEDIUM-HIGH
401519,410901,INFANT ACCESSORIES,0.1295,MEDIUM-HIGH
401519,440900,CLOTHING STORAGE,0.077,MEDIUM
401519,320232,TELEPHONES AND ACCESSORIES,0.0688,MEDIUM-LOW
401519,690120,COMPUTER ACCESSORIES,0.0688,MEDIUM-LOW
401519,630220,SMOKING ACCESSORIES,0.0688,MEDIUM-LOW
401519,480213,"PARTS, EQUIPMENT, AND ACCESSORIES",0.0688,MEDIUM-LOW
401590,360330,MEN''S ACCESSORIES,0.1297,MEDIUM-HIGH
401590,380901,WOMEN''S ACCESSORIES,0.1297,MEDIUM-HIGH
401590,390322,GIRLS'' ACCESSORIES,0.1297,MEDIUM-HIGH
401590,370220,BOYS'' ACCESSORIES,0.1297,MEDIUM-HIGH
401590,410901,INFANT ACCESSORIES,0.1297,MEDIUM-HIGH
401590,440900,CLOTHING STORAGE,0.0765,MEDIUM
401590,320232,TELEPHONES AND ACCESSORIES,0.0687,MEDIUM-LOW
401590,690120,COMPUTER ACCESSORIES,0.0687,MEDIUM-LOW
401590,630220,SMOKING ACCESSORIES,0.0687,MEDIUM-LOW
401590,480213,"PARTS, EQUIPMENT, AND ACCESSORIES",0.0687,MEDIUM-LOW
401691,320111,"FLOOR COVERINGS, NONPERMANENT",0.629,MEDIUM-HIGH
401691,320120,WINDOW COVERINGS,0.371,MEDIUM-LOW
401693,160211,FATS AND OILS,0.6827,HIGH
401693,470211,MOTOR OIL,0.3173,MEDIUM
401699,470211,MOTOR OIL,0.25,MEDIUM-LOW
401699,490311,MOTOR TUNE-UP,0.25,MEDIUM-LOW
401699,330510,MISCELLANEOUS HOUSEHOLD PRODUCTS,0.236,HIGH
401699,300900,MISCELLANEOUS HOUSEHOLD APPLIANCES,0.132,MEDIUM
401699,320905,MISCELLANEOUS HOUSEHOLD EQUIPMENT AND PARTS,0.132,MEDIUM
410120,030110,GROUND BEEF,0.5,MEDIUM-LOW
410120,030810,OTHER BEEF,0.5,MEDIUM-LOW
410150,030810,OTHER BEEF,0.5,MEDIUM-LOW
410150,030110,GROUND BEEF,0.5,MEDIUM-LOW
410190,030810,OTHER BEEF,0.5,MEDIUM-LOW
410190,030110,GROUND BEEF,0.5,MEDIUM-LOW
410330,040410,OTHER PORK,1.0,MEDIUM-LOW
410390,380210,WOMEN''S DRESSES,0.4501,HIGH
410390,410120,"INFANT DRESSES, OUTERWEAR",0.2749,MEDIUM
410390,390120,GIRLS'' DRESSES AND SUITS,0.2749,MEDIUM
410411,030810,OTHER BEEF,0.5,MEDIUM-LOW
410411,030110,GROUND BEEF,0.5,MEDIUM-LOW
410419,030810,OTHER BEEF,0.5,MEDIUM-LOW
410419,030110,GROUND BEEF,0.5,MEDIUM-LOW
410441,030110,GROUND BEEF,0.5,MEDIUM-LOW
410441,030810,OTHER BEEF,0.5,MEDIUM-LOW
410449,030110,GROUND BEEF,0.5,MEDIUM-LOW
410449,030810,OTHER BEEF,0.5,MEDIUM-LOW
410631,040410,OTHER PORK,1.0,MEDIUM-LOW
410632,040410,OTHER PORK,1.0,MEDIUM-LOW
410711,030810,OTHER BEEF,0.3536,MEDIUM-LOW
410711,030110,GROUND BEEF,0.3536,MEDIUM-LOW
410711,440900,CLOTHING STORAGE,0.2928,MEDIUM
410712,030810,OTHER BEEF,0.3535,MEDIUM-LOW
410712,030110,GROUND BEEF,0.3535,MEDIUM-LOW
410712,440900,CLOTHING STORAGE,0.2929,MEDIUM
410719,030810,OTHER BEEF,0.3534,MEDIUM-LOW
410719,030110,GROUND BEEF,0.3534,MEDIUM-LOW
410719,440900,CLOTHING STORAGE,0.2932,MEDIUM
410791,030810,OTHER BEEF,0.3519,MEDIUM-LOW
410791,030110,GROUND BEEF,0.3519,MEDIUM-LOW
410791,440900,CLOTHING STORAGE,0.2962,MEDIUM
410792,030810,OTHER BEEF,0.3518,MEDIUM-LOW
410792,030110,GROUND BEEF,0.3518,MEDIUM-LOW
410792,440900,CLOTHING STORAGE,0.2964,MEDIUM
410799,030810,OTHER BEEF,0.3508,MEDIUM-LOW
410799,030110,GROUND BEEF,0.3508,MEDIUM-LOW
410799,440900,CLOTHING STORAGE,0.2983,MEDIUM
411200,440900,CLOTHING STORAGE,1.0,MEDIUM
411320,040410,OTHER PORK,1.0,MEDIUM-LOW
411420,030810,OTHER BEEF,0.5,MEDIUM-LOW
411420,030110,GROUND BEEF,0.5,MEDIUM-LOW
411520,010110,FLOUR,1.0,MEDIUM-LOW
420100,390110,GIRLS'' COATS AND JACKETS,0.25,MEDIUM-LOW
420100,370110,BOYS'' COATS AND JACKETS,0.25,MEDIUM-LOW
420100,380110,WOMEN''S COATS AND JACKETS,0.25,MEDIUM-LOW
420100,360210,MEN''S COATS AND JACKETS,0.25,MEDIUM-LOW
420211,430130,LUGGAGE,1.0,HIGH
420212,430130,LUGGAGE,1.0,HIGH
420291,600901,WATER SPORTS EQUIPMENT,0.34,MEDIUM-LOW
420291,600902,OTHER SPORTS EQUIPMENT,0.34,MEDIUM-LOW
420291,320130,INFANTS'' EQUIPMENT,0.32,MEDIUM-LOW
420292,430120,JEWELRY,1.0,MEDIUM-HIGH
420310,440130,"ALTERATION, REPAIR AND TAILORING OF APPAREL AND",0.1793,MEDIUM
420310,440210,APPAREL LAUNDRY AND DRY CLEANING NOT COIN-OPERATED,0.1604,MEDIUM
420310,440120,COIN-OPERATED APPAREL LAUNDRY AND DRY CLEANING,0.1604,MEDIUM
420310,390110,GIRLS'' COATS AND JACKETS,0.125,HIGH
420310,370110,BOYS'' COATS AND JACKETS,0.125,HIGH
420310,380110,WOMEN''S COATS AND JACKETS,0.125,HIGH
420310,360210,MEN''S COATS AND JACKETS,0.125,HIGH
420321,600901,WATER SPORTS EQUIPMENT,0.35,MEDIUM
420321,600902,OTHER SPORTS EQUIPMENT,0.35,MEDIUM
420321,320130,INFANTS'' EQUIPMENT,0.2999,MEDIUM-LOW
420340,380901,WOMEN''S ACCESSORIES,0.1799,HIGH
420340,360330,MEN''S ACCESSORIES,0.1799,HIGH
420340,390322,GIRLS'' ACCESSORIES,0.1799,HIGH
420340,370220,BOYS'' ACCESSORIES,0.1799,HIGH
420340,410901,INFANT ACCESSORIES,0.1799,HIGH
420340,440900,CLOTHING STORAGE,0.1006,MEDIUM
430180,060310,OTHER POULTRY,1.0,MEDIUM-LOW
430219,060310,OTHER POULTRY,1.0,MEDIUM-LOW
430310,360330,MEN''S ACCESSORIES,0.1766,HIGH
430310,380901,WOMEN''S ACCESSORIES,0.1766,HIGH
430310,390322,GIRLS'' ACCESSORIES,0.1766,HIGH
430310,370220,BOYS'' ACCESSORIES,0.1766,HIGH
430310,410901,INFANT ACCESSORIES,0.1766,HIGH
430310,440900,CLOTHING STORAGE,0.1169,MEDIUM
440210,180320,NUTS,1.0,MEDIUM-LOW
440290,180320,NUTS,1.0,MEDIUM-LOW
440310,240112,"PAINTS, WALLPAPER AND SUPPLIES",0.376,MEDIUM
440310,240113,"PAINTS, WALLPAPER, SUPPLIES",0.376,MEDIUM
440310,320420,POWER TOOLS,0.2481,MEDIUM-LOW
440320,320420,POWER TOOLS,1.0,MEDIUM-LOW
440399,180320,NUTS,0.5,MEDIUM-LOW
440399,130310,CANNED FRUITS,0.1667,MEDIUM-LOW
440399,110410,OTHER FRESH FRUITS,0.1667,MEDIUM-LOW
440399,130121,FROZEN FRUITS,0.1667,MEDIUM-LOW
440500,010110,FLOUR,1.0,MEDIUM-LOW
440710,240112,"PAINTS, WALLPAPER AND SUPPLIES",0.5,MEDIUM-LOW
440710,240113,"PAINTS, WALLPAPER, SUPPLIES",0.5,MEDIUM-LOW
440729,130310,CANNED FRUITS,0.3333,MEDIUM-LOW
440729,110410,OTHER FRESH FRUITS,0.3333,MEDIUM-LOW
440729,130121,FROZEN FRUITS,0.3333,MEDIUM-LOW
440794,130310,CANNED FRUITS,0.3333,MEDIUM-LOW
440794,110410,OTHER FRESH FRUITS,0.3333,MEDIUM-LOW
440794,130121,FROZEN FRUITS,0.3333,MEDIUM-LOW
440799,180320,NUTS,0.5,MEDIUM-LOW
440799,130310,CANNED FRUITS,0.1667,MEDIUM-LOW
440799,110410,OTHER FRESH FRUITS,0.1667,MEDIUM-LOW
440799,130121,FROZEN FRUITS,0.1667,MEDIUM-LOW
440890,180320,NUTS,0.5,MEDIUM-LOW
440890,130310,CANNED FRUITS,0.1667,MEDIUM-LOW
440890,110410,OTHER FRESH FRUITS,0.1667,MEDIUM-LOW
440890,130121,FROZEN FRUITS,0.1667,MEDIUM-LOW
440922,180320,NUTS,0.5,MEDIUM-LOW
440922,130310,CANNED FRUITS,0.1667,MEDIUM-LOW
440922,110410,OTHER FRESH FRUITS,0.1667,MEDIUM-LOW
440922,130121,FROZEN FRUITS,0.1667,MEDIUM-LOW
440929,180320,NUTS,0.5,MEDIUM-LOW
440929,130310,CANNED FRUITS,0.1667,MEDIUM-LOW
440929,110410,OTHER FRESH FRUITS,0.1667,MEDIUM-LOW
440929,130121,FROZEN FRUITS,0.1667,MEDIUM-LOW
441112,160211,FATS AND OILS,1.0,MEDIUM-LOW
441113,160211,FATS AND OILS,1.0,MEDIUM-LOW
441114,160211,FATS AND OILS,1.0,MEDIUM-LOW
441192,160211,FATS AND OILS,1.0,MEDIUM-LOW
441193,160211,FATS AND OILS,1.0,MEDIUM-LOW
441231,180320,NUTS,1.0,MEDIUM-LOW
441232,180320,NUTS,1.0,MEDIUM-LOW
441294,180320,NUTS,1.0,MEDIUM-LOW
441299,180320,NUTS,1.0,MEDIUM-LOW
441700,320902,HAND TOOLS,0.3277,MEDIUM-HIGH
441700,240112,"PAINTS, WALLPAPER AND SUPPLIES",0.25,MEDIUM
441700,240113,"PAINTS, WALLPAPER, SUPPLIES",0.25,MEDIUM
441700,320420,POWER TOOLS,0.1723,MEDIUM-LOW
441890,240213,MATERIALS AND EQUIPMENT FOR ROOF AND GUTTERS,1.0,MEDIUM-LOW
441899,240213,MATERIALS AND EQUIPMENT FOR ROOF AND GUTTERS,1.0,MEDIUM-LOW
441900,320330,FLATWARE,0.5789,HIGH
441900,320380,"TABLEWARE, NONELECTRIC KITCHENWARE",0.4211,MEDIUM-HIGH
441919,320330,FLATWARE,0.5789,HIGH
441919,320380,"TABLEWARE, NONELECTRIC KITCHENWARE",0.4211,MEDIUM-HIGH
441990,320330,FLATWARE,0.5789,HIGH
441990,320380,"TABLEWARE, NONELECTRIC KITCHENWARE",0.4211,MEDIUM-HIGH
442090,320330,FLATWARE,0.5731,HIGH
442090,290420,INFANTS'' FURNITURE,0.2076,MEDIUM-HIGH
442090,290120,OTHER BEDROOM FURNITURE,0.1097,MEDIUM-LOW
442090,290430,OUTDOOR FURNITURE,0.1097,MEDIUM-LOW
442190,320430,OTHER HARDWARE,0.5,HIGH
442190,090210,CREAM,0.5,MEDIUM-LOW
442191,320430,OTHER HARDWARE,0.5,MEDIUM-HIGH
442191,090210,CREAM,0.5,MEDIUM-LOW
442199,320430,OTHER HARDWARE,0.5,HIGH
442199,090210,CREAM,0.5,MEDIUM-LOW
450410,320111,"FLOOR COVERINGS, NONPERMANENT",0.316,HIGH
450410,320120,WINDOW COVERINGS,0.184,MEDIUM
450410,320611,"MATERIAL FOR INSULATION, OTHER MAINTENANCE AND",0.1667,MEDIUM
450410,320612,"MATERIAL FOR INSULATION, OTHER MAINTENANCE AND",0.1667,MEDIUM
450410,320613,"MATERIAL FOR INSULATION, OTHER MAINTENANCE",0.1667,MEDIUM
460121,320111,"FLOOR COVERINGS, NONPERMANENT",0.6268,MEDIUM-HIGH
460121,320120,WINDOW COVERINGS,0.3732,MEDIUM-LOW
460122,320111,"FLOOR COVERINGS, NONPERMANENT",0.6268,MEDIUM-HIGH
460122,320120,WINDOW COVERINGS,0.3732,MEDIUM-LOW
460129,140410,FROZEN VEGETABLE JUICES,0.3036,MEDIUM-LOW
460129,140420,FRESH AND CANNED VEGETABLE JUICES,0.3036,MEDIUM-LOW
460129,320111,"FLOOR COVERINGS, NONPERMANENT",0.2461,MEDIUM-HIGH
460129,320120,WINDOW COVERINGS,0.1466,MEDIUM-LOW
460194,140410,FROZEN VEGETABLE JUICES,0.5,MEDIUM-LOW
460194,140420,FRESH AND CANNED VEGETABLE JUICES,0.5,MEDIUM-LOW
460199,140410,FROZEN VEGETABLE JUICES,0.5,MEDIUM-LOW
460199,140420,FRESH AND CANNED VEGETABLE JUICES,0.5,MEDIUM-LOW
460211,430130,LUGGAGE,0.4999,HIGH
460211,320130,INFANTS'' EQUIPMENT,0.0437,HIGH
460211,600420,HUNTING AND FISHING EQUIPMENT,0.0366,MEDIUM-HIGH
460211,310331,MISCELLANEOUS SOUND EQUIPMENT,0.0259,MEDIUM
460211,310335,MISCELLANEOUS VIDEO EQUIPMENT,0.0259,MEDIUM
460211,320150,OUTDOOR EQUIPMENT,0.0259,MEDIUM
460211,600410,CAMPING EQUIPMENT,0.0259,MEDIUM
460211,600901,WATER SPORTS EQUIPMENT,0.0259,MEDIUM
460211,600902,OTHER SPORTS EQUIPMENT,0.0259,MEDIUM
460211,610120,PLAYGROUND EQUIPMENT,0.0259,MEDIUM
460211,610230,PHOTOGRAPHIC EQUIPMENT,0.0259,MEDIUM
460211,320905,MISCELLANEOUS HOUSEHOLD EQUIPMENT AND PARTS,0.0259,MEDIUM
460211,480213,"PARTS, EQUIPMENT, AND ACCESSORIES",0.0259,MEDIUM
460211,310332,SOUND EQUIPMENT ACCESSORIES,0.02,MEDIUM-LOW
460211,320140,LAUNDRY AND CLEANING EQUIPMENT,0.02,MEDIUM-LOW
460211,600430,WINTER SPORTS EQUIPMENT,0.02,MEDIUM-LOW
460211,320410,LAWN AND GARDEN EQUIPMENT,0.02,MEDIUM-LOW
460211,240123,TOOLS AND EQUIPMENT FOR PAINTING AND,0.02,MEDIUM-LOW
460211,240213,MATERIALS AND EQUIPMENT FOR ROOF AND GUTTERS,0.02,MEDIUM-LOW
460211,240311,PLUMBING SUPPLIES AND EQUIPMENT,0.02,MEDIUM-LOW
460211,240312,PLUMBING SUPPLIES AND EQUIPMENT,0.02,MEDIUM-LOW
460212,430130,LUGGAGE,0.3333,HIGH
460212,140410,FROZEN VEGETABLE JUICES,0.1666,MEDIUM-LOW
460212,140420,FRESH AND CANNED VEGETABLE JUICES,0.1666,MEDIUM-LOW
460212,320130,INFANTS'' EQUIPMENT,0.0291,HIGH
460212,600420,HUNTING AND FISHING EQUIPMENT,0.0244,MEDIUM-HIGH
460212,310331,MISCELLANEOUS SOUND EQUIPMENT,0.0173,MEDIUM
460212,310335,MISCELLANEOUS VIDEO EQUIPMENT,0.0173,MEDIUM
460212,320150,OUTDOOR EQUIPMENT,0.0173,MEDIUM
460212,600410,CAMPING EQUIPMENT,0.0173,MEDIUM
460212,600901,WATER SPORTS EQUIPMENT,0.0173,MEDIUM
460212,600902,OTHER SPORTS EQUIPMENT,0.0173,MEDIUM
460212,610120,PLAYGROUND EQUIPMENT,0.0173,MEDIUM
460212,610230,PHOTOGRAPHIC EQUIPMENT,0.0173,MEDIUM
460212,320905,MISCELLANEOUS HOUSEHOLD EQUIPMENT AND PARTS,0.0173,MEDIUM
460212,480213,"PARTS, EQUIPMENT, AND ACCESSORIES",0.0173,MEDIUM
460212,310332,SOUND EQUIPMENT ACCESSORIES,0.0134,MEDIUM-LOW
460212,320140,LAUNDRY AND CLEANING EQUIPMENT,0.0134,MEDIUM-LOW
460212,600430,WINTER SPORTS EQUIPMENT,0.0134,MEDIUM-LOW
460212,320410,LAWN AND GARDEN EQUIPMENT,0.0134,MEDIUM-LOW
460212,240123,TOOLS AND EQUIPMENT FOR PAINTING AND,0.0134,MEDIUM-LOW
460212,240213,MATERIALS AND EQUIPMENT FOR ROOF AND GUTTERS,0.0134,MEDIUM-LOW
460212,240311,PLUMBING SUPPLIES AND EQUIPMENT,0.0134,MEDIUM-LOW
460212,240312,PLUMBING SUPPLIES AND EQUIPMENT,0.0134,MEDIUM-LOW
460219,430130,LUGGAGE,0.2342,HIGH
460219,140410,FROZEN VEGETABLE JUICES,0.117,MEDIUM
460219,140420,FRESH AND CANNED VEGETABLE JUICES,0.117,MEDIUM
460219,140110,FROZEN VEGETABLES,0.0557,HIGH
460219,140230,CANNED MISCELLANEOUS VEGETABLES,0.0557,HIGH
460219,140310,DRIED PROCESSED VEGETABLES,0.0557,HIGH
460219,140340,DRIED MISCELLANEOUS VEGETABLES,0.0557,HIGH
460219,120410,OTHER FRESH VEGETABLES,0.0557,HIGH
460219,320130,INFANTS'' EQUIPMENT,0.0241,HIGH
460219,600420,HUNTING AND FISHING EQUIPMENT,0.0202,MEDIUM-HIGH
460219,310331,MISCELLANEOUS SOUND EQUIPMENT,0.0143,MEDIUM
460219,310335,MISCELLANEOUS VIDEO EQUIPMENT,0.0143,MEDIUM
460219,320150,OUTDOOR EQUIPMENT,0.0143,MEDIUM
460219,600410,CAMPING EQUIPMENT,0.0143,MEDIUM
460219,600901,WATER SPORTS EQUIPMENT,0.0143,MEDIUM
460219,600902,OTHER SPORTS EQUIPMENT,0.0143,MEDIUM
460219,610120,PLAYGROUND EQUIPMENT,0.0143,MEDIUM
460219,610230,PHOTOGRAPHIC EQUIPMENT,0.0143,MEDIUM
460219,320905,MISCELLANEOUS HOUSEHOLD EQUIPMENT AND PARTS,0.0143,MEDIUM
460219,480213,"PARTS, EQUIPMENT, AND ACCESSORIES",0.0143,MEDIUM
460219,310332,SOUND EQUIPMENT ACCESSORIES,0.011,MEDIUM-LOW
460219,320140,LAUNDRY AND CLEANING EQUIPMENT,0.011,MEDIUM-LOW
460219,600430,WINTER SPORTS EQUIPMENT,0.011,MEDIUM-LOW
460219,320410,LAWN AND GARDEN EQUIPMENT,0.011,MEDIUM-LOW
460219,240123,TOOLS AND EQUIPMENT FOR PAINTING AND,0.011,MEDIUM-LOW
460219,240213,MATERIALS AND EQUIPMENT FOR ROOF AND GUTTERS,0.011,MEDIUM-LOW
460290,140410,FROZEN VEGETABLE JUICES,0.5,MEDIUM
460290,140420,FRESH AND CANNED VEGETABLE JUICES,0.5,MEDIUM
470200,170210,OTHER CARBONATED DRINKS,1.0,MEDIUM
470311,170210,OTHER CARBONATED DRINKS,1.0,MEDIUM
470319,170210,OTHER CARBONATED DRINKS,1.0,MEDIUM
470321,170210,OTHER CARBONATED DRINKS,1.0,MEDIUM
470329,170210,OTHER CARBONATED DRINKS,1.0,MEDIUM
480300,330310,"CLEANSING AND TOILET TISSUE, PAPER TOWELS AND NAPKIN",1.0,MEDIUM-LOW
480442,090110,"FRESH MILK, ALL TYPES",1.0,MEDIUM-LOW
480452,090110,"FRESH MILK, ALL TYPES",1.0,MEDIUM-LOW
481151,090110,"FRESH MILK, ALL TYPES",1.0,MEDIUM-LOW
481160,160211,FATS AND OILS,1.0,MEDIUM-LOW
481850,630220,SMOKING ACCESSORIES,1.0,MEDIUM-LOW
482030,590220,BOOKS THRU BOOK CLUBS,0.5,MEDIUM
482030,590230,BOOKS NOT THRU BOOK CLUBS,0.5,MEDIUM
482090,590220,BOOKS THRU BOOK CLUBS,0.5,MEDIUM
482090,590230,BOOKS NOT THRU BOOK CLUBS,0.5,MEDIUM
482320,240112,"PAINTS, WALLPAPER AND SUPPLIES",0.5,MEDIUM
482320,240113,"PAINTS, WALLPAPER, SUPPLIES",0.5,MEDIUM
490199,590110,NEWSPAPERS,1.0,MEDIUM-HIGH
490210,590110,NEWSPAPERS,1.0,MEDIUM-HIGH
490290,590110,NEWSPAPERS,1.0,HIGH
490591,590220,BOOKS THRU BOOK CLUBS,0.5,MEDIUM
490591,590230,BOOKS NOT THRU BOOK CLUBS,0.5,MEDIUM
510810,060310,OTHER POULTRY,1.0,MEDIUM-LOW
510820,060310,OTHER POULTRY,1.0,MEDIUM-LOW
510910,060310,OTHER POULTRY,1.0,MEDIUM-LOW
510990,060310,OTHER POULTRY,1.0,MEDIUM-LOW
520911,060310,OTHER POULTRY,1.0,MEDIUM-LOW
520919,060310,OTHER POULTRY,1.0,MEDIUM-LOW
520921,060310,OTHER POULTRY,1.0,MEDIUM-LOW
520929,060310,OTHER POULTRY,1.0,MEDIUM-LOW
520931,060310,OTHER POULTRY,1.0,MEDIUM-LOW
520939,060310,OTHER POULTRY,1.0,MEDIUM-LOW
520951,060310,OTHER POULTRY,1.0,MEDIUM-LOW
520959,060310,OTHER POULTRY,1.0,MEDIUM-LOW
521111,060310,OTHER POULTRY,1.0,MEDIUM-LOW
521119,060310,OTHER POULTRY,1.0,MEDIUM-LOW
521120,060310,OTHER POULTRY,1.0,MEDIUM-LOW
521131,060310,OTHER POULTRY,1.0,MEDIUM-LOW
521139,060310,OTHER POULTRY,1.0,MEDIUM-LOW
521151,060310,OTHER POULTRY,1.0,MEDIUM-LOW
521159,060310,OTHER POULTRY,1.0,MEDIUM-LOW
521221,060310,OTHER POULTRY,1.0,MEDIUM-LOW
521222,060310,OTHER POULTRY,1.0,MEDIUM-LOW
521223,060310,OTHER POULTRY,1.0,MEDIUM-LOW
521225,060310,OTHER POULTRY,1.0,MEDIUM-LOW
530500,130310,CANNED FRUITS,0.3333,MEDIUM-LOW
530500,110410,OTHER FRESH FRUITS,0.3333,MEDIUM-LOW
530500,130121,FROZEN FRUITS,0.3333,MEDIUM-LOW
551211,060310,OTHER POULTRY,1.0,MEDIUM-LOW
551219,060310,OTHER POULTRY,1.0,MEDIUM-LOW
551221,060310,OTHER POULTRY,1.0,MEDIUM-LOW
551229,060310,OTHER POULTRY,1.0,MEDIUM-LOW
551291,060310,OTHER POULTRY,1.0,MEDIUM-LOW
551299,060310,OTHER POULTRY,1.0,MEDIUM-LOW
551411,060310,OTHER POULTRY,1.0,MEDIUM-LOW
551419,060310,OTHER POULTRY,1.0,MEDIUM-LOW
551421,060310,OTHER POULTRY,1.0,MEDIUM-LOW
551423,060310,OTHER POULTRY,1.0,MEDIUM-LOW
551429,060310,OTHER POULTRY,1.0,MEDIUM-LOW
551441,060310,OTHER POULTRY,1.0,MEDIUM-LOW
551443,060310,OTHER POULTRY,1.0,MEDIUM-LOW
551511,060310,OTHER POULTRY,1.0,MEDIUM-LOW
551519,060310,OTHER POULTRY,1.0,MEDIUM-LOW
551529,060310,OTHER POULTRY,1.0,MEDIUM-LOW
551599,060310,OTHER POULTRY,1.0,MEDIUM-LOW
551641,060310,OTHER POULTRY,1.0,MEDIUM-LOW
551642,060310,OTHER POULTRY,1.0,MEDIUM-LOW
551644,060310,OTHER POULTRY,1.0,MEDIUM-LOW
551691,060310,OTHER POULTRY,1.0,MEDIUM-LOW
551692,060310,OTHER POULTRY,1.0,MEDIUM-LOW
551694,060310,OTHER POULTRY,1.0,MEDIUM-LOW
560490,390110,GIRLS'' COATS AND JACKETS,0.25,MEDIUM
560490,370110,BOYS'' COATS AND JACKETS,0.25,MEDIUM
560490,380110,WOMEN''S COATS AND JACKETS,0.25,MEDIUM
560490,360210,MEN''S COATS AND JACKETS,0.25,MEDIUM
560741,390110,GIRLS'' COATS AND JACKETS,0.25,MEDIUM
560741,370110,BOYS'' COATS AND JACKETS,0.25,MEDIUM
560741,380110,WOMEN''S COATS AND JACKETS,0.25,MEDIUM
560741,360210,MEN''S COATS AND JACKETS,0.25,MEDIUM
560749,390110,GIRLS'' COATS AND JACKETS,0.25,MEDIUM
560749,370110,BOYS'' COATS AND JACKETS,0.25,MEDIUM
560749,380110,WOMEN''S COATS AND JACKETS,0.25,MEDIUM
560749,360210,MEN''S COATS AND JACKETS,0.25,MEDIUM
560750,390110,GIRLS'' COATS AND JACKETS,0.25,MEDIUM
560750,370110,BOYS'' COATS AND JACKETS,0.25,MEDIUM
560750,380110,WOMEN''S COATS AND JACKETS,0.25,MEDIUM
560750,360210,MEN''S COATS AND JACKETS,0.25,MEDIUM
560790,390110,GIRLS'' COATS AND JACKETS,0.25,MEDIUM
560790,370110,BOYS'' COATS AND JACKETS,0.25,MEDIUM
560790,380110,WOMEN''S COATS AND JACKETS,0.25,MEDIUM
560790,360210,MEN''S COATS AND JACKETS,0.25,MEDIUM
560811,320130,INFANTS'' EQUIPMENT,1.0,MEDIUM-LOW
560819,320130,INFANTS'' EQUIPMENT,1.0,MEDIUM-LOW
560890,320130,INFANTS'' EQUIPMENT,1.0,MEDIUM-LOW
570110,320111,"FLOOR COVERINGS, NONPERMANENT",0.6744,MEDIUM-HIGH
570110,320120,WINDOW COVERINGS,0.3256,MEDIUM-LOW
570190,320111,"FLOOR COVERINGS, NONPERMANENT",0.6262,MEDIUM-HIGH
570190,320120,WINDOW COVERINGS,0.3738,MEDIUM-LOW
570210,320111,"FLOOR COVERINGS, NONPERMANENT",0.6268,MEDIUM-HIGH
570210,320120,WINDOW COVERINGS,0.3732,MEDIUM-LOW
570220,320111,"FLOOR COVERINGS, NONPERMANENT",0.2884,MEDIUM-HIGH
570220,130310,CANNED FRUITS,0.1798,MEDIUM-LOW
570220,110410,OTHER FRESH FRUITS,0.1798,MEDIUM-LOW
570220,130121,FROZEN FRUITS,0.1798,MEDIUM-LOW
570220,320120,WINDOW COVERINGS,0.1721,MEDIUM-LOW
570231,320111,"FLOOR COVERINGS, NONPERMANENT",0.6255,MEDIUM-HIGH
570231,320120,WINDOW COVERINGS,0.3745,MEDIUM-LOW
570232,320111,"FLOOR COVERINGS, NONPERMANENT",0.626,MEDIUM-HIGH
570232,320120,WINDOW COVERINGS,0.374,MEDIUM-LOW
570239,320111,"FLOOR COVERINGS, NONPERMANENT",0.626,MEDIUM-HIGH
570239,320120,WINDOW COVERINGS,0.374,MEDIUM-LOW
570241,320111,"FLOOR COVERINGS, NONPERMANENT",0.6253,MEDIUM-HIGH
570241,320120,WINDOW COVERINGS,0.3747,MEDIUM-LOW
570242,320111,"FLOOR COVERINGS, NONPERMANENT",0.4847,MEDIUM-HIGH
570242,320120,WINDOW COVERINGS,0.2892,MEDIUM-LOW
570242,320420,POWER TOOLS,0.2261,MEDIUM-LOW
570249,320111,"FLOOR COVERINGS, NONPERMANENT",0.515,MEDIUM-HIGH
570249,320120,WINDOW COVERINGS,0.2631,MEDIUM-LOW
570249,320420,POWER TOOLS,0.2219,MEDIUM-LOW
570250,320111,"FLOOR COVERINGS, NONPERMANENT",0.5072,MEDIUM-HIGH
570250,320120,WINDOW COVERINGS,0.2736,MEDIUM-LOW
570250,320420,POWER TOOLS,0.2191,MEDIUM-LOW
570291,320111,"FLOOR COVERINGS, NONPERMANENT",0.4757,MEDIUM-HIGH
570291,320120,WINDOW COVERINGS,0.2846,MEDIUM-LOW
570291,320420,POWER TOOLS,0.2397,MEDIUM-LOW
570292,320111,"FLOOR COVERINGS, NONPERMANENT",0.4701,MEDIUM-HIGH
570292,320120,WINDOW COVERINGS,0.2801,MEDIUM-LOW
570292,320420,POWER TOOLS,0.2497,MEDIUM-LOW
570299,320111,"FLOOR COVERINGS, NONPERMANENT",0.4755,MEDIUM-HIGH
570299,320120,WINDOW COVERINGS,0.2846,MEDIUM-LOW
570299,320420,POWER TOOLS,0.2398,MEDIUM-LOW
570310,320111,"FLOOR COVERINGS, NONPERMANENT",0.6262,MEDIUM-HIGH
570310,320120,WINDOW COVERINGS,0.3738,MEDIUM-LOW
570320,320111,"FLOOR COVERINGS, NONPERMANENT",0.6264,MEDIUM-HIGH
570320,320120,WINDOW COVERINGS,0.3736,MEDIUM-LOW
570330,320111,"FLOOR COVERINGS, NONPERMANENT",0.6269,MEDIUM-HIGH
570330,320120,WINDOW COVERINGS,0.3731,MEDIUM-LOW
570390,320111,"FLOOR COVERINGS, NONPERMANENT",0.629,MEDIUM-HIGH
570390,320120,WINDOW COVERINGS,0.371,MEDIUM-LOW
570410,320111,"FLOOR COVERINGS, NONPERMANENT",0.667,MEDIUM-HIGH
570410,320120,WINDOW COVERINGS,0.333,MEDIUM-LOW
570420,320111,"FLOOR COVERINGS, NONPERMANENT",0.6671,MEDIUM-HIGH
570420,320120,WINDOW COVERINGS,0.3329,MEDIUM-LOW
570490,320111,"FLOOR COVERINGS, NONPERMANENT",0.6259,MEDIUM-HIGH
570490,320120,WINDOW COVERINGS,0.3741,MEDIUM-LOW
570500,320111,"FLOOR COVERINGS, NONPERMANENT",0.6284,MEDIUM-HIGH
570500,320120,WINDOW COVERINGS,0.3716,MEDIUM-LOW
580900,440900,CLOTHING STORAGE,1.0,MEDIUM-LOW
590900,380901,WOMEN''S ACCESSORIES,0.2,MEDIUM-HIGH
590900,360330,MEN''S ACCESSORIES,0.2,MEDIUM-HIGH
590900,390322,GIRLS'' ACCESSORIES,0.2,MEDIUM-HIGH
590900,370220,BOYS'' ACCESSORIES,0.2,MEDIUM-HIGH
590900,410901,INFANT ACCESSORIES,0.2,MEDIUM-HIGH
591110,440900,CLOTHING STORAGE,1.0,MEDIUM-LOW
591140,160211,FATS AND OILS,1.0,MEDIUM-LOW
610120,600901,WATER SPORTS EQUIPMENT,0.1473,MEDIUM-LOW
610120,600902,OTHER SPORTS EQUIPMENT,0.1473,MEDIUM-LOW
610120,320130,INFANTS'' EQUIPMENT,0.1411,MEDIUM-LOW
610120,390110,GIRLS'' COATS AND JACKETS,0.1411,MEDIUM-LOW
610120,360210,MEN''S COATS AND JACKETS,0.1411,MEDIUM-LOW
610120,370110,BOYS'' COATS AND JACKETS,0.1411,MEDIUM-LOW
610120,380110,WOMEN''S COATS AND JACKETS,0.1411,MEDIUM-LOW
610130,600901,WATER SPORTS EQUIPMENT,0.1476,MEDIUM-LOW
610130,600902,OTHER SPORTS EQUIPMENT,0.1476,MEDIUM-LOW
610130,320130,INFANTS'' EQUIPMENT,0.142,MEDIUM-LOW
610130,390110,GIRLS'' COATS AND JACKETS,0.1407,MEDIUM-LOW
610130,360210,MEN''S COATS AND JACKETS,0.1407,MEDIUM-LOW
610130,370110,BOYS'' COATS AND JACKETS,0.1407,MEDIUM-LOW
610130,380110,WOMEN''S COATS AND JACKETS,0.1407,MEDIUM-LOW
610190,600901,WATER SPORTS EQUIPMENT,0.1473,MEDIUM-LOW
610190,600902,OTHER SPORTS EQUIPMENT,0.1473,MEDIUM-LOW
610190,320130,INFANTS'' EQUIPMENT,0.1411,MEDIUM-LOW
610190,390110,GIRLS'' COATS AND JACKETS,0.1411,MEDIUM-LOW
610190,360210,MEN''S COATS AND JACKETS,0.1411,MEDIUM-LOW
610190,370110,BOYS'' COATS AND JACKETS,0.1411,MEDIUM-LOW
610190,380110,WOMEN''S COATS AND JACKETS,0.1411,MEDIUM-LOW
610220,600901,WATER SPORTS EQUIPMENT,0.1473,MEDIUM-LOW
610220,600902,OTHER SPORTS EQUIPMENT,0.1473,MEDIUM-LOW
610220,320130,INFANTS'' EQUIPMENT,0.1411,MEDIUM-LOW
610220,390110,GIRLS'' COATS AND JACKETS,0.1411,MEDIUM-LOW
610220,360210,MEN''S COATS AND JACKETS,0.1411,MEDIUM-LOW
610220,370110,BOYS'' COATS AND JACKETS,0.1411,MEDIUM-LOW
610220,380110,WOMEN''S COATS AND JACKETS,0.1411,MEDIUM-LOW
610230,600901,WATER SPORTS EQUIPMENT,0.1476,MEDIUM-LOW
610230,600902,OTHER SPORTS EQUIPMENT,0.1476,MEDIUM-LOW
610230,320130,INFANTS'' EQUIPMENT,0.142,MEDIUM-LOW
610230,390110,GIRLS'' COATS AND JACKETS,0.1407,MEDIUM-LOW
610230,360210,MEN''S COATS AND JACKETS,0.1407,MEDIUM-LOW
610230,370110,BOYS'' COATS AND JACKETS,0.1407,MEDIUM-LOW
610230,380110,WOMEN''S COATS AND JACKETS,0.1407,MEDIUM-LOW
610290,600901,WATER SPORTS EQUIPMENT,0.1473,MEDIUM-LOW
610290,600902,OTHER SPORTS EQUIPMENT,0.1473,MEDIUM-LOW
610290,320130,INFANTS'' EQUIPMENT,0.1411,MEDIUM-LOW
610290,390110,GIRLS'' COATS AND JACKETS,0.1411,MEDIUM-LOW
610290,360210,MEN''S COATS AND JACKETS,0.1411,MEDIUM-LOW
610290,370110,BOYS'' COATS AND JACKETS,0.1411,MEDIUM-LOW
610290,380110,WOMEN''S COATS AND JACKETS,0.1411,MEDIUM-LOW
610310,380510,WOMEN''S SUITS,0.1825,HIGH
610310,360110,MEN''S SUITS,0.1825,HIGH
610310,390120,GIRLS'' DRESSES AND SUITS,0.1015,MEDIUM-LOW
610310,360513,MEN''S PANTS AND SHORTS,0.0796,HIGH
610310,370314,BOYS'' PANTS AND SHORTS,0.0796,HIGH
610310,380333,WOMEN''S PANTS AND SHORTS,0.0796,HIGH
610310,370311,"BOYS'' SUITS, SPORTCOATS, VESTS",0.0642,MEDIUM
610310,390223,"GIRLS'' SKIRTS, PANTS, AND SHORTS",0.0597,MEDIUM-HIGH
610310,390110,GIRLS'' COATS AND JACKETS,0.0427,MEDIUM-LOW
610310,370110,BOYS'' COATS AND JACKETS,0.0427,MEDIUM-LOW
610310,380110,WOMEN''S COATS AND JACKETS,0.0427,MEDIUM-LOW
610310,360210,MEN''S COATS AND JACKETS,0.0427,MEDIUM-LOW
610322,370125,BOYS'' SHIRTS AND SWEATERS,0.2436,MEDIUM-LOW
610322,440900,CLOTHING STORAGE,0.2436,MEDIUM
610322,360513,MEN''S PANTS AND SHORTS,0.0727,MEDIUM
610322,370314,BOYS'' PANTS AND SHORTS,0.0727,MEDIUM
610322,380333,WOMEN''S PANTS AND SHORTS,0.0727,MEDIUM
610322,390223,"GIRLS'' SKIRTS, PANTS, AND SHORTS",0.0511,MEDIUM
610322,380510,WOMEN''S SUITS,0.0504,HIGH
610322,360110,MEN''S SUITS,0.0504,HIGH
610322,390120,GIRLS'' DRESSES AND SUITS,0.0309,MEDIUM
610322,370311,"BOYS'' SUITS, SPORTCOATS, VESTS",0.0244,MEDIUM
610322,390110,GIRLS'' COATS AND JACKETS,0.0219,MEDIUM-LOW
610322,370110,BOYS'' COATS AND JACKETS,0.0219,MEDIUM-LOW
610322,380110,WOMEN''S COATS AND JACKETS,0.0219,MEDIUM-LOW
610322,360210,MEN''S COATS AND JACKETS,0.0219,MEDIUM-LOW
610323,370125,BOYS'' SHIRTS AND SWEATERS,0.2458,MEDIUM-LOW
610323,440900,CLOTHING STORAGE,0.2458,MEDIUM-LOW
610323,360513,MEN''S PANTS AND SHORTS,0.0708,HIGH
610323,370314,BOYS'' PANTS AND SHORTS,0.0708,HIGH
610323,380333,WOMEN''S PANTS AND SHORTS,0.0708,HIGH
610323,390110,GIRLS'' COATS AND JACKETS,0.0615,MEDIUM-LOW
610323,370110,BOYS'' COATS AND JACKETS,0.0615,MEDIUM-LOW
610323,380110,WOMEN''S COATS AND JACKETS,0.0615,MEDIUM-LOW
610323,360210,MEN''S COATS AND JACKETS,0.0615,MEDIUM-LOW
610323,390223,"GIRLS'' SKIRTS, PANTS, AND SHORTS",0.05,MEDIUM-HIGH
610329,370125,BOYS'' SHIRTS AND SWEATERS,0.2314,MEDIUM-LOW
610329,440900,CLOTHING STORAGE,0.2314,MEDIUM
610329,360513,MEN''S PANTS AND SHORTS,0.0617,HIGH
610329,370314,BOYS'' PANTS AND SHORTS,0.0617,HIGH
610329,380333,WOMEN''S PANTS AND SHORTS,0.0617,HIGH
610329,380510,WOMEN''S SUITS,0.0483,HIGH
610329,360110,MEN''S SUITS,0.0483,HIGH
610329,390223,"GIRLS'' SKIRTS, PANTS, AND SHORTS",0.0463,MEDIUM-HIGH
610329,390110,GIRLS'' COATS AND JACKETS,0.0392,MEDIUM-LOW
610329,370110,BOYS'' COATS AND JACKETS,0.0392,MEDIUM-LOW
610329,380110,WOMEN''S COATS AND JACKETS,0.0392,MEDIUM-LOW
610329,360210,MEN''S COATS AND JACKETS,0.0392,MEDIUM-LOW
610329,390120,GIRLS'' DRESSES AND SUITS,0.0293,MEDIUM
610329,370311,"BOYS'' SUITS, SPORTCOATS, VESTS",0.023,MEDIUM-LOW
610331,380510,WOMEN''S SUITS,0.207,HIGH
610331,360110,MEN''S SUITS,0.207,HIGH
610331,390120,GIRLS'' DRESSES AND SUITS,0.1268,MEDIUM
610331,370311,"BOYS'' SUITS, SPORTCOATS, VESTS",0.1001,MEDIUM
610331,390110,GIRLS'' COATS AND JACKETS,0.0898,MEDIUM-LOW
610331,370110,BOYS'' COATS AND JACKETS,0.0898,MEDIUM-LOW
610331,380110,WOMEN''S COATS AND JACKETS,0.0898,MEDIUM-LOW
610331,360210,MEN''S COATS AND JACKETS,0.0898,MEDIUM-LOW
610332,380510,WOMEN''S SUITS,0.204,HIGH
610332,360110,MEN''S SUITS,0.204,HIGH
610332,390120,GIRLS'' DRESSES AND SUITS,0.1267,MEDIUM
610332,370311,"BOYS'' SUITS, SPORTCOATS, VESTS",0.101,MEDIUM
610332,390110,GIRLS'' COATS AND JACKETS,0.0911,MEDIUM-LOW
610332,370110,BOYS'' COATS AND JACKETS,0.0911,MEDIUM-LOW
610332,380110,WOMEN''S COATS AND JACKETS,0.0911,MEDIUM-LOW
610332,360210,MEN''S COATS AND JACKETS,0.0911,MEDIUM-LOW
610333,380510,WOMEN''S SUITS,0.2073,HIGH
610333,360110,MEN''S SUITS,0.2073,HIGH
610333,390120,GIRLS'' DRESSES AND SUITS,0.1268,MEDIUM
610333,370311,"BOYS'' SUITS, SPORTCOATS, VESTS",0.1,MEDIUM-LOW
610333,390110,GIRLS'' COATS AND JACKETS,0.0896,MEDIUM-LOW
610333,370110,BOYS'' COATS AND JACKETS,0.0896,MEDIUM-LOW
610333,380110,WOMEN''S COATS AND JACKETS,0.0896,MEDIUM-LOW
610333,360210,MEN''S COATS AND JACKETS,0.0896,MEDIUM-LOW
610339,380510,WOMEN''S SUITS,0.2065,HIGH
610339,360110,MEN''S SUITS,0.2065,HIGH
610339,390120,GIRLS'' DRESSES AND SUITS,0.1268,MEDIUM
610339,370311,"BOYS'' SUITS, SPORTCOATS, VESTS",0.1002,MEDIUM
610339,390110,GIRLS'' COATS AND JACKETS,0.09,MEDIUM-LOW
610339,370110,BOYS'' COATS AND JACKETS,0.09,MEDIUM-LOW
610339,380110,WOMEN''S COATS AND JACKETS,0.09,MEDIUM-LOW
610339,360210,MEN''S COATS AND JACKETS,0.09,MEDIUM-LOW
610341,360513,MEN''S PANTS AND SHORTS,0.2696,HIGH
610341,370314,BOYS'' PANTS AND SHORTS,0.2696,HIGH
610341,380333,WOMEN''S PANTS AND SHORTS,0.2696,HIGH
610341,390223,"GIRLS'' SKIRTS, PANTS, AND SHORTS",0.1911,MEDIUM-HIGH
610342,360513,MEN''S PANTS AND SHORTS,0.2697,MEDIUM
610342,370314,BOYS'' PANTS AND SHORTS,0.2697,MEDIUM
610342,380333,WOMEN''S PANTS AND SHORTS,0.2697,MEDIUM
610342,390223,"GIRLS'' SKIRTS, PANTS, AND SHORTS",0.1908,MEDIUM
610343,360513,MEN''S PANTS AND SHORTS,0.2703,MEDIUM
610343,370314,BOYS'' PANTS AND SHORTS,0.2703,MEDIUM
610343,380333,WOMEN''S PANTS AND SHORTS,0.2703,MEDIUM
610343,390223,"GIRLS'' SKIRTS, PANTS, AND SHORTS",0.1891,MEDIUM
610349,360513,MEN''S PANTS AND SHORTS,0.2683,HIGH
610349,370314,BOYS'' PANTS AND SHORTS,0.2683,HIGH
610349,380333,WOMEN''S PANTS AND SHORTS,0.2683,HIGH
610349,390223,"GIRLS'' SKIRTS, PANTS, AND SHORTS",0.1952,MEDIUM-HIGH
610413,380510,WOMEN''S SUITS,0.395,MEDIUM-HIGH
610413,360110,MEN''S SUITS,0.395,MEDIUM-HIGH
610413,390120,GIRLS'' DRESSES AND SUITS,0.2101,MEDIUM-LOW
610419,380510,WOMEN''S SUITS,0.1487,MEDIUM-HIGH
610419,360110,MEN''S SUITS,0.1487,MEDIUM-HIGH
610419,380320,WOMEN''S SKIRTS,0.1263,HIGH
610419,390120,GIRLS'' DRESSES AND SUITS,0.0796,MEDIUM-LOW
610419,360513,MEN''S PANTS AND SHORTS,0.0778,HIGH
610419,370314,BOYS'' PANTS AND SHORTS,0.0778,HIGH
610419,380333,WOMEN''S PANTS AND SHORTS,0.0778,HIGH
610419,390223,"GIRLS'' SKIRTS, PANTS, AND SHORTS",0.0587,MEDIUM-HIGH
610419,390110,GIRLS'' COATS AND JACKETS,0.0512,MEDIUM-LOW
610419,370110,BOYS'' COATS AND JACKETS,0.0512,MEDIUM-LOW
610419,380110,WOMEN''S COATS AND JACKETS,0.0512,MEDIUM-LOW
610419,360210,MEN''S COATS AND JACKETS,0.0512,MEDIUM-LOW
610422,380320,WOMEN''S SKIRTS,0.1834,HIGH
610422,440900,CLOTHING STORAGE,0.1834,MEDIUM
610422,370125,BOYS'' SHIRTS AND SWEATERS,0.1198,MEDIUM-LOW
610422,390210,"GIRLS'' SHIRTS, BLOUSES, SWEATERS, VESTS",0.0636,MEDIUM
610422,380315,"WOMEN''S SWEATERS, SHIRTS, TOPS, VESTS",0.0636,MEDIUM
610422,360513,MEN''S PANTS AND SHORTS,0.0547,MEDIUM
610422,370314,BOYS'' PANTS AND SHORTS,0.0547,MEDIUM
610422,380333,WOMEN''S PANTS AND SHORTS,0.0547,MEDIUM
610422,390110,GIRLS'' COATS AND JACKETS,0.0459,MEDIUM-LOW
610422,370110,BOYS'' COATS AND JACKETS,0.0459,MEDIUM-LOW
610422,380110,WOMEN''S COATS AND JACKETS,0.0459,MEDIUM-LOW
610422,360210,MEN''S COATS AND JACKETS,0.0459,MEDIUM-LOW
610422,390223,"GIRLS'' SKIRTS, PANTS, AND SHORTS",0.0385,MEDIUM
610423,440900,CLOTHING STORAGE,0.2328,MEDIUM-LOW
610423,380320,WOMEN''S SKIRTS,0.2328,MEDIUM-HIGH
610423,370125,BOYS'' SHIRTS AND SWEATERS,0.1264,MEDIUM-LOW
610423,390210,"GIRLS'' SHIRTS, BLOUSES, SWEATERS, VESTS",0.0798,MEDIUM-LOW
610423,380315,"WOMEN''S SWEATERS, SHIRTS, TOPS, VESTS",0.0798,MEDIUM-LOW
610423,360513,MEN''S PANTS AND SHORTS,0.067,HIGH
610423,370314,BOYS'' PANTS AND SHORTS,0.067,HIGH
610423,380333,WOMEN''S PANTS AND SHORTS,0.067,HIGH
610423,390223,"GIRLS'' SKIRTS, PANTS, AND SHORTS",0.0475,MEDIUM-HIGH
610429,380320,WOMEN''S SKIRTS,0.1896,MEDIUM-HIGH
610429,440900,CLOTHING STORAGE,0.1896,MEDIUM
610429,370125,BOYS'' SHIRTS AND SWEATERS,0.0995,MEDIUM-LOW
610429,390210,"GIRLS'' SHIRTS, BLOUSES, SWEATERS, VESTS",0.0767,MEDIUM
610429,380315,"WOMEN''S SWEATERS, SHIRTS, TOPS, VESTS",0.0653,MEDIUM
610429,360513,MEN''S PANTS AND SHORTS,0.0504,HIGH
610429,370314,BOYS'' PANTS AND SHORTS,0.0504,HIGH
610429,380333,WOMEN''S PANTS AND SHORTS,0.0504,HIGH
610429,390110,GIRLS'' COATS AND JACKETS,0.0474,MEDIUM-LOW
610429,370110,BOYS'' COATS AND JACKETS,0.0474,MEDIUM-LOW
610429,380110,WOMEN''S COATS AND JACKETS,0.0474,MEDIUM-LOW
610429,360210,MEN''S COATS AND JACKETS,0.0474,MEDIUM-LOW
610429,390223,"GIRLS'' SKIRTS, PANTS, AND SHORTS",0.0385,MEDIUM-HIGH
610431,380510,WOMEN''S SUITS,0.207,HIGH
610431,360110,MEN''S SUITS,0.207,HIGH
610431,390120,GIRLS'' DRESSES AND SUITS,0.1268,MEDIUM
610431,370311,"BOYS'' SUITS, SPORTCOATS, VESTS",0.1001,MEDIUM
610431,390110,GIRLS'' COATS AND JACKETS,0.0898,MEDIUM-LOW
610431,370110,BOYS'' COATS AND JACKETS,0.0898,MEDIUM-LOW
610431,380110,WOMEN''S COATS AND JACKETS,0.0898,MEDIUM-LOW
610431,360210,MEN''S COATS AND JACKETS,0.0898,MEDIUM-LOW
610432,380510,WOMEN''S SUITS,0.204,HIGH
610432,360110,MEN''S SUITS,0.204,HIGH
610432,390120,GIRLS'' DRESSES AND SUITS,0.1267,MEDIUM
610432,370311,"BOYS'' SUITS, SPORTCOATS, VESTS",0.101,MEDIUM
610432,390110,GIRLS'' COATS AND JACKETS,0.0911,MEDIUM-LOW
610432,370110,BOYS'' COATS AND JACKETS,0.0911,MEDIUM-LOW
610432,380110,WOMEN''S COATS AND JACKETS,0.0911,MEDIUM-LOW
610432,360210,MEN''S COATS AND JACKETS,0.0911,MEDIUM-LOW
610433,380510,WOMEN''S SUITS,0.2069,HIGH
610433,360110,MEN''S SUITS,0.2069,HIGH
610433,390120,GIRLS'' DRESSES AND SUITS,0.1268,MEDIUM
610433,370311,"BOYS'' SUITS, SPORTCOATS, VESTS",0.1001,MEDIUM
610433,390110,GIRLS'' COATS AND JACKETS,0.0898,MEDIUM-LOW
610433,370110,BOYS'' COATS AND JACKETS,0.0898,MEDIUM-LOW
610433,380110,WOMEN''S COATS AND JACKETS,0.0898,MEDIUM-LOW
610433,360210,MEN''S COATS AND JACKETS,0.0898,MEDIUM-LOW
610439,380510,WOMEN''S SUITS,0.2054,HIGH
610439,360110,MEN''S SUITS,0.2054,HIGH
610439,390120,GIRLS'' DRESSES AND SUITS,0.1268,MEDIUM
610439,370311,"BOYS'' SUITS, SPORTCOATS, VESTS",0.1006,MEDIUM
610439,390110,GIRLS'' COATS AND JACKETS,0.0904,MEDIUM-LOW
610439,370110,BOYS'' COATS AND JACKETS,0.0904,MEDIUM-LOW
610439,380110,WOMEN''S COATS AND JACKETS,0.0904,MEDIUM-LOW
610439,360210,MEN''S COATS AND JACKETS,0.0904,MEDIUM-LOW
610441,380210,WOMEN''S DRESSES,0.4828,HIGH
610441,390120,GIRLS'' DRESSES AND SUITS,0.2586,MEDIUM-LOW
610441,410120,"INFANT DRESSES, OUTERWEAR",0.2586,MEDIUM-LOW
610442,380210,WOMEN''S DRESSES,0.472,HIGH
610442,410120,"INFANT DRESSES, OUTERWEAR",0.264,MEDIUM
610442,390120,GIRLS'' DRESSES AND SUITS,0.264,MEDIUM
610443,380210,WOMEN''S DRESSES,0.4862,MEDIUM-HIGH
610443,410120,"INFANT DRESSES, OUTERWEAR",0.2569,MEDIUM-LOW
610443,390120,GIRLS'' DRESSES AND SUITS,0.2569,MEDIUM-LOW
610444,380210,WOMEN''S DRESSES,0.4853,MEDIUM-HIGH
610444,390120,GIRLS'' DRESSES AND SUITS,0.2573,MEDIUM-LOW
610444,410120,"INFANT DRESSES, OUTERWEAR",0.2573,MEDIUM-LOW
610449,380210,WOMEN''S DRESSES,0.4798,HIGH
610449,410120,"INFANT DRESSES, OUTERWEAR",0.2601,MEDIUM-LOW
610449,390120,GIRLS'' DRESSES AND SUITS,0.2601,MEDIUM-LOW
610451,380320,WOMEN''S SKIRTS,1.0,MEDIUM-HIGH
610452,380320,WOMEN''S SKIRTS,1.0,HIGH
610453,380320,WOMEN''S SKIRTS,1.0,MEDIUM-HIGH
610459,380320,WOMEN''S SKIRTS,1.0,MEDIUM-HIGH
610461,360513,MEN''S PANTS AND SHORTS,0.2696,HIGH
610461,370314,BOYS'' PANTS AND SHORTS,0.2696,HIGH
610461,380333,WOMEN''S PANTS AND SHORTS,0.2696,HIGH
610461,390223,"GIRLS'' SKIRTS, PANTS, AND SHORTS",0.1911,MEDIUM-HIGH
610462,360513,MEN''S PANTS AND SHORTS,0.268,MEDIUM
610462,370314,BOYS'' PANTS AND SHORTS,0.268,MEDIUM
610462,380333,WOMEN''S PANTS AND SHORTS,0.268,MEDIUM
610462,390223,"GIRLS'' SKIRTS, PANTS, AND SHORTS",0.1959,MEDIUM
610463,360513,MEN''S PANTS AND SHORTS,0.2686,MEDIUM
610463,370314,BOYS'' PANTS AND SHORTS,0.2686,MEDIUM
610463,380333,WOMEN''S PANTS AND SHORTS,0.2686,MEDIUM
610463,390223,"GIRLS'' SKIRTS, PANTS, AND SHORTS",0.1942,MEDIUM
610469,360513,MEN''S PANTS AND SHORTS,0.2683,HIGH
610469,370314,BOYS'' PANTS AND SHORTS,0.2683,HIGH
610469,380333,WOMEN''S PANTS AND SHORTS,0.2683,HIGH
610469,390223,"GIRLS'' SKIRTS, PANTS, AND SHORTS",0.1952,MEDIUM-HIGH
610510,370125,BOYS'' SHIRTS AND SWEATERS,1.0,MEDIUM
610520,370125,BOYS'' SHIRTS AND SWEATERS,1.0,MEDIUM-LOW
610590,370125,BOYS'' SHIRTS AND SWEATERS,1.0,MEDIUM-LOW
610610,390210,"GIRLS'' SHIRTS, BLOUSES, SWEATERS, VESTS",0.5407,MEDIUM
610610,370125,BOYS'' SHIRTS AND SWEATERS,0.4593,MEDIUM-LOW
610620,390210,"GIRLS'' SHIRTS, BLOUSES, SWEATERS, VESTS",0.5282,MEDIUM
610620,370125,BOYS'' SHIRTS AND SWEATERS,0.4718,MEDIUM-LOW
610690,390210,"GIRLS'' SHIRTS, BLOUSES, SWEATERS, VESTS",0.5257,MEDIUM-LOW
610690,370125,BOYS'' SHIRTS AND SWEATERS,0.4743,MEDIUM-LOW
610791,160212,SALAD DRESSINGS,0.5,MEDIUM-LOW
610791,380410,WOMEN''S SLEEPWEAR,0.3206,HIGH
610791,390310,GIRLS'' UNDERWEAR AND SLEEPWEAR,0.1794,MEDIUM
610799,160212,SALAD DRESSINGS,0.5114,MEDIUM-LOW
610799,380410,WOMEN''S SLEEPWEAR,0.3165,HIGH
610799,390310,GIRLS'' UNDERWEAR AND SLEEPWEAR,0.1721,MEDIUM
610891,160212,SALAD DRESSINGS,0.5,MEDIUM-LOW
610891,360311,MEN''S UNDERWEAR,0.1377,HIGH
610891,370211,BOYS'' UNDERWEAR,0.1377,HIGH
610891,410130,INFANT UNDERWEAR,0.1377,HIGH
610891,390310,GIRLS'' UNDERWEAR AND SLEEPWEAR,0.0869,MEDIUM-HIGH
610892,160212,SALAD DRESSINGS,0.5,MEDIUM-LOW
610892,360311,MEN''S UNDERWEAR,0.1377,HIGH
610892,370211,BOYS'' UNDERWEAR,0.1377,HIGH
610892,410130,INFANT UNDERWEAR,0.1377,HIGH
610892,390310,GIRLS'' UNDERWEAR AND SLEEPWEAR,0.0869,MEDIUM-HIGH
610899,160212,SALAD DRESSINGS,0.4805,MEDIUM-LOW
610899,360311,MEN''S UNDERWEAR,0.1439,HIGH
610899,370211,BOYS'' UNDERWEAR,0.1439,HIGH
610899,410130,INFANT UNDERWEAR,0.1439,HIGH
610899,390310,GIRLS'' UNDERWEAR AND SLEEPWEAR,0.0877,MEDIUM
610910,370125,BOYS'' SHIRTS AND SWEATERS,0.228,MEDIUM-LOW
610910,360311,MEN''S UNDERWEAR,0.1909,HIGH
610910,370211,BOYS'' UNDERWEAR,0.1909,HIGH
610910,410130,INFANT UNDERWEAR,0.1909,HIGH
610910,390310,GIRLS'' UNDERWEAR AND SLEEPWEAR,0.1189,MEDIUM
610910,380315,"WOMEN''S SWEATERS, SHIRTS, TOPS, VESTS",0.0804,MEDIUM
610990,370125,BOYS'' SHIRTS AND SWEATERS,0.364,MEDIUM-LOW
610990,380315,"WOMEN''S SWEATERS, SHIRTS, TOPS, VESTS",0.2202,MEDIUM
610990,360311,MEN''S UNDERWEAR,0.1148,HIGH
610990,370211,BOYS'' UNDERWEAR,0.1148,HIGH
610990,410130,INFANT UNDERWEAR,0.1148,HIGH
610990,390310,GIRLS'' UNDERWEAR AND SLEEPWEAR,0.0714,MEDIUM
611011,370125,BOYS'' SHIRTS AND SWEATERS,0.5071,MEDIUM
611011,360420,"MEN''S SHIRTS, SWEATERS, AND VESTS",0.1825,HIGH
611011,390210,"GIRLS'' SHIRTS, BLOUSES, SWEATERS, VESTS",0.1552,MEDIUM-HIGH
611011,380315,"WOMEN''S SWEATERS, SHIRTS, TOPS, VESTS",0.1552,MEDIUM-HIGH
611012,370125,BOYS'' SHIRTS AND SWEATERS,0.4871,MEDIUM-LOW
611012,360420,"MEN''S SHIRTS, SWEATERS, AND VESTS",0.1907,HIGH
611012,390210,"GIRLS'' SHIRTS, BLOUSES, SWEATERS, VESTS",0.1611,MEDIUM-HIGH
611012,380315,"WOMEN''S SWEATERS, SHIRTS, TOPS, VESTS",0.1611,MEDIUM-HIGH
611019,370125,BOYS'' SHIRTS AND SWEATERS,0.5089,MEDIUM-LOW
611019,360420,"MEN''S SHIRTS, SWEATERS, AND VESTS",0.1831,MEDIUM-HIGH
611019,390210,"GIRLS'' SHIRTS, BLOUSES, SWEATERS, VESTS",0.154,MEDIUM-HIGH
611019,380315,"WOMEN''S SWEATERS, SHIRTS, TOPS, VESTS",0.154,MEDIUM-HIGH
611020,370125,BOYS'' SHIRTS AND SWEATERS,0.4891,MEDIUM-LOW
611020,360420,"MEN''S SHIRTS, SWEATERS, AND VESTS",0.1911,MEDIUM-HIGH
611020,390210,"GIRLS'' SHIRTS, BLOUSES, SWEATERS, VESTS",0.1599,MEDIUM
611020,380315,"WOMEN''S SWEATERS, SHIRTS, TOPS, VESTS",0.1599,MEDIUM
611030,370125,BOYS'' SHIRTS AND SWEATERS,0.4855,MEDIUM-LOW
611030,360420,"MEN''S SHIRTS, SWEATERS, AND VESTS",0.1923,MEDIUM-HIGH
611030,390210,"GIRLS'' SHIRTS, BLOUSES, SWEATERS, VESTS",0.1611,MEDIUM-HIGH
611030,380315,"WOMEN''S SWEATERS, SHIRTS, TOPS, VESTS",0.1611,MEDIUM-HIGH
611090,370125,BOYS'' SHIRTS AND SWEATERS,0.4708,MEDIUM
611090,360420,"MEN''S SHIRTS, SWEATERS, AND VESTS",0.1978,MEDIUM-HIGH
611090,390210,"GIRLS'' SHIRTS, BLOUSES, SWEATERS, VESTS",0.1657,MEDIUM-HIGH
611090,380315,"WOMEN''S SWEATERS, SHIRTS, TOPS, VESTS",0.1657,MEDIUM-HIGH
611120,380901,WOMEN''S ACCESSORIES,0.0892,MEDIUM-HIGH
611120,360330,MEN''S ACCESSORIES,0.0892,MEDIUM-HIGH
611120,390322,GIRLS'' ACCESSORIES,0.0892,MEDIUM-HIGH
611120,370220,BOYS'' ACCESSORIES,0.0892,MEDIUM-HIGH
611120,410901,INFANT ACCESSORIES,0.0892,MEDIUM-HIGH
611120,380210,WOMEN''S DRESSES,0.0729,MEDIUM-HIGH
611120,360513,MEN''S PANTS AND SHORTS,0.0685,HIGH
611120,370314,BOYS'' PANTS AND SHORTS,0.0685,HIGH
611120,380333,WOMEN''S PANTS AND SHORTS,0.0685,HIGH
611120,440900,CLOTHING STORAGE,0.0526,MEDIUM
611120,390223,"GIRLS'' SKIRTS, PANTS, AND SHORTS",0.0513,MEDIUM-HIGH
611120,390210,"GIRLS'' SHIRTS, BLOUSES, SWEATERS, VESTS",0.0477,MEDIUM-LOW
611120,370125,BOYS'' SHIRTS AND SWEATERS,0.0465,MEDIUM-LOW
611120,390120,GIRLS'' DRESSES AND SUITS,0.0387,MEDIUM-LOW
611120,410120,"INFANT DRESSES, OUTERWEAR",0.0387,MEDIUM-LOW
611130,380901,WOMEN''S ACCESSORIES,0.1065,MEDIUM-HIGH
611130,360330,MEN''S ACCESSORIES,0.1065,MEDIUM-HIGH
611130,390322,GIRLS'' ACCESSORIES,0.1065,MEDIUM-HIGH
611130,370220,BOYS'' ACCESSORIES,0.1065,MEDIUM-HIGH
611130,410901,INFANT ACCESSORIES,0.1065,MEDIUM-HIGH
611130,360513,MEN''S PANTS AND SHORTS,0.0792,HIGH
611130,370314,BOYS'' PANTS AND SHORTS,0.0792,HIGH
611130,380333,WOMEN''S PANTS AND SHORTS,0.0792,HIGH
611130,440900,CLOTHING STORAGE,0.0619,MEDIUM-LOW
611130,390223,"GIRLS'' SKIRTS, PANTS, AND SHORTS",0.0592,MEDIUM-HIGH
611130,390210,"GIRLS'' SHIRTS, BLOUSES, SWEATERS, VESTS",0.0552,MEDIUM-LOW
611130,370125,BOYS'' SHIRTS AND SWEATERS,0.0538,MEDIUM-LOW
611190,380901,WOMEN''S ACCESSORIES,0.1072,MEDIUM-HIGH
611190,360330,MEN''S ACCESSORIES,0.1072,MEDIUM-HIGH
611190,390322,GIRLS'' ACCESSORIES,0.1072,MEDIUM-HIGH
611190,370220,BOYS'' ACCESSORIES,0.1072,MEDIUM-HIGH
611190,410901,INFANT ACCESSORIES,0.1072,MEDIUM-HIGH
611190,360513,MEN''S PANTS AND SHORTS,0.0784,HIGH
611190,370314,BOYS'' PANTS AND SHORTS,0.0784,HIGH
611190,380333,WOMEN''S PANTS AND SHORTS,0.0784,HIGH
611190,440900,CLOTHING STORAGE,0.0619,MEDIUM-LOW
611190,390223,"GIRLS'' SKIRTS, PANTS, AND SHORTS",0.0586,MEDIUM-HIGH
611190,390210,"GIRLS'' SHIRTS, BLOUSES, SWEATERS, VESTS",0.0546,MEDIUM-LOW
611190,370125,BOYS'' SHIRTS AND SWEATERS,0.0538,MEDIUM-LOW
611211,380510,WOMEN''S SUITS,0.1496,MEDIUM-HIGH
611211,360110,MEN''S SUITS,0.1496,MEDIUM-HIGH
611211,370125,BOYS'' SHIRTS AND SWEATERS,0.0939,MEDIUM-LOW
611211,390120,GIRLS'' DRESSES AND SUITS,0.0802,MEDIUM-LOW
611211,360513,MEN''S PANTS AND SHORTS,0.0745,MEDIUM
611211,370314,BOYS'' PANTS AND SHORTS,0.0745,MEDIUM
611211,380333,WOMEN''S PANTS AND SHORTS,0.0745,MEDIUM
611211,390110,GIRLS'' COATS AND JACKETS,0.061,MEDIUM-LOW
611211,370110,BOYS'' COATS AND JACKETS,0.061,MEDIUM-LOW
611211,380110,WOMEN''S COATS AND JACKETS,0.061,MEDIUM-LOW
611211,360210,MEN''S COATS AND JACKETS,0.061,MEDIUM-LOW
611211,390223,"GIRLS'' SKIRTS, PANTS, AND SHORTS",0.0594,MEDIUM
611212,380510,WOMEN''S SUITS,0.1502,MEDIUM-HIGH
611212,360110,MEN''S SUITS,0.1502,MEDIUM-HIGH
611212,370125,BOYS'' SHIRTS AND SWEATERS,0.0933,MEDIUM-LOW
611212,390120,GIRLS'' DRESSES AND SUITS,0.0798,MEDIUM-LOW
611212,360513,MEN''S PANTS AND SHORTS,0.0746,MEDIUM
611212,370314,BOYS'' PANTS AND SHORTS,0.0746,MEDIUM
611212,380333,WOMEN''S PANTS AND SHORTS,0.0746,MEDIUM
611212,390110,GIRLS'' COATS AND JACKETS,0.0609,MEDIUM-LOW
611212,370110,BOYS'' COATS AND JACKETS,0.0609,MEDIUM-LOW
611212,380110,WOMEN''S COATS AND JACKETS,0.0609,MEDIUM-LOW
611212,360210,MEN''S COATS AND JACKETS,0.0609,MEDIUM-LOW
611212,390223,"GIRLS'' SKIRTS, PANTS, AND SHORTS",0.0592,MEDIUM
611219,380510,WOMEN''S SUITS,0.2094,MEDIUM-HIGH
611219,360110,MEN''S SUITS,0.2094,MEDIUM-HIGH
611219,370125,BOYS'' SHIRTS AND SWEATERS,0.1162,MEDIUM-LOW
611219,390120,GIRLS'' DRESSES AND SUITS,0.1109,MEDIUM-LOW
611219,360513,MEN''S PANTS AND SHORTS,0.0935,MEDIUM
611219,370314,BOYS'' PANTS AND SHORTS,0.0935,MEDIUM
611219,380333,WOMEN''S PANTS AND SHORTS,0.0935,MEDIUM
611219,390223,"GIRLS'' SKIRTS, PANTS, AND SHORTS",0.0738,MEDIUM
611220,380510,WOMEN''S SUITS,0.1191,HIGH
611220,360110,MEN''S SUITS,0.1191,HIGH
611220,440900,CLOTHING STORAGE,0.0759,MEDIUM
611220,600901,WATER SPORTS EQUIPMENT,0.065,MEDIUM-LOW
611220,600902,OTHER SPORTS EQUIPMENT,0.065,MEDIUM-LOW
611220,390120,GIRLS'' DRESSES AND SUITS,0.0639,MEDIUM-LOW
611220,360513,MEN''S PANTS AND SHORTS,0.0622,MEDIUM
611220,370314,BOYS'' PANTS AND SHORTS,0.0622,MEDIUM
611220,380333,WOMEN''S PANTS AND SHORTS,0.0622,MEDIUM
611220,320130,INFANTS'' EQUIPMENT,0.0611,MEDIUM-LOW
611220,390223,"GIRLS'' SKIRTS, PANTS, AND SHORTS",0.0494,MEDIUM
611220,390110,GIRLS'' COATS AND JACKETS,0.0487,MEDIUM-LOW
611220,360210,MEN''S COATS AND JACKETS,0.0487,MEDIUM-LOW
611220,370110,BOYS'' COATS AND JACKETS,0.0487,MEDIUM-LOW
611220,380110,WOMEN''S COATS AND JACKETS,0.0487,MEDIUM-LOW
611231,360360,MEN''S SWIMWEAR (NEW UCC Q20191),0.25,MEDIUM-LOW
611231,390360,GIRLS'' SWIMWEAR (NEW UCC Q20191),0.25,MEDIUM-LOW
611231,370360,BOYS'' SWIMWEAR (NEW UCC Q20191),0.25,MEDIUM-LOW
611231,380360,WOMEN''S SWIMWEAR (NEW UCC Q20191),0.25,MEDIUM-LOW
611239,360360,MEN''S SWIMWEAR (NEW UCC Q20191),0.25,MEDIUM
611239,390360,GIRLS'' SWIMWEAR (NEW UCC Q20191),0.25,MEDIUM
611239,370360,BOYS'' SWIMWEAR (NEW UCC Q20191),0.25,MEDIUM
611239,380360,WOMEN''S SWIMWEAR (NEW UCC Q20191),0.25,MEDIUM
611241,360360,MEN''S SWIMWEAR (NEW UCC Q20191),0.25,MEDIUM-LOW
611241,390360,GIRLS'' SWIMWEAR (NEW UCC Q20191),0.25,MEDIUM-LOW
611241,370360,BOYS'' SWIMWEAR (NEW UCC Q20191),0.25,MEDIUM-LOW
611241,380360,WOMEN''S SWIMWEAR (NEW UCC Q20191),0.25,MEDIUM-LOW
611249,360360,MEN''S SWIMWEAR (NEW UCC Q20191),0.25,MEDIUM
611249,390360,GIRLS'' SWIMWEAR (NEW UCC Q20191),0.25,MEDIUM
611249,370360,BOYS'' SWIMWEAR (NEW UCC Q20191),0.25,MEDIUM
611249,380360,WOMEN''S SWIMWEAR (NEW UCC Q20191),0.25,MEDIUM
611300,440900,CLOTHING STORAGE,0.3333,MEDIUM
611300,360513,MEN''S PANTS AND SHORTS,0.0886,HIGH
611300,370314,BOYS'' PANTS AND SHORTS,0.0886,HIGH
611300,380333,WOMEN''S PANTS AND SHORTS,0.0886,HIGH
611300,390110,GIRLS'' COATS AND JACKETS,0.0833,HIGH
611300,370110,BOYS'' COATS AND JACKETS,0.0833,HIGH
611300,380110,WOMEN''S COATS AND JACKETS,0.0833,HIGH
611300,360210,MEN''S COATS AND JACKETS,0.0833,HIGH
611300,390223,"GIRLS'' SKIRTS, PANTS, AND SHORTS",0.0675,HIGH
611420,440900,CLOTHING STORAGE,1.0,MEDIUM
611430,440900,CLOTHING STORAGE,1.0,MEDIUM
611490,440900,CLOTHING STORAGE,1.0,MEDIUM
611510,380430,WOMEN''S HOSIERY,0.25,HIGH
611510,360312,MEN''S HOSIERY,0.25,HIGH
611510,390321,GIRLS'' HOSIERY,0.25,HIGH
611510,370213,BOYS'' HOSIERY,0.25,HIGH
611529,380430,WOMEN''S HOSIERY,0.25,MEDIUM-HIGH
611529,360312,MEN''S HOSIERY,0.25,MEDIUM-HIGH
611529,390321,GIRLS'' HOSIERY,0.25,MEDIUM-HIGH
611529,370213,BOYS'' HOSIERY,0.25,MEDIUM-HIGH
611530,380430,WOMEN''S HOSIERY,0.25,MEDIUM-HIGH
611530,360312,MEN''S HOSIERY,0.25,MEDIUM-HIGH
611530,390321,GIRLS'' HOSIERY,0.25,MEDIUM-HIGH
611530,370213,BOYS'' HOSIERY,0.25,MEDIUM-HIGH
611594,380430,WOMEN''S HOSIERY,0.125,MEDIUM-HIGH
611594,360312,MEN''S HOSIERY,0.125,MEDIUM-HIGH
611594,390321,GIRLS'' HOSIERY,0.125,MEDIUM-HIGH
611594,370213,BOYS'' HOSIERY,0.125,MEDIUM-HIGH
611594,400110,MEN''S FOOTWEAR,0.125,MEDIUM-HIGH
611594,400210,BOYS'' FOOTWEAR,0.125,MEDIUM-HIGH
611594,400220,GIRLS'' FOOTWEAR,0.125,MEDIUM-HIGH
611594,400310,WOMEN''S FOOTWEAR,0.125,MEDIUM-HIGH
611595,380430,WOMEN''S HOSIERY,0.1429,MEDIUM-HIGH
611595,360312,MEN''S HOSIERY,0.1429,MEDIUM-HIGH
611595,390321,GIRLS'' HOSIERY,0.1429,MEDIUM-HIGH
611595,370213,BOYS'' HOSIERY,0.1429,MEDIUM-HIGH
611595,400110,MEN''S FOOTWEAR,0.1071,MEDIUM-HIGH
611595,400210,BOYS'' FOOTWEAR,0.1071,MEDIUM-HIGH
611595,400220,GIRLS'' FOOTWEAR,0.1071,MEDIUM-HIGH
611595,400310,WOMEN''S FOOTWEAR,0.1071,MEDIUM-HIGH
611596,380430,WOMEN''S HOSIERY,0.1607,MEDIUM-HIGH
611596,360312,MEN''S HOSIERY,0.1607,MEDIUM-HIGH
611596,390321,GIRLS'' HOSIERY,0.1607,MEDIUM-HIGH
611596,370213,BOYS'' HOSIERY,0.1607,MEDIUM-HIGH
611596,400110,MEN''S FOOTWEAR,0.0893,MEDIUM-HIGH
611596,400210,BOYS'' FOOTWEAR,0.0893,MEDIUM-HIGH
611596,400220,GIRLS'' FOOTWEAR,0.0893,MEDIUM-HIGH
611596,400310,WOMEN''S FOOTWEAR,0.0893,MEDIUM-HIGH
611599,380430,WOMEN''S HOSIERY,0.1625,MEDIUM-HIGH
611599,360312,MEN''S HOSIERY,0.1625,MEDIUM-HIGH
611599,390321,GIRLS'' HOSIERY,0.1625,MEDIUM-HIGH
611599,370213,BOYS'' HOSIERY,0.1625,MEDIUM-HIGH
611599,400110,MEN''S FOOTWEAR,0.0875,MEDIUM-HIGH
611599,400210,BOYS'' FOOTWEAR,0.0875,MEDIUM-HIGH
611599,400220,GIRLS'' FOOTWEAR,0.0875,MEDIUM-HIGH
611599,400310,WOMEN''S FOOTWEAR,0.0875,MEDIUM-HIGH
611692,600901,WATER SPORTS EQUIPMENT,0.3417,MEDIUM-LOW
611692,600902,OTHER SPORTS EQUIPMENT,0.3417,MEDIUM-LOW
611692,320130,INFANTS'' EQUIPMENT,0.3165,MEDIUM-LOW
611710,380901,WOMEN''S ACCESSORIES,0.1797,MEDIUM-HIGH
611710,360330,MEN''S ACCESSORIES,0.1797,MEDIUM-HIGH
611710,390322,GIRLS'' ACCESSORIES,0.1797,MEDIUM-HIGH
611710,370220,BOYS'' ACCESSORIES,0.1797,MEDIUM-HIGH
611710,410901,INFANT ACCESSORIES,0.1797,MEDIUM-HIGH
611710,440900,CLOTHING STORAGE,0.1015,MEDIUM-LOW
611780,380901,WOMEN''S ACCESSORIES,0.1787,MEDIUM-HIGH
611780,360330,MEN''S ACCESSORIES,0.1787,MEDIUM-HIGH
611780,390322,GIRLS'' ACCESSORIES,0.1787,MEDIUM-HIGH
611780,370220,BOYS'' ACCESSORIES,0.1787,MEDIUM-HIGH
611780,410901,INFANT ACCESSORIES,0.1787,MEDIUM-HIGH
611780,440900,CLOTHING STORAGE,0.1066,MEDIUM
611790,380901,WOMEN''S ACCESSORIES,0.0758,MEDIUM-HIGH
611790,360330,MEN''S ACCESSORIES,0.0758,MEDIUM-HIGH
611790,390322,GIRLS'' ACCESSORIES,0.0758,MEDIUM-HIGH
611790,370220,BOYS'' ACCESSORIES,0.0758,MEDIUM-HIGH
611790,410901,INFANT ACCESSORIES,0.0758,MEDIUM-HIGH
611790,360513,MEN''S PANTS AND SHORTS,0.0667,HIGH
611790,370314,BOYS'' PANTS AND SHORTS,0.0667,HIGH
611790,380333,WOMEN''S PANTS AND SHORTS,0.0667,HIGH
611790,390110,GIRLS'' COATS AND JACKETS,0.0585,HIGH
611790,360210,MEN''S COATS AND JACKETS,0.0585,HIGH
611790,370110,BOYS'' COATS AND JACKETS,0.0585,HIGH
611790,380110,WOMEN''S COATS AND JACKETS,0.0585,HIGH
611790,390223,"GIRLS'' SKIRTS, PANTS, AND SHORTS",0.0501,MEDIUM-HIGH
611790,390210,"GIRLS'' SHIRTS, BLOUSES, SWEATERS, VESTS",0.0473,MEDIUM
611790,370125,BOYS'' SHIRTS AND SWEATERS,0.0449,MEDIUM-LOW
611790,440900,CLOTHING STORAGE,0.0448,MEDIUM
620111,390110,GIRLS'' COATS AND JACKETS,0.25,MEDIUM-LOW
620111,370110,BOYS'' COATS AND JACKETS,0.25,MEDIUM-LOW
620111,380110,WOMEN''S COATS AND JACKETS,0.25,MEDIUM-LOW
620111,360210,MEN''S COATS AND JACKETS,0.25,MEDIUM-LOW
620112,390110,GIRLS'' COATS AND JACKETS,0.25,MEDIUM-LOW
620112,370110,BOYS'' COATS AND JACKETS,0.25,MEDIUM-LOW
620112,380110,WOMEN''S COATS AND JACKETS,0.25,MEDIUM-LOW
620112,360210,MEN''S COATS AND JACKETS,0.25,MEDIUM-LOW
620113,390110,GIRLS'' COATS AND JACKETS,0.25,MEDIUM-LOW
620113,370110,BOYS'' COATS AND JACKETS,0.25,MEDIUM-LOW
620113,380110,WOMEN''S COATS AND JACKETS,0.25,MEDIUM-LOW
620113,360210,MEN''S COATS AND JACKETS,0.25,MEDIUM-LOW
620119,390110,GIRLS'' COATS AND JACKETS,0.25,MEDIUM-LOW
620119,370110,BOYS'' COATS AND JACKETS,0.25,MEDIUM-LOW
620119,380110,WOMEN''S COATS AND JACKETS,0.25,MEDIUM-LOW
620119,360210,MEN''S COATS AND JACKETS,0.25,MEDIUM-LOW
620191,390110,GIRLS'' COATS AND JACKETS,0.1675,MEDIUM-LOW
620191,360210,MEN''S COATS AND JACKETS,0.1675,MEDIUM-LOW
620191,370110,BOYS'' COATS AND JACKETS,0.1675,MEDIUM-LOW
620191,380110,WOMEN''S COATS AND JACKETS,0.1675,MEDIUM-LOW
620191,600901,WATER SPORTS EQUIPMENT,0.1113,MEDIUM-LOW
620191,600902,OTHER SPORTS EQUIPMENT,0.1113,MEDIUM-LOW
620191,320130,INFANTS'' EQUIPMENT,0.1074,MEDIUM-LOW
620192,390110,GIRLS'' COATS AND JACKETS,0.1709,MEDIUM-LOW
620192,360210,MEN''S COATS AND JACKETS,0.1709,MEDIUM-LOW
620192,370110,BOYS'' COATS AND JACKETS,0.1709,MEDIUM-LOW
620192,380110,WOMEN''S COATS AND JACKETS,0.1709,MEDIUM-LOW
620192,600901,WATER SPORTS EQUIPMENT,0.1071,MEDIUM-LOW
620192,600902,OTHER SPORTS EQUIPMENT,0.1071,MEDIUM-LOW
620192,320130,INFANTS'' EQUIPMENT,0.1021,MEDIUM-LOW
620193,390110,GIRLS'' COATS AND JACKETS,0.1707,MEDIUM-LOW
620193,360210,MEN''S COATS AND JACKETS,0.1707,MEDIUM-LOW
620193,370110,BOYS'' COATS AND JACKETS,0.1707,MEDIUM-LOW
620193,380110,WOMEN''S COATS AND JACKETS,0.1707,MEDIUM-LOW
620193,600901,WATER SPORTS EQUIPMENT,0.1072,MEDIUM-LOW
620193,600902,OTHER SPORTS EQUIPMENT,0.1072,MEDIUM-LOW
620193,320130,INFANTS'' EQUIPMENT,0.1027,MEDIUM-LOW
620199,600901,WATER SPORTS EQUIPMENT,0.1476,MEDIUM-LOW
620199,600902,OTHER SPORTS EQUIPMENT,0.1476,MEDIUM-LOW
620199,320130,INFANTS'' EQUIPMENT,0.142,MEDIUM-LOW
620199,390110,GIRLS'' COATS AND JACKETS,0.1407,MEDIUM-LOW
620199,360210,MEN''S COATS AND JACKETS,0.1407,MEDIUM-LOW
620199,370110,BOYS'' COATS AND JACKETS,0.1407,MEDIUM-LOW
620199,380110,WOMEN''S COATS AND JACKETS,0.1407,MEDIUM-LOW
620211,390110,GIRLS'' COATS AND JACKETS,0.25,MEDIUM-LOW
620211,370110,BOYS'' COATS AND JACKETS,0.25,MEDIUM-LOW
620211,380110,WOMEN''S COATS AND JACKETS,0.25,MEDIUM-LOW
620211,360210,MEN''S COATS AND JACKETS,0.25,MEDIUM-LOW
620212,390110,GIRLS'' COATS AND JACKETS,0.25,MEDIUM-LOW
620212,370110,BOYS'' COATS AND JACKETS,0.25,MEDIUM-LOW
620212,380110,WOMEN''S COATS AND JACKETS,0.25,MEDIUM-LOW
620212,360210,MEN''S COATS AND JACKETS,0.25,MEDIUM-LOW
620213,390110,GIRLS'' COATS AND JACKETS,0.25,MEDIUM-LOW
620213,370110,BOYS'' COATS AND JACKETS,0.25,MEDIUM-LOW
620213,380110,WOMEN''S COATS AND JACKETS,0.25,MEDIUM-LOW
620213,360210,MEN''S COATS AND JACKETS,0.25,MEDIUM-LOW
620219,390110,GIRLS'' COATS AND JACKETS,0.25,MEDIUM-LOW
620219,370110,BOYS'' COATS AND JACKETS,0.25,MEDIUM-LOW
620219,380110,WOMEN''S COATS AND JACKETS,0.25,MEDIUM-LOW
620219,360210,MEN''S COATS AND JACKETS,0.25,MEDIUM-LOW
620291,390110,GIRLS'' COATS AND JACKETS,0.1713,MEDIUM-LOW
620291,360210,MEN''S COATS AND JACKETS,0.1713,MEDIUM-LOW
620291,370110,BOYS'' COATS AND JACKETS,0.1713,MEDIUM-LOW
620291,380110,WOMEN''S COATS AND JACKETS,0.1713,MEDIUM-LOW
620291,600901,WATER SPORTS EQUIPMENT,0.1061,MEDIUM-LOW
620291,600902,OTHER SPORTS EQUIPMENT,0.1061,MEDIUM-LOW
620291,320130,INFANTS'' EQUIPMENT,0.1027,MEDIUM-LOW
620292,390110,GIRLS'' COATS AND JACKETS,0.1709,MEDIUM-LOW
620292,360210,MEN''S COATS AND JACKETS,0.1709,MEDIUM-LOW
620292,370110,BOYS'' COATS AND JACKETS,0.1709,MEDIUM-LOW
620292,380110,WOMEN''S COATS AND JACKETS,0.1709,MEDIUM-LOW
620292,600901,WATER SPORTS EQUIPMENT,0.1071,MEDIUM-LOW
620292,600902,OTHER SPORTS EQUIPMENT,0.1071,MEDIUM-LOW
620292,320130,INFANTS'' EQUIPMENT,0.1021,MEDIUM-LOW
620293,390110,GIRLS'' COATS AND JACKETS,0.1705,MEDIUM-LOW
620293,360210,MEN''S COATS AND JACKETS,0.1705,MEDIUM-LOW
620293,370110,BOYS'' COATS AND JACKETS,0.1705,MEDIUM-LOW
620293,380110,WOMEN''S COATS AND JACKETS,0.1705,MEDIUM-LOW
620293,600901,WATER SPORTS EQUIPMENT,0.1074,MEDIUM-LOW
620293,600902,OTHER SPORTS EQUIPMENT,0.1074,MEDIUM-LOW
620293,320130,INFANTS'' EQUIPMENT,0.1033,MEDIUM-LOW
620299,390110,GIRLS'' COATS AND JACKETS,0.1593,HIGH
620299,360210,MEN''S COATS AND JACKETS,0.1593,HIGH
620299,370110,BOYS'' COATS AND JACKETS,0.1593,HIGH
620299,380110,WOMEN''S COATS AND JACKETS,0.1593,HIGH
620299,360120,"MEN''S SPORTCOATS, TAILORED JACKETS",0.0789,MEDIUM
620299,380311,"WOMEN''S SPORTCOATS, TAILORED JACKETS",0.0789,MEDIUM
620299,600901,WATER SPORTS EQUIPMENT,0.0692,MEDIUM-LOW
620299,600902,OTHER SPORTS EQUIPMENT,0.0692,MEDIUM-LOW
620299,320130,INFANTS'' EQUIPMENT,0.0668,MEDIUM-LOW
620311,380510,WOMEN''S SUITS,0.3959,MEDIUM-HIGH
620311,360110,MEN''S SUITS,0.3959,MEDIUM-HIGH
620311,390120,GIRLS'' DRESSES AND SUITS,0.2082,MEDIUM-LOW
620312,380510,WOMEN''S SUITS,0.3949,MEDIUM-HIGH
620312,360110,MEN''S SUITS,0.3949,MEDIUM-HIGH
620312,390120,GIRLS'' DRESSES AND SUITS,0.2101,MEDIUM-LOW
620319,380510,WOMEN''S SUITS,0.1679,HIGH
620319,360110,MEN''S SUITS,0.1679,HIGH
620319,390120,GIRLS'' DRESSES AND SUITS,0.0903,MEDIUM-LOW
620319,360513,MEN''S PANTS AND SHORTS,0.0897,HIGH
620319,370314,BOYS'' PANTS AND SHORTS,0.0897,HIGH
620319,380333,WOMEN''S PANTS AND SHORTS,0.0897,HIGH
620319,390223,"GIRLS'' SKIRTS, PANTS, AND SHORTS",0.0679,MEDIUM-HIGH
620319,390110,GIRLS'' COATS AND JACKETS,0.0592,MEDIUM-LOW
620319,370110,BOYS'' COATS AND JACKETS,0.0592,MEDIUM-LOW
620319,380110,WOMEN''S COATS AND JACKETS,0.0592,MEDIUM-LOW
620319,360210,MEN''S COATS AND JACKETS,0.0592,MEDIUM-LOW
620322,370125,BOYS'' SHIRTS AND SWEATERS,0.1959,MEDIUM
620322,440900,CLOTHING STORAGE,0.1959,MEDIUM
620322,360513,MEN''S PANTS AND SHORTS,0.0584,MEDIUM
620322,370314,BOYS'' PANTS AND SHORTS,0.0584,MEDIUM
620322,380333,WOMEN''S PANTS AND SHORTS,0.0584,MEDIUM
620322,380902,WOMEN''S UNIFORMS,0.049,MEDIUM-HIGH
620322,360901,MEN''S UNIFORMS,0.049,MEDIUM-HIGH
620322,390901,GIRLS'' UNIFORMS,0.049,MEDIUM-HIGH
620322,370903,BOYS'' UNIFORMS,0.049,MEDIUM-HIGH
620322,390110,GIRLS'' COATS AND JACKETS,0.049,MEDIUM-LOW
620322,370110,BOYS'' COATS AND JACKETS,0.049,MEDIUM-LOW
620322,380110,WOMEN''S COATS AND JACKETS,0.049,MEDIUM-LOW
620322,360210,MEN''S COATS AND JACKETS,0.049,MEDIUM-LOW
620322,390223,"GIRLS'' SKIRTS, PANTS, AND SHORTS",0.0413,MEDIUM
620323,370125,BOYS'' SHIRTS AND SWEATERS,0.2458,MEDIUM-LOW
620323,440900,CLOTHING STORAGE,0.2458,MEDIUM-LOW
620323,360513,MEN''S PANTS AND SHORTS,0.0708,HIGH
620323,370314,BOYS'' PANTS AND SHORTS,0.0708,HIGH
620323,380333,WOMEN''S PANTS AND SHORTS,0.0708,HIGH
620323,390110,GIRLS'' COATS AND JACKETS,0.0615,MEDIUM-LOW
620323,370110,BOYS'' COATS AND JACKETS,0.0615,MEDIUM-LOW
620323,380110,WOMEN''S COATS AND JACKETS,0.0615,MEDIUM-LOW
620323,360210,MEN''S COATS AND JACKETS,0.0615,MEDIUM-LOW
620323,390223,"GIRLS'' SKIRTS, PANTS, AND SHORTS",0.0501,MEDIUM-HIGH
620329,440900,CLOTHING STORAGE,0.2436,MEDIUM
620329,370125,BOYS'' SHIRTS AND SWEATERS,0.2436,MEDIUM-LOW
620329,380510,WOMEN''S SUITS,0.0965,MEDIUM-HIGH
620329,360110,MEN''S SUITS,0.0965,MEDIUM-HIGH
620329,360513,MEN''S PANTS AND SHORTS,0.0727,MEDIUM-LOW
620329,370314,BOYS'' PANTS AND SHORTS,0.0727,MEDIUM-LOW
620329,380333,WOMEN''S PANTS AND SHORTS,0.0727,MEDIUM-LOW
620329,390223,"GIRLS'' SKIRTS, PANTS, AND SHORTS",0.0508,MEDIUM
620329,390120,GIRLS'' DRESSES AND SUITS,0.0507,MEDIUM-LOW
620331,380510,WOMEN''S SUITS,0.2081,HIGH
620331,360110,MEN''S SUITS,0.2081,HIGH
620331,390120,GIRLS'' DRESSES AND SUITS,0.1283,MEDIUM
620331,370311,"BOYS'' SUITS, SPORTCOATS, VESTS",0.1017,MEDIUM
620331,390110,GIRLS'' COATS AND JACKETS,0.0885,MEDIUM-LOW
620331,370110,BOYS'' COATS AND JACKETS,0.0885,MEDIUM-LOW
620331,380110,WOMEN''S COATS AND JACKETS,0.0885,MEDIUM-LOW
620331,360210,MEN''S COATS AND JACKETS,0.0885,MEDIUM-LOW
620332,380510,WOMEN''S SUITS,0.2065,HIGH
620332,360110,MEN''S SUITS,0.2065,HIGH
620332,390120,GIRLS'' DRESSES AND SUITS,0.1268,MEDIUM
620332,370311,"BOYS'' SUITS, SPORTCOATS, VESTS",0.1002,MEDIUM
620332,390110,GIRLS'' COATS AND JACKETS,0.09,MEDIUM-LOW
620332,370110,BOYS'' COATS AND JACKETS,0.09,MEDIUM-LOW
620332,380110,WOMEN''S COATS AND JACKETS,0.09,MEDIUM-LOW
620332,360210,MEN''S COATS AND JACKETS,0.09,MEDIUM-LOW
620333,380510,WOMEN''S SUITS,0.2084,HIGH
620333,360110,MEN''S SUITS,0.2084,HIGH
620333,390120,GIRLS'' DRESSES AND SUITS,0.1277,MEDIUM
620333,370311,"BOYS'' SUITS, SPORTCOATS, VESTS",0.1008,MEDIUM-LOW
620333,390110,GIRLS'' COATS AND JACKETS,0.0887,MEDIUM-LOW
620333,370110,BOYS'' COATS AND JACKETS,0.0887,MEDIUM-LOW
620333,380110,WOMEN''S COATS AND JACKETS,0.0887,MEDIUM-LOW
620333,360210,MEN''S COATS AND JACKETS,0.0887,MEDIUM-LOW
620339,380510,WOMEN''S SUITS,0.2065,HIGH
620339,360110,MEN''S SUITS,0.2065,HIGH
620339,390120,GIRLS'' DRESSES AND SUITS,0.1271,MEDIUM
620339,370311,"BOYS'' SUITS, SPORTCOATS, VESTS",0.1006,MEDIUM
620339,390110,GIRLS'' COATS AND JACKETS,0.0898,MEDIUM-LOW
620339,370110,BOYS'' COATS AND JACKETS,0.0898,MEDIUM-LOW
620339,380110,WOMEN''S COATS AND JACKETS,0.0898,MEDIUM-LOW
620339,360210,MEN''S COATS AND JACKETS,0.0898,MEDIUM-LOW
620341,360513,MEN''S PANTS AND SHORTS,0.2661,MEDIUM
620341,370314,BOYS'' PANTS AND SHORTS,0.2661,MEDIUM
620341,380333,WOMEN''S PANTS AND SHORTS,0.2661,MEDIUM
620341,390223,"GIRLS'' SKIRTS, PANTS, AND SHORTS",0.2017,MEDIUM-LOW
620342,370314,BOYS'' PANTS AND SHORTS,0.267,MEDIUM
620342,380333,WOMEN''S PANTS AND SHORTS,0.267,MEDIUM
620342,360513,MEN''S PANTS AND SHORTS,0.267,MEDIUM
620342,390223,"GIRLS'' SKIRTS, PANTS, AND SHORTS",0.199,MEDIUM
620343,370314,BOYS'' PANTS AND SHORTS,0.1796,MEDIUM
620343,380333,WOMEN''S PANTS AND SHORTS,0.1796,MEDIUM
620343,360513,MEN''S PANTS AND SHORTS,0.1796,MEDIUM
620343,390223,"GIRLS'' SKIRTS, PANTS, AND SHORTS",0.1331,MEDIUM
620343,600901,WATER SPORTS EQUIPMENT,0.1107,MEDIUM-LOW
620343,600902,OTHER SPORTS EQUIPMENT,0.1107,MEDIUM-LOW
620343,320130,INFANTS'' EQUIPMENT,0.1068,MEDIUM-LOW
620349,360513,MEN''S PANTS AND SHORTS,0.2686,MEDIUM
620349,370314,BOYS'' PANTS AND SHORTS,0.2686,MEDIUM
620349,380333,WOMEN''S PANTS AND SHORTS,0.2686,MEDIUM
620349,390223,"GIRLS'' SKIRTS, PANTS, AND SHORTS",0.1941,MEDIUM
620411,380510,WOMEN''S SUITS,0.3944,HIGH
620411,360110,MEN''S SUITS,0.3944,HIGH
620411,390120,GIRLS'' DRESSES AND SUITS,0.2113,MEDIUM-LOW
620412,380320,WOMEN''S SKIRTS,0.1327,HIGH
620412,380510,WOMEN''S SUITS,0.1324,HIGH
620412,360110,MEN''S SUITS,0.1324,HIGH
620412,360513,MEN''S PANTS AND SHORTS,0.0822,HIGH
620412,370314,BOYS'' PANTS AND SHORTS,0.0822,HIGH
620412,380333,WOMEN''S PANTS AND SHORTS,0.0822,HIGH
620412,390120,GIRLS'' DRESSES AND SUITS,0.0736,MEDIUM
620412,390223,"GIRLS'' SKIRTS, PANTS, AND SHORTS",0.0628,HIGH
620412,390110,GIRLS'' COATS AND JACKETS,0.0549,MEDIUM
620412,370110,BOYS'' COATS AND JACKETS,0.0549,MEDIUM
620412,380110,WOMEN''S COATS AND JACKETS,0.0549,MEDIUM
620412,360210,MEN''S COATS AND JACKETS,0.0549,MEDIUM
620413,380510,WOMEN''S SUITS,0.3949,MEDIUM-HIGH
620413,360110,MEN''S SUITS,0.3949,MEDIUM-HIGH
620413,390120,GIRLS'' DRESSES AND SUITS,0.2101,MEDIUM-LOW
620419,380510,WOMEN''S SUITS,0.1554,HIGH
620419,360110,MEN''S SUITS,0.1554,HIGH
620419,380320,WOMEN''S SKIRTS,0.1261,MEDIUM-HIGH
620419,390120,GIRLS'' DRESSES AND SUITS,0.084,MEDIUM-LOW
620419,360513,MEN''S PANTS AND SHORTS,0.0647,HIGH
620419,370314,BOYS'' PANTS AND SHORTS,0.0647,HIGH
620419,380333,WOMEN''S PANTS AND SHORTS,0.0647,HIGH
620419,390110,GIRLS'' COATS AND JACKETS,0.051,MEDIUM-LOW
620419,370110,BOYS'' COATS AND JACKETS,0.051,MEDIUM-LOW
620419,380110,WOMEN''S COATS AND JACKETS,0.051,MEDIUM-LOW
620419,360210,MEN''S COATS AND JACKETS,0.051,MEDIUM-LOW
620419,390223,"GIRLS'' SKIRTS, PANTS, AND SHORTS",0.0486,MEDIUM-HIGH
620419,370311,"BOYS'' SUITS, SPORTCOATS, VESTS",0.0325,MEDIUM
620421,380320,WOMEN''S SKIRTS,0.3333,MEDIUM-HIGH
620421,440900,CLOTHING STORAGE,0.3333,MEDIUM
620421,390110,GIRLS'' COATS AND JACKETS,0.0833,MEDIUM-LOW
620421,370110,BOYS'' COATS AND JACKETS,0.0833,MEDIUM-LOW
620421,380110,WOMEN''S COATS AND JACKETS,0.0833,MEDIUM-LOW
620421,360210,MEN''S COATS AND JACKETS,0.0833,MEDIUM-LOW
620422,380320,WOMEN''S SKIRTS,0.1638,HIGH
620422,440900,CLOTHING STORAGE,0.1638,MEDIUM
620422,390210,"GIRLS'' SHIRTS, BLOUSES, SWEATERS, VESTS",0.0863,MEDIUM
620422,370125,BOYS'' SHIRTS AND SWEATERS,0.0775,MEDIUM-LOW
620422,360513,MEN''S PANTS AND SHORTS,0.0488,MEDIUM
620422,370314,BOYS'' PANTS AND SHORTS,0.0488,MEDIUM
620422,380333,WOMEN''S PANTS AND SHORTS,0.0488,MEDIUM
620422,380902,WOMEN''S UNIFORMS,0.0409,MEDIUM-HIGH
620422,360901,MEN''S UNIFORMS,0.0409,MEDIUM-HIGH
620422,390901,GIRLS'' UNIFORMS,0.0409,MEDIUM-HIGH
620422,370903,BOYS'' UNIFORMS,0.0409,MEDIUM-HIGH
620422,390110,GIRLS'' COATS AND JACKETS,0.0409,MEDIUM-LOW
620422,370110,BOYS'' COATS AND JACKETS,0.0409,MEDIUM-LOW
620422,380110,WOMEN''S COATS AND JACKETS,0.0409,MEDIUM-LOW
620422,360210,MEN''S COATS AND JACKETS,0.0409,MEDIUM-LOW
620422,390223,"GIRLS'' SKIRTS, PANTS, AND SHORTS",0.0345,MEDIUM
620423,380320,WOMEN''S SKIRTS,0.2,MEDIUM-HIGH
620423,440900,CLOTHING STORAGE,0.2,MEDIUM
620423,390210,"GIRLS'' SHIRTS, BLOUSES, SWEATERS, VESTS",0.1046,MEDIUM-LOW
620423,370125,BOYS'' SHIRTS AND SWEATERS,0.0954,MEDIUM-LOW
620423,360513,MEN''S PANTS AND SHORTS,0.0528,MEDIUM
620423,370314,BOYS'' PANTS AND SHORTS,0.0528,MEDIUM
620423,380333,WOMEN''S PANTS AND SHORTS,0.0528,MEDIUM
620423,390223,"GIRLS'' SKIRTS, PANTS, AND SHORTS",0.0417,MEDIUM
620423,380510,WOMEN''S SUITS,0.0415,HIGH
620423,360110,MEN''S SUITS,0.0415,HIGH
620423,390120,GIRLS'' DRESSES AND SUITS,0.0254,MEDIUM
620423,370311,"BOYS'' SUITS, SPORTCOATS, VESTS",0.02,MEDIUM
620423,390110,GIRLS'' COATS AND JACKETS,0.0179,MEDIUM-LOW
620423,370110,BOYS'' COATS AND JACKETS,0.0179,MEDIUM-LOW
620423,380110,WOMEN''S COATS AND JACKETS,0.0179,MEDIUM-LOW
620423,360210,MEN''S COATS AND JACKETS,0.0179,MEDIUM-LOW
620429,380320,WOMEN''S SKIRTS,0.1893,HIGH
620429,440900,CLOTHING STORAGE,0.1893,MEDIUM
620429,390210,"GIRLS'' SHIRTS, BLOUSES, SWEATERS, VESTS",0.0995,MEDIUM
620429,370125,BOYS'' SHIRTS AND SWEATERS,0.0898,MEDIUM-LOW
620429,360513,MEN''S PANTS AND SHORTS,0.0545,MEDIUM
620429,370314,BOYS'' PANTS AND SHORTS,0.0545,MEDIUM
620429,380333,WOMEN''S PANTS AND SHORTS,0.0545,MEDIUM
620429,380510,WOMEN''S SUITS,0.0393,HIGH
620429,360110,MEN''S SUITS,0.0393,HIGH
620429,390223,"GIRLS'' SKIRTS, PANTS, AND SHORTS",0.0388,MEDIUM
620429,390110,GIRLS'' COATS AND JACKETS,0.0271,MEDIUM-LOW
620429,370110,BOYS'' COATS AND JACKETS,0.0271,MEDIUM-LOW
620429,380110,WOMEN''S COATS AND JACKETS,0.0271,MEDIUM-LOW
620429,360210,MEN''S COATS AND JACKETS,0.0271,MEDIUM-LOW
620429,390120,GIRLS'' DRESSES AND SUITS,0.024,MEDIUM
620429,370311,"BOYS'' SUITS, SPORTCOATS, VESTS",0.0189,MEDIUM
620431,380510,WOMEN''S SUITS,0.2083,HIGH
620431,360110,MEN''S SUITS,0.2083,HIGH
620431,390120,GIRLS'' DRESSES AND SUITS,0.1268,MEDIUM
620431,370311,"BOYS'' SUITS, SPORTCOATS, VESTS",0.0997,MEDIUM-LOW
620431,390110,GIRLS'' COATS AND JACKETS,0.0892,MEDIUM-LOW
620431,370110,BOYS'' COATS AND JACKETS,0.0892,MEDIUM-LOW
620431,380110,WOMEN''S COATS AND JACKETS,0.0892,MEDIUM-LOW
620431,360210,MEN''S COATS AND JACKETS,0.0892,MEDIUM-LOW
620432,380510,WOMEN''S SUITS,0.2063,HIGH
620432,360110,MEN''S SUITS,0.2063,HIGH
620432,390120,GIRLS'' DRESSES AND SUITS,0.1268,MEDIUM
620432,370311,"BOYS'' SUITS, SPORTCOATS, VESTS",0.1003,MEDIUM
620432,390110,GIRLS'' COATS AND JACKETS,0.0901,MEDIUM-LOW
620432,370110,BOYS'' COATS AND JACKETS,0.0901,MEDIUM-LOW
620432,380110,WOMEN''S COATS AND JACKETS,0.0901,MEDIUM-LOW
620432,360210,MEN''S COATS AND JACKETS,0.0901,MEDIUM-LOW
620433,380510,WOMEN''S SUITS,0.2067,HIGH
620433,360110,MEN''S SUITS,0.2067,HIGH
620433,390120,GIRLS'' DRESSES AND SUITS,0.1268,MEDIUM
620433,370311,"BOYS'' SUITS, SPORTCOATS, VESTS",0.1002,MEDIUM
620433,390110,GIRLS'' COATS AND JACKETS,0.0899,MEDIUM-LOW
620433,370110,BOYS'' COATS AND JACKETS,0.0899,MEDIUM-LOW
620433,380110,WOMEN''S COATS AND JACKETS,0.0899,MEDIUM-LOW
620433,360210,MEN''S COATS AND JACKETS,0.0899,MEDIUM-LOW
620439,380510,WOMEN''S SUITS,0.2069,HIGH
620439,360110,MEN''S SUITS,0.2069,HIGH
620439,390120,GIRLS'' DRESSES AND SUITS,0.1268,MEDIUM
620439,370311,"BOYS'' SUITS, SPORTCOATS, VESTS",0.1001,MEDIUM
620439,390110,GIRLS'' COATS AND JACKETS,0.0898,MEDIUM-LOW
620439,370110,BOYS'' COATS AND JACKETS,0.0898,MEDIUM-LOW
620439,380110,WOMEN''S COATS AND JACKETS,0.0898,MEDIUM-LOW
620439,360210,MEN''S COATS AND JACKETS,0.0898,MEDIUM-LOW
620441,380210,WOMEN''S DRESSES,0.486,MEDIUM-HIGH
620441,390120,GIRLS'' DRESSES AND SUITS,0.257,MEDIUM-LOW
620441,410120,"INFANT DRESSES, OUTERWEAR",0.257,MEDIUM-LOW
620442,380210,WOMEN''S DRESSES,0.4833,MEDIUM-HIGH
620442,410120,"INFANT DRESSES, OUTERWEAR",0.2584,MEDIUM-LOW
620442,390120,GIRLS'' DRESSES AND SUITS,0.2584,MEDIUM-LOW
620443,380210,WOMEN''S DRESSES,0.4839,MEDIUM-HIGH
620443,410120,"INFANT DRESSES, OUTERWEAR",0.258,MEDIUM-LOW
620443,390120,GIRLS'' DRESSES AND SUITS,0.258,MEDIUM-LOW
620444,380210,WOMEN''S DRESSES,0.4845,MEDIUM-HIGH
620444,390120,GIRLS'' DRESSES AND SUITS,0.2578,MEDIUM-LOW
620444,410120,"INFANT DRESSES, OUTERWEAR",0.2578,MEDIUM-LOW
620449,380210,WOMEN''S DRESSES,0.4789,HIGH
620449,410120,"INFANT DRESSES, OUTERWEAR",0.2606,MEDIUM-LOW
620449,390120,GIRLS'' DRESSES AND SUITS,0.2606,MEDIUM-LOW
620451,380320,WOMEN''S SKIRTS,1.0,HIGH
620452,380320,WOMEN''S SKIRTS,1.0,HIGH
620453,380320,WOMEN''S SKIRTS,1.0,MEDIUM-HIGH
620459,380320,WOMEN''S SKIRTS,1.0,HIGH
620461,360513,MEN''S PANTS AND SHORTS,0.2668,MEDIUM
620461,370314,BOYS'' PANTS AND SHORTS,0.2668,MEDIUM
620461,380333,WOMEN''S PANTS AND SHORTS,0.2668,MEDIUM
620461,390223,"GIRLS'' SKIRTS, PANTS, AND SHORTS",0.1996,MEDIUM-LOW
620462,370314,BOYS'' PANTS AND SHORTS,0.267,MEDIUM
620462,380333,WOMEN''S PANTS AND SHORTS,0.267,MEDIUM
620462,360513,MEN''S PANTS AND SHORTS,0.267,MEDIUM
620462,390223,"GIRLS'' SKIRTS, PANTS, AND SHORTS",0.199,MEDIUM
620463,360513,MEN''S PANTS AND SHORTS,0.1788,HIGH
620463,370314,BOYS'' PANTS AND SHORTS,0.1788,HIGH
620463,380333,WOMEN''S PANTS AND SHORTS,0.1788,HIGH
620463,390223,"GIRLS'' SKIRTS, PANTS, AND SHORTS",0.1323,MEDIUM-HIGH
620463,600901,WATER SPORTS EQUIPMENT,0.1117,MEDIUM-LOW
620463,600902,OTHER SPORTS EQUIPMENT,0.1117,MEDIUM-LOW
620463,320130,INFANTS'' EQUIPMENT,0.1081,MEDIUM-LOW
620469,360513,MEN''S PANTS AND SHORTS,0.269,HIGH
620469,370314,BOYS'' PANTS AND SHORTS,0.269,HIGH
620469,380333,WOMEN''S PANTS AND SHORTS,0.269,HIGH
620469,390223,"GIRLS'' SKIRTS, PANTS, AND SHORTS",0.1929,MEDIUM-HIGH
620520,370125,BOYS'' SHIRTS AND SWEATERS,0.4795,MEDIUM-LOW
620520,380210,WOMEN''S DRESSES,0.2322,HIGH
620520,390120,GIRLS'' DRESSES AND SUITS,0.1442,MEDIUM
620520,410120,"INFANT DRESSES, OUTERWEAR",0.1442,MEDIUM
620530,370125,BOYS'' SHIRTS AND SWEATERS,0.4692,MEDIUM-LOW
620530,380210,WOMEN''S DRESSES,0.2378,HIGH
620530,390120,GIRLS'' DRESSES AND SUITS,0.1465,MEDIUM
620530,410120,"INFANT DRESSES, OUTERWEAR",0.1465,MEDIUM
620590,370125,BOYS'' SHIRTS AND SWEATERS,1.0,MEDIUM-LOW
620610,390210,"GIRLS'' SHIRTS, BLOUSES, SWEATERS, VESTS",0.2995,MEDIUM-HIGH
620610,370125,BOYS'' SHIRTS AND SWEATERS,0.2784,MEDIUM-HIGH
620610,360420,"MEN''S SHIRTS, SWEATERS, AND VESTS",0.2245,MEDIUM
620610,380315,"WOMEN''S SWEATERS, SHIRTS, TOPS, VESTS",0.1976,MEDIUM-LOW
620620,390210,"GIRLS'' SHIRTS, BLOUSES, SWEATERS, VESTS",0.298,MEDIUM-HIGH
620620,370125,BOYS'' SHIRTS AND SWEATERS,0.2808,MEDIUM
620620,360420,"MEN''S SHIRTS, SWEATERS, AND VESTS",0.2246,MEDIUM
620620,380315,"WOMEN''S SWEATERS, SHIRTS, TOPS, VESTS",0.1965,MEDIUM-LOW
620630,390210,"GIRLS'' SHIRTS, BLOUSES, SWEATERS, VESTS",0.2998,MEDIUM-HIGH
620630,370125,BOYS'' SHIRTS AND SWEATERS,0.2779,MEDIUM-HIGH
620630,360420,"MEN''S SHIRTS, SWEATERS, AND VESTS",0.2245,MEDIUM
620630,380315,"WOMEN''S SWEATERS, SHIRTS, TOPS, VESTS",0.1978,MEDIUM
620640,390210,"GIRLS'' SHIRTS, BLOUSES, SWEATERS, VESTS",0.2989,MEDIUM-HIGH
620640,370125,BOYS'' SHIRTS AND SWEATERS,0.2794,MEDIUM-HIGH
620640,360420,"MEN''S SHIRTS, SWEATERS, AND VESTS",0.2246,MEDIUM
620640,380315,"WOMEN''S SWEATERS, SHIRTS, TOPS, VESTS",0.1972,MEDIUM-LOW
620690,390210,"GIRLS'' SHIRTS, BLOUSES, SWEATERS, VESTS",0.3008,MEDIUM-HIGH
620690,370125,BOYS'' SHIRTS AND SWEATERS,0.2762,MEDIUM-HIGH
620690,360420,"MEN''S SHIRTS, SWEATERS, AND VESTS",0.2244,MEDIUM
620690,380315,"WOMEN''S SWEATERS, SHIRTS, TOPS, VESTS",0.1985,MEDIUM
620791,160212,SALAD DRESSINGS,0.5,MEDIUM-LOW
620791,380410,WOMEN''S SLEEPWEAR,0.3229,HIGH
620791,390310,GIRLS'' UNDERWEAR AND SLEEPWEAR,0.1772,MEDIUM-LOW
620799,160212,SALAD DRESSINGS,0.5,MEDIUM-LOW
620799,380410,WOMEN''S SLEEPWEAR,0.3229,HIGH
620799,390310,GIRLS'' UNDERWEAR AND SLEEPWEAR,0.1772,MEDIUM-LOW
620891,160212,SALAD DRESSINGS,1.0,MEDIUM-LOW
620892,160212,SALAD DRESSINGS,1.0,MEDIUM-LOW
620899,160212,SALAD DRESSINGS,1.0,MEDIUM-LOW
620920,380901,WOMEN''S ACCESSORIES,0.0884,MEDIUM-HIGH
620920,360330,MEN''S ACCESSORIES,0.0884,MEDIUM-HIGH
620920,390322,GIRLS'' ACCESSORIES,0.0884,MEDIUM-HIGH
620920,370220,BOYS'' ACCESSORIES,0.0884,MEDIUM-HIGH
620920,410901,INFANT ACCESSORIES,0.0884,MEDIUM-HIGH
620920,380210,WOMEN''S DRESSES,0.0728,HIGH
620920,360513,MEN''S PANTS AND SHORTS,0.0691,HIGH
620920,370314,BOYS'' PANTS AND SHORTS,0.0691,HIGH
620920,380333,WOMEN''S PANTS AND SHORTS,0.0691,HIGH
620920,440900,CLOTHING STORAGE,0.0546,MEDIUM
620920,390223,"GIRLS'' SKIRTS, PANTS, AND SHORTS",0.0521,MEDIUM-HIGH
620920,390210,"GIRLS'' SHIRTS, BLOUSES, SWEATERS, VESTS",0.0488,MEDIUM
620920,370125,BOYS'' SHIRTS AND SWEATERS,0.0441,MEDIUM-LOW
620920,390120,GIRLS'' DRESSES AND SUITS,0.0391,MEDIUM-LOW
620920,410120,"INFANT DRESSES, OUTERWEAR",0.0391,MEDIUM-LOW
620930,380901,WOMEN''S ACCESSORIES,0.1057,MEDIUM-HIGH
620930,360330,MEN''S ACCESSORIES,0.1057,MEDIUM-HIGH
620930,390322,GIRLS'' ACCESSORIES,0.1057,MEDIUM-HIGH
620930,370220,BOYS'' ACCESSORIES,0.1057,MEDIUM-HIGH
620930,410901,INFANT ACCESSORIES,0.1057,MEDIUM-HIGH
620930,360513,MEN''S PANTS AND SHORTS,0.0799,HIGH
620930,370314,BOYS'' PANTS AND SHORTS,0.0799,HIGH
620930,380333,WOMEN''S PANTS AND SHORTS,0.0799,HIGH
620930,440900,CLOTHING STORAGE,0.0645,MEDIUM
620930,390223,"GIRLS'' SKIRTS, PANTS, AND SHORTS",0.0599,MEDIUM-HIGH
620930,390210,"GIRLS'' SHIRTS, BLOUSES, SWEATERS, VESTS",0.0562,MEDIUM-LOW
620930,370125,BOYS'' SHIRTS AND SWEATERS,0.0512,MEDIUM-LOW
620990,380901,WOMEN''S ACCESSORIES,0.1074,MEDIUM-HIGH
620990,360330,MEN''S ACCESSORIES,0.1074,MEDIUM-HIGH
620990,390322,GIRLS'' ACCESSORIES,0.1074,MEDIUM-HIGH
620990,370220,BOYS'' ACCESSORIES,0.1074,MEDIUM-HIGH
620990,410901,INFANT ACCESSORIES,0.1074,MEDIUM-HIGH
620990,360513,MEN''S PANTS AND SHORTS,0.0783,HIGH
620990,370314,BOYS'' PANTS AND SHORTS,0.0783,HIGH
620990,380333,WOMEN''S PANTS AND SHORTS,0.0783,HIGH
620990,440900,CLOTHING STORAGE,0.0643,MEDIUM
620990,390223,"GIRLS'' SKIRTS, PANTS, AND SHORTS",0.0587,MEDIUM-HIGH
620990,390210,"GIRLS'' SHIRTS, BLOUSES, SWEATERS, VESTS",0.055,MEDIUM-LOW
620990,370125,BOYS'' SHIRTS AND SWEATERS,0.0502,MEDIUM-LOW
621010,440900,CLOTHING STORAGE,1.0,MEDIUM
621020,370110,BOYS'' COATS AND JACKETS,0.25,MEDIUM-LOW
621020,390110,GIRLS'' COATS AND JACKETS,0.25,MEDIUM-LOW
621020,380110,WOMEN''S COATS AND JACKETS,0.25,MEDIUM-LOW
621020,360210,MEN''S COATS AND JACKETS,0.25,MEDIUM-LOW
621030,390110,GIRLS'' COATS AND JACKETS,0.25,MEDIUM-LOW
621030,370110,BOYS'' COATS AND JACKETS,0.25,MEDIUM-LOW
621030,380110,WOMEN''S COATS AND JACKETS,0.25,MEDIUM-LOW
621030,360210,MEN''S COATS AND JACKETS,0.25,MEDIUM-LOW
621040,390110,GIRLS'' COATS AND JACKETS,0.1029,HIGH
621040,370110,BOYS'' COATS AND JACKETS,0.1029,HIGH
621040,380110,WOMEN''S COATS AND JACKETS,0.1029,HIGH
621040,360210,MEN''S COATS AND JACKETS,0.1029,HIGH
621040,360513,MEN''S PANTS AND SHORTS,0.0985,MEDIUM
621040,370314,BOYS'' PANTS AND SHORTS,0.0985,MEDIUM
621040,380333,WOMEN''S PANTS AND SHORTS,0.0985,MEDIUM
621040,390223,"GIRLS'' SKIRTS, PANTS, AND SHORTS",0.0857,MEDIUM
621040,600901,WATER SPORTS EQUIPMENT,0.0703,MEDIUM-LOW
621040,600902,OTHER SPORTS EQUIPMENT,0.0703,MEDIUM-LOW
621040,320130,INFANTS'' EQUIPMENT,0.0668,MEDIUM-LOW
621050,390110,GIRLS'' COATS AND JACKETS,0.1035,HIGH
621050,370110,BOYS'' COATS AND JACKETS,0.1035,HIGH
621050,380110,WOMEN''S COATS AND JACKETS,0.1035,HIGH
621050,360210,MEN''S COATS AND JACKETS,0.1035,HIGH
621050,360513,MEN''S PANTS AND SHORTS,0.0969,MEDIUM
621050,370314,BOYS'' PANTS AND SHORTS,0.0969,MEDIUM
621050,380333,WOMEN''S PANTS AND SHORTS,0.0969,MEDIUM
621050,390223,"GIRLS'' SKIRTS, PANTS, AND SHORTS",0.0866,MEDIUM
621050,600901,WATER SPORTS EQUIPMENT,0.0707,MEDIUM-LOW
621050,600902,OTHER SPORTS EQUIPMENT,0.0707,MEDIUM-LOW
621050,320130,INFANTS'' EQUIPMENT,0.0672,MEDIUM-LOW
621111,360360,MEN''S SWIMWEAR (NEW UCC Q20191),0.25,MEDIUM
621111,390360,GIRLS'' SWIMWEAR (NEW UCC Q20191),0.25,MEDIUM
621111,370360,BOYS'' SWIMWEAR (NEW UCC Q20191),0.25,MEDIUM
621111,380360,WOMEN''S SWIMWEAR (NEW UCC Q20191),0.25,MEDIUM
621112,360360,MEN''S SWIMWEAR (NEW UCC Q20191),0.25,MEDIUM
621112,390360,GIRLS'' SWIMWEAR (NEW UCC Q20191),0.25,MEDIUM
621112,370360,BOYS'' SWIMWEAR (NEW UCC Q20191),0.25,MEDIUM
621112,380360,WOMEN''S SWIMWEAR (NEW UCC Q20191),0.25,MEDIUM
621120,380510,WOMEN''S SUITS,0.0986,HIGH
621120,360110,MEN''S SUITS,0.0986,HIGH
621120,440900,CLOTHING STORAGE,0.074,MEDIUM
621120,390110,GIRLS'' COATS AND JACKETS,0.0717,HIGH
621120,360210,MEN''S COATS AND JACKETS,0.0717,HIGH
621120,370110,BOYS'' COATS AND JACKETS,0.0717,HIGH
621120,380110,WOMEN''S COATS AND JACKETS,0.0717,HIGH
621120,360513,MEN''S PANTS AND SHORTS,0.0609,MEDIUM
621120,370314,BOYS'' PANTS AND SHORTS,0.0609,MEDIUM
621120,380333,WOMEN''S PANTS AND SHORTS,0.0609,MEDIUM
621120,600901,WATER SPORTS EQUIPMENT,0.0539,MEDIUM-LOW
621120,600902,OTHER SPORTS EQUIPMENT,0.0539,MEDIUM-LOW
621120,390120,GIRLS'' DRESSES AND SUITS,0.0529,MEDIUM-LOW
621120,320130,INFANTS'' EQUIPMENT,0.0507,MEDIUM-LOW
621120,390223,"GIRLS'' SKIRTS, PANTS, AND SHORTS",0.0483,MEDIUM
621132,440900,CLOTHING STORAGE,0.2454,MEDIUM
621132,370125,BOYS'' SHIRTS AND SWEATERS,0.2454,MEDIUM-LOW
621132,380510,WOMEN''S SUITS,0.0521,HIGH
621132,360110,MEN''S SUITS,0.0521,HIGH
621132,390110,GIRLS'' COATS AND JACKETS,0.0488,HIGH
621132,370110,BOYS'' COATS AND JACKETS,0.0488,HIGH
621132,380110,WOMEN''S COATS AND JACKETS,0.0488,HIGH
621132,360210,MEN''S COATS AND JACKETS,0.0488,HIGH
621132,390120,GIRLS'' DRESSES AND SUITS,0.0314,MEDIUM
621132,360513,MEN''S PANTS AND SHORTS,0.0279,MEDIUM
621132,370314,BOYS'' PANTS AND SHORTS,0.0279,MEDIUM
621132,380333,WOMEN''S PANTS AND SHORTS,0.0279,MEDIUM
621132,380311,"WOMEN''S SPORTCOATS, TAILORED JACKETS",0.0252,MEDIUM
621132,360120,"MEN''S SPORTCOATS, TAILORED JACKETS",0.0252,MEDIUM
621132,390223,"GIRLS'' SKIRTS, PANTS, AND SHORTS",0.0223,MEDIUM
621132,370311,"BOYS'' SUITS, SPORTCOATS, VESTS",0.0223,MEDIUM
621133,440900,CLOTHING STORAGE,0.2454,MEDIUM
621133,370125,BOYS'' SHIRTS AND SWEATERS,0.2454,MEDIUM-LOW
621133,380510,WOMEN''S SUITS,0.0521,HIGH
621133,360110,MEN''S SUITS,0.0521,HIGH
621133,390110,GIRLS'' COATS AND JACKETS,0.0488,HIGH
621133,370110,BOYS'' COATS AND JACKETS,0.0488,HIGH
621133,380110,WOMEN''S COATS AND JACKETS,0.0488,HIGH
621133,360210,MEN''S COATS AND JACKETS,0.0488,HIGH
621133,390120,GIRLS'' DRESSES AND SUITS,0.0313,MEDIUM
621133,360513,MEN''S PANTS AND SHORTS,0.0279,MEDIUM
621133,370314,BOYS'' PANTS AND SHORTS,0.0279,MEDIUM
621133,380333,WOMEN''S PANTS AND SHORTS,0.0279,MEDIUM
621133,380311,"WOMEN''S SPORTCOATS, TAILORED JACKETS",0.0252,MEDIUM
621133,360120,"MEN''S SPORTCOATS, TAILORED JACKETS",0.0252,MEDIUM
621133,390223,"GIRLS'' SKIRTS, PANTS, AND SHORTS",0.0223,MEDIUM
621133,370311,"BOYS'' SUITS, SPORTCOATS, VESTS",0.0223,MEDIUM
621139,370125,BOYS'' SHIRTS AND SWEATERS,0.2314,MEDIUM-LOW
621139,440900,CLOTHING STORAGE,0.1889,MEDIUM
621139,380510,WOMEN''S SUITS,0.06,HIGH
621139,360110,MEN''S SUITS,0.06,HIGH
621139,390110,GIRLS'' COATS AND JACKETS,0.0488,HIGH
621139,360210,MEN''S COATS AND JACKETS,0.0488,HIGH
621139,370110,BOYS'' COATS AND JACKETS,0.0488,HIGH
621139,380110,WOMEN''S COATS AND JACKETS,0.0488,HIGH
621139,360513,MEN''S PANTS AND SHORTS,0.042,MEDIUM
621139,370314,BOYS'' PANTS AND SHORTS,0.042,MEDIUM
621139,380333,WOMEN''S PANTS AND SHORTS,0.042,MEDIUM
621139,390120,GIRLS'' DRESSES AND SUITS,0.0346,MEDIUM
621139,390223,"GIRLS'' SKIRTS, PANTS, AND SHORTS",0.0332,MEDIUM
621139,370311,"BOYS'' SUITS, SPORTCOATS, VESTS",0.0259,MEDIUM
621139,360120,"MEN''S SPORTCOATS, TAILORED JACKETS",0.0224,MEDIUM
621139,380311,"WOMEN''S SPORTCOATS, TAILORED JACKETS",0.0224,MEDIUM
621142,440900,CLOTHING STORAGE,0.2454,MEDIUM
621142,390210,"GIRLS'' SHIRTS, BLOUSES, SWEATERS, VESTS",0.1288,MEDIUM-LOW
621142,370125,BOYS'' SHIRTS AND SWEATERS,0.1166,MEDIUM-LOW
621142,380510,WOMEN''S SUITS,0.0521,HIGH
621142,360110,MEN''S SUITS,0.0521,HIGH
621142,390110,GIRLS'' COATS AND JACKETS,0.0488,HIGH
621142,370110,BOYS'' COATS AND JACKETS,0.0488,HIGH
621142,380110,WOMEN''S COATS AND JACKETS,0.0488,HIGH
621142,360210,MEN''S COATS AND JACKETS,0.0488,HIGH
621142,390120,GIRLS'' DRESSES AND SUITS,0.0314,MEDIUM
621142,360513,MEN''S PANTS AND SHORTS,0.0279,MEDIUM
621142,370314,BOYS'' PANTS AND SHORTS,0.0279,MEDIUM
621142,380333,WOMEN''S PANTS AND SHORTS,0.0279,MEDIUM
621142,380311,"WOMEN''S SPORTCOATS, TAILORED JACKETS",0.0252,MEDIUM
621142,360120,"MEN''S SPORTCOATS, TAILORED JACKETS",0.0252,MEDIUM
621142,390223,"GIRLS'' SKIRTS, PANTS, AND SHORTS",0.0223,MEDIUM
621142,370311,"BOYS'' SUITS, SPORTCOATS, VESTS",0.0223,MEDIUM
621143,440900,CLOTHING STORAGE,0.2454,MEDIUM
621143,390210,"GIRLS'' SHIRTS, BLOUSES, SWEATERS, VESTS",0.0732,MEDIUM-HIGH
621143,370125,BOYS'' SHIRTS AND SWEATERS,0.0689,MEDIUM
621143,360420,"MEN''S SHIRTS, SWEATERS, AND VESTS",0.0551,MEDIUM
621143,380510,WOMEN''S SUITS,0.0521,HIGH
621143,360110,MEN''S SUITS,0.0521,HIGH
621143,390110,GIRLS'' COATS AND JACKETS,0.0488,HIGH
621143,370110,BOYS'' COATS AND JACKETS,0.0488,HIGH
621143,380110,WOMEN''S COATS AND JACKETS,0.0488,HIGH
621143,360210,MEN''S COATS AND JACKETS,0.0488,HIGH
621143,380315,"WOMEN''S SWEATERS, SHIRTS, TOPS, VESTS",0.0483,MEDIUM-LOW
621143,390120,GIRLS'' DRESSES AND SUITS,0.0313,MEDIUM
621143,360513,MEN''S PANTS AND SHORTS,0.0279,MEDIUM
621143,370314,BOYS'' PANTS AND SHORTS,0.0279,MEDIUM
621143,380333,WOMEN''S PANTS AND SHORTS,0.0279,MEDIUM
621143,380311,"WOMEN''S SPORTCOATS, TAILORED JACKETS",0.0252,MEDIUM
621143,360120,"MEN''S SPORTCOATS, TAILORED JACKETS",0.0252,MEDIUM
621143,390223,"GIRLS'' SKIRTS, PANTS, AND SHORTS",0.0223,MEDIUM
621143,370311,"BOYS'' SUITS, SPORTCOATS, VESTS",0.0223,MEDIUM
621149,440900,CLOTHING STORAGE,0.1875,MEDIUM
621149,390210,"GIRLS'' SHIRTS, BLOUSES, SWEATERS, VESTS",0.0957,MEDIUM-LOW
621149,370125,BOYS'' SHIRTS AND SWEATERS,0.0878,MEDIUM-LOW
621149,380510,WOMEN''S SUITS,0.0587,HIGH
621149,360110,MEN''S SUITS,0.0587,HIGH
621149,360420,"MEN''S SHIRTS, SWEATERS, AND VESTS",0.0553,MEDIUM
621149,390110,GIRLS'' COATS AND JACKETS,0.0488,HIGH
621149,360210,MEN''S COATS AND JACKETS,0.0488,HIGH
621149,370110,BOYS'' COATS AND JACKETS,0.0488,HIGH
621149,380110,WOMEN''S COATS AND JACKETS,0.0488,HIGH
621149,380315,"WOMEN''S SWEATERS, SHIRTS, TOPS, VESTS",0.0485,MEDIUM-LOW
621149,390120,GIRLS'' DRESSES AND SUITS,0.0335,MEDIUM
621149,360513,MEN''S PANTS AND SHORTS,0.0282,MEDIUM
621149,370314,BOYS'' PANTS AND SHORTS,0.0282,MEDIUM
621149,380333,WOMEN''S PANTS AND SHORTS,0.0282,MEDIUM
621149,380311,"WOMEN''S SPORTCOATS, TAILORED JACKETS",0.025,MEDIUM
621149,360120,"MEN''S SPORTCOATS, TAILORED JACKETS",0.025,MEDIUM
621149,390223,"GIRLS'' SKIRTS, PANTS, AND SHORTS",0.0224,MEDIUM
621149,370311,"BOYS'' SUITS, SPORTCOATS, VESTS",0.0222,MEDIUM
621600,600901,WATER SPORTS EQUIPMENT,0.3417,MEDIUM-LOW
621600,600902,OTHER SPORTS EQUIPMENT,0.3417,MEDIUM-LOW
621600,320130,INFANTS'' EQUIPMENT,0.3167,MEDIUM-LOW
621710,360330,MEN''S ACCESSORIES,0.1797,HIGH
621710,380901,WOMEN''S ACCESSORIES,0.1797,HIGH
621710,390322,GIRLS'' ACCESSORIES,0.1797,HIGH
621710,370220,BOYS'' ACCESSORIES,0.1797,HIGH
621710,410901,INFANT ACCESSORIES,0.1797,HIGH
621710,440900,CLOTHING STORAGE,0.1017,MEDIUM
621790,440900,CLOTHING STORAGE,0.1046,MEDIUM-LOW
621790,390210,"GIRLS'' SHIRTS, BLOUSES, SWEATERS, VESTS",0.1003,MEDIUM
621790,370125,BOYS'' SHIRTS AND SWEATERS,0.0861,MEDIUM-LOW
621790,390110,GIRLS'' COATS AND JACKETS,0.0605,HIGH
621790,370110,BOYS'' COATS AND JACKETS,0.0605,HIGH
621790,380110,WOMEN''S COATS AND JACKETS,0.0605,HIGH
621790,360210,MEN''S COATS AND JACKETS,0.0605,HIGH
621790,360513,MEN''S PANTS AND SHORTS,0.0603,MEDIUM
621790,370314,BOYS'' PANTS AND SHORTS,0.0603,MEDIUM
621790,380333,WOMEN''S PANTS AND SHORTS,0.0603,MEDIUM
621790,390223,"GIRLS'' SKIRTS, PANTS, AND SHORTS",0.0482,MEDIUM
621790,360330,MEN''S ACCESSORIES,0.0432,MEDIUM-HIGH
621790,380901,WOMEN''S ACCESSORIES,0.0432,MEDIUM-HIGH
621790,390322,GIRLS'' ACCESSORIES,0.0432,MEDIUM-HIGH
621790,370220,BOYS'' ACCESSORIES,0.0432,MEDIUM-HIGH
621790,410901,INFANT ACCESSORIES,0.0432,MEDIUM-HIGH
621790,440130,"ALTERATION, REPAIR AND TAILORING OF APPAREL AND",0.022,MEDIUM-LOW
630312,320120,WINDOW COVERINGS,1.0,MEDIUM-LOW
630391,320120,WINDOW COVERINGS,1.0,MEDIUM-LOW
630392,320120,WINDOW COVERINGS,1.0,MEDIUM-LOW
630622,320130,INFANTS'' EQUIPMENT,0.28,HIGH
630622,320150,OUTDOOR EQUIPMENT,0.1662,MEDIUM
630622,320905,MISCELLANEOUS HOUSEHOLD EQUIPMENT AND PARTS,0.1662,MEDIUM
630622,600410,CAMPING EQUIPMENT,0.131,MEDIUM-LOW
630622,320140,LAUNDRY AND CLEANING EQUIPMENT,0.1283,MEDIUM-LOW
630622,320410,LAWN AND GARDEN EQUIPMENT,0.1283,MEDIUM-LOW
630690,320130,INFANTS'' EQUIPMENT,0.275,HIGH
630690,320150,OUTDOOR EQUIPMENT,0.1633,MEDIUM
630690,320905,MISCELLANEOUS HOUSEHOLD EQUIPMENT AND PARTS,0.1633,MEDIUM
630690,600410,CAMPING EQUIPMENT,0.1462,MEDIUM
630690,320140,LAUNDRY AND CLEANING EQUIPMENT,0.126,MEDIUM-LOW
630690,320410,LAWN AND GARDEN EQUIPMENT,0.126,MEDIUM-LOW
630710,380210,WOMEN''S DRESSES,0.4475,HIGH
630710,390120,GIRLS'' DRESSES AND SUITS,0.2763,MEDIUM
630710,410120,"INFANT DRESSES, OUTERWEAR",0.2763,MEDIUM
630720,380210,WOMEN''S DRESSES,0.441,HIGH
630720,410120,"INFANT DRESSES, OUTERWEAR",0.2795,MEDIUM-HIGH
630720,390120,GIRLS'' DRESSES AND SUITS,0.2795,MEDIUM-HIGH
630790,380210,WOMEN''S DRESSES,0.2667,HIGH
630790,410120,"INFANT DRESSES, OUTERWEAR",0.1669,MEDIUM
630790,390120,GIRLS'' DRESSES AND SUITS,0.1669,MEDIUM
630790,400110,MEN''S FOOTWEAR,0.0999,HIGH
630790,400210,BOYS'' FOOTWEAR,0.0999,HIGH
630790,400220,GIRLS'' FOOTWEAR,0.0999,HIGH
630790,400310,WOMEN''S FOOTWEAR,0.0999,HIGH
630900,440900,CLOTHING STORAGE,1.0,MEDIUM
640110,400110,MEN''S FOOTWEAR,0.25,MEDIUM-HIGH
640110,400210,BOYS'' FOOTWEAR,0.25,MEDIUM-HIGH
640110,400220,GIRLS'' FOOTWEAR,0.25,MEDIUM-HIGH
640110,400310,WOMEN''S FOOTWEAR,0.25,MEDIUM-HIGH
640192,400110,MEN''S FOOTWEAR,0.1912,MEDIUM-HIGH
640192,400210,BOYS'' FOOTWEAR,0.1912,MEDIUM-HIGH
640192,400220,GIRLS'' FOOTWEAR,0.1912,MEDIUM-HIGH
640192,400310,WOMEN''S FOOTWEAR,0.1912,MEDIUM-HIGH
640192,600901,WATER SPORTS EQUIPMENT,0.0792,MEDIUM-LOW
640192,600902,OTHER SPORTS EQUIPMENT,0.0792,MEDIUM-LOW
640192,320130,INFANTS'' EQUIPMENT,0.0766,MEDIUM-LOW
640199,400110,MEN''S FOOTWEAR,0.2225,MEDIUM-HIGH
640199,400210,BOYS'' FOOTWEAR,0.2225,MEDIUM-HIGH
640199,400220,GIRLS'' FOOTWEAR,0.2225,MEDIUM-HIGH
640199,400310,WOMEN''S FOOTWEAR,0.2225,MEDIUM-HIGH
640199,160211,FATS AND OILS,0.1098,MEDIUM-LOW
640212,400110,MEN''S FOOTWEAR,0.1777,MEDIUM-HIGH
640212,400210,BOYS'' FOOTWEAR,0.1777,MEDIUM-HIGH
640212,400220,GIRLS'' FOOTWEAR,0.1777,MEDIUM-HIGH
640212,400310,WOMEN''S FOOTWEAR,0.1777,MEDIUM-HIGH
640212,600901,WATER SPORTS EQUIPMENT,0.0976,MEDIUM-LOW
640212,600902,OTHER SPORTS EQUIPMENT,0.0976,MEDIUM-LOW
640212,320130,INFANTS'' EQUIPMENT,0.0938,MEDIUM-LOW
640219,400110,MEN''S FOOTWEAR,0.1895,MEDIUM-HIGH
640219,400210,BOYS'' FOOTWEAR,0.1895,MEDIUM-HIGH
640219,400220,GIRLS'' FOOTWEAR,0.1895,MEDIUM-HIGH
640219,400310,WOMEN''S FOOTWEAR,0.1895,MEDIUM-HIGH
640219,600901,WATER SPORTS EQUIPMENT,0.0827,MEDIUM-LOW
640219,600902,OTHER SPORTS EQUIPMENT,0.0827,MEDIUM-LOW
640219,320130,INFANTS'' EQUIPMENT,0.0767,MEDIUM-LOW
640220,400110,MEN''S FOOTWEAR,0.25,MEDIUM-HIGH
640220,400210,BOYS'' FOOTWEAR,0.25,MEDIUM-HIGH
640220,400220,GIRLS'' FOOTWEAR,0.25,MEDIUM-HIGH
640220,400310,WOMEN''S FOOTWEAR,0.25,MEDIUM-HIGH
640291,600901,WATER SPORTS EQUIPMENT,0.1683,MEDIUM-LOW
640291,600902,OTHER SPORTS EQUIPMENT,0.1683,MEDIUM-LOW
640291,320130,INFANTS'' EQUIPMENT,0.1635,MEDIUM-LOW
640291,400110,MEN''S FOOTWEAR,0.125,MEDIUM-HIGH
640291,400210,BOYS'' FOOTWEAR,0.125,MEDIUM-HIGH
640291,400220,GIRLS'' FOOTWEAR,0.125,MEDIUM-HIGH
640291,400310,WOMEN''S FOOTWEAR,0.125,MEDIUM-HIGH
640299,400110,MEN''S FOOTWEAR,0.141,MEDIUM-HIGH
640299,400210,BOYS'' FOOTWEAR,0.141,MEDIUM-HIGH
640299,400220,GIRLS'' FOOTWEAR,0.141,MEDIUM-HIGH
640299,400310,WOMEN''S FOOTWEAR,0.141,MEDIUM-HIGH
640299,600901,WATER SPORTS EQUIPMENT,0.0897,MEDIUM-LOW
640299,600902,OTHER SPORTS EQUIPMENT,0.0897,MEDIUM-LOW
640299,320130,INFANTS'' EQUIPMENT,0.087,MEDIUM-LOW
640299,360350,MEN''S ACTIVE SPORTSWEAR,0.0565,MEDIUM-LOW
640299,390230,GIRLS'' ACTIVE SPORTSWEAR,0.0565,MEDIUM-LOW
640299,380340,WOMEN''S ACTIVE SPORTSWEAR,0.0565,MEDIUM-LOW
640312,400110,MEN''S FOOTWEAR,0.177,MEDIUM-HIGH
640312,400210,BOYS'' FOOTWEAR,0.177,MEDIUM-HIGH
640312,400220,GIRLS'' FOOTWEAR,0.177,MEDIUM-HIGH
640312,400310,WOMEN''S FOOTWEAR,0.177,MEDIUM-HIGH
640312,600901,WATER SPORTS EQUIPMENT,0.0991,MEDIUM-LOW
640312,600902,OTHER SPORTS EQUIPMENT,0.0991,MEDIUM-LOW
640312,320130,INFANTS'' EQUIPMENT,0.0937,MEDIUM-LOW
640319,400110,MEN''S FOOTWEAR,0.1622,MEDIUM-HIGH
640319,400210,BOYS'' FOOTWEAR,0.1622,MEDIUM-HIGH
640319,400220,GIRLS'' FOOTWEAR,0.1622,MEDIUM-HIGH
640319,400310,WOMEN''S FOOTWEAR,0.1622,MEDIUM-HIGH
640319,040410,OTHER PORK,0.1024,MEDIUM-LOW
640319,600901,WATER SPORTS EQUIPMENT,0.0846,MEDIUM-LOW
640319,600902,OTHER SPORTS EQUIPMENT,0.0846,MEDIUM-LOW
640319,320130,INFANTS'' EQUIPMENT,0.0795,MEDIUM-LOW
640320,400110,MEN''S FOOTWEAR,0.25,MEDIUM-HIGH
640320,400210,BOYS'' FOOTWEAR,0.25,MEDIUM-HIGH
640320,400220,GIRLS'' FOOTWEAR,0.25,MEDIUM-HIGH
640320,400310,WOMEN''S FOOTWEAR,0.25,MEDIUM-HIGH
640340,400110,MEN''S FOOTWEAR,0.25,MEDIUM-HIGH
640340,400210,BOYS'' FOOTWEAR,0.25,MEDIUM-HIGH
640340,400220,GIRLS'' FOOTWEAR,0.25,MEDIUM-HIGH
640340,400310,WOMEN''S FOOTWEAR,0.25,MEDIUM-HIGH
640351,400110,MEN''S FOOTWEAR,0.25,MEDIUM-HIGH
640351,400210,BOYS'' FOOTWEAR,0.25,MEDIUM-HIGH
640351,400220,GIRLS'' FOOTWEAR,0.25,MEDIUM-HIGH
640351,400310,WOMEN''S FOOTWEAR,0.25,MEDIUM-HIGH
640359,400110,MEN''S FOOTWEAR,0.25,MEDIUM-HIGH
640359,400210,BOYS'' FOOTWEAR,0.25,MEDIUM-HIGH
640359,400220,GIRLS'' FOOTWEAR,0.25,MEDIUM-HIGH
640359,400310,WOMEN''S FOOTWEAR,0.25,MEDIUM-HIGH
640391,400110,MEN''S FOOTWEAR,0.1909,MEDIUM-HIGH
640391,400210,BOYS'' FOOTWEAR,0.1909,MEDIUM-HIGH
640391,400220,GIRLS'' FOOTWEAR,0.1909,MEDIUM-HIGH
640391,400310,WOMEN''S FOOTWEAR,0.1909,MEDIUM-HIGH
640391,600901,WATER SPORTS EQUIPMENT,0.0796,MEDIUM-LOW
640391,600902,OTHER SPORTS EQUIPMENT,0.0796,MEDIUM-LOW
640391,320130,INFANTS'' EQUIPMENT,0.0774,MEDIUM-LOW
640399,400110,MEN''S FOOTWEAR,0.1783,MEDIUM-HIGH
640399,400210,BOYS'' FOOTWEAR,0.1783,MEDIUM-HIGH
640399,400220,GIRLS'' FOOTWEAR,0.1783,MEDIUM-HIGH
640399,400310,WOMEN''S FOOTWEAR,0.1783,MEDIUM-HIGH
640399,600901,WATER SPORTS EQUIPMENT,0.0966,MEDIUM-LOW
640399,600902,OTHER SPORTS EQUIPMENT,0.0966,MEDIUM-LOW
640399,320130,INFANTS'' EQUIPMENT,0.0935,MEDIUM-LOW
640411,600901,WATER SPORTS EQUIPMENT,0.1486,MEDIUM-LOW
640411,600902,OTHER SPORTS EQUIPMENT,0.1486,MEDIUM-LOW
640411,320130,INFANTS'' EQUIPMENT,0.1436,MEDIUM-LOW
640411,400110,MEN''S FOOTWEAR,0.1398,MEDIUM-HIGH
640411,400210,BOYS'' FOOTWEAR,0.1398,MEDIUM-HIGH
640411,400220,GIRLS'' FOOTWEAR,0.1398,MEDIUM-HIGH
640411,400310,WOMEN''S FOOTWEAR,0.1398,MEDIUM-HIGH
640419,400110,MEN''S FOOTWEAR,0.25,MEDIUM-HIGH
640419,400210,BOYS'' FOOTWEAR,0.25,MEDIUM-HIGH
640419,400220,GIRLS'' FOOTWEAR,0.25,MEDIUM-HIGH
640419,400310,WOMEN''S FOOTWEAR,0.25,MEDIUM-HIGH
640420,400110,MEN''S FOOTWEAR,0.25,MEDIUM-HIGH
640420,400210,BOYS'' FOOTWEAR,0.25,MEDIUM-HIGH
640420,400220,GIRLS'' FOOTWEAR,0.25,MEDIUM-HIGH
640420,400310,WOMEN''S FOOTWEAR,0.25,MEDIUM-HIGH
640510,400110,MEN''S FOOTWEAR,0.25,HIGH
640510,400210,BOYS'' FOOTWEAR,0.25,HIGH
640510,400220,GIRLS'' FOOTWEAR,0.25,HIGH
640510,400310,WOMEN''S FOOTWEAR,0.25,HIGH
640520,400110,MEN''S FOOTWEAR,0.25,HIGH
640520,400210,BOYS'' FOOTWEAR,0.25,HIGH
640520,400220,GIRLS'' FOOTWEAR,0.25,HIGH
640520,400310,WOMEN''S FOOTWEAR,0.25,HIGH
640590,400110,MEN''S FOOTWEAR,0.25,HIGH
640590,400210,BOYS'' FOOTWEAR,0.25,HIGH
640590,400220,GIRLS'' FOOTWEAR,0.25,HIGH
640590,400310,WOMEN''S FOOTWEAR,0.25,HIGH
640610,400110,MEN''S FOOTWEAR,0.25,MEDIUM-HIGH
640610,400210,BOYS'' FOOTWEAR,0.25,MEDIUM-HIGH
640610,400220,GIRLS'' FOOTWEAR,0.25,MEDIUM-HIGH
640610,400310,WOMEN''S FOOTWEAR,0.25,MEDIUM-HIGH
640620,400110,MEN''S FOOTWEAR,0.25,HIGH
640620,400210,BOYS'' FOOTWEAR,0.25,HIGH
640620,400220,GIRLS'' FOOTWEAR,0.25,HIGH
640620,400310,WOMEN''S FOOTWEAR,0.25,HIGH
640690,400110,MEN''S FOOTWEAR,0.1577,HIGH
640690,400210,BOYS'' FOOTWEAR,0.1577,HIGH
640690,400220,GIRLS'' FOOTWEAR,0.1577,HIGH
640690,400310,WOMEN''S FOOTWEAR,0.1577,HIGH
640690,380901,WOMEN''S ACCESSORIES,0.0738,HIGH
640690,360330,MEN''S ACCESSORIES,0.0738,HIGH
640690,390322,GIRLS'' ACCESSORIES,0.0738,HIGH
640690,370220,BOYS'' ACCESSORIES,0.0738,HIGH
640690,410901,INFANT ACCESSORIES,0.0738,HIGH
660390,380901,WOMEN''S ACCESSORIES,0.2,HIGH
660390,360330,MEN''S ACCESSORIES,0.2,HIGH
660390,390322,GIRLS'' ACCESSORIES,0.2,HIGH
660390,370220,BOYS'' ACCESSORIES,0.2,HIGH
660390,410901,INFANT ACCESSORIES,0.2,HIGH
680300,240211,"MATERIALS FOR PLASTERING, PANELS, ROOFING,",0.5,MEDIUM-LOW
680300,240214,"MATERIALS FOR PLASTERING, PANELING, ROOFING,",0.5,MEDIUM-LOW
680610,320120,WINDOW COVERINGS,1.0,MEDIUM
680690,310331,MISCELLANEOUS SOUND EQUIPMENT,1.0,MEDIUM-LOW
681280,400110,MEN''S FOOTWEAR,0.25,MEDIUM-LOW
681280,400210,BOYS'' FOOTWEAR,0.25,MEDIUM-LOW
681280,400220,GIRLS'' FOOTWEAR,0.25,MEDIUM-LOW
681280,400310,WOMEN''S FOOTWEAR,0.25,MEDIUM-LOW
681291,320232,TELEPHONES AND ACCESSORIES,0.5,MEDIUM-LOW
681291,400110,MEN''S FOOTWEAR,0.125,MEDIUM-LOW
681291,400210,BOYS'' FOOTWEAR,0.125,MEDIUM-LOW
681291,400220,GIRLS'' FOOTWEAR,0.125,MEDIUM-LOW
681291,400310,WOMEN''S FOOTWEAR,0.125,MEDIUM-LOW
690740,990940,MATERIAL FOR FINISHING BASEMENTS AND,0.6827,MEDIUM-LOW
690740,990920,"MATERIALS FOR ADDITIONS, FINISHING BASEMENTS,",0.3173,MEDIUM-LOW
691010,320904,CLOSET AND STORAGE ITEMS,1.0,MEDIUM-LOW
691110,160211,FATS AND OILS,0.3457,MEDIUM-LOW
691110,320330,FLATWARE,0.1661,HIGH
691110,330510,MISCELLANEOUS HOUSEHOLD PRODUCTS,0.1114,MEDIUM-HIGH
691110,310334,SATELLITE DISHES,0.1011,MEDIUM
691110,320380,"TABLEWARE, NONELECTRIC KITCHENWARE",0.0811,MEDIUM
691110,290320,LIVING ROOM TABLES,0.0769,MEDIUM
691110,300900,MISCELLANEOUS HOUSEHOLD APPLIANCES,0.0588,MEDIUM-LOW
691110,320905,MISCELLANEOUS HOUSEHOLD EQUIPMENT AND PARTS,0.0588,MEDIUM-LOW
691190,320330,FLATWARE,0.2512,HIGH
691190,330510,MISCELLANEOUS HOUSEHOLD PRODUCTS,0.2073,HIGH
691190,320380,"TABLEWARE, NONELECTRIC KITCHENWARE",0.161,MEDIUM-HIGH
691190,310334,SATELLITE DISHES,0.1561,MEDIUM
691190,300900,MISCELLANEOUS HOUSEHOLD APPLIANCES,0.1122,MEDIUM-LOW
691190,320905,MISCELLANEOUS HOUSEHOLD EQUIPMENT AND PARTS,0.1122,MEDIUM-LOW
691200,290320,LIVING ROOM TABLES,0.4136,MEDIUM-LOW
691200,320330,FLATWARE,0.1913,HIGH
691200,310334,SATELLITE DISHES,0.1168,MEDIUM
691200,320380,"TABLEWARE, NONELECTRIC KITCHENWARE",0.0997,MEDIUM
691200,330510,MISCELLANEOUS HOUSEHOLD PRODUCTS,0.0865,MEDIUM-HIGH
691200,300900,MISCELLANEOUS HOUSEHOLD APPLIANCES,0.046,MEDIUM-LOW
691200,320905,MISCELLANEOUS HOUSEHOLD EQUIPMENT AND PARTS,0.046,MEDIUM-LOW
700232,320420,POWER TOOLS,1.0,MEDIUM-LOW
701120,310335,MISCELLANEOUS VIDEO EQUIPMENT,1.0,MEDIUM-LOW
701310,290320,LIVING ROOM TABLES,1.0,MEDIUM-LOW
701341,290320,LIVING ROOM TABLES,1.0,MEDIUM
701342,290320,LIVING ROOM TABLES,0.6515,MEDIUM-LOW
701342,320420,POWER TOOLS,0.3485,MEDIUM-LOW
701349,290320,LIVING ROOM TABLES,0.6283,MEDIUM-LOW
701349,320420,POWER TOOLS,0.3717,MEDIUM-LOW
701720,320420,POWER TOOLS,1.0,MEDIUM-LOW
701939,320120,WINDOW COVERINGS,0.5,MEDIUM-LOW
701939,320611,"MATERIAL FOR INSULATION, OTHER MAINTENANCE AND",0.1667,MEDIUM
701939,320612,"MATERIAL FOR INSULATION, OTHER MAINTENANCE AND",0.1667,MEDIUM
701939,320613,"MATERIAL FOR INSULATION, OTHER MAINTENANCE",0.1667,MEDIUM
710391,430120,JEWELRY,1.0,HIGH
710399,430120,JEWELRY,1.0,HIGH
710490,430120,JEWELRY,1.0,MEDIUM-HIGH
711311,430120,JEWELRY,1.0,MEDIUM-HIGH
711319,430120,JEWELRY,1.0,HIGH
711320,430120,JEWELRY,1.0,HIGH
711411,320330,FLATWARE,1.0,MEDIUM
711620,430120,JEWELRY,1.0,HIGH
711719,430120,JEWELRY,1.0,HIGH
711790,430120,JEWELRY,1.0,HIGH
720110,040410,OTHER PORK,0.6148,HIGH
720110,040210,PORK CHOPS,0.3852,MEDIUM
720120,040410,OTHER PORK,0.6148,HIGH
720120,040210,PORK CHOPS,0.3852,MEDIUM
720150,040410,OTHER PORK,0.6077,HIGH
720150,040210,PORK CHOPS,0.3923,MEDIUM-HIGH
720441,180310,POTATO CHIPS AND OTHER SNACKS,1.0,MEDIUM-HIGH
720916,390110,GIRLS'' COATS AND JACKETS,0.25,MEDIUM
720916,370110,BOYS'' COATS AND JACKETS,0.25,MEDIUM
720916,380110,WOMEN''S COATS AND JACKETS,0.25,MEDIUM
720916,360210,MEN''S COATS AND JACKETS,0.25,MEDIUM
720917,390110,GIRLS'' COATS AND JACKETS,0.25,MEDIUM
720917,370110,BOYS'' COATS AND JACKETS,0.25,MEDIUM
720917,380110,WOMEN''S COATS AND JACKETS,0.25,MEDIUM
720917,360210,MEN''S COATS AND JACKETS,0.25,MEDIUM
721391,490318,REPAIR TIRES AND OTHER REPAIR WORK,1.0,MEDIUM-LOW
721633,020110,WHITE BREAD,0.25,MEDIUM
721633,020210,"BREAD, OTHER THAN WHITE",0.25,MEDIUM
721633,020310,BISCUITS AND ROLLS,0.25,MEDIUM
721633,020620,BREAD AND CRACKER PRODUCTS,0.25,MEDIUM
721710,030310,ROUND ROAST,0.5,MEDIUM-LOW
721710,030510,ROUND STEAK,0.5,MEDIUM-LOW
721720,030310,ROUND ROAST,0.5,MEDIUM-LOW
721720,030510,ROUND STEAK,0.5,MEDIUM-LOW
721730,030310,ROUND ROAST,0.5,MEDIUM-LOW
721730,030510,ROUND STEAK,0.5,MEDIUM-LOW
722020,640220,SHAVING NEEDS,1.0,MEDIUM
722300,030310,ROUND ROAST,0.5,MEDIUM-LOW
722300,030510,ROUND STEAK,0.5,MEDIUM-LOW
722530,600901,WATER SPORTS EQUIPMENT,0.0844,HIGH
722530,600902,OTHER SPORTS EQUIPMENT,0.0844,HIGH
722530,320130,INFANTS'' EQUIPMENT,0.0805,HIGH
722530,600430,WINTER SPORTS EQUIPMENT,0.0626,MEDIUM-HIGH
722530,310331,MISCELLANEOUS SOUND EQUIPMENT,0.0478,MEDIUM
722530,310335,MISCELLANEOUS VIDEO EQUIPMENT,0.0478,MEDIUM
722530,320150,OUTDOOR EQUIPMENT,0.0478,MEDIUM
722530,600410,CAMPING EQUIPMENT,0.0478,MEDIUM
722530,610120,PLAYGROUND EQUIPMENT,0.0478,MEDIUM
722530,610230,PHOTOGRAPHIC EQUIPMENT,0.0478,MEDIUM
722530,320905,MISCELLANEOUS HOUSEHOLD EQUIPMENT AND PARTS,0.0478,MEDIUM
722530,480213,"PARTS, EQUIPMENT, AND ACCESSORIES",0.0478,MEDIUM
722530,170533,SPORTS DRINKS,0.0478,MEDIUM
722530,310332,SOUND EQUIPMENT ACCESSORIES,0.0369,MEDIUM-LOW
722530,320140,LAUNDRY AND CLEANING EQUIPMENT,0.0369,MEDIUM-LOW
722530,600420,HUNTING AND FISHING EQUIPMENT,0.0369,MEDIUM-LOW
722530,320410,LAWN AND GARDEN EQUIPMENT,0.0369,MEDIUM-LOW
722530,620121,FEES FOR PARTICIPANT SPORTS,0.0369,MEDIUM-LOW
722530,240123,TOOLS AND EQUIPMENT FOR PAINTING AND,0.0369,MEDIUM-LOW
722530,240213,MATERIALS AND EQUIPMENT FOR ROOF AND GUTTERS,0.0369,MEDIUM-LOW
722540,600901,WATER SPORTS EQUIPMENT,0.0841,HIGH
722540,600902,OTHER SPORTS EQUIPMENT,0.0841,HIGH
722540,320130,INFANTS'' EQUIPMENT,0.0806,HIGH
722540,600430,WINTER SPORTS EQUIPMENT,0.0623,MEDIUM-HIGH
722540,310331,MISCELLANEOUS SOUND EQUIPMENT,0.0478,MEDIUM
722540,310335,MISCELLANEOUS VIDEO EQUIPMENT,0.0478,MEDIUM
722540,320150,OUTDOOR EQUIPMENT,0.0478,MEDIUM
722540,600410,CAMPING EQUIPMENT,0.0478,MEDIUM
722540,610120,PLAYGROUND EQUIPMENT,0.0478,MEDIUM
722540,610230,PHOTOGRAPHIC EQUIPMENT,0.0478,MEDIUM
722540,320905,MISCELLANEOUS HOUSEHOLD EQUIPMENT AND PARTS,0.0478,MEDIUM
722540,480213,"PARTS, EQUIPMENT, AND ACCESSORIES",0.0478,MEDIUM
722540,170533,SPORTS DRINKS,0.0478,MEDIUM
722540,310332,SOUND EQUIPMENT ACCESSORIES,0.0369,MEDIUM-LOW
722540,320140,LAUNDRY AND CLEANING EQUIPMENT,0.0369,MEDIUM-LOW
722540,600420,HUNTING AND FISHING EQUIPMENT,0.0369,MEDIUM-LOW
722540,320410,LAWN AND GARDEN EQUIPMENT,0.0369,MEDIUM-LOW
722540,620121,FEES FOR PARTICIPANT SPORTS,0.0369,MEDIUM-LOW
722540,240123,TOOLS AND EQUIPMENT FOR PAINTING AND,0.0369,MEDIUM-LOW
722540,240213,MATERIALS AND EQUIPMENT FOR ROOF AND GUTTERS,0.0369,MEDIUM-LOW
722550,600901,WATER SPORTS EQUIPMENT,0.0838,HIGH
722550,600902,OTHER SPORTS EQUIPMENT,0.0838,HIGH
722550,320130,INFANTS'' EQUIPMENT,0.0803,HIGH
722550,600430,WINTER SPORTS EQUIPMENT,0.0621,MEDIUM-HIGH
722550,310331,MISCELLANEOUS SOUND EQUIPMENT,0.0477,MEDIUM
722550,310335,MISCELLANEOUS VIDEO EQUIPMENT,0.0477,MEDIUM
722550,320150,OUTDOOR EQUIPMENT,0.0477,MEDIUM
722550,600410,CAMPING EQUIPMENT,0.0477,MEDIUM
722550,610120,PLAYGROUND EQUIPMENT,0.0477,MEDIUM
722550,610230,PHOTOGRAPHIC EQUIPMENT,0.0477,MEDIUM
722550,320905,MISCELLANEOUS HOUSEHOLD EQUIPMENT AND PARTS,0.0477,MEDIUM
722550,480213,"PARTS, EQUIPMENT, AND ACCESSORIES",0.0477,MEDIUM
722550,170533,SPORTS DRINKS,0.0477,MEDIUM
722550,660210,"SCHOOL BOOKS, SUPPLIES, EQUIPMENT FOR ELEMENTARY, HIGH",0.0403,MEDIUM
722550,310332,SOUND EQUIPMENT ACCESSORIES,0.0368,MEDIUM-LOW
722550,320140,LAUNDRY AND CLEANING EQUIPMENT,0.0368,MEDIUM-LOW
722550,600420,HUNTING AND FISHING EQUIPMENT,0.0368,MEDIUM-LOW
722550,320410,LAWN AND GARDEN EQUIPMENT,0.0368,MEDIUM-LOW
722550,620121,FEES FOR PARTICIPANT SPORTS,0.0368,MEDIUM-LOW
722550,240123,TOOLS AND EQUIPMENT FOR PAINTING AND,0.0368,MEDIUM-LOW
722691,600901,WATER SPORTS EQUIPMENT,0.0845,HIGH
722691,600902,OTHER SPORTS EQUIPMENT,0.0845,HIGH
722691,320130,INFANTS'' EQUIPMENT,0.0804,HIGH
722691,600430,WINTER SPORTS EQUIPMENT,0.0628,MEDIUM-HIGH
722691,310331,MISCELLANEOUS SOUND EQUIPMENT,0.0477,MEDIUM
722691,310335,MISCELLANEOUS VIDEO EQUIPMENT,0.0477,MEDIUM
722691,320150,OUTDOOR EQUIPMENT,0.0477,MEDIUM
722691,600410,CAMPING EQUIPMENT,0.0477,MEDIUM
722691,610120,PLAYGROUND EQUIPMENT,0.0477,MEDIUM
722691,610230,PHOTOGRAPHIC EQUIPMENT,0.0477,MEDIUM
722691,320905,MISCELLANEOUS HOUSEHOLD EQUIPMENT AND PARTS,0.0477,MEDIUM
722691,480213,"PARTS, EQUIPMENT, AND ACCESSORIES",0.0477,MEDIUM
722691,170533,SPORTS DRINKS,0.0477,MEDIUM
722691,310332,SOUND EQUIPMENT ACCESSORIES,0.0368,MEDIUM-LOW
722691,320140,LAUNDRY AND CLEANING EQUIPMENT,0.0368,MEDIUM-LOW
722691,600420,HUNTING AND FISHING EQUIPMENT,0.0368,MEDIUM-LOW
722691,320410,LAWN AND GARDEN EQUIPMENT,0.0368,MEDIUM-LOW
722691,620121,FEES FOR PARTICIPANT SPORTS,0.0368,MEDIUM-LOW
722691,240123,TOOLS AND EQUIPMENT FOR PAINTING AND,0.0368,MEDIUM-LOW
722691,240213,MATERIALS AND EQUIPMENT FOR ROOF AND GUTTERS,0.0368,MEDIUM-LOW
722692,600901,WATER SPORTS EQUIPMENT,0.0847,HIGH
722692,600902,OTHER SPORTS EQUIPMENT,0.0847,HIGH
722692,320130,INFANTS'' EQUIPMENT,0.0804,HIGH
722692,600430,WINTER SPORTS EQUIPMENT,0.063,MEDIUM-HIGH
722692,310331,MISCELLANEOUS SOUND EQUIPMENT,0.0477,MEDIUM
722692,310335,MISCELLANEOUS VIDEO EQUIPMENT,0.0477,MEDIUM
722692,320150,OUTDOOR EQUIPMENT,0.0477,MEDIUM
722692,600410,CAMPING EQUIPMENT,0.0477,MEDIUM
722692,610120,PLAYGROUND EQUIPMENT,0.0477,MEDIUM
722692,610230,PHOTOGRAPHIC EQUIPMENT,0.0477,MEDIUM
722692,320905,MISCELLANEOUS HOUSEHOLD EQUIPMENT AND PARTS,0.0477,MEDIUM
722692,480213,"PARTS, EQUIPMENT, AND ACCESSORIES",0.0477,MEDIUM
722692,170533,SPORTS DRINKS,0.0477,MEDIUM
722692,310332,SOUND EQUIPMENT ACCESSORIES,0.0368,MEDIUM-LOW
722692,320140,LAUNDRY AND CLEANING EQUIPMENT,0.0368,MEDIUM-LOW
722692,600420,HUNTING AND FISHING EQUIPMENT,0.0368,MEDIUM-LOW
722692,320410,LAWN AND GARDEN EQUIPMENT,0.0368,MEDIUM-LOW
722692,620121,FEES FOR PARTICIPANT SPORTS,0.0368,MEDIUM-LOW
722692,240123,TOOLS AND EQUIPMENT FOR PAINTING AND,0.0368,MEDIUM-LOW
722692,240213,MATERIALS AND EQUIPMENT FOR ROOF AND GUTTERS,0.0368,MEDIUM-LOW
722790,600901,WATER SPORTS EQUIPMENT,0.0835,HIGH
722790,600902,OTHER SPORTS EQUIPMENT,0.0835,HIGH
722790,320130,INFANTS'' EQUIPMENT,0.0808,HIGH
722790,600430,WINTER SPORTS EQUIPMENT,0.0616,MEDIUM-HIGH
722790,310331,MISCELLANEOUS SOUND EQUIPMENT,0.048,MEDIUM
722790,310335,MISCELLANEOUS VIDEO EQUIPMENT,0.048,MEDIUM
722790,320150,OUTDOOR EQUIPMENT,0.048,MEDIUM
722790,600410,CAMPING EQUIPMENT,0.048,MEDIUM
722790,610120,PLAYGROUND EQUIPMENT,0.048,MEDIUM
722790,610230,PHOTOGRAPHIC EQUIPMENT,0.048,MEDIUM
722790,320905,MISCELLANEOUS HOUSEHOLD EQUIPMENT AND PARTS,0.048,MEDIUM
722790,480213,"PARTS, EQUIPMENT, AND ACCESSORIES",0.048,MEDIUM
722790,170533,SPORTS DRINKS,0.048,MEDIUM
722790,310332,SOUND EQUIPMENT ACCESSORIES,0.037,MEDIUM-LOW
722790,320140,LAUNDRY AND CLEANING EQUIPMENT,0.037,MEDIUM-LOW
722790,600420,HUNTING AND FISHING EQUIPMENT,0.037,MEDIUM-LOW
722790,320410,LAWN AND GARDEN EQUIPMENT,0.037,MEDIUM-LOW
722790,620121,FEES FOR PARTICIPANT SPORTS,0.037,MEDIUM-LOW
722790,240123,TOOLS AND EQUIPMENT FOR PAINTING AND,0.037,MEDIUM-LOW
722790,240213,MATERIALS AND EQUIPMENT FOR ROOF AND GUTTERS,0.037,MEDIUM-LOW
722830,600901,WATER SPORTS EQUIPMENT,0.0841,HIGH
722830,600902,OTHER SPORTS EQUIPMENT,0.0841,HIGH
722830,320130,INFANTS'' EQUIPMENT,0.0806,HIGH
722830,600430,WINTER SPORTS EQUIPMENT,0.0623,MEDIUM-HIGH
722830,310331,MISCELLANEOUS SOUND EQUIPMENT,0.0478,MEDIUM
722830,310335,MISCELLANEOUS VIDEO EQUIPMENT,0.0478,MEDIUM
722830,320150,OUTDOOR EQUIPMENT,0.0478,MEDIUM
722830,600410,CAMPING EQUIPMENT,0.0478,MEDIUM
722830,610120,PLAYGROUND EQUIPMENT,0.0478,MEDIUM
722830,610230,PHOTOGRAPHIC EQUIPMENT,0.0478,MEDIUM
722830,320905,MISCELLANEOUS HOUSEHOLD EQUIPMENT AND PARTS,0.0478,MEDIUM
722830,480213,"PARTS, EQUIPMENT, AND ACCESSORIES",0.0478,MEDIUM
722830,170533,SPORTS DRINKS,0.0478,MEDIUM
722830,310332,SOUND EQUIPMENT ACCESSORIES,0.0369,MEDIUM-LOW
722830,320140,LAUNDRY AND CLEANING EQUIPMENT,0.0369,MEDIUM-LOW
722830,600420,HUNTING AND FISHING EQUIPMENT,0.0369,MEDIUM-LOW
722830,320410,LAWN AND GARDEN EQUIPMENT,0.0369,MEDIUM-LOW
722830,620121,FEES FOR PARTICIPANT SPORTS,0.0369,MEDIUM-LOW
722830,240123,TOOLS AND EQUIPMENT FOR PAINTING AND,0.0369,MEDIUM-LOW
722830,240213,MATERIALS AND EQUIPMENT FOR ROOF AND GUTTERS,0.0369,MEDIUM-LOW
722850,030310,ROUND ROAST,0.25,MEDIUM-LOW
722850,030510,ROUND STEAK,0.25,MEDIUM-LOW
722850,600901,WATER SPORTS EQUIPMENT,0.0424,HIGH
722850,600902,OTHER SPORTS EQUIPMENT,0.0424,HIGH
722850,320130,INFANTS'' EQUIPMENT,0.0402,HIGH
722850,600430,WINTER SPORTS EQUIPMENT,0.0315,MEDIUM-HIGH
722850,310331,MISCELLANEOUS SOUND EQUIPMENT,0.0239,MEDIUM
722850,310335,MISCELLANEOUS VIDEO EQUIPMENT,0.0239,MEDIUM
722850,320150,OUTDOOR EQUIPMENT,0.0239,MEDIUM
722850,600410,CAMPING EQUIPMENT,0.0239,MEDIUM
722850,610120,PLAYGROUND EQUIPMENT,0.0239,MEDIUM
722850,610230,PHOTOGRAPHIC EQUIPMENT,0.0239,MEDIUM
722850,320905,MISCELLANEOUS HOUSEHOLD EQUIPMENT AND PARTS,0.0239,MEDIUM
722850,480213,"PARTS, EQUIPMENT, AND ACCESSORIES",0.0239,MEDIUM
722850,170533,SPORTS DRINKS,0.0239,MEDIUM
722850,310332,SOUND EQUIPMENT ACCESSORIES,0.0184,MEDIUM-LOW
722850,320140,LAUNDRY AND CLEANING EQUIPMENT,0.0184,MEDIUM-LOW
722850,600420,HUNTING AND FISHING EQUIPMENT,0.0184,MEDIUM-LOW
722850,320410,LAWN AND GARDEN EQUIPMENT,0.0184,MEDIUM-LOW
722850,620121,FEES FOR PARTICIPANT SPORTS,0.0184,MEDIUM-LOW
722850,240123,TOOLS AND EQUIPMENT FOR PAINTING AND,0.0184,MEDIUM-LOW
722850,240213,MATERIALS AND EQUIPMENT FOR ROOF AND GUTTERS,0.0184,MEDIUM-LOW
722860,600901,WATER SPORTS EQUIPMENT,0.0868,HIGH
722860,600902,OTHER SPORTS EQUIPMENT,0.0868,HIGH
722860,320130,INFANTS'' EQUIPMENT,0.0797,HIGH
722860,600430,WINTER SPORTS EQUIPMENT,0.0651,MEDIUM-HIGH
722860,310331,MISCELLANEOUS SOUND EQUIPMENT,0.0473,MEDIUM
722860,310335,MISCELLANEOUS VIDEO EQUIPMENT,0.0473,MEDIUM
722860,320150,OUTDOOR EQUIPMENT,0.0473,MEDIUM
722860,600410,CAMPING EQUIPMENT,0.0473,MEDIUM
722860,610120,PLAYGROUND EQUIPMENT,0.0473,MEDIUM
722860,610230,PHOTOGRAPHIC EQUIPMENT,0.0473,MEDIUM
722860,320905,MISCELLANEOUS HOUSEHOLD EQUIPMENT AND PARTS,0.0473,MEDIUM
722860,480213,"PARTS, EQUIPMENT, AND ACCESSORIES",0.0473,MEDIUM
722860,170533,SPORTS DRINKS,0.0473,MEDIUM
722860,310332,SOUND EQUIPMENT ACCESSORIES,0.0365,MEDIUM-LOW
722860,320140,LAUNDRY AND CLEANING EQUIPMENT,0.0365,MEDIUM-LOW
722860,600420,HUNTING AND FISHING EQUIPMENT,0.0365,MEDIUM-LOW
722860,320410,LAWN AND GARDEN EQUIPMENT,0.0365,MEDIUM-LOW
722860,620121,FEES FOR PARTICIPANT SPORTS,0.0365,MEDIUM-LOW
722860,240123,TOOLS AND EQUIPMENT FOR PAINTING AND,0.0365,MEDIUM-LOW
722860,240213,MATERIALS AND EQUIPMENT FOR ROOF AND GUTTERS,0.0365,MEDIUM-LOW
722880,320902,HAND TOOLS,0.3377,HIGH
722880,320420,POWER TOOLS,0.2086,MEDIUM
722880,240123,TOOLS AND EQUIPMENT FOR PAINTING AND,0.1656,MEDIUM
722880,240121,TOOLS AND EQUIPMENT FOR PAINTING AND WALLPAPERIN,0.144,MEDIUM-LOW
722880,240122,TOOLS AND EQUIPMENT FOR PAINTING AND WALLPAPERIN,0.144,MEDIUM-LOW
722920,030310,ROUND ROAST,0.25,MEDIUM-LOW
722920,030510,ROUND STEAK,0.25,MEDIUM-LOW
722920,470311,ELECTRIC VEHICLE CHARGING,0.0717,MEDIUM-HIGH
722920,390110,GIRLS'' COATS AND JACKETS,0.0566,MEDIUM
722920,600142,PURCHASE OF OTHER VEHICLE,0.0566,MEDIUM
722920,520410,VEHICLE INSPECTION,0.0566,MEDIUM
722920,360210,MEN''S COATS AND JACKETS,0.0566,MEDIUM
722920,370110,BOYS'' COATS AND JACKETS,0.0566,MEDIUM
722920,380110,WOMEN''S COATS AND JACKETS,0.0566,MEDIUM
722920,850300,OTHER VEHICLE FINANCE CHARGES,0.0444,MEDIUM-LOW
722920,490300,VEHICLE OR ENGINE REPAIRS,0.0444,MEDIUM-LOW
722990,030310,ROUND ROAST,0.5,MEDIUM-LOW
722990,030510,ROUND STEAK,0.5,MEDIUM-LOW
730240,070110,CANNED FISH AND SEAFOOD,0.3333,MEDIUM-LOW
730240,070230,FRESH FISH AND SHELLFISH,0.3333,MEDIUM-LOW
730240,070240,FROZEN FISH AND SHELLFISH,0.3333,MEDIUM-LOW
730411,160211,FATS AND OILS,0.6988,HIGH
730411,470211,MOTOR OIL,0.3012,MEDIUM-LOW
730419,160211,FATS AND OILS,0.701,HIGH
730419,470211,MOTOR OIL,0.299,MEDIUM-LOW
730422,160211,FATS AND OILS,0.2353,HIGH
730422,320902,HAND TOOLS,0.2353,HIGH
730422,320420,POWER TOOLS,0.1439,MEDIUM
730422,240123,TOOLS AND EQUIPMENT FOR PAINTING AND,0.1134,MEDIUM
730422,470211,MOTOR OIL,0.1017,MEDIUM-LOW
730422,240121,TOOLS AND EQUIPMENT FOR PAINTING AND WALLPAPERIN,0.0851,MEDIUM-LOW
730422,240122,TOOLS AND EQUIPMENT FOR PAINTING AND WALLPAPERIN,0.0851,MEDIUM-LOW
730423,160211,FATS AND OILS,0.2347,HIGH
730423,320902,HAND TOOLS,0.2347,HIGH
730423,320420,POWER TOOLS,0.1432,MEDIUM
730423,240123,TOOLS AND EQUIPMENT FOR PAINTING AND,0.1128,MEDIUM-LOW
730423,470211,MOTOR OIL,0.101,MEDIUM-LOW
730423,240121,TOOLS AND EQUIPMENT FOR PAINTING AND WALLPAPERIN,0.0868,MEDIUM-LOW
730423,240122,TOOLS AND EQUIPMENT FOR PAINTING AND WALLPAPERIN,0.0868,MEDIUM-LOW
730424,160211,FATS AND OILS,0.6999,HIGH
730424,470211,MOTOR OIL,0.3001,MEDIUM-LOW
730429,160211,FATS AND OILS,0.7287,HIGH
730429,470211,MOTOR OIL,0.2713,MEDIUM-LOW
730451,600901,WATER SPORTS EQUIPMENT,0.0748,HIGH
730451,600902,OTHER SPORTS EQUIPMENT,0.0748,HIGH
730451,320130,INFANTS'' EQUIPMENT,0.0728,HIGH
730451,600430,WINTER SPORTS EQUIPMENT,0.0551,MEDIUM-HIGH
730451,550320,MEDICAL EQUIPMENT FOR GENERAL USE,0.0542,MEDIUM-HIGH
730451,690230,BUSINESS EQUIPMENT FOR HOME USE,0.0445,MEDIUM
730451,310331,MISCELLANEOUS SOUND EQUIPMENT,0.0432,MEDIUM
730451,310335,MISCELLANEOUS VIDEO EQUIPMENT,0.0432,MEDIUM
730451,320150,OUTDOOR EQUIPMENT,0.0432,MEDIUM
730451,600410,CAMPING EQUIPMENT,0.0432,MEDIUM
730451,610120,PLAYGROUND EQUIPMENT,0.0432,MEDIUM
730451,610230,PHOTOGRAPHIC EQUIPMENT,0.0432,MEDIUM
730451,320905,MISCELLANEOUS HOUSEHOLD EQUIPMENT AND PARTS,0.0432,MEDIUM
730451,480213,"PARTS, EQUIPMENT, AND ACCESSORIES",0.0432,MEDIUM
730451,170533,SPORTS DRINKS,0.0432,MEDIUM
730451,240123,TOOLS AND EQUIPMENT FOR PAINTING AND,0.034,MEDIUM-LOW
730451,240213,MATERIALS AND EQUIPMENT FOR ROOF AND GUTTERS,0.034,MEDIUM-LOW
730451,310332,SOUND EQUIPMENT ACCESSORIES,0.0334,MEDIUM-LOW
730451,320140,LAUNDRY AND CLEANING EQUIPMENT,0.0334,MEDIUM-LOW
730451,600420,HUNTING AND FISHING EQUIPMENT,0.0334,MEDIUM-LOW
730451,320410,LAWN AND GARDEN EQUIPMENT,0.0334,MEDIUM-LOW
730451,620121,FEES FOR PARTICIPANT SPORTS,0.0334,MEDIUM-LOW
730459,600901,WATER SPORTS EQUIPMENT,0.0829,HIGH
730459,600902,OTHER SPORTS EQUIPMENT,0.0829,HIGH
730459,320130,INFANTS'' EQUIPMENT,0.0809,HIGH
730459,600430,WINTER SPORTS EQUIPMENT,0.061,MEDIUM-HIGH
730459,310331,MISCELLANEOUS SOUND EQUIPMENT,0.048,MEDIUM
730459,310335,MISCELLANEOUS VIDEO EQUIPMENT,0.048,MEDIUM
730459,320150,OUTDOOR EQUIPMENT,0.048,MEDIUM
730459,600410,CAMPING EQUIPMENT,0.048,MEDIUM
730459,610120,PLAYGROUND EQUIPMENT,0.048,MEDIUM
730459,610230,PHOTOGRAPHIC EQUIPMENT,0.048,MEDIUM
730459,320905,MISCELLANEOUS HOUSEHOLD EQUIPMENT AND PARTS,0.048,MEDIUM
730459,480213,"PARTS, EQUIPMENT, AND ACCESSORIES",0.048,MEDIUM
730459,170533,SPORTS DRINKS,0.048,MEDIUM
730459,310332,SOUND EQUIPMENT ACCESSORIES,0.0371,MEDIUM-LOW
730459,320140,LAUNDRY AND CLEANING EQUIPMENT,0.0371,MEDIUM-LOW
730459,600420,HUNTING AND FISHING EQUIPMENT,0.0371,MEDIUM-LOW
730459,320410,LAWN AND GARDEN EQUIPMENT,0.0371,MEDIUM-LOW
730459,620121,FEES FOR PARTICIPANT SPORTS,0.0371,MEDIUM-LOW
730459,240123,TOOLS AND EQUIPMENT FOR PAINTING AND,0.0371,MEDIUM-LOW
730459,240213,MATERIALS AND EQUIPMENT FOR ROOF AND GUTTERS,0.0371,MEDIUM-LOW
730511,160211,FATS AND OILS,1.0,HIGH
730512,160211,FATS AND OILS,0.7407,HIGH
730512,470211,MOTOR OIL,0.2593,MEDIUM-LOW
730519,160211,FATS AND OILS,0.7021,HIGH
730519,470211,MOTOR OIL,0.2979,MEDIUM-LOW
730520,160211,FATS AND OILS,0.7014,HIGH
730520,470211,MOTOR OIL,0.2986,MEDIUM-LOW
730531,160211,FATS AND OILS,0.6998,HIGH
730531,470211,MOTOR OIL,0.3002,MEDIUM-LOW
730590,160211,FATS AND OILS,1.0,HIGH
730611,160211,FATS AND OILS,0.6963,HIGH
730611,470211,MOTOR OIL,0.3037,MEDIUM-LOW
730619,160211,FATS AND OILS,0.697,HIGH
730619,470211,MOTOR OIL,0.303,MEDIUM-LOW
730621,160211,FATS AND OILS,0.6949,HIGH
730621,470211,MOTOR OIL,0.3051,MEDIUM-LOW
730629,160211,FATS AND OILS,0.6958,HIGH
730629,470211,MOTOR OIL,0.3042,MEDIUM-LOW
730840,320130,INFANTS'' EQUIPMENT,0.1573,HIGH
730840,310331,MISCELLANEOUS SOUND EQUIPMENT,0.0843,MEDIUM-LOW
730840,310335,MISCELLANEOUS VIDEO EQUIPMENT,0.0843,MEDIUM-LOW
730840,320150,OUTDOOR EQUIPMENT,0.0843,MEDIUM-LOW
730840,600410,CAMPING EQUIPMENT,0.0843,MEDIUM-LOW
730840,600901,WATER SPORTS EQUIPMENT,0.0843,MEDIUM-LOW
730840,600902,OTHER SPORTS EQUIPMENT,0.0843,MEDIUM-LOW
730840,610120,PLAYGROUND EQUIPMENT,0.0843,MEDIUM-LOW
730840,610230,PHOTOGRAPHIC EQUIPMENT,0.0843,MEDIUM-LOW
730840,320905,MISCELLANEOUS HOUSEHOLD EQUIPMENT AND PARTS,0.0843,MEDIUM-LOW
730840,480213,"PARTS, EQUIPMENT, AND ACCESSORIES",0.0843,MEDIUM-LOW
730890,320130,INFANTS'' EQUIPMENT,0.1331,MEDIUM-HIGH
730890,240213,MATERIALS AND EQUIPMENT FOR ROOF AND GUTTERS,0.0978,MEDIUM
730890,310331,MISCELLANEOUS SOUND EQUIPMENT,0.0699,MEDIUM-LOW
730890,310335,MISCELLANEOUS VIDEO EQUIPMENT,0.0699,MEDIUM-LOW
730890,320150,OUTDOOR EQUIPMENT,0.0699,MEDIUM-LOW
730890,600410,CAMPING EQUIPMENT,0.0699,MEDIUM-LOW
730890,600901,WATER SPORTS EQUIPMENT,0.0699,MEDIUM-LOW
730890,600902,OTHER SPORTS EQUIPMENT,0.0699,MEDIUM-LOW
730890,610120,PLAYGROUND EQUIPMENT,0.0699,MEDIUM-LOW
730890,230115,ROOFING AND GUTTERS,0.0699,MEDIUM-LOW
730890,610230,PHOTOGRAPHIC EQUIPMENT,0.0699,MEDIUM-LOW
730890,320905,MISCELLANEOUS HOUSEHOLD EQUIPMENT AND PARTS,0.0699,MEDIUM-LOW
730890,480213,"PARTS, EQUIPMENT, AND ACCESSORIES",0.0699,MEDIUM-LOW
731010,320130,INFANTS'' EQUIPMENT,0.1609,MEDIUM-HIGH
731010,310331,MISCELLANEOUS SOUND EQUIPMENT,0.0839,MEDIUM-LOW
731010,310335,MISCELLANEOUS VIDEO EQUIPMENT,0.0839,MEDIUM-LOW
731010,320150,OUTDOOR EQUIPMENT,0.0839,MEDIUM-LOW
731010,600410,CAMPING EQUIPMENT,0.0839,MEDIUM-LOW
731010,600901,WATER SPORTS EQUIPMENT,0.0839,MEDIUM-LOW
731010,600902,OTHER SPORTS EQUIPMENT,0.0839,MEDIUM-LOW
731010,610120,PLAYGROUND EQUIPMENT,0.0839,MEDIUM-LOW
731010,610230,PHOTOGRAPHIC EQUIPMENT,0.0839,MEDIUM-LOW
731010,320905,MISCELLANEOUS HOUSEHOLD EQUIPMENT AND PARTS,0.0839,MEDIUM-LOW
731010,480213,"PARTS, EQUIPMENT, AND ACCESSORIES",0.0839,MEDIUM-LOW
731210,490318,REPAIR TIRES AND OTHER REPAIR WORK,0.597,MEDIUM
731210,480110,"TIRES - PURCHASED, REPLACED, INSTALLED",0.403,MEDIUM-LOW
731511,600310,BICYCLES,0.5,HIGH
731511,470211,MOTOR OIL,0.25,MEDIUM-LOW
731511,490311,MOTOR TUNE-UP,0.25,MEDIUM-LOW
731589,030310,ROUND ROAST,0.5,MEDIUM-LOW
731589,030510,ROUND STEAK,0.5,MEDIUM-LOW
731700,030310,ROUND ROAST,0.3733,MEDIUM-LOW
731700,030510,ROUND STEAK,0.3733,MEDIUM-LOW
731700,230115,ROOFING AND GUTTERS,0.2533,MEDIUM-LOW
731813,320430,OTHER HARDWARE,0.5676,HIGH
731813,310232,VIDEO GAME HARDWARE AND ACCESSORIES,0.2417,MEDIUM-LOW
731813,690111,COMPUTERS AND COMPUTER HARDWARE FOR NONBUSINESS USE,0.1906,MEDIUM-LOW
731815,180320,NUTS,0.5,HIGH
731815,030310,ROUND ROAST,0.25,MEDIUM-LOW
731815,030510,ROUND STEAK,0.25,MEDIUM-LOW
731816,180320,NUTS,1.0,HIGH
731819,180320,NUTS,1.0,HIGH
731940,270104,PHONE CARDS,1.0,MEDIUM-LOW
731990,320512,SEWING MACHINES,1.0,MEDIUM-LOW
732010,290110,MATTRESS AND SPRINGS,0.4118,MEDIUM-LOW
732010,470211,MOTOR OIL,0.1618,MEDIUM-LOW
732010,490311,MOTOR TUNE-UP,0.1618,MEDIUM-LOW
732010,520410,VEHICLE INSPECTION,0.1324,MEDIUM-LOW
732010,600142,PURCHASE OF OTHER VEHICLE,0.1324,MEDIUM-LOW
732020,290110,MATTRESS AND SPRINGS,0.3684,MEDIUM-LOW
732020,520410,VEHICLE INSPECTION,0.1579,MEDIUM-LOW
732020,470211,MOTOR OIL,0.1579,MEDIUM-LOW
732020,600142,PURCHASE OF OTHER VEHICLE,0.1579,MEDIUM-LOW
732020,490311,MOTOR TUNE-UP,0.1579,MEDIUM-LOW
732090,290110,MATTRESS AND SPRINGS,1.0,MEDIUM
732111,300311,"COOKING STOVES, OVENS (RENTER)",0.223,MEDIUM
732111,300312,"COOKING STOVES, OVENS (OWNED HOME)",0.1923,MEDIUM
732111,470114,ALTERNATIVE FUELS,0.1632,MEDIUM-LOW
732111,300900,MISCELLANEOUS HOUSEHOLD APPLIANCES,0.1584,MEDIUM-LOW
732111,690117,PORTABLE MEMORY,0.1451,MEDIUM-LOW
732111,470112,DIESEL FUEL,0.118,MEDIUM-LOW
732112,300900,MISCELLANEOUS HOUSEHOLD APPLIANCES,0.5,MEDIUM-LOW
732112,470112,DIESEL FUEL,0.5,MEDIUM-LOW
732119,470112,DIESEL FUEL,0.3497,MEDIUM-LOW
732119,690117,PORTABLE MEMORY,0.3357,MEDIUM-LOW
732119,300900,MISCELLANEOUS HOUSEHOLD APPLIANCES,0.3147,MEDIUM-LOW
732181,690117,PORTABLE MEMORY,0.2027,MEDIUM-LOW
732181,300900,MISCELLANEOUS HOUSEHOLD APPLIANCES,0.1815,MEDIUM-LOW
732181,470114,ALTERNATIVE FUELS,0.1815,MEDIUM-LOW
732181,470112,DIESEL FUEL,0.1564,MEDIUM-LOW
732181,320370,NONELECTRIC COOKWARE,0.139,MEDIUM-LOW
732181,640120,NONELECTRIC ARTICLES FOR THE HAIR,0.139,MEDIUM-LOW
732182,690117,PORTABLE MEMORY,0.2308,MEDIUM-LOW
732182,300900,MISCELLANEOUS HOUSEHOLD APPLIANCES,0.2115,MEDIUM-LOW
732182,470112,DIESEL FUEL,0.2115,MEDIUM-LOW
732182,320370,NONELECTRIC COOKWARE,0.1731,MEDIUM-LOW
732182,640120,NONELECTRIC ARTICLES FOR THE HAIR,0.1731,MEDIUM-LOW
732189,320521,SMALL ELECTRIC KITCHEN APPLIANCES,0.2015,MEDIUM
732189,640420,ELECTRIC PERSONAL CARE APPLIANCES,0.2015,MEDIUM
732189,300900,MISCELLANEOUS HOUSEHOLD APPLIANCES,0.1615,MEDIUM-LOW
732189,320370,NONELECTRIC COOKWARE,0.1452,MEDIUM-LOW
732189,470112,DIESEL FUEL,0.1452,MEDIUM-LOW
732189,640120,NONELECTRIC ARTICLES FOR THE HAIR,0.1452,MEDIUM-LOW
732190,300311,"COOKING STOVES, OVENS (RENTER)",0.1704,MEDIUM
732190,300900,MISCELLANEOUS HOUSEHOLD APPLIANCES,0.1579,MEDIUM-LOW
732190,300312,"COOKING STOVES, OVENS (OWNED HOME)",0.1454,MEDIUM-LOW
732190,320370,NONELECTRIC COOKWARE,0.1053,MEDIUM-LOW
732190,640120,NONELECTRIC ARTICLES FOR THE HAIR,0.1053,MEDIUM-LOW
732190,320611,"MATERIAL FOR INSULATION, OTHER MAINTENANCE AND",0.0789,MEDIUM-LOW
732190,320612,"MATERIAL FOR INSULATION, OTHER MAINTENANCE AND",0.0789,MEDIUM-LOW
732190,320613,"MATERIAL FOR INSULATION, OTHER MAINTENANCE",0.0789,MEDIUM-LOW
732190,320120,WINDOW COVERINGS,0.0789,MEDIUM-LOW
732211,230113,PLUMBING AND WATER HEATING,1.0,MEDIUM-LOW
732219,230113,PLUMBING AND WATER HEATING,1.0,MEDIUM-LOW
732290,470211,MOTOR OIL,0.5,MEDIUM-LOW
732290,490311,MOTOR TUNE-UP,0.5,MEDIUM-LOW
732391,320370,NONELECTRIC COOKWARE,0.5,MEDIUM-LOW
732391,330510,MISCELLANEOUS HOUSEHOLD PRODUCTS,0.1874,HIGH
732391,290320,LIVING ROOM TABLES,0.1116,MEDIUM
732391,300900,MISCELLANEOUS HOUSEHOLD APPLIANCES,0.1005,MEDIUM-LOW
732391,320905,MISCELLANEOUS HOUSEHOLD EQUIPMENT AND PARTS,0.1005,MEDIUM-LOW
732392,320370,NONELECTRIC COOKWARE,0.5,MEDIUM-LOW
732392,330510,MISCELLANEOUS HOUSEHOLD PRODUCTS,0.1875,HIGH
732392,290320,LIVING ROOM TABLES,0.1116,MEDIUM
732392,300900,MISCELLANEOUS HOUSEHOLD APPLIANCES,0.1004,MEDIUM-LOW
732392,320905,MISCELLANEOUS HOUSEHOLD EQUIPMENT AND PARTS,0.1004,MEDIUM-LOW
732393,320370,NONELECTRIC COOKWARE,0.5,MEDIUM-LOW
732393,330510,MISCELLANEOUS HOUSEHOLD PRODUCTS,0.2401,HIGH
732393,300900,MISCELLANEOUS HOUSEHOLD APPLIANCES,0.13,MEDIUM-LOW
732393,320905,MISCELLANEOUS HOUSEHOLD EQUIPMENT AND PARTS,0.13,MEDIUM-LOW
732394,320370,NONELECTRIC COOKWARE,0.4736,MEDIUM-LOW
732394,330510,MISCELLANEOUS HOUSEHOLD PRODUCTS,0.2035,MEDIUM-HIGH
732394,300900,MISCELLANEOUS HOUSEHOLD APPLIANCES,0.1086,MEDIUM-LOW
732394,320905,MISCELLANEOUS HOUSEHOLD EQUIPMENT AND PARTS,0.1086,MEDIUM-LOW
732394,290320,LIVING ROOM TABLES,0.1056,MEDIUM
732399,320330,FLATWARE,0.3033,HIGH
732399,330510,MISCELLANEOUS HOUSEHOLD PRODUCTS,0.1933,MEDIUM-HIGH
732399,310334,SATELLITE DISHES,0.1858,MEDIUM
732399,290320,LIVING ROOM TABLES,0.1089,MEDIUM
732399,300900,MISCELLANEOUS HOUSEHOLD APPLIANCES,0.1044,MEDIUM-LOW
732399,320905,MISCELLANEOUS HOUSEHOLD EQUIPMENT AND PARTS,0.1044,MEDIUM-LOW
732620,440900,CLOTHING STORAGE,0.1959,MEDIUM
732620,240112,"PAINTS, WALLPAPER AND SUPPLIES",0.1667,MEDIUM
732620,240113,"PAINTS, WALLPAPER, SUPPLIES",0.1667,MEDIUM
732620,330510,MISCELLANEOUS HOUSEHOLD PRODUCTS,0.1602,MEDIUM-HIGH
732620,440130,"ALTERATION, REPAIR AND TAILORING OF APPAREL AND",0.1375,MEDIUM-LOW
732620,300900,MISCELLANEOUS HOUSEHOLD APPLIANCES,0.0866,MEDIUM-LOW
732620,320905,MISCELLANEOUS HOUSEHOLD EQUIPMENT AND PARTS,0.0866,MEDIUM-LOW
732690,240112,"PAINTS, WALLPAPER AND SUPPLIES",0.2277,MEDIUM
732690,240113,"PAINTS, WALLPAPER, SUPPLIES",0.2277,MEDIUM
732690,330510,MISCELLANEOUS HOUSEHOLD PRODUCTS,0.1725,HIGH
732690,300900,MISCELLANEOUS HOUSEHOLD APPLIANCES,0.0968,MEDIUM
732690,320905,MISCELLANEOUS HOUSEHOLD EQUIPMENT AND PARTS,0.0968,MEDIUM
732690,320233,CLOCKS AND OTHER HOUSEHOLD DECORATIVE ITEMS,0.0595,MEDIUM-LOW
732690,690244,OTHER HOUSEHOLD APPLIANCES (RENTER),0.0595,MEDIUM-LOW
732690,340913,REPAIR OF MISCELLANEOUS HOUSEHOLD EQUIPMENT AND,0.0595,MEDIUM-LOW
741529,180320,NUTS,1.0,HIGH
741533,180320,NUTS,1.0,HIGH
741810,230113,PLUMBING AND WATER HEATING,0.5,MEDIUM-LOW
741810,330510,MISCELLANEOUS HOUSEHOLD PRODUCTS,0.1853,HIGH
741810,290320,LIVING ROOM TABLES,0.1121,MEDIUM
741810,300900,MISCELLANEOUS HOUSEHOLD APPLIANCES,0.1013,MEDIUM-LOW
741810,320905,MISCELLANEOUS HOUSEHOLD EQUIPMENT AND PARTS,0.1013,MEDIUM-LOW
741991,230113,PLUMBING AND WATER HEATING,1.0,MEDIUM-LOW
741999,320512,SEWING MACHINES,0.3333,MEDIUM-LOW
741999,290110,MATTRESS AND SPRINGS,0.3333,MEDIUM
741999,230113,PLUMBING AND WATER HEATING,0.0995,MEDIUM
741999,240311,PLUMBING SUPPLIES AND EQUIPMENT,0.0779,MEDIUM-LOW
741999,240312,PLUMBING SUPPLIES AND EQUIPMENT,0.0779,MEDIUM-LOW
741999,240313,PLUMBING SUPPLIES AND EQUIPMENT,0.0779,MEDIUM-LOW
760410,030310,ROUND ROAST,0.5,MEDIUM-LOW
760410,030510,ROUND STEAK,0.5,MEDIUM-LOW
760429,030310,ROUND ROAST,0.5,MEDIUM-LOW
760429,030510,ROUND STEAK,0.5,MEDIUM-LOW
761090,320130,INFANTS'' EQUIPMENT,0.1331,MEDIUM-HIGH
761090,240213,MATERIALS AND EQUIPMENT FOR ROOF AND GUTTERS,0.0978,MEDIUM
761090,310331,MISCELLANEOUS SOUND EQUIPMENT,0.0699,MEDIUM-LOW
761090,310335,MISCELLANEOUS VIDEO EQUIPMENT,0.0699,MEDIUM-LOW
761090,320150,OUTDOOR EQUIPMENT,0.0699,MEDIUM-LOW
761090,600410,CAMPING EQUIPMENT,0.0699,MEDIUM-LOW
761090,600901,WATER SPORTS EQUIPMENT,0.0699,MEDIUM-LOW
761090,600902,OTHER SPORTS EQUIPMENT,0.0699,MEDIUM-LOW
761090,610120,PLAYGROUND EQUIPMENT,0.0699,MEDIUM-LOW
761090,230115,ROOFING AND GUTTERS,0.0699,MEDIUM-LOW
761090,610230,PHOTOGRAPHIC EQUIPMENT,0.0699,MEDIUM-LOW
761090,320905,MISCELLANEOUS HOUSEHOLD EQUIPMENT AND PARTS,0.0699,MEDIUM-LOW
761090,480213,"PARTS, EQUIPMENT, AND ACCESSORIES",0.0699,MEDIUM-LOW
761510,320370,NONELECTRIC COOKWARE,0.3333,MEDIUM-LOW
761510,330510,MISCELLANEOUS HOUSEHOLD PRODUCTS,0.1233,HIGH
761510,320904,CLOSET AND STORAGE ITEMS,0.1111,MEDIUM-LOW
761510,440900,CLOTHING STORAGE,0.1111,MEDIUM-LOW
761510,180520,BAKING NEEDS AND MISCELLANEOUS PRODUCTS,0.1111,MEDIUM-LOW
761510,290320,LIVING ROOM TABLES,0.0748,MEDIUM
761510,300900,MISCELLANEOUS HOUSEHOLD APPLIANCES,0.0676,MEDIUM-LOW
761510,320905,MISCELLANEOUS HOUSEHOLD EQUIPMENT AND PARTS,0.0676,MEDIUM-LOW
761699,430130,LUGGAGE,1.0,HIGH
780200,320904,CLOSET AND STORAGE ITEMS,0.5,MEDIUM-LOW
780200,440900,CLOTHING STORAGE,0.5,MEDIUM-LOW
790700,330510,MISCELLANEOUS HOUSEHOLD PRODUCTS,0.375,HIGH
790700,290320,LIVING ROOM TABLES,0.2232,MEDIUM
790700,300900,MISCELLANEOUS HOUSEHOLD APPLIANCES,0.2009,MEDIUM-LOW
790700,320905,MISCELLANEOUS HOUSEHOLD EQUIPMENT AND PARTS,0.2009,MEDIUM-LOW
800700,330510,MISCELLANEOUS HOUSEHOLD PRODUCTS,0.3821,MEDIUM-HIGH
800700,290320,LIVING ROOM TABLES,0.2217,MEDIUM-LOW
800700,300900,MISCELLANEOUS HOUSEHOLD APPLIANCES,0.1981,MEDIUM-LOW
800700,320905,MISCELLANEOUS HOUSEHOLD EQUIPMENT AND PARTS,0.1981,MEDIUM-LOW
820140,320902,HAND TOOLS,0.6529,MEDIUM-HIGH
820140,320420,POWER TOOLS,0.3471,MEDIUM-LOW
820150,060110,FRESH AND FROZEN WHOLE CHICKEN,0.3542,HIGH
820150,060210,FRESH AND FROZEN CHICKEN PARTS,0.3542,HIGH
820150,060310,OTHER POULTRY,0.2917,HIGH
820231,320902,HAND TOOLS,0.3377,HIGH
820231,320420,POWER TOOLS,0.2086,MEDIUM
820231,240123,TOOLS AND EQUIPMENT FOR PAINTING AND,0.1656,MEDIUM
820231,240121,TOOLS AND EQUIPMENT FOR PAINTING AND WALLPAPERIN,0.144,MEDIUM-LOW
820231,240122,TOOLS AND EQUIPMENT FOR PAINTING AND WALLPAPERIN,0.144,MEDIUM-LOW
820239,320902,HAND TOOLS,0.3395,HIGH
820239,320420,POWER TOOLS,0.2087,MEDIUM
820239,240123,TOOLS AND EQUIPMENT FOR PAINTING AND,0.1651,MEDIUM
820239,240121,TOOLS AND EQUIPMENT FOR PAINTING AND WALLPAPERIN,0.1433,MEDIUM-LOW
820239,240122,TOOLS AND EQUIPMENT FOR PAINTING AND WALLPAPERIN,0.1433,MEDIUM-LOW
820240,320902,HAND TOOLS,0.3486,HIGH
820240,320420,POWER TOOLS,0.2141,MEDIUM
820240,240123,TOOLS AND EQUIPMENT FOR PAINTING AND,0.1693,MEDIUM
820240,240121,TOOLS AND EQUIPMENT FOR PAINTING AND WALLPAPERIN,0.134,MEDIUM-LOW
820240,240122,TOOLS AND EQUIPMENT FOR PAINTING AND WALLPAPERIN,0.134,MEDIUM-LOW
820291,320902,HAND TOOLS,0.3366,HIGH
820291,320420,POWER TOOLS,0.2086,MEDIUM
820291,240123,TOOLS AND EQUIPMENT FOR PAINTING AND,0.1658,MEDIUM
820291,240121,TOOLS AND EQUIPMENT FOR PAINTING AND WALLPAPERIN,0.1445,MEDIUM-LOW
820291,240122,TOOLS AND EQUIPMENT FOR PAINTING AND WALLPAPERIN,0.1445,MEDIUM-LOW
820299,320902,HAND TOOLS,0.3282,HIGH
820299,320420,POWER TOOLS,0.208,MEDIUM-HIGH
820299,240123,TOOLS AND EQUIPMENT FOR PAINTING AND,0.168,MEDIUM
820299,240121,TOOLS AND EQUIPMENT FOR PAINTING AND WALLPAPERIN,0.1479,MEDIUM
820299,240122,TOOLS AND EQUIPMENT FOR PAINTING AND WALLPAPERIN,0.1479,MEDIUM
820310,320902,HAND TOOLS,0.6502,HIGH
820310,320420,POWER TOOLS,0.3498,MEDIUM-LOW
820320,320902,HAND TOOLS,0.6473,HIGH
820320,320420,POWER TOOLS,0.3527,MEDIUM-LOW
820330,320902,HAND TOOLS,0.6413,HIGH
820330,320420,POWER TOOLS,0.3587,MEDIUM
820340,320430,OTHER HARDWARE,0.3803,HIGH
820340,320902,HAND TOOLS,0.3121,MEDIUM-HIGH
820340,320420,POWER TOOLS,0.1642,MEDIUM-LOW
820340,310232,VIDEO GAME HARDWARE AND ACCESSORIES,0.1434,MEDIUM-LOW
820510,320902,HAND TOOLS,0.6512,HIGH
820510,320420,POWER TOOLS,0.3488,MEDIUM-LOW
820530,320902,HAND TOOLS,0.6528,MEDIUM-HIGH
820530,320420,POWER TOOLS,0.3472,MEDIUM-LOW
820551,290320,LIVING ROOM TABLES,0.5,MEDIUM
820551,320902,HAND TOOLS,0.1354,HIGH
820551,330510,MISCELLANEOUS HOUSEHOLD PRODUCTS,0.1354,HIGH
820551,300900,MISCELLANEOUS HOUSEHOLD APPLIANCES,0.0764,MEDIUM
820551,320420,POWER TOOLS,0.0764,MEDIUM
820551,320905,MISCELLANEOUS HOUSEHOLD EQUIPMENT AND PARTS,0.0764,MEDIUM
820559,640220,SHAVING NEEDS,0.5,MEDIUM-HIGH
820559,320902,HAND TOOLS,0.3213,HIGH
820559,320420,POWER TOOLS,0.1787,MEDIUM-LOW
820590,690117,PORTABLE MEMORY,1.0,MEDIUM-LOW
820600,320902,HAND TOOLS,0.6457,HIGH
820600,320420,POWER TOOLS,0.3543,MEDIUM-LOW
820713,320902,HAND TOOLS,0.6529,MEDIUM-HIGH
820713,320420,POWER TOOLS,0.3471,MEDIUM-LOW
820719,320902,HAND TOOLS,0.3809,HIGH
820719,320420,POWER TOOLS,0.2214,MEDIUM
820719,240123,TOOLS AND EQUIPMENT FOR PAINTING AND,0.1536,MEDIUM
820719,240121,TOOLS AND EQUIPMENT FOR PAINTING AND WALLPAPERIN,0.122,MEDIUM-LOW
820719,240122,TOOLS AND EQUIPMENT FOR PAINTING AND WALLPAPERIN,0.122,MEDIUM-LOW
820730,320902,HAND TOOLS,0.652,MEDIUM-HIGH
820730,320420,POWER TOOLS,0.348,MEDIUM-LOW
820740,320902,HAND TOOLS,0.6489,HIGH
820740,320420,POWER TOOLS,0.3511,MEDIUM-LOW
820750,320902,HAND TOOLS,0.6753,MEDIUM-HIGH
820750,320420,POWER TOOLS,0.3247,MEDIUM-LOW
820760,320902,HAND TOOLS,0.6413,HIGH
820760,320420,POWER TOOLS,0.3587,MEDIUM
820770,320902,HAND TOOLS,0.6471,HIGH
820770,320420,POWER TOOLS,0.3529,MEDIUM-LOW
820780,320902,HAND TOOLS,0.6477,HIGH
820780,320420,POWER TOOLS,0.3523,MEDIUM-LOW
820790,320902,HAND TOOLS,0.6506,MEDIUM-HIGH
820790,320420,POWER TOOLS,0.3494,MEDIUM-LOW
820810,320512,SEWING MACHINES,1.0,MEDIUM-LOW
820820,320512,SEWING MACHINES,1.0,MEDIUM-LOW
820830,050410,LAMB AND ORGAN MEATS,0.3979,MEDIUM
820830,320521,SMALL ELECTRIC KITCHEN APPLIANCES,0.2414,MEDIUM
820830,300900,MISCELLANEOUS HOUSEHOLD APPLIANCES,0.1803,MEDIUM-LOW
820830,320512,SEWING MACHINES,0.1803,MEDIUM-LOW
820840,320512,SEWING MACHINES,1.0,MEDIUM-LOW
820890,300900,MISCELLANEOUS HOUSEHOLD APPLIANCES,0.5,MEDIUM-LOW
820890,320512,SEWING MACHINES,0.5,MEDIUM-LOW
820900,320902,HAND TOOLS,0.6528,MEDIUM-HIGH
820900,320420,POWER TOOLS,0.3472,MEDIUM-LOW
821000,300900,MISCELLANEOUS HOUSEHOLD APPLIANCES,1.0,MEDIUM-LOW
821191,290320,LIVING ROOM TABLES,0.4938,MEDIUM
821191,030710,OTHER STEAK,0.2414,HIGH
821191,030610,SIRLOIN STEAK,0.1324,MEDIUM-LOW
821191,030510,ROUND STEAK,0.1324,MEDIUM-LOW
821193,320902,HAND TOOLS,0.6585,MEDIUM-HIGH
821193,320420,POWER TOOLS,0.3415,MEDIUM-LOW
821195,290320,LIVING ROOM TABLES,1.0,MEDIUM
821220,640220,SHAVING NEEDS,1.0,MEDIUM
821420,320430,OTHER HARDWARE,0.6983,HIGH
821420,310232,VIDEO GAME HARDWARE AND ACCESSORIES,0.3017,MEDIUM-LOW
821490,320330,FLATWARE,1.0,HIGH
821510,320330,FLATWARE,0.6201,HIGH
821510,310334,SATELLITE DISHES,0.3799,MEDIUM
821520,320330,FLATWARE,0.6182,HIGH
821520,310334,SATELLITE DISHES,0.3818,MEDIUM
821591,290320,LIVING ROOM TABLES,0.4286,MEDIUM
821591,320330,FLATWARE,0.1767,HIGH
821591,310334,SATELLITE DISHES,0.109,MEDIUM
821591,150211,SUGAR,0.089,HIGH
821591,100110,BUTTER,0.089,HIGH
821591,020410,CAKES AND CUPCAKES,0.0538,MEDIUM
821591,160320,PEANUT BUTTER,0.0538,MEDIUM
821599,290320,LIVING ROOM TABLES,0.3333,MEDIUM
821599,320330,FLATWARE,0.2026,HIGH
821599,310334,SATELLITE DISHES,0.1308,MEDIUM-HIGH
821599,150211,SUGAR,0.1039,HIGH
821599,100110,BUTTER,0.1039,HIGH
821599,020410,CAKES AND CUPCAKES,0.0628,MEDIUM
821599,160320,PEANUT BUTTER,0.0628,MEDIUM
830120,470211,MOTOR OIL,0.5,MEDIUM-LOW
830120,490311,MOTOR TUNE-UP,0.5,MEDIUM-LOW
830130,290420,INFANTS'' FURNITURE,0.472,HIGH
830130,290120,OTHER BEDROOM FURNITURE,0.264,MEDIUM
830130,290430,OUTDOOR FURNITURE,0.264,MEDIUM
830140,430130,LUGGAGE,1.0,HIGH
830210,470211,MOTOR OIL,0.25,MEDIUM-LOW
830210,490311,MOTOR TUNE-UP,0.25,MEDIUM-LOW
830210,290420,INFANTS'' FURNITURE,0.1895,MEDIUM-HIGH
830210,290440,"WALL UNITS, CABINETS AND OTHER OCCASIONAL FURNITURE",0.1105,MEDIUM
830210,290120,OTHER BEDROOM FURNITURE,0.1,MEDIUM-LOW
830210,290430,OUTDOOR FURNITURE,0.1,MEDIUM-LOW
830230,470211,MOTOR OIL,0.5,MEDIUM-LOW
830230,490311,MOTOR TUNE-UP,0.5,MEDIUM-LOW
830241,320430,OTHER HARDWARE,0.45,HIGH
830241,280210,CURTAINS AND DRAPERIES,0.4,MEDIUM-LOW
830241,320120,WINDOW COVERINGS,0.15,MEDIUM-LOW
830242,290420,INFANTS'' FURNITURE,0.4849,HIGH
830242,290120,OTHER BEDROOM FURNITURE,0.2575,MEDIUM-LOW
830242,290430,OUTDOOR FURNITURE,0.2575,MEDIUM-LOW
830249,320430,OTHER HARDWARE,0.4794,MEDIUM-HIGH
830249,450900,NEW AIRCRAFT,0.178,MEDIUM-HIGH
830249,460903,USED AIRCRAFT,0.178,MEDIUM-HIGH
830249,470211,MOTOR OIL,0.0822,MEDIUM-LOW
830249,490311,MOTOR TUNE-UP,0.0822,MEDIUM-LOW
830890,400110,MEN''S FOOTWEAR,0.2212,MEDIUM-HIGH
830890,400210,BOYS'' FOOTWEAR,0.2212,MEDIUM-HIGH
830890,400220,GIRLS'' FOOTWEAR,0.2212,MEDIUM-HIGH
830890,400310,WOMEN''S FOOTWEAR,0.2212,MEDIUM-HIGH
830890,440900,CLOTHING STORAGE,0.1153,MEDIUM-LOW
830990,380901,WOMEN''S ACCESSORIES,0.2,MEDIUM-HIGH
830990,360330,MEN''S ACCESSORIES,0.2,MEDIUM-HIGH
830990,390322,GIRLS'' ACCESSORIES,0.2,MEDIUM-HIGH
830990,370220,BOYS'' ACCESSORIES,0.2,MEDIUM-HIGH
830990,410901,INFANT ACCESSORIES,0.2,MEDIUM-HIGH
840130,470112,DIESEL FUEL,1.0,MEDIUM-LOW
840420,320420,POWER TOOLS,1.0,MEDIUM
840490,320420,POWER TOOLS,1.0,MEDIUM-LOW
840710,460903,USED AIRCRAFT,0.5,MEDIUM-HIGH
840710,450900,NEW AIRCRAFT,0.5,MEDIUM-HIGH
840721,600110,OUTBOARD MOTORS,1.0,MEDIUM-LOW
840732,450210,NEW TRUCKS,0.3289,MEDIUM-HIGH
840732,460901,USED TRUCKS,0.3289,MEDIUM-HIGH
840732,470211,MOTOR OIL,0.1711,MEDIUM-LOW
840732,490311,MOTOR TUNE-UP,0.1711,MEDIUM-LOW
840733,450210,NEW TRUCKS,0.1643,MEDIUM-HIGH
840733,460901,USED TRUCKS,0.1643,MEDIUM-HIGH
840733,470211,MOTOR OIL,0.0857,MEDIUM-LOW
840733,490311,MOTOR TUNE-UP,0.0857,MEDIUM-LOW
840733,320130,INFANTS'' EQUIPMENT,0.0513,HIGH
840733,310331,MISCELLANEOUS SOUND EQUIPMENT,0.0305,MEDIUM
840733,310335,MISCELLANEOUS VIDEO EQUIPMENT,0.0305,MEDIUM
840733,320150,OUTDOOR EQUIPMENT,0.0305,MEDIUM
840733,610120,PLAYGROUND EQUIPMENT,0.0305,MEDIUM
840733,610230,PHOTOGRAPHIC EQUIPMENT,0.0305,MEDIUM
840733,320905,MISCELLANEOUS HOUSEHOLD EQUIPMENT AND PARTS,0.0305,MEDIUM
840733,480213,"PARTS, EQUIPMENT, AND ACCESSORIES",0.0305,MEDIUM
840733,600901,WATER SPORTS EQUIPMENT,0.0237,MEDIUM-LOW
840733,600902,OTHER SPORTS EQUIPMENT,0.0237,MEDIUM-LOW
840733,310332,SOUND EQUIPMENT ACCESSORIES,0.0235,MEDIUM-LOW
840733,320140,LAUNDRY AND CLEANING EQUIPMENT,0.0235,MEDIUM-LOW
840733,320410,LAWN AND GARDEN EQUIPMENT,0.0235,MEDIUM-LOW
840733,240123,TOOLS AND EQUIPMENT FOR PAINTING AND,0.0235,MEDIUM-LOW
840733,240213,MATERIALS AND EQUIPMENT FOR ROOF AND GUTTERS,0.0235,MEDIUM-LOW
840733,240311,PLUMBING SUPPLIES AND EQUIPMENT,0.0235,MEDIUM-LOW
840733,240312,PLUMBING SUPPLIES AND EQUIPMENT,0.0235,MEDIUM-LOW
840733,240313,PLUMBING SUPPLIES AND EQUIPMENT,0.0235,MEDIUM-LOW
840734,450210,NEW TRUCKS,0.2222,MEDIUM-HIGH
840734,460901,USED TRUCKS,0.2222,MEDIUM-HIGH
840734,470311,ELECTRIC VEHICLE CHARGING,0.1525,MEDIUM-LOW
840734,490300,VEHICLE OR ENGINE REPAIRS,0.1525,MEDIUM-LOW
840734,470211,MOTOR OIL,0.1253,MEDIUM-LOW
840734,490311,MOTOR TUNE-UP,0.1253,MEDIUM-LOW
840810,470112,DIESEL FUEL,0.6949,HIGH
840810,250111,FUEL OIL (RENTER),0.3051,MEDIUM-LOW
840820,470112,DIESEL FUEL,0.3474,HIGH
840820,450210,NEW TRUCKS,0.25,MEDIUM-HIGH
840820,460901,USED TRUCKS,0.25,MEDIUM-HIGH
840820,250111,FUEL OIL (RENTER),0.1526,MEDIUM-LOW
840890,320130,INFANTS'' EQUIPMENT,0.1651,MEDIUM-HIGH
840890,470112,DIESEL FUEL,0.161,HIGH
840890,310331,MISCELLANEOUS SOUND EQUIPMENT,0.0861,MEDIUM-LOW
840890,310335,MISCELLANEOUS VIDEO EQUIPMENT,0.0861,MEDIUM-LOW
840890,320150,OUTDOOR EQUIPMENT,0.0861,MEDIUM-LOW
840890,610120,PLAYGROUND EQUIPMENT,0.0861,MEDIUM-LOW
840890,610230,PHOTOGRAPHIC EQUIPMENT,0.0861,MEDIUM-LOW
840890,320905,MISCELLANEOUS HOUSEHOLD EQUIPMENT AND PARTS,0.0861,MEDIUM-LOW
840890,480213,"PARTS, EQUIPMENT, AND ACCESSORIES",0.0861,MEDIUM-LOW
840890,250111,FUEL OIL (RENTER),0.0712,MEDIUM-LOW
840910,450900,NEW AIRCRAFT,0.5,MEDIUM-HIGH
840910,460903,USED AIRCRAFT,0.5,MEDIUM-HIGH
840991,330210,OTHER LAUNDRY CLEANING PRODUCTS,0.3098,MEDIUM-LOW
840991,470311,ELECTRIC VEHICLE CHARGING,0.1549,MEDIUM-LOW
840991,490300,VEHICLE OR ENGINE REPAIRS,0.1549,MEDIUM-LOW
840991,450210,NEW TRUCKS,0.1372,MEDIUM-HIGH
840991,460901,USED TRUCKS,0.1372,MEDIUM-HIGH
840991,470211,MOTOR OIL,0.053,MEDIUM-LOW
840991,490311,MOTOR TUNE-UP,0.053,MEDIUM-LOW
840999,330210,OTHER LAUNDRY CLEANING PRODUCTS,0.3525,MEDIUM-LOW
840999,470112,DIESEL FUEL,0.1938,HIGH
840999,450210,NEW TRUCKS,0.1355,MEDIUM-HIGH
840999,460901,USED TRUCKS,0.1355,MEDIUM-HIGH
840999,250111,FUEL OIL (RENTER),0.0844,MEDIUM-LOW
840999,470211,MOTOR OIL,0.0491,MEDIUM-LOW
840999,490311,MOTOR TUNE-UP,0.0491,MEDIUM-LOW
841011,320420,POWER TOOLS,1.0,MEDIUM-LOW
841012,320420,POWER TOOLS,1.0,MEDIUM-LOW
841013,320420,POWER TOOLS,1.0,MEDIUM-LOW
841111,460903,USED AIRCRAFT,0.5,HIGH
841111,450900,NEW AIRCRAFT,0.5,HIGH
841112,460903,USED AIRCRAFT,0.5,HIGH
841112,450900,NEW AIRCRAFT,0.5,HIGH
841121,460903,USED AIRCRAFT,0.3934,HIGH
841121,450900,NEW AIRCRAFT,0.3934,HIGH
841121,320420,POWER TOOLS,0.2132,MEDIUM-LOW
841122,460903,USED AIRCRAFT,0.3936,HIGH
841122,450900,NEW AIRCRAFT,0.3936,HIGH
841122,320420,POWER TOOLS,0.2128,MEDIUM-LOW
841181,450900,NEW AIRCRAFT,0.3938,HIGH
841181,460903,USED AIRCRAFT,0.3938,HIGH
841181,320420,POWER TOOLS,0.2124,MEDIUM-LOW
841182,450900,NEW AIRCRAFT,0.3938,HIGH
841182,460903,USED AIRCRAFT,0.3938,HIGH
841182,320420,POWER TOOLS,0.2124,MEDIUM-LOW
841191,330210,OTHER LAUNDRY CLEANING PRODUCTS,0.3399,MEDIUM-LOW
841191,450900,NEW AIRCRAFT,0.3301,HIGH
841191,460903,USED AIRCRAFT,0.3301,HIGH
841199,330210,OTHER LAUNDRY CLEANING PRODUCTS,0.3446,MEDIUM-LOW
841199,450900,NEW AIRCRAFT,0.3277,MEDIUM-HIGH
841199,460903,USED AIRCRAFT,0.3277,MEDIUM-HIGH
841229,320420,POWER TOOLS,1.0,MEDIUM-LOW
841239,320420,POWER TOOLS,1.0,MEDIUM-LOW
841290,320420,POWER TOOLS,0.5556,MEDIUM-LOW
841290,470211,MOTOR OIL,0.2222,MEDIUM-LOW
841290,490311,MOTOR TUNE-UP,0.2222,MEDIUM-LOW
841311,470112,DIESEL FUEL,1.0,MEDIUM-LOW
841330,470112,DIESEL FUEL,1.0,MEDIUM-LOW
841350,320420,POWER TOOLS,0.5,MEDIUM-LOW
841350,160211,FATS AND OILS,0.2525,MEDIUM-LOW
841350,470211,MOTOR OIL,0.2475,MEDIUM-LOW
841360,320420,POWER TOOLS,0.5,MEDIUM-LOW
841360,160211,FATS AND OILS,0.2525,MEDIUM-LOW
841360,470211,MOTOR OIL,0.2475,MEDIUM-LOW
841370,320512,SEWING MACHINES,1.0,MEDIUM-LOW
841381,330510,MISCELLANEOUS HOUSEHOLD PRODUCTS,0.4802,HIGH
841381,300900,MISCELLANEOUS HOUSEHOLD APPLIANCES,0.2599,MEDIUM-LOW
841381,320905,MISCELLANEOUS HOUSEHOLD EQUIPMENT AND PARTS,0.2599,MEDIUM-LOW
841391,470112,DIESEL FUEL,0.3333,MEDIUM-LOW
841391,320512,SEWING MACHINES,0.3333,MEDIUM-LOW
841391,320420,POWER TOOLS,0.3333,MEDIUM
841430,320430,OTHER HARDWARE,0.3492,HIGH
841430,470211,MOTOR OIL,0.25,MEDIUM-LOW
841430,490311,MOTOR TUNE-UP,0.25,MEDIUM-LOW
841430,310232,VIDEO GAME HARDWARE AND ACCESSORIES,0.1509,MEDIUM-LOW
841451,470211,MOTOR OIL,0.2413,MEDIUM-LOW
841451,490311,MOTOR TUNE-UP,0.2413,MEDIUM-LOW
841451,320221,"LAMPS, LIGHTING FIXTURES, CEILING FANS",0.2191,MEDIUM
841451,320511,ELECTRIC FLOOR CLEANING EQUIPMENT,0.1543,MEDIUM-LOW
841451,320120,WINDOW COVERINGS,0.144,MEDIUM-LOW
841459,320512,SEWING MACHINES,0.3333,MEDIUM-LOW
841459,320221,"LAMPS, LIGHTING FIXTURES, CEILING FANS",0.3333,MEDIUM
841459,490311,MOTOR TUNE-UP,0.1667,MEDIUM-LOW
841459,470211,MOTOR OIL,0.1667,MEDIUM-LOW
841510,300411,WINDOW AIR CONDITIONERS (RENTER),0.3056,HIGH
841510,300412,WINDOW AIR CONDITIONERS (OWNED HOME),0.2676,MEDIUM-HIGH
841510,320512,SEWING MACHINES,0.2299,MEDIUM-LOW
841510,320120,WINDOW COVERINGS,0.1969,MEDIUM-LOW
841520,300411,WINDOW AIR CONDITIONERS (RENTER),0.526,MEDIUM-HIGH
841520,300412,WINDOW AIR CONDITIONERS (OWNED HOME),0.474,MEDIUM-HIGH
841581,300411,WINDOW AIR CONDITIONERS (RENTER),0.5359,MEDIUM
841581,300412,WINDOW AIR CONDITIONERS (OWNED HOME),0.4641,MEDIUM
841582,320512,SEWING MACHINES,0.307,MEDIUM-LOW
841582,300411,WINDOW AIR CONDITIONERS (RENTER),0.1714,MEDIUM
841582,300412,WINDOW AIR CONDITIONERS (OWNED HOME),0.149,MEDIUM
841582,240321,"ELECTRICAL SUPPLIES, HEATING AND COOLING",0.0932,MEDIUM
841582,240322,"ELECTRICAL SUPPLIES, HEATING AND COOLING",0.0932,MEDIUM
841582,240323,"ELECTRICAL SUPPLIES, HEATING AND COOLING",0.0932,MEDIUM
841582,320522,PORTABLE HEATING AND COOLING EQUIPMENT,0.0932,MEDIUM
841583,320512,SEWING MACHINES,1.0,MEDIUM-LOW
841590,320512,SEWING MACHINES,0.5,MEDIUM
841590,300411,WINDOW AIR CONDITIONERS (RENTER),0.263,MEDIUM-HIGH
841590,300412,WINDOW AIR CONDITIONERS (OWNED HOME),0.237,MEDIUM-HIGH
841610,470112,DIESEL FUEL,1.0,MEDIUM
841630,300900,MISCELLANEOUS HOUSEHOLD APPLIANCES,1.0,MEDIUM-LOW
841690,470112,DIESEL FUEL,1.0,MEDIUM-LOW
841710,320370,NONELECTRIC COOKWARE,1.0,MEDIUM-LOW
841720,320370,NONELECTRIC COOKWARE,0.5081,MEDIUM
841720,020610,CRACKERS,0.4919,MEDIUM-LOW
841780,320370,NONELECTRIC COOKWARE,1.0,MEDIUM-LOW
841790,320370,NONELECTRIC COOKWARE,1.0,MEDIUM-LOW
841821,330510,MISCELLANEOUS HOUSEHOLD PRODUCTS,0.4815,HIGH
841821,300900,MISCELLANEOUS HOUSEHOLD APPLIANCES,0.2592,MEDIUM-LOW
841821,320905,MISCELLANEOUS HOUSEHOLD EQUIPMENT AND PARTS,0.2592,MEDIUM-LOW
841829,330510,MISCELLANEOUS HOUSEHOLD PRODUCTS,0.3427,HIGH
841829,300900,MISCELLANEOUS HOUSEHOLD APPLIANCES,0.1981,MEDIUM
841829,320905,MISCELLANEOUS HOUSEHOLD EQUIPMENT AND PARTS,0.1981,MEDIUM
841829,320233,CLOCKS AND OTHER HOUSEHOLD DECORATIVE ITEMS,0.1306,MEDIUM-LOW
841829,300111,"REFRIGERATORS, FREEZERS (RENTER)",0.1306,MEDIUM-LOW
841861,320512,SEWING MACHINES,1.0,MEDIUM-LOW
841869,320512,SEWING MACHINES,0.5,MEDIUM
841869,320130,INFANTS'' EQUIPMENT,0.1019,HIGH
841869,310331,MISCELLANEOUS SOUND EQUIPMENT,0.0569,MEDIUM-LOW
841869,310335,MISCELLANEOUS VIDEO EQUIPMENT,0.0569,MEDIUM-LOW
841869,320150,OUTDOOR EQUIPMENT,0.0569,MEDIUM-LOW
841869,610120,PLAYGROUND EQUIPMENT,0.0569,MEDIUM-LOW
841869,610230,PHOTOGRAPHIC EQUIPMENT,0.0569,MEDIUM-LOW
841869,320905,MISCELLANEOUS HOUSEHOLD EQUIPMENT AND PARTS,0.0569,MEDIUM-LOW
841869,480213,"PARTS, EQUIPMENT, AND ACCESSORIES",0.0569,MEDIUM-LOW
841891,320130,INFANTS'' EQUIPMENT,0.2088,HIGH
841891,310331,MISCELLANEOUS SOUND EQUIPMENT,0.113,MEDIUM-LOW
841891,310335,MISCELLANEOUS VIDEO EQUIPMENT,0.113,MEDIUM-LOW
841891,320150,OUTDOOR EQUIPMENT,0.113,MEDIUM-LOW
841891,610120,PLAYGROUND EQUIPMENT,0.113,MEDIUM-LOW
841891,610230,PHOTOGRAPHIC EQUIPMENT,0.113,MEDIUM-LOW
841891,320905,MISCELLANEOUS HOUSEHOLD EQUIPMENT AND PARTS,0.113,MEDIUM-LOW
841891,480213,"PARTS, EQUIPMENT, AND ACCESSORIES",0.113,MEDIUM-LOW
841899,330510,MISCELLANEOUS HOUSEHOLD PRODUCTS,0.1927,MEDIUM-HIGH
841899,300111,"REFRIGERATORS, FREEZERS (RENTER)",0.1126,MEDIUM-HIGH
841899,300900,MISCELLANEOUS HOUSEHOLD APPLIANCES,0.1018,MEDIUM-LOW
841899,320130,INFANTS'' EQUIPMENT,0.1013,HIGH
841899,300112,"REFRIGERATORS, FREEZERS (OWNED HOME)",0.0911,MEDIUM
841899,320905,MISCELLANEOUS HOUSEHOLD EQUIPMENT AND PARTS,0.0734,MEDIUM-LOW
841899,310331,MISCELLANEOUS SOUND EQUIPMENT,0.0545,MEDIUM-LOW
841899,310335,MISCELLANEOUS VIDEO EQUIPMENT,0.0545,MEDIUM-LOW
841899,320150,OUTDOOR EQUIPMENT,0.0545,MEDIUM-LOW
841899,610120,PLAYGROUND EQUIPMENT,0.0545,MEDIUM-LOW
841899,610230,PHOTOGRAPHIC EQUIPMENT,0.0545,MEDIUM-LOW
841899,480213,"PARTS, EQUIPMENT, AND ACCESSORIES",0.0545,MEDIUM-LOW
841919,320370,NONELECTRIC COOKWARE,0.5714,MEDIUM
841919,320904,CLOSET AND STORAGE ITEMS,0.4286,MEDIUM
841981,300311,"COOKING STOVES, OVENS (RENTER)",0.1371,HIGH
841981,300312,"COOKING STOVES, OVENS (OWNED HOME)",0.1197,MEDIUM-HIGH
841981,450900,NEW AIRCRAFT,0.0963,MEDIUM-HIGH
841981,460903,USED AIRCRAFT,0.0963,MEDIUM-HIGH
841981,300321,MICROWAVE OVENS (RENTER),0.0939,MEDIUM-HIGH
841981,300322,MICROWAVE OVENS (OWNED HOME),0.0783,MEDIUM
841981,320130,INFANTS'' EQUIPMENT,0.0713,MEDIUM-HIGH
841981,320522,PORTABLE HEATING AND COOLING EQUIPMENT,0.0422,MEDIUM-LOW
841981,310331,MISCELLANEOUS SOUND EQUIPMENT,0.0378,MEDIUM-LOW
841981,310335,MISCELLANEOUS VIDEO EQUIPMENT,0.0378,MEDIUM-LOW
841981,320150,OUTDOOR EQUIPMENT,0.0378,MEDIUM-LOW
841981,610120,PLAYGROUND EQUIPMENT,0.0378,MEDIUM-LOW
841981,610230,PHOTOGRAPHIC EQUIPMENT,0.0378,MEDIUM-LOW
841981,320905,MISCELLANEOUS HOUSEHOLD EQUIPMENT AND PARTS,0.0378,MEDIUM-LOW
841981,480213,"PARTS, EQUIPMENT, AND ACCESSORIES",0.0378,MEDIUM-LOW
841989,320130,INFANTS'' EQUIPMENT,0.189,MEDIUM-HIGH
841989,320522,PORTABLE HEATING AND COOLING EQUIPMENT,0.1075,MEDIUM
841989,310331,MISCELLANEOUS SOUND EQUIPMENT,0.1005,MEDIUM-LOW
841989,310335,MISCELLANEOUS VIDEO EQUIPMENT,0.1005,MEDIUM-LOW
841989,320150,OUTDOOR EQUIPMENT,0.1005,MEDIUM-LOW
841989,610120,PLAYGROUND EQUIPMENT,0.1005,MEDIUM-LOW
841989,610230,PHOTOGRAPHIC EQUIPMENT,0.1005,MEDIUM-LOW
841989,320905,MISCELLANEOUS HOUSEHOLD EQUIPMENT AND PARTS,0.1005,MEDIUM-LOW
841989,480213,"PARTS, EQUIPMENT, AND ACCESSORIES",0.1005,MEDIUM-LOW
841990,320904,CLOSET AND STORAGE ITEMS,0.3334,MEDIUM
841990,490311,MOTOR TUNE-UP,0.1667,MEDIUM-LOW
841990,470211,MOTOR OIL,0.1667,MEDIUM-LOW
841990,320130,INFANTS'' EQUIPMENT,0.071,MEDIUM-HIGH
841990,310331,MISCELLANEOUS SOUND EQUIPMENT,0.0375,MEDIUM-LOW
841990,310335,MISCELLANEOUS VIDEO EQUIPMENT,0.0375,MEDIUM-LOW
841990,320150,OUTDOOR EQUIPMENT,0.0375,MEDIUM-LOW
841990,610120,PLAYGROUND EQUIPMENT,0.0375,MEDIUM-LOW
841990,610230,PHOTOGRAPHIC EQUIPMENT,0.0375,MEDIUM-LOW
841990,320905,MISCELLANEOUS HOUSEHOLD EQUIPMENT AND PARTS,0.0375,MEDIUM-LOW
841990,480213,"PARTS, EQUIPMENT, AND ACCESSORIES",0.0375,MEDIUM-LOW
842010,320512,SEWING MACHINES,1.0,MEDIUM-LOW
842091,320512,SEWING MACHINES,1.0,MEDIUM-LOW
842099,320512,SEWING MACHINES,1.0,MEDIUM-LOW
842111,090210,CREAM,1.0,MEDIUM
842123,250111,FUEL OIL (RENTER),0.1585,MEDIUM-HIGH
842123,490312,"LUBE, OIL CHANGE, AND OIL FILTERS",0.1273,MEDIUM
842123,250112,FUEL OIL (OWNED HOME),0.1273,MEDIUM
842123,250113,FUEL OIL (OWNED VACATION),0.1273,MEDIUM
842123,250114,FUEL OIL (RENTED VACATION),0.1273,MEDIUM
842123,160211,FATS AND OILS,0.1113,MEDIUM-LOW
842123,470112,DIESEL FUEL,0.1105,MEDIUM-LOW
842123,470211,MOTOR OIL,0.1105,MEDIUM-LOW
842129,320420,POWER TOOLS,0.5001,MEDIUM-LOW
842129,320130,INFANTS'' EQUIPMENT,0.0851,HIGH
842129,160211,FATS AND OILS,0.0464,MEDIUM-LOW
842129,310331,MISCELLANEOUS SOUND EQUIPMENT,0.0461,MEDIUM-LOW
842129,310335,MISCELLANEOUS VIDEO EQUIPMENT,0.0461,MEDIUM-LOW
842129,320150,OUTDOOR EQUIPMENT,0.0461,MEDIUM-LOW
842129,610120,PLAYGROUND EQUIPMENT,0.0461,MEDIUM-LOW
842129,610230,PHOTOGRAPHIC EQUIPMENT,0.0461,MEDIUM-LOW
842129,470211,MOTOR OIL,0.0461,MEDIUM-LOW
842129,320905,MISCELLANEOUS HOUSEHOLD EQUIPMENT AND PARTS,0.0461,MEDIUM-LOW
842129,480213,"PARTS, EQUIPMENT, AND ACCESSORIES",0.0461,MEDIUM-LOW
842139,320420,POWER TOOLS,0.2664,MEDIUM-LOW
842139,320130,INFANTS'' EQUIPMENT,0.0804,HIGH
842139,320140,LAUNDRY AND CLEANING EQUIPMENT,0.0664,MEDIUM-HIGH
842139,320902,HAND TOOLS,0.0618,MEDIUM-HIGH
842139,320511,ELECTRIC FLOOR CLEANING EQUIPMENT,0.0564,MEDIUM-HIGH
842139,240123,TOOLS AND EQUIPMENT FOR PAINTING AND,0.0454,MEDIUM
842139,310331,MISCELLANEOUS SOUND EQUIPMENT,0.0447,MEDIUM-LOW
842139,310335,MISCELLANEOUS VIDEO EQUIPMENT,0.0447,MEDIUM-LOW
842139,320150,OUTDOOR EQUIPMENT,0.0447,MEDIUM-LOW
842139,610120,PLAYGROUND EQUIPMENT,0.0447,MEDIUM-LOW
842139,610230,PHOTOGRAPHIC EQUIPMENT,0.0447,MEDIUM-LOW
842139,320905,MISCELLANEOUS HOUSEHOLD EQUIPMENT AND PARTS,0.0447,MEDIUM-LOW
842139,480213,"PARTS, EQUIPMENT, AND ACCESSORIES",0.0447,MEDIUM-LOW
842139,330210,OTHER LAUNDRY CLEANING PRODUCTS,0.0386,MEDIUM-LOW
842139,240121,TOOLS AND EQUIPMENT FOR PAINTING AND WALLPAPERIN,0.0357,MEDIUM-LOW
842139,240122,TOOLS AND EQUIPMENT FOR PAINTING AND WALLPAPERIN,0.0357,MEDIUM-LOW
842191,290420,INFANTS'' FURNITURE,0.4847,MEDIUM-HIGH
842191,290120,OTHER BEDROOM FURNITURE,0.2576,MEDIUM-LOW
842191,290430,OUTDOOR FURNITURE,0.2576,MEDIUM-LOW
842211,330510,MISCELLANEOUS HOUSEHOLD PRODUCTS,0.3665,HIGH
842211,300900,MISCELLANEOUS HOUSEHOLD APPLIANCES,0.2112,MEDIUM
842211,320512,SEWING MACHINES,0.2112,MEDIUM
842211,320905,MISCELLANEOUS HOUSEHOLD EQUIPMENT AND PARTS,0.2112,MEDIUM
842219,330510,MISCELLANEOUS HOUSEHOLD PRODUCTS,0.3665,HIGH
842219,300900,MISCELLANEOUS HOUSEHOLD APPLIANCES,0.2112,MEDIUM
842219,320512,SEWING MACHINES,0.2112,MEDIUM
842219,320905,MISCELLANEOUS HOUSEHOLD EQUIPMENT AND PARTS,0.2112,MEDIUM
842220,330210,OTHER LAUNDRY CLEANING PRODUCTS,1.0,MEDIUM-LOW
842230,320512,SEWING MACHINES,1.0,MEDIUM-LOW
842240,320512,SEWING MACHINES,0.5802,MEDIUM
842240,610210,FILM,0.4198,HIGH
842290,330210,OTHER LAUNDRY CLEANING PRODUCTS,0.3801,MEDIUM-LOW
842290,320512,SEWING MACHINES,0.3201,MEDIUM
842290,330510,MISCELLANEOUS HOUSEHOLD PRODUCTS,0.1393,HIGH
842290,300900,MISCELLANEOUS HOUSEHOLD APPLIANCES,0.0803,MEDIUM
842290,320905,MISCELLANEOUS HOUSEHOLD EQUIPMENT AND PARTS,0.0803,MEDIUM
842310,320512,SEWING MACHINES,0.2978,MEDIUM-LOW
842310,330510,MISCELLANEOUS HOUSEHOLD PRODUCTS,0.268,HIGH
842310,300900,MISCELLANEOUS HOUSEHOLD APPLIANCES,0.146,MEDIUM-LOW
842310,320905,MISCELLANEOUS HOUSEHOLD EQUIPMENT AND PARTS,0.146,MEDIUM-LOW
842310,310314,PERSONAL DIGITAL AUDIO PLAYERS,0.1423,MEDIUM
842381,320512,SEWING MACHINES,1.0,MEDIUM-LOW
842382,320512,SEWING MACHINES,1.0,MEDIUM-LOW
842389,320512,SEWING MACHINES,1.0,MEDIUM-HIGH
842390,320512,SEWING MACHINES,0.3333,MEDIUM-LOW
842390,470211,MOTOR OIL,0.3333,MEDIUM-LOW
842390,490311,MOTOR TUNE-UP,0.3333,MEDIUM-LOW
842420,300900,MISCELLANEOUS HOUSEHOLD APPLIANCES,1.0,MEDIUM
842430,320512,SEWING MACHINES,1.0,MEDIUM
842441,300900,MISCELLANEOUS HOUSEHOLD APPLIANCES,1.0,MEDIUM-LOW
842449,300900,MISCELLANEOUS HOUSEHOLD APPLIANCES,1.0,MEDIUM
842481,300900,MISCELLANEOUS HOUSEHOLD APPLIANCES,0.5001,MEDIUM-LOW
842481,320130,INFANTS'' EQUIPMENT,0.1044,HIGH
842481,310331,MISCELLANEOUS SOUND EQUIPMENT,0.0565,MEDIUM-LOW
842481,310335,MISCELLANEOUS VIDEO EQUIPMENT,0.0565,MEDIUM-LOW
842481,320150,OUTDOOR EQUIPMENT,0.0565,MEDIUM-LOW
842481,610120,PLAYGROUND EQUIPMENT,0.0565,MEDIUM-LOW
842481,610230,PHOTOGRAPHIC EQUIPMENT,0.0565,MEDIUM-LOW
842481,320905,MISCELLANEOUS HOUSEHOLD EQUIPMENT AND PARTS,0.0565,MEDIUM-LOW
842481,480213,"PARTS, EQUIPMENT, AND ACCESSORIES",0.0565,MEDIUM-LOW
842482,300900,MISCELLANEOUS HOUSEHOLD APPLIANCES,0.5001,MEDIUM-LOW
842482,320130,INFANTS'' EQUIPMENT,0.1044,HIGH
842482,310331,MISCELLANEOUS SOUND EQUIPMENT,0.0565,MEDIUM-LOW
842482,310335,MISCELLANEOUS VIDEO EQUIPMENT,0.0565,MEDIUM-LOW
842482,320150,OUTDOOR EQUIPMENT,0.0565,MEDIUM-LOW
842482,610120,PLAYGROUND EQUIPMENT,0.0565,MEDIUM-LOW
842482,610230,PHOTOGRAPHIC EQUIPMENT,0.0565,MEDIUM-LOW
842482,320905,MISCELLANEOUS HOUSEHOLD EQUIPMENT AND PARTS,0.0565,MEDIUM-LOW
842482,480213,"PARTS, EQUIPMENT, AND ACCESSORIES",0.0565,MEDIUM-LOW
842489,300900,MISCELLANEOUS HOUSEHOLD APPLIANCES,1.0,MEDIUM-LOW
842490,320512,SEWING MACHINES,0.5,MEDIUM
842490,300900,MISCELLANEOUS HOUSEHOLD APPLIANCES,0.5,MEDIUM-LOW
842511,490311,MOTOR TUNE-UP,0.5,MEDIUM-LOW
842511,470211,MOTOR OIL,0.5,MEDIUM-LOW
842519,490311,MOTOR TUNE-UP,0.5,MEDIUM-LOW
842519,470211,MOTOR OIL,0.5,MEDIUM-LOW
842539,490311,MOTOR TUNE-UP,0.5,MEDIUM-LOW
842539,470211,MOTOR OIL,0.5,MEDIUM-LOW
842612,490318,REPAIR TIRES AND OTHER REPAIR WORK,0.534,MEDIUM
842612,480110,"TIRES - PURCHASED, REPLACED, INSTALLED",0.466,MEDIUM-LOW
842641,490318,REPAIR TIRES AND OTHER REPAIR WORK,0.2939,MEDIUM
842641,480110,"TIRES - PURCHASED, REPLACED, INSTALLED",0.2564,MEDIUM-LOW
842641,450210,NEW TRUCKS,0.2249,HIGH
842641,460901,USED TRUCKS,0.2249,HIGH
842710,450210,NEW TRUCKS,0.1402,MEDIUM-HIGH
842710,460901,USED TRUCKS,0.1402,MEDIUM-HIGH
842710,320130,INFANTS'' EQUIPMENT,0.1117,MEDIUM-HIGH
842710,490311,MOTOR TUNE-UP,0.0734,MEDIUM-LOW
842710,470211,MOTOR OIL,0.0734,MEDIUM-LOW
842710,310331,MISCELLANEOUS SOUND EQUIPMENT,0.0587,MEDIUM-LOW
842710,310335,MISCELLANEOUS VIDEO EQUIPMENT,0.0587,MEDIUM-LOW
842710,320150,OUTDOOR EQUIPMENT,0.0587,MEDIUM-LOW
842710,610120,PLAYGROUND EQUIPMENT,0.0587,MEDIUM-LOW
842710,610230,PHOTOGRAPHIC EQUIPMENT,0.0587,MEDIUM-LOW
842710,320905,MISCELLANEOUS HOUSEHOLD EQUIPMENT AND PARTS,0.0587,MEDIUM-LOW
842710,480213,"PARTS, EQUIPMENT, AND ACCESSORIES",0.0587,MEDIUM-LOW
842710,320511,ELECTRIC FLOOR CLEANING EQUIPMENT,0.0501,MEDIUM-LOW
842720,460901,USED TRUCKS,0.5,HIGH
842720,450210,NEW TRUCKS,0.5,HIGH
842790,450210,NEW TRUCKS,0.2608,HIGH
842790,460901,USED TRUCKS,0.2608,HIGH
842790,320130,INFANTS'' EQUIPMENT,0.1013,MEDIUM-HIGH
842790,310331,MISCELLANEOUS SOUND EQUIPMENT,0.0539,MEDIUM-LOW
842790,310335,MISCELLANEOUS VIDEO EQUIPMENT,0.0539,MEDIUM-LOW
842790,320150,OUTDOOR EQUIPMENT,0.0539,MEDIUM-LOW
842790,610120,PLAYGROUND EQUIPMENT,0.0539,MEDIUM-LOW
842790,610230,PHOTOGRAPHIC EQUIPMENT,0.0539,MEDIUM-LOW
842790,320905,MISCELLANEOUS HOUSEHOLD EQUIPMENT AND PARTS,0.0539,MEDIUM-LOW
842790,480213,"PARTS, EQUIPMENT, AND ACCESSORIES",0.0539,MEDIUM-LOW
842860,320130,INFANTS'' EQUIPMENT,0.0972,HIGH
842860,310331,MISCELLANEOUS SOUND EQUIPMENT,0.0577,MEDIUM
842860,310335,MISCELLANEOUS VIDEO EQUIPMENT,0.0577,MEDIUM
842860,320150,OUTDOOR EQUIPMENT,0.0577,MEDIUM
842860,610120,PLAYGROUND EQUIPMENT,0.0577,MEDIUM
842860,610230,PHOTOGRAPHIC EQUIPMENT,0.0577,MEDIUM
842860,320905,MISCELLANEOUS HOUSEHOLD EQUIPMENT AND PARTS,0.0577,MEDIUM
842860,480213,"PARTS, EQUIPMENT, AND ACCESSORIES",0.0577,MEDIUM
842860,290310,LIVING ROOM CHAIRS,0.0499,MEDIUM
842860,600901,WATER SPORTS EQUIPMENT,0.0461,MEDIUM-LOW
842860,600902,OTHER SPORTS EQUIPMENT,0.0461,MEDIUM-LOW
842860,310332,SOUND EQUIPMENT ACCESSORIES,0.0446,MEDIUM-LOW
842860,320140,LAUNDRY AND CLEANING EQUIPMENT,0.0446,MEDIUM-LOW
842860,320410,LAWN AND GARDEN EQUIPMENT,0.0446,MEDIUM-LOW
842860,240123,TOOLS AND EQUIPMENT FOR PAINTING AND,0.0446,MEDIUM-LOW
842860,240213,MATERIALS AND EQUIPMENT FOR ROOF AND GUTTERS,0.0446,MEDIUM-LOW
842860,240311,PLUMBING SUPPLIES AND EQUIPMENT,0.0446,MEDIUM-LOW
842860,240312,PLUMBING SUPPLIES AND EQUIPMENT,0.0446,MEDIUM-LOW
842860,240313,PLUMBING SUPPLIES AND EQUIPMENT,0.0446,MEDIUM-LOW
842890,320130,INFANTS'' EQUIPMENT,0.2067,HIGH
842890,310331,MISCELLANEOUS SOUND EQUIPMENT,0.1133,MEDIUM-LOW
842890,310335,MISCELLANEOUS VIDEO EQUIPMENT,0.1133,MEDIUM-LOW
842890,320150,OUTDOOR EQUIPMENT,0.1133,MEDIUM-LOW
842890,610120,PLAYGROUND EQUIPMENT,0.1133,MEDIUM-LOW
842890,610230,PHOTOGRAPHIC EQUIPMENT,0.1133,MEDIUM-LOW
842890,320905,MISCELLANEOUS HOUSEHOLD EQUIPMENT AND PARTS,0.1133,MEDIUM-LOW
842890,480213,"PARTS, EQUIPMENT, AND ACCESSORIES",0.1133,MEDIUM-LOW
842940,320512,SEWING MACHINES,1.0,MEDIUM-LOW
842951,490313,"FRONT-END ALIGNMENT, WHEEL BALANCE AND ROTATION",1.0,MEDIUM-HIGH
843031,320512,SEWING MACHINES,1.0,MEDIUM-LOW
843039,320512,SEWING MACHINES,1.0,MEDIUM-LOW
843049,160211,FATS AND OILS,0.5072,MEDIUM-LOW
843049,470211,MOTOR OIL,0.4928,MEDIUM-LOW
843120,320130,INFANTS'' EQUIPMENT,0.1488,MEDIUM-HIGH
843120,450210,NEW TRUCKS,0.1488,MEDIUM-HIGH
843120,460901,USED TRUCKS,0.1488,MEDIUM-HIGH
843120,310331,MISCELLANEOUS SOUND EQUIPMENT,0.0791,MEDIUM-LOW
843120,310335,MISCELLANEOUS VIDEO EQUIPMENT,0.0791,MEDIUM-LOW
843120,320150,OUTDOOR EQUIPMENT,0.0791,MEDIUM-LOW
843120,610120,PLAYGROUND EQUIPMENT,0.0791,MEDIUM-LOW
843120,610230,PHOTOGRAPHIC EQUIPMENT,0.0791,MEDIUM-LOW
843120,320905,MISCELLANEOUS HOUSEHOLD EQUIPMENT AND PARTS,0.0791,MEDIUM-LOW
843120,480213,"PARTS, EQUIPMENT, AND ACCESSORIES",0.0791,MEDIUM-LOW
843139,160211,FATS AND OILS,0.2546,MEDIUM-LOW
843139,470211,MOTOR OIL,0.2454,MEDIUM-LOW
843139,320130,INFANTS'' EQUIPMENT,0.1052,HIGH
843139,310331,MISCELLANEOUS SOUND EQUIPMENT,0.0564,MEDIUM-LOW
843139,310335,MISCELLANEOUS VIDEO EQUIPMENT,0.0564,MEDIUM-LOW
843139,320150,OUTDOOR EQUIPMENT,0.0564,MEDIUM-LOW
843139,610120,PLAYGROUND EQUIPMENT,0.0564,MEDIUM-LOW
843139,610230,PHOTOGRAPHIC EQUIPMENT,0.0564,MEDIUM-LOW
843139,320905,MISCELLANEOUS HOUSEHOLD EQUIPMENT AND PARTS,0.0564,MEDIUM-LOW
843139,480213,"PARTS, EQUIPMENT, AND ACCESSORIES",0.0564,MEDIUM-LOW
843143,160211,FATS AND OILS,0.2783,MEDIUM-LOW
843143,470211,MOTOR OIL,0.2715,MEDIUM-LOW
843143,320902,HAND TOOLS,0.2152,HIGH
843143,320420,POWER TOOLS,0.1314,MEDIUM
843143,240123,TOOLS AND EQUIPMENT FOR PAINTING AND,0.1035,MEDIUM
843149,490313,"FRONT-END ALIGNMENT, WHEEL BALANCE AND ROTATION",0.2362,MEDIUM
843149,320512,SEWING MACHINES,0.2362,MEDIUM
843149,490318,REPAIR TIRES AND OTHER REPAIR WORK,0.1811,MEDIUM
843149,450210,NEW TRUCKS,0.1181,MEDIUM-HIGH
843149,460901,USED TRUCKS,0.1181,MEDIUM-HIGH
843149,480110,"TIRES - PURCHASED, REPLACED, INSTALLED",0.1103,MEDIUM-LOW
843290,490318,REPAIR TIRES AND OTHER REPAIR WORK,1.0,MEDIUM-LOW
843319,470111,GASOLINE,0.7048,HIGH
843319,470113,GASOLINE ON OUT-OF-TOWN TRIPS,0.2952,MEDIUM-LOW
843330,320512,SEWING MACHINES,1.0,MEDIUM
843353,320512,SEWING MACHINES,0.5081,MEDIUM
843353,120110,POTATOES,0.4919,MEDIUM-LOW
843360,320512,SEWING MACHINES,0.3579,MEDIUM-LOW
843360,330210,OTHER LAUNDRY CLEANING PRODUCTS,0.3579,MEDIUM-LOW
843360,080110,EGGS,0.2843,MEDIUM-LOW
843390,320512,SEWING MACHINES,0.3228,MEDIUM-LOW
843390,490318,REPAIR TIRES AND OTHER REPAIR WORK,0.2073,MEDIUM
843390,480110,"TIRES - PURCHASED, REPLACED, INSTALLED",0.18,MEDIUM-LOW
843390,330210,OTHER LAUNDRY CLEANING PRODUCTS,0.1616,MEDIUM-LOW
843390,080110,EGGS,0.1283,MEDIUM-LOW
843410,320512,SEWING MACHINES,1.0,MEDIUM
843420,100510,MISCELLANEOUS DAIRY PRODUCTS,1.0,MEDIUM-LOW
843490,320512,SEWING MACHINES,1.0,MEDIUM
843510,130122,FROZEN FRUIT JUICES,1.0,MEDIUM-LOW
843590,200310,WINE,0.5033,MEDIUM-LOW
843590,130122,FROZEN FRUIT JUICES,0.4967,MEDIUM-LOW
843621,060110,FRESH AND FROZEN WHOLE CHICKEN,0.5,MEDIUM
843621,060210,FRESH AND FROZEN CHICKEN PARTS,0.5,MEDIUM
843629,060110,FRESH AND FROZEN WHOLE CHICKEN,0.5,MEDIUM
843629,060210,FRESH AND FROZEN CHICKEN PARTS,0.5,MEDIUM
843680,320512,SEWING MACHINES,0.5001,MEDIUM
843680,320130,INFANTS'' EQUIPMENT,0.1068,MEDIUM-HIGH
843680,310331,MISCELLANEOUS SOUND EQUIPMENT,0.0562,MEDIUM-LOW
843680,310335,MISCELLANEOUS VIDEO EQUIPMENT,0.0562,MEDIUM-LOW
843680,320150,OUTDOOR EQUIPMENT,0.0562,MEDIUM-LOW
843680,610120,PLAYGROUND EQUIPMENT,0.0562,MEDIUM-LOW
843680,610230,PHOTOGRAPHIC EQUIPMENT,0.0562,MEDIUM-LOW
843680,320905,MISCELLANEOUS HOUSEHOLD EQUIPMENT AND PARTS,0.0562,MEDIUM-LOW
843680,480213,"PARTS, EQUIPMENT, AND ACCESSORIES",0.0562,MEDIUM-LOW
843691,060110,FRESH AND FROZEN WHOLE CHICKEN,0.5,MEDIUM-LOW
843691,060210,FRESH AND FROZEN CHICKEN PARTS,0.5,MEDIUM-LOW
843699,320512,SEWING MACHINES,0.5001,MEDIUM
843699,320130,INFANTS'' EQUIPMENT,0.1068,MEDIUM-HIGH
843699,310331,MISCELLANEOUS SOUND EQUIPMENT,0.0562,MEDIUM-LOW
843699,310335,MISCELLANEOUS VIDEO EQUIPMENT,0.0562,MEDIUM-LOW
843699,320150,OUTDOOR EQUIPMENT,0.0562,MEDIUM-LOW
843699,610120,PLAYGROUND EQUIPMENT,0.0562,MEDIUM-LOW
843699,610230,PHOTOGRAPHIC EQUIPMENT,0.0562,MEDIUM-LOW
843699,320905,MISCELLANEOUS HOUSEHOLD EQUIPMENT AND PARTS,0.0562,MEDIUM-LOW
843699,480213,"PARTS, EQUIPMENT, AND ACCESSORIES",0.0562,MEDIUM-LOW
843710,140210,CANNED BEANS,0.2023,MEDIUM-LOW
843710,140320,DRIED PEAS,0.2023,MEDIUM-LOW
843710,140330,DRIED BEANS,0.2023,MEDIUM-LOW
843710,320512,SEWING MACHINES,0.1965,MEDIUM-LOW
843710,330210,OTHER LAUNDRY CLEANING PRODUCTS,0.1965,MEDIUM-LOW
843780,320512,SEWING MACHINES,0.2541,MEDIUM
843780,010110,FLOUR,0.246,MEDIUM-LOW
843780,140210,CANNED BEANS,0.1667,MEDIUM-LOW
843780,140320,DRIED PEAS,0.1667,MEDIUM-LOW
843780,140330,DRIED BEANS,0.1667,MEDIUM-LOW
843790,330210,OTHER LAUNDRY CLEANING PRODUCTS,0.3333,MEDIUM-LOW
843790,320512,SEWING MACHINES,0.1694,MEDIUM
843790,010110,FLOUR,0.164,MEDIUM-LOW
843790,140210,CANNED BEANS,0.1111,MEDIUM-LOW
843790,140320,DRIED PEAS,0.1111,MEDIUM-LOW
843790,140330,DRIED BEANS,0.1111,MEDIUM-LOW
843830,150211,SUGAR,1.0,MEDIUM
843850,060110,FRESH AND FROZEN WHOLE CHICKEN,0.5,MEDIUM-LOW
843850,060210,FRESH AND FROZEN CHICKEN PARTS,0.5,MEDIUM-LOW
843860,180320,NUTS,1.0,MEDIUM-LOW
843880,160211,FATS AND OILS,1.0,MEDIUM-LOW
843890,150211,SUGAR,0.3333,MEDIUM
843890,160211,FATS AND OILS,0.3333,MEDIUM-LOW
843890,060110,FRESH AND FROZEN WHOLE CHICKEN,0.1667,MEDIUM
843890,060210,FRESH AND FROZEN CHICKEN PARTS,0.1667,MEDIUM
843930,990940,MATERIAL FOR FINISHING BASEMENTS AND,1.0,MEDIUM
843999,990940,MATERIAL FOR FINISHING BASEMENTS AND,1.0,MEDIUM
844010,320512,SEWING MACHINES,1.0,HIGH
844090,320512,SEWING MACHINES,1.0,HIGH
844110,320512,SEWING MACHINES,1.0,MEDIUM
844120,320512,SEWING MACHINES,1.0,MEDIUM-LOW
844130,320512,SEWING MACHINES,1.0,MEDIUM-LOW
844140,320512,SEWING MACHINES,1.0,MEDIUM-LOW
844190,320512,SEWING MACHINES,1.0,MEDIUM-LOW
844230,320512,SEWING MACHINES,0.5001,MEDIUM
844230,320130,INFANTS'' EQUIPMENT,0.1065,MEDIUM-HIGH
844230,310331,MISCELLANEOUS SOUND EQUIPMENT,0.0562,MEDIUM-LOW
844230,310335,MISCELLANEOUS VIDEO EQUIPMENT,0.0562,MEDIUM-LOW
844230,320150,OUTDOOR EQUIPMENT,0.0562,MEDIUM-LOW
844230,610120,PLAYGROUND EQUIPMENT,0.0562,MEDIUM-LOW
844230,610230,PHOTOGRAPHIC EQUIPMENT,0.0562,MEDIUM-LOW
844230,320905,MISCELLANEOUS HOUSEHOLD EQUIPMENT AND PARTS,0.0562,MEDIUM-LOW
844230,480213,"PARTS, EQUIPMENT, AND ACCESSORIES",0.0562,MEDIUM-LOW
844240,320130,INFANTS'' EQUIPMENT,0.2137,MEDIUM-HIGH
844240,310331,MISCELLANEOUS SOUND EQUIPMENT,0.1123,MEDIUM-LOW
844240,310335,MISCELLANEOUS VIDEO EQUIPMENT,0.1123,MEDIUM-LOW
844240,320150,OUTDOOR EQUIPMENT,0.1123,MEDIUM-LOW
844240,610120,PLAYGROUND EQUIPMENT,0.1123,MEDIUM-LOW
844240,610230,PHOTOGRAPHIC EQUIPMENT,0.1123,MEDIUM-LOW
844240,320905,MISCELLANEOUS HOUSEHOLD EQUIPMENT AND PARTS,0.1123,MEDIUM-LOW
844240,480213,"PARTS, EQUIPMENT, AND ACCESSORIES",0.1123,MEDIUM-LOW
844311,590110,NEWSPAPERS,1.0,MEDIUM-LOW
844331,320512,SEWING MACHINES,1.0,MEDIUM-LOW
844332,320512,SEWING MACHINES,1.0,MEDIUM-LOW
844339,320512,SEWING MACHINES,1.0,MEDIUM
844391,320512,SEWING MACHINES,1.0,MEDIUM
844399,320512,SEWING MACHINES,0.2972,MEDIUM
844399,320232,TELEPHONES AND ACCESSORIES,0.1718,MEDIUM
844399,480213,"PARTS, EQUIPMENT, AND ACCESSORIES",0.1718,MEDIUM
844399,610130,MUSICAL INSTRUMENTS AND ACCESSORIES,0.0533,MEDIUM-LOW
844399,310332,SOUND EQUIPMENT ACCESSORIES,0.0533,MEDIUM-LOW
844399,380901,WOMEN''S ACCESSORIES,0.0505,MEDIUM-LOW
844399,360330,MEN''S ACCESSORIES,0.0505,MEDIUM-LOW
844399,390322,GIRLS'' ACCESSORIES,0.0505,MEDIUM-LOW
844399,370220,BOYS'' ACCESSORIES,0.0505,MEDIUM-LOW
844399,410901,INFANT ACCESSORIES,0.0505,MEDIUM-LOW
844400,320512,SEWING MACHINES,1.0,MEDIUM
844511,320512,SEWING MACHINES,1.0,MEDIUM-LOW
844512,320512,SEWING MACHINES,1.0,MEDIUM-LOW
844513,320512,SEWING MACHINES,1.0,MEDIUM-LOW
844519,320512,SEWING MACHINES,1.0,MEDIUM
844520,320512,SEWING MACHINES,1.0,MEDIUM
844530,320512,SEWING MACHINES,1.0,MEDIUM
844540,320512,SEWING MACHINES,1.0,MEDIUM-LOW
844590,320512,SEWING MACHINES,1.0,MEDIUM-LOW
844610,320420,POWER TOOLS,0.5,MEDIUM-LOW
844610,320512,SEWING MACHINES,0.5,MEDIUM-LOW
844621,320420,POWER TOOLS,0.625,MEDIUM-LOW
844621,320512,SEWING MACHINES,0.375,MEDIUM-LOW
844629,320512,SEWING MACHINES,1.0,MEDIUM-LOW
844630,320512,SEWING MACHINES,0.5333,MEDIUM-LOW
844630,320420,POWER TOOLS,0.4667,MEDIUM-LOW
844711,320512,SEWING MACHINES,1.0,MEDIUM-LOW
844712,320512,SEWING MACHINES,1.0,MEDIUM-LOW
844720,320512,SEWING MACHINES,0.6429,MEDIUM-LOW
844720,320420,POWER TOOLS,0.3571,MEDIUM-LOW
844790,320512,SEWING MACHINES,1.0,MEDIUM-LOW
844811,320512,SEWING MACHINES,1.0,MEDIUM-LOW
844819,320512,SEWING MACHINES,1.0,MEDIUM
844820,320512,SEWING MACHINES,0.5385,MEDIUM-LOW
844820,320232,TELEPHONES AND ACCESSORIES,0.2308,MEDIUM-LOW
844820,480213,"PARTS, EQUIPMENT, AND ACCESSORIES",0.2308,MEDIUM-LOW
844839,320512,SEWING MACHINES,0.5385,MEDIUM
844839,320232,TELEPHONES AND ACCESSORIES,0.2308,MEDIUM-LOW
844839,480213,"PARTS, EQUIPMENT, AND ACCESSORIES",0.2308,MEDIUM-LOW
844849,320232,TELEPHONES AND ACCESSORIES,0.3333,MEDIUM-LOW
844849,320512,SEWING MACHINES,0.3333,MEDIUM-LOW
844849,480213,"PARTS, EQUIPMENT, AND ACCESSORIES",0.3333,MEDIUM-LOW
844851,320512,SEWING MACHINES,1.0,MEDIUM
844859,320512,SEWING MACHINES,0.5,MEDIUM
844859,320232,TELEPHONES AND ACCESSORIES,0.25,MEDIUM-LOW
844859,480213,"PARTS, EQUIPMENT, AND ACCESSORIES",0.25,MEDIUM-LOW
844900,990940,MATERIAL FOR FINISHING BASEMENTS AND,1.0,MEDIUM-LOW
845011,330510,MISCELLANEOUS HOUSEHOLD PRODUCTS,0.273,MEDIUM-HIGH
845011,340530,COIN-OPERATED HOUSEHOLD LAUNDRY AND DRY CLEANING,0.1592,MEDIUM-LOW
845011,300900,MISCELLANEOUS HOUSEHOLD APPLIANCES,0.142,MEDIUM-LOW
845011,320512,SEWING MACHINES,0.142,MEDIUM-LOW
845011,320905,MISCELLANEOUS HOUSEHOLD EQUIPMENT AND PARTS,0.142,MEDIUM-LOW
845011,330210,OTHER LAUNDRY CLEANING PRODUCTS,0.142,MEDIUM-LOW
845012,330510,MISCELLANEOUS HOUSEHOLD PRODUCTS,0.3233,MEDIUM-HIGH
845012,300900,MISCELLANEOUS HOUSEHOLD APPLIANCES,0.1692,MEDIUM-LOW
845012,320512,SEWING MACHINES,0.1692,MEDIUM-LOW
845012,320905,MISCELLANEOUS HOUSEHOLD EQUIPMENT AND PARTS,0.1692,MEDIUM-LOW
845012,330210,OTHER LAUNDRY CLEANING PRODUCTS,0.1692,MEDIUM-LOW
845019,330510,MISCELLANEOUS HOUSEHOLD PRODUCTS,0.3199,MEDIUM-HIGH
845019,300900,MISCELLANEOUS HOUSEHOLD APPLIANCES,0.17,MEDIUM-LOW
845019,320512,SEWING MACHINES,0.17,MEDIUM-LOW
845019,320905,MISCELLANEOUS HOUSEHOLD EQUIPMENT AND PARTS,0.17,MEDIUM-LOW
845019,330210,OTHER LAUNDRY CLEANING PRODUCTS,0.17,MEDIUM-LOW
845020,330510,MISCELLANEOUS HOUSEHOLD PRODUCTS,0.2746,MEDIUM-HIGH
845020,300900,MISCELLANEOUS HOUSEHOLD APPLIANCES,0.1451,MEDIUM-LOW
845020,320512,SEWING MACHINES,0.1451,MEDIUM-LOW
845020,320905,MISCELLANEOUS HOUSEHOLD EQUIPMENT AND PARTS,0.1451,MEDIUM-LOW
845020,330210,OTHER LAUNDRY CLEANING PRODUCTS,0.1451,MEDIUM-LOW
845020,340530,COIN-OPERATED HOUSEHOLD LAUNDRY AND DRY CLEANING,0.1449,MEDIUM
845090,330510,MISCELLANEOUS HOUSEHOLD PRODUCTS,0.2231,MEDIUM-HIGH
845090,290420,INFANTS'' FURNITURE,0.1507,MEDIUM-HIGH
845090,300900,MISCELLANEOUS HOUSEHOLD APPLIANCES,0.1175,MEDIUM-LOW
845090,320512,SEWING MACHINES,0.1175,MEDIUM-LOW
845090,320905,MISCELLANEOUS HOUSEHOLD EQUIPMENT AND PARTS,0.1175,MEDIUM-LOW
845090,330210,OTHER LAUNDRY CLEANING PRODUCTS,0.1175,MEDIUM-LOW
845090,290120,OTHER BEDROOM FURNITURE,0.0781,MEDIUM-LOW
845090,290430,OUTDOOR FURNITURE,0.0781,MEDIUM-LOW
845110,320512,SEWING MACHINES,0.5,MEDIUM
845110,330210,OTHER LAUNDRY CLEANING PRODUCTS,0.5,MEDIUM
845121,320512,SEWING MACHINES,1.0,MEDIUM-LOW
845129,320512,SEWING MACHINES,1.0,MEDIUM
845130,320512,SEWING MACHINES,1.0,MEDIUM
845140,320512,SEWING MACHINES,1.0,MEDIUM
845150,320512,SEWING MACHINES,1.0,MEDIUM-LOW
845190,320512,SEWING MACHINES,0.1845,MEDIUM-LOW
845190,290420,INFANTS'' FURNITURE,0.1724,HIGH
845190,330210,OTHER LAUNDRY CLEANING PRODUCTS,0.1676,HIGH
845190,330510,MISCELLANEOUS HOUSEHOLD PRODUCTS,0.1037,MEDIUM-HIGH
845190,290120,OTHER BEDROOM FURNITURE,0.0933,MEDIUM-LOW
845190,290430,OUTDOOR FURNITURE,0.0933,MEDIUM-LOW
845190,320140,LAUNDRY AND CLEANING EQUIPMENT,0.0762,MEDIUM
845190,300900,MISCELLANEOUS HOUSEHOLD APPLIANCES,0.0545,MEDIUM-LOW
845190,320905,MISCELLANEOUS HOUSEHOLD EQUIPMENT AND PARTS,0.0545,MEDIUM-LOW
845210,320512,SEWING MACHINES,0.3724,HIGH
845210,330510,MISCELLANEOUS HOUSEHOLD PRODUCTS,0.2947,HIGH
845210,300900,MISCELLANEOUS HOUSEHOLD APPLIANCES,0.1664,MEDIUM
845210,320905,MISCELLANEOUS HOUSEHOLD EQUIPMENT AND PARTS,0.1664,MEDIUM
845221,320512,SEWING MACHINES,0.5573,HIGH
845221,330510,MISCELLANEOUS HOUSEHOLD PRODUCTS,0.209,HIGH
845221,300900,MISCELLANEOUS HOUSEHOLD APPLIANCES,0.1169,MEDIUM
845221,320905,MISCELLANEOUS HOUSEHOLD EQUIPMENT AND PARTS,0.1169,MEDIUM
845229,320512,SEWING MACHINES,0.5581,HIGH
845229,330510,MISCELLANEOUS HOUSEHOLD PRODUCTS,0.2053,HIGH
845229,300900,MISCELLANEOUS HOUSEHOLD APPLIANCES,0.1183,MEDIUM
845229,320905,MISCELLANEOUS HOUSEHOLD EQUIPMENT AND PARTS,0.1183,MEDIUM
845230,320512,SEWING MACHINES,1.0,MEDIUM
845290,320512,SEWING MACHINES,0.3163,HIGH
845290,290420,INFANTS'' FURNITURE,0.1646,HIGH
845290,330510,MISCELLANEOUS HOUSEHOLD PRODUCTS,0.1584,HIGH
845290,300900,MISCELLANEOUS HOUSEHOLD APPLIANCES,0.0913,MEDIUM
845290,320905,MISCELLANEOUS HOUSEHOLD EQUIPMENT AND PARTS,0.0913,MEDIUM
845290,290120,OTHER BEDROOM FURNITURE,0.0891,MEDIUM-LOW
845290,290430,OUTDOOR FURNITURE,0.0891,MEDIUM-LOW
845310,320512,SEWING MACHINES,1.0,MEDIUM-LOW
845380,320512,SEWING MACHINES,1.0,HIGH
845430,320512,SEWING MACHINES,1.0,MEDIUM
845490,320512,SEWING MACHINES,1.0,MEDIUM
845590,320512,SEWING MACHINES,1.0,MEDIUM-LOW
845610,320902,HAND TOOLS,0.6553,MEDIUM-HIGH
845610,320420,POWER TOOLS,0.3447,MEDIUM-LOW
845611,320902,HAND TOOLS,0.6499,HIGH
845611,320420,POWER TOOLS,0.3501,MEDIUM-LOW
845612,320902,HAND TOOLS,0.6546,MEDIUM-HIGH
845612,320420,POWER TOOLS,0.3454,MEDIUM-LOW
845620,320902,HAND TOOLS,0.6509,HIGH
845620,320420,POWER TOOLS,0.3491,MEDIUM-LOW
845630,320902,HAND TOOLS,0.6542,MEDIUM-HIGH
845630,320420,POWER TOOLS,0.3458,MEDIUM-LOW
845640,320902,HAND TOOLS,0.6524,HIGH
845640,320420,POWER TOOLS,0.3476,MEDIUM-LOW
845650,320902,HAND TOOLS,0.6512,HIGH
845650,320420,POWER TOOLS,0.3488,MEDIUM-LOW
845690,320512,SEWING MACHINES,0.5,MEDIUM
845690,320902,HAND TOOLS,0.3284,MEDIUM-HIGH
845690,320420,POWER TOOLS,0.1716,MEDIUM-LOW
845710,320512,SEWING MACHINES,1.0,MEDIUM-LOW
845720,320512,SEWING MACHINES,1.0,MEDIUM-LOW
845730,320512,SEWING MACHINES,1.0,MEDIUM-LOW
845811,320420,POWER TOOLS,1.0,MEDIUM-LOW
845819,320512,SEWING MACHINES,1.0,MEDIUM-LOW
845910,320512,SEWING MACHINES,1.0,MEDIUM
845921,320512,SEWING MACHINES,1.0,MEDIUM-LOW
845929,320512,SEWING MACHINES,1.0,MEDIUM-LOW
845931,320512,SEWING MACHINES,0.5825,MEDIUM-LOW
845931,290320,LIVING ROOM TABLES,0.4175,MEDIUM-LOW
845939,320512,SEWING MACHINES,1.0,MEDIUM-LOW
845940,320512,SEWING MACHINES,1.0,MEDIUM-LOW
845941,320512,SEWING MACHINES,1.0,MEDIUM-LOW
845949,320512,SEWING MACHINES,1.0,MEDIUM-LOW
845951,320512,SEWING MACHINES,1.0,MEDIUM-LOW
845959,320512,SEWING MACHINES,1.0,MEDIUM-LOW
845961,320512,SEWING MACHINES,1.0,MEDIUM-LOW
845969,320512,SEWING MACHINES,1.0,MEDIUM-LOW
845970,320512,SEWING MACHINES,1.0,MEDIUM-LOW
846011,320512,SEWING MACHINES,1.0,MEDIUM-LOW
846012,320512,SEWING MACHINES,1.0,MEDIUM-LOW
846019,320512,SEWING MACHINES,0.6096,MEDIUM-LOW
846019,290320,LIVING ROOM TABLES,0.3904,MEDIUM-LOW
846021,320512,SEWING MACHINES,1.0,MEDIUM-LOW
846022,320512,SEWING MACHINES,1.0,MEDIUM-LOW
846023,320512,SEWING MACHINES,1.0,MEDIUM-LOW
846024,320512,SEWING MACHINES,1.0,MEDIUM-LOW
846029,320512,SEWING MACHINES,1.0,MEDIUM-LOW
846031,320512,SEWING MACHINES,1.0,MEDIUM-LOW
846039,320512,SEWING MACHINES,1.0,MEDIUM-LOW
846040,320512,SEWING MACHINES,1.0,MEDIUM-LOW
846090,320902,HAND TOOLS,0.4889,MEDIUM-HIGH
846090,320420,POWER TOOLS,0.2555,MEDIUM-LOW
846090,990940,MATERIAL FOR FINISHING BASEMENTS AND,0.2555,MEDIUM-LOW
846120,320512,SEWING MACHINES,1.0,MEDIUM-LOW
846130,320512,SEWING MACHINES,1.0,MEDIUM-LOW
846140,320512,SEWING MACHINES,0.5909,MEDIUM-LOW
846140,990940,MATERIAL FOR FINISHING BASEMENTS AND,0.4091,MEDIUM-LOW
846150,320512,SEWING MACHINES,1.0,MEDIUM-LOW
846190,320512,SEWING MACHINES,0.5,MEDIUM-LOW
846190,320902,HAND TOOLS,0.3264,MEDIUM-HIGH
846190,320420,POWER TOOLS,0.1736,MEDIUM-LOW
846210,320512,SEWING MACHINES,1.0,MEDIUM-LOW
846221,320512,SEWING MACHINES,1.0,MEDIUM-LOW
846229,320512,SEWING MACHINES,1.0,MEDIUM-LOW
846231,320512,SEWING MACHINES,1.0,MEDIUM-LOW
846239,320512,SEWING MACHINES,1.0,MEDIUM-LOW
846241,320512,SEWING MACHINES,1.0,MEDIUM-LOW
846249,320512,SEWING MACHINES,1.0,MEDIUM-LOW
846299,320902,HAND TOOLS,0.6533,MEDIUM-HIGH
846299,320420,POWER TOOLS,0.3467,MEDIUM-LOW
846320,320512,SEWING MACHINES,1.0,MEDIUM-LOW
846330,320512,SEWING MACHINES,1.0,MEDIUM-LOW
846390,320902,HAND TOOLS,0.6504,HIGH
846390,320420,POWER TOOLS,0.3496,MEDIUM-LOW
846410,320512,SEWING MACHINES,1.0,MEDIUM-LOW
846420,320512,SEWING MACHINES,1.0,MEDIUM-LOW
846490,320512,SEWING MACHINES,0.5,MEDIUM-LOW
846490,320902,HAND TOOLS,0.5,MEDIUM-HIGH
846510,320512,SEWING MACHINES,0.5,MEDIUM-LOW
846510,320902,HAND TOOLS,0.5,MEDIUM-HIGH
846520,320512,SEWING MACHINES,0.5,MEDIUM-LOW
846520,320902,HAND TOOLS,0.241,HIGH
846520,320420,POWER TOOLS,0.1454,MEDIUM
846520,240123,TOOLS AND EQUIPMENT FOR PAINTING AND,0.1136,MEDIUM-LOW
846591,320512,SEWING MACHINES,0.5,MEDIUM-LOW
846591,290320,LIVING ROOM TABLES,0.5,MEDIUM
846592,320512,SEWING MACHINES,1.0,MEDIUM-LOW
846593,320512,SEWING MACHINES,1.0,MEDIUM-LOW
846594,320512,SEWING MACHINES,1.0,MEDIUM
846595,320512,SEWING MACHINES,1.0,MEDIUM-LOW
846596,040410,OTHER PORK,0.5,MEDIUM
846596,320512,SEWING MACHINES,0.5,MEDIUM-LOW
846599,320512,SEWING MACHINES,0.5,MEDIUM
846599,320902,HAND TOOLS,0.3218,HIGH
846599,320420,POWER TOOLS,0.1782,MEDIUM
846610,320902,HAND TOOLS,0.3325,HIGH
846610,320420,POWER TOOLS,0.2083,MEDIUM
846610,240123,TOOLS AND EQUIPMENT FOR PAINTING AND,0.1669,MEDIUM
846610,240121,TOOLS AND EQUIPMENT FOR PAINTING AND WALLPAPERIN,0.1462,MEDIUM-LOW
846610,240122,TOOLS AND EQUIPMENT FOR PAINTING AND WALLPAPERIN,0.1462,MEDIUM-LOW
846620,320902,HAND TOOLS,0.6469,HIGH
846620,320420,POWER TOOLS,0.3531,MEDIUM-LOW
846630,320902,HAND TOOLS,0.4916,HIGH
846630,320420,POWER TOOLS,0.2762,MEDIUM
846630,320512,SEWING MACHINES,0.2323,MEDIUM-LOW
846691,320902,HAND TOOLS,0.6913,MEDIUM-HIGH
846691,320420,POWER TOOLS,0.3087,MEDIUM-LOW
846692,320512,SEWING MACHINES,0.4792,MEDIUM
846692,320902,HAND TOOLS,0.3546,MEDIUM-HIGH
846692,320420,POWER TOOLS,0.1662,MEDIUM-LOW
846693,290320,LIVING ROOM TABLES,0.2363,MEDIUM-LOW
846693,320902,HAND TOOLS,0.2109,MEDIUM-HIGH
846693,320512,SEWING MACHINES,0.1416,MEDIUM-LOW
846693,320232,TELEPHONES AND ACCESSORIES,0.1193,MEDIUM-LOW
846693,480213,"PARTS, EQUIPMENT, AND ACCESSORIES",0.1193,MEDIUM-LOW
846693,320420,POWER TOOLS,0.0919,MEDIUM-LOW
846693,990940,MATERIAL FOR FINISHING BASEMENTS AND,0.0807,MEDIUM-LOW
846694,290320,LIVING ROOM TABLES,0.5093,MEDIUM-LOW
846694,320512,SEWING MACHINES,0.4907,MEDIUM-LOW
846711,180320,NUTS,0.5,MEDIUM-LOW
846711,320902,HAND TOOLS,0.3238,HIGH
846711,320420,POWER TOOLS,0.1763,MEDIUM-LOW
846719,320902,HAND TOOLS,0.3225,HIGH
846719,320420,POWER TOOLS,0.1776,MEDIUM-LOW
846719,320130,INFANTS'' EQUIPMENT,0.1044,HIGH
846719,310331,MISCELLANEOUS SOUND EQUIPMENT,0.0565,MEDIUM-LOW
846719,310335,MISCELLANEOUS VIDEO EQUIPMENT,0.0565,MEDIUM-LOW
846719,320150,OUTDOOR EQUIPMENT,0.0565,MEDIUM-LOW
846719,610120,PLAYGROUND EQUIPMENT,0.0565,MEDIUM-LOW
846719,610230,PHOTOGRAPHIC EQUIPMENT,0.0565,MEDIUM-LOW
846719,320905,MISCELLANEOUS HOUSEHOLD EQUIPMENT AND PARTS,0.0565,MEDIUM-LOW
846719,480213,"PARTS, EQUIPMENT, AND ACCESSORIES",0.0565,MEDIUM-LOW
846721,320902,HAND TOOLS,0.3282,HIGH
846721,320420,POWER TOOLS,0.208,MEDIUM-HIGH
846721,240123,TOOLS AND EQUIPMENT FOR PAINTING AND,0.168,MEDIUM
846721,240122,TOOLS AND EQUIPMENT FOR PAINTING AND WALLPAPERIN,0.1479,MEDIUM
846721,240121,TOOLS AND EQUIPMENT FOR PAINTING AND WALLPAPERIN,0.1479,MEDIUM
846722,470311,ELECTRIC VEHICLE CHARGING,1.0,MEDIUM-LOW
846729,180320,NUTS,0.3333,MEDIUM-LOW
846729,470311,ELECTRIC VEHICLE CHARGING,0.3333,MEDIUM-LOW
846729,320902,HAND TOOLS,0.1602,HIGH
846729,320420,POWER TOOLS,0.0971,MEDIUM
846729,240123,TOOLS AND EQUIPMENT FOR PAINTING AND,0.0761,MEDIUM-LOW
846781,320370,NONELECTRIC COOKWARE,0.3333,MEDIUM-LOW
846781,470211,MOTOR OIL,0.3333,MEDIUM-LOW
846781,490311,MOTOR TUNE-UP,0.3333,MEDIUM-LOW
846789,320902,HAND TOOLS,0.2686,HIGH
846789,470111,GASOLINE,0.2077,HIGH
846789,320420,POWER TOOLS,0.1445,MEDIUM-LOW
846789,320370,NONELECTRIC COOKWARE,0.1081,MEDIUM-LOW
846789,470113,GASOLINE ON OUT-OF-TOWN TRIPS,0.0905,MEDIUM-LOW
846789,470211,MOTOR OIL,0.0903,MEDIUM-LOW
846789,490311,MOTOR TUNE-UP,0.0903,MEDIUM-LOW
846792,320902,HAND TOOLS,0.3207,HIGH
846792,320420,POWER TOOLS,0.1794,MEDIUM
846792,320130,INFANTS'' EQUIPMENT,0.1044,HIGH
846792,310331,MISCELLANEOUS SOUND EQUIPMENT,0.0565,MEDIUM-LOW
846792,310335,MISCELLANEOUS VIDEO EQUIPMENT,0.0565,MEDIUM-LOW
846792,320150,OUTDOOR EQUIPMENT,0.0565,MEDIUM-LOW
846792,610120,PLAYGROUND EQUIPMENT,0.0565,MEDIUM-LOW
846792,610230,PHOTOGRAPHIC EQUIPMENT,0.0565,MEDIUM-LOW
846792,320905,MISCELLANEOUS HOUSEHOLD EQUIPMENT AND PARTS,0.0565,MEDIUM-LOW
846792,480213,"PARTS, EQUIPMENT, AND ACCESSORIES",0.0565,MEDIUM-LOW
846799,470111,GASOLINE,0.3492,HIGH
846799,320902,HAND TOOLS,0.1606,MEDIUM-HIGH
846799,470113,GASOLINE ON OUT-OF-TOWN TRIPS,0.1509,MEDIUM-LOW
846799,320370,NONELECTRIC COOKWARE,0.0848,MEDIUM-LOW
846799,320420,POWER TOOLS,0.0848,MEDIUM-LOW
846799,470211,MOTOR OIL,0.0848,MEDIUM-LOW
846799,490311,MOTOR TUNE-UP,0.0848,MEDIUM-LOW
846900,320512,SEWING MACHINES,1.0,MEDIUM-LOW
847010,320420,POWER TOOLS,1.0,MEDIUM-LOW
847021,320512,SEWING MACHINES,1.0,MEDIUM-LOW
847029,320512,SEWING MACHINES,1.0,MEDIUM-LOW
847030,320512,SEWING MACHINES,1.0,MEDIUM
847090,320512,SEWING MACHINES,1.0,MEDIUM-LOW
847130,320512,SEWING MACHINES,1.0,MEDIUM-LOW
847149,320512,SEWING MACHINES,1.0,MEDIUM-LOW
847150,320904,CLOSET AND STORAGE ITEMS,1.0,MEDIUM-LOW
847160,320512,SEWING MACHINES,1.0,MEDIUM-LOW
847170,320420,POWER TOOLS,0.4265,MEDIUM-LOW
847170,320904,CLOSET AND STORAGE ITEMS,0.2794,MEDIUM-LOW
847170,290320,LIVING ROOM TABLES,0.1476,MEDIUM
847170,290440,"WALL UNITS, CABINETS AND OTHER OCCASIONAL FURNITURE",0.1465,MEDIUM
847180,320512,SEWING MACHINES,1.0,MEDIUM-LOW
847190,320512,SEWING MACHINES,1.0,MEDIUM
847210,320512,SEWING MACHINES,1.0,MEDIUM
847230,320512,SEWING MACHINES,1.0,MEDIUM-LOW
847290,320512,SEWING MACHINES,1.0,MEDIUM
847310,320512,SEWING MACHINES,0.5,MEDIUM-LOW
847310,320232,TELEPHONES AND ACCESSORIES,0.25,MEDIUM-LOW
847310,480213,"PARTS, EQUIPMENT, AND ACCESSORIES",0.25,MEDIUM-LOW
847321,320232,TELEPHONES AND ACCESSORIES,0.3333,MEDIUM-LOW
847321,320512,SEWING MACHINES,0.3333,MEDIUM-LOW
847321,480213,"PARTS, EQUIPMENT, AND ACCESSORIES",0.3333,MEDIUM-LOW
847329,320232,TELEPHONES AND ACCESSORIES,0.5,MEDIUM-LOW
847329,480213,"PARTS, EQUIPMENT, AND ACCESSORIES",0.5,MEDIUM-LOW
847330,320232,TELEPHONES AND ACCESSORIES,0.1926,MEDIUM-LOW
847330,320512,SEWING MACHINES,0.1926,MEDIUM-LOW
847330,480213,"PARTS, EQUIPMENT, AND ACCESSORIES",0.1926,MEDIUM-LOW
847330,610130,MUSICAL INSTRUMENTS AND ACCESSORIES,0.0626,MEDIUM-LOW
847330,310332,SOUND EQUIPMENT ACCESSORIES,0.0626,MEDIUM-LOW
847330,380901,WOMEN''S ACCESSORIES,0.0594,MEDIUM-LOW
847330,360330,MEN''S ACCESSORIES,0.0594,MEDIUM-LOW
847330,390322,GIRLS'' ACCESSORIES,0.0594,MEDIUM-LOW
847330,370220,BOYS'' ACCESSORIES,0.0594,MEDIUM-LOW
847330,410901,INFANT ACCESSORIES,0.0594,MEDIUM-LOW
847340,320512,SEWING MACHINES,0.3508,MEDIUM
847340,320232,TELEPHONES AND ACCESSORIES,0.1379,MEDIUM
847340,480213,"PARTS, EQUIPMENT, AND ACCESSORIES",0.1379,MEDIUM
847340,610130,MUSICAL INSTRUMENTS AND ACCESSORIES,0.0554,MEDIUM-LOW
847340,310332,SOUND EQUIPMENT ACCESSORIES,0.0554,MEDIUM-LOW
847340,380901,WOMEN''S ACCESSORIES,0.0525,MEDIUM-LOW
847340,360330,MEN''S ACCESSORIES,0.0525,MEDIUM-LOW
847340,390322,GIRLS'' ACCESSORIES,0.0525,MEDIUM-LOW
847340,370220,BOYS'' ACCESSORIES,0.0525,MEDIUM-LOW
847340,410901,INFANT ACCESSORIES,0.0525,MEDIUM-LOW
847350,320512,SEWING MACHINES,0.4546,MEDIUM-LOW
847350,320232,TELEPHONES AND ACCESSORIES,0.2727,MEDIUM-LOW
847350,480213,"PARTS, EQUIPMENT, AND ACCESSORIES",0.2727,MEDIUM-LOW
847410,320512,SEWING MACHINES,1.0,MEDIUM-LOW
847420,320512,SEWING MACHINES,1.0,MEDIUM-LOW
847432,320512,SEWING MACHINES,1.0,MEDIUM-LOW
847439,320512,SEWING MACHINES,1.0,MEDIUM-LOW
847480,320512,SEWING MACHINES,0.4,MEDIUM-LOW
847480,320420,POWER TOOLS,0.3,MEDIUM-LOW
847480,470114,ALTERNATIVE FUELS,0.3,MEDIUM-LOW
847490,320512,SEWING MACHINES,1.0,MEDIUM-LOW
847510,320512,SEWING MACHINES,1.0,MEDIUM-LOW
847521,320512,SEWING MACHINES,1.0,MEDIUM-LOW
847529,320512,SEWING MACHINES,1.0,MEDIUM-LOW
847590,320512,SEWING MACHINES,1.0,MEDIUM-LOW
847621,320512,SEWING MACHINES,1.0,MEDIUM-LOW
847629,320512,SEWING MACHINES,1.0,MEDIUM-LOW
847681,320512,SEWING MACHINES,1.0,MEDIUM-LOW
847689,320512,SEWING MACHINES,1.0,MEDIUM-LOW
847690,320512,SEWING MACHINES,1.0,MEDIUM
847710,320512,SEWING MACHINES,0.5734,MEDIUM-LOW
847710,310220,"VIDEO CASSETTES, TAPES, AND DISCS",0.2267,MEDIUM
847710,310335,MISCELLANEOUS VIDEO EQUIPMENT,0.2,MEDIUM-LOW
847720,320430,OTHER HARDWARE,0.6981,HIGH
847720,310232,VIDEO GAME HARDWARE AND ACCESSORIES,0.302,MEDIUM-LOW
847730,320512,SEWING MACHINES,1.0,MEDIUM
847740,320512,SEWING MACHINES,1.0,MEDIUM
847751,490318,REPAIR TIRES AND OTHER REPAIR WORK,0.5331,MEDIUM
847751,480110,"TIRES - PURCHASED, REPLACED, INSTALLED",0.4669,MEDIUM-LOW
847790,320512,SEWING MACHINES,0.5449,MEDIUM
847790,490318,REPAIR TIRES AND OTHER REPAIR WORK,0.242,MEDIUM
847790,480110,"TIRES - PURCHASED, REPLACED, INSTALLED",0.2131,MEDIUM
847810,320512,SEWING MACHINES,1.0,MEDIUM
847890,320512,SEWING MACHINES,1.0,MEDIUM
847920,160211,FATS AND OILS,1.0,MEDIUM
847940,320512,SEWING MACHINES,1.0,MEDIUM
847981,320521,SMALL ELECTRIC KITCHEN APPLIANCES,0.3563,MEDIUM
847981,300900,MISCELLANEOUS HOUSEHOLD APPLIANCES,0.3219,MEDIUM-LOW
847981,320512,SEWING MACHINES,0.3219,MEDIUM-LOW
847982,320512,SEWING MACHINES,1.0,MEDIUM
847989,320111,"FLOOR COVERINGS, NONPERMANENT",0.1843,MEDIUM-LOW
847989,330210,OTHER LAUNDRY CLEANING PRODUCTS,0.1843,MEDIUM
847989,320512,SEWING MACHINES,0.0997,MEDIUM-LOW
847989,320521,SMALL ELECTRIC KITCHEN APPLIANCES,0.0987,MEDIUM
847989,300900,MISCELLANEOUS HOUSEHOLD APPLIANCES,0.0905,MEDIUM-LOW
847989,320130,INFANTS'' EQUIPMENT,0.0316,HIGH
847989,320611,"MATERIAL FOR INSULATION, OTHER MAINTENANCE AND",0.0263,MEDIUM
847989,320612,"MATERIAL FOR INSULATION, OTHER MAINTENANCE AND",0.0263,MEDIUM
847989,320613,"MATERIAL FOR INSULATION, OTHER MAINTENANCE",0.0263,MEDIUM
847989,320631,MATERIAL FOR LANDSCAPE MAINTENANCE,0.0263,MEDIUM
847989,320632,MATERIALS FOR LANDSCAPING MAINTENANCE,0.0263,MEDIUM
847989,320633,MATERIALS FOR LANDSCAPING MAINTENANCE,0.0263,MEDIUM
847989,160211,FATS AND OILS,0.0173,MEDIUM-LOW
847989,310331,MISCELLANEOUS SOUND EQUIPMENT,0.0169,MEDIUM-LOW
847989,310335,MISCELLANEOUS VIDEO EQUIPMENT,0.0169,MEDIUM-LOW
847989,320150,OUTDOOR EQUIPMENT,0.0169,MEDIUM-LOW
847989,610120,PLAYGROUND EQUIPMENT,0.0169,MEDIUM-LOW
847989,610230,PHOTOGRAPHIC EQUIPMENT,0.0169,MEDIUM-LOW
847989,470211,MOTOR OIL,0.0169,MEDIUM-LOW
847989,320905,MISCELLANEOUS HOUSEHOLD EQUIPMENT AND PARTS,0.0169,MEDIUM-LOW
847989,480213,"PARTS, EQUIPMENT, AND ACCESSORIES",0.0169,MEDIUM-LOW
847990,320111,"FLOOR COVERINGS, NONPERMANENT",0.3333,MEDIUM-LOW
847990,320420,POWER TOOLS,0.3333,MEDIUM-LOW
847990,300900,MISCELLANEOUS HOUSEHOLD APPLIANCES,0.1667,MEDIUM-LOW
847990,320512,SEWING MACHINES,0.1667,MEDIUM-LOW
848110,320420,POWER TOOLS,1.0,MEDIUM-LOW
848180,300900,MISCELLANEOUS HOUSEHOLD APPLIANCES,0.5,MEDIUM-LOW
848180,320130,INFANTS'' EQUIPMENT,0.0511,HIGH
848180,310331,MISCELLANEOUS SOUND EQUIPMENT,0.0304,MEDIUM
848180,310335,MISCELLANEOUS VIDEO EQUIPMENT,0.0304,MEDIUM
848180,320150,OUTDOOR EQUIPMENT,0.0304,MEDIUM
848180,610120,PLAYGROUND EQUIPMENT,0.0304,MEDIUM
848180,610230,PHOTOGRAPHIC EQUIPMENT,0.0304,MEDIUM
848180,320905,MISCELLANEOUS HOUSEHOLD EQUIPMENT AND PARTS,0.0304,MEDIUM
848180,480213,"PARTS, EQUIPMENT, AND ACCESSORIES",0.0304,MEDIUM
848180,600901,WATER SPORTS EQUIPMENT,0.0244,MEDIUM-LOW
848180,600902,OTHER SPORTS EQUIPMENT,0.0244,MEDIUM-LOW
848180,310332,SOUND EQUIPMENT ACCESSORIES,0.0234,MEDIUM-LOW
848180,320140,LAUNDRY AND CLEANING EQUIPMENT,0.0234,MEDIUM-LOW
848180,320410,LAWN AND GARDEN EQUIPMENT,0.0234,MEDIUM-LOW
848180,240123,TOOLS AND EQUIPMENT FOR PAINTING AND,0.0234,MEDIUM-LOW
848180,240213,MATERIALS AND EQUIPMENT FOR ROOF AND GUTTERS,0.0234,MEDIUM-LOW
848180,240311,PLUMBING SUPPLIES AND EQUIPMENT,0.0234,MEDIUM-LOW
848180,240312,PLUMBING SUPPLIES AND EQUIPMENT,0.0234,MEDIUM-LOW
848180,240313,PLUMBING SUPPLIES AND EQUIPMENT,0.0234,MEDIUM-LOW
848190,300900,MISCELLANEOUS HOUSEHOLD APPLIANCES,1.0,MEDIUM-LOW
848210,320130,INFANTS'' EQUIPMENT,0.1017,HIGH
848210,310331,MISCELLANEOUS SOUND EQUIPMENT,0.0604,MEDIUM
848210,310335,MISCELLANEOUS VIDEO EQUIPMENT,0.0604,MEDIUM
848210,320150,OUTDOOR EQUIPMENT,0.0604,MEDIUM
848210,610120,PLAYGROUND EQUIPMENT,0.0604,MEDIUM
848210,610230,PHOTOGRAPHIC EQUIPMENT,0.0604,MEDIUM
848210,320905,MISCELLANEOUS HOUSEHOLD EQUIPMENT AND PARTS,0.0604,MEDIUM
848210,480213,"PARTS, EQUIPMENT, AND ACCESSORIES",0.0604,MEDIUM
848210,600901,WATER SPORTS EQUIPMENT,0.0512,MEDIUM-LOW
848210,600902,OTHER SPORTS EQUIPMENT,0.0512,MEDIUM-LOW
848210,310332,SOUND EQUIPMENT ACCESSORIES,0.0466,MEDIUM-LOW
848210,320140,LAUNDRY AND CLEANING EQUIPMENT,0.0466,MEDIUM-LOW
848210,320410,LAWN AND GARDEN EQUIPMENT,0.0466,MEDIUM-LOW
848210,240123,TOOLS AND EQUIPMENT FOR PAINTING AND,0.0466,MEDIUM-LOW
848210,240213,MATERIALS AND EQUIPMENT FOR ROOF AND GUTTERS,0.0466,MEDIUM-LOW
848210,240311,PLUMBING SUPPLIES AND EQUIPMENT,0.0466,MEDIUM-LOW
848210,240312,PLUMBING SUPPLIES AND EQUIPMENT,0.0466,MEDIUM-LOW
848210,240313,PLUMBING SUPPLIES AND EQUIPMENT,0.0466,MEDIUM-LOW
848280,320130,INFANTS'' EQUIPMENT,0.1019,HIGH
848280,310331,MISCELLANEOUS SOUND EQUIPMENT,0.0605,MEDIUM
848280,310335,MISCELLANEOUS VIDEO EQUIPMENT,0.0605,MEDIUM
848280,320150,OUTDOOR EQUIPMENT,0.0605,MEDIUM
848280,610120,PLAYGROUND EQUIPMENT,0.0605,MEDIUM
848280,610230,PHOTOGRAPHIC EQUIPMENT,0.0605,MEDIUM
848280,320905,MISCELLANEOUS HOUSEHOLD EQUIPMENT AND PARTS,0.0605,MEDIUM
848280,480213,"PARTS, EQUIPMENT, AND ACCESSORIES",0.0605,MEDIUM
848280,600901,WATER SPORTS EQUIPMENT,0.0501,MEDIUM-LOW
848280,600902,OTHER SPORTS EQUIPMENT,0.0501,MEDIUM-LOW
848280,310332,SOUND EQUIPMENT ACCESSORIES,0.0468,MEDIUM-LOW
848280,320140,LAUNDRY AND CLEANING EQUIPMENT,0.0468,MEDIUM-LOW
848280,320410,LAWN AND GARDEN EQUIPMENT,0.0468,MEDIUM-LOW
848280,240123,TOOLS AND EQUIPMENT FOR PAINTING AND,0.0468,MEDIUM-LOW
848280,240213,MATERIALS AND EQUIPMENT FOR ROOF AND GUTTERS,0.0468,MEDIUM-LOW
848280,240311,PLUMBING SUPPLIES AND EQUIPMENT,0.0468,MEDIUM-LOW
848280,240312,PLUMBING SUPPLIES AND EQUIPMENT,0.0468,MEDIUM-LOW
848280,240313,PLUMBING SUPPLIES AND EQUIPMENT,0.0468,MEDIUM-LOW
848291,320130,INFANTS'' EQUIPMENT,0.102,HIGH
848291,310331,MISCELLANEOUS SOUND EQUIPMENT,0.0606,MEDIUM
848291,310335,MISCELLANEOUS VIDEO EQUIPMENT,0.0606,MEDIUM
848291,320150,OUTDOOR EQUIPMENT,0.0606,MEDIUM
848291,610120,PLAYGROUND EQUIPMENT,0.0606,MEDIUM
848291,610230,PHOTOGRAPHIC EQUIPMENT,0.0606,MEDIUM
848291,320905,MISCELLANEOUS HOUSEHOLD EQUIPMENT AND PARTS,0.0606,MEDIUM
848291,480213,"PARTS, EQUIPMENT, AND ACCESSORIES",0.0606,MEDIUM
848291,600901,WATER SPORTS EQUIPMENT,0.0499,MEDIUM-LOW
848291,600902,OTHER SPORTS EQUIPMENT,0.0499,MEDIUM-LOW
848291,310332,SOUND EQUIPMENT ACCESSORIES,0.0468,MEDIUM-LOW
848291,320140,LAUNDRY AND CLEANING EQUIPMENT,0.0468,MEDIUM-LOW
848291,320410,LAWN AND GARDEN EQUIPMENT,0.0468,MEDIUM-LOW
848291,240123,TOOLS AND EQUIPMENT FOR PAINTING AND,0.0468,MEDIUM-LOW
848291,240213,MATERIALS AND EQUIPMENT FOR ROOF AND GUTTERS,0.0468,MEDIUM-LOW
848291,240311,PLUMBING SUPPLIES AND EQUIPMENT,0.0468,MEDIUM-LOW
848291,240312,PLUMBING SUPPLIES AND EQUIPMENT,0.0468,MEDIUM-LOW
848291,240313,PLUMBING SUPPLIES AND EQUIPMENT,0.0468,MEDIUM-LOW
848299,320130,INFANTS'' EQUIPMENT,0.1021,HIGH
848299,310331,MISCELLANEOUS SOUND EQUIPMENT,0.0606,MEDIUM
848299,310335,MISCELLANEOUS VIDEO EQUIPMENT,0.0606,MEDIUM
848299,320150,OUTDOOR EQUIPMENT,0.0606,MEDIUM
848299,610120,PLAYGROUND EQUIPMENT,0.0606,MEDIUM
848299,610230,PHOTOGRAPHIC EQUIPMENT,0.0606,MEDIUM
848299,320905,MISCELLANEOUS HOUSEHOLD EQUIPMENT AND PARTS,0.0606,MEDIUM
848299,480213,"PARTS, EQUIPMENT, AND ACCESSORIES",0.0606,MEDIUM
848299,600901,WATER SPORTS EQUIPMENT,0.0495,MEDIUM-LOW
848299,600902,OTHER SPORTS EQUIPMENT,0.0495,MEDIUM-LOW
848299,310332,SOUND EQUIPMENT ACCESSORIES,0.0468,MEDIUM-LOW
848299,320140,LAUNDRY AND CLEANING EQUIPMENT,0.0468,MEDIUM-LOW
848299,320410,LAWN AND GARDEN EQUIPMENT,0.0468,MEDIUM-LOW
848299,240123,TOOLS AND EQUIPMENT FOR PAINTING AND,0.0468,MEDIUM-LOW
848299,240213,MATERIALS AND EQUIPMENT FOR ROOF AND GUTTERS,0.0468,MEDIUM-LOW
848299,240311,PLUMBING SUPPLIES AND EQUIPMENT,0.0468,MEDIUM-LOW
848299,240312,PLUMBING SUPPLIES AND EQUIPMENT,0.0468,MEDIUM-LOW
848299,240313,PLUMBING SUPPLIES AND EQUIPMENT,0.0468,MEDIUM-LOW
848310,450220,NEW MOTORCYCLES,0.5,MEDIUM-HIGH
848310,460902,USED MOTORCYCLES,0.5,MEDIUM-HIGH
848320,320130,INFANTS'' EQUIPMENT,0.1021,HIGH
848320,310331,MISCELLANEOUS SOUND EQUIPMENT,0.0607,MEDIUM
848320,310335,MISCELLANEOUS VIDEO EQUIPMENT,0.0607,MEDIUM
848320,320150,OUTDOOR EQUIPMENT,0.0607,MEDIUM
848320,610120,PLAYGROUND EQUIPMENT,0.0607,MEDIUM
848320,610230,PHOTOGRAPHIC EQUIPMENT,0.0607,MEDIUM
848320,320905,MISCELLANEOUS HOUSEHOLD EQUIPMENT AND PARTS,0.0607,MEDIUM
848320,480213,"PARTS, EQUIPMENT, AND ACCESSORIES",0.0607,MEDIUM
848320,600901,WATER SPORTS EQUIPMENT,0.0493,MEDIUM-LOW
848320,600902,OTHER SPORTS EQUIPMENT,0.0493,MEDIUM-LOW
848320,310332,SOUND EQUIPMENT ACCESSORIES,0.0468,MEDIUM-LOW
848320,320140,LAUNDRY AND CLEANING EQUIPMENT,0.0468,MEDIUM-LOW
848320,320410,LAWN AND GARDEN EQUIPMENT,0.0468,MEDIUM-LOW
848320,240123,TOOLS AND EQUIPMENT FOR PAINTING AND,0.0468,MEDIUM-LOW
848320,240213,MATERIALS AND EQUIPMENT FOR ROOF AND GUTTERS,0.0468,MEDIUM-LOW
848320,240311,PLUMBING SUPPLIES AND EQUIPMENT,0.0468,MEDIUM-LOW
848320,240312,PLUMBING SUPPLIES AND EQUIPMENT,0.0468,MEDIUM-LOW
848320,240313,PLUMBING SUPPLIES AND EQUIPMENT,0.0468,MEDIUM-LOW
848330,320130,INFANTS'' EQUIPMENT,0.1019,HIGH
848330,310331,MISCELLANEOUS SOUND EQUIPMENT,0.0605,MEDIUM
848330,310335,MISCELLANEOUS VIDEO EQUIPMENT,0.0605,MEDIUM
848330,320150,OUTDOOR EQUIPMENT,0.0605,MEDIUM
848330,610120,PLAYGROUND EQUIPMENT,0.0605,MEDIUM
848330,610230,PHOTOGRAPHIC EQUIPMENT,0.0605,MEDIUM
848330,320905,MISCELLANEOUS HOUSEHOLD EQUIPMENT AND PARTS,0.0605,MEDIUM
848330,480213,"PARTS, EQUIPMENT, AND ACCESSORIES",0.0605,MEDIUM
848330,600901,WATER SPORTS EQUIPMENT,0.0502,MEDIUM-LOW
848330,600902,OTHER SPORTS EQUIPMENT,0.0502,MEDIUM-LOW
848330,310332,SOUND EQUIPMENT ACCESSORIES,0.0467,MEDIUM-LOW
848330,320140,LAUNDRY AND CLEANING EQUIPMENT,0.0467,MEDIUM-LOW
848330,320410,LAWN AND GARDEN EQUIPMENT,0.0467,MEDIUM-LOW
848330,240123,TOOLS AND EQUIPMENT FOR PAINTING AND,0.0467,MEDIUM-LOW
848330,240213,MATERIALS AND EQUIPMENT FOR ROOF AND GUTTERS,0.0467,MEDIUM-LOW
848330,240311,PLUMBING SUPPLIES AND EQUIPMENT,0.0467,MEDIUM-LOW
848330,240312,PLUMBING SUPPLIES AND EQUIPMENT,0.0467,MEDIUM-LOW
848330,240313,PLUMBING SUPPLIES AND EQUIPMENT,0.0467,MEDIUM-LOW
848340,320512,SEWING MACHINES,0.5,MEDIUM-LOW
848340,320130,INFANTS'' EQUIPMENT,0.0507,HIGH
848340,310331,MISCELLANEOUS SOUND EQUIPMENT,0.0301,MEDIUM
848340,310335,MISCELLANEOUS VIDEO EQUIPMENT,0.0301,MEDIUM
848340,320150,OUTDOOR EQUIPMENT,0.0301,MEDIUM
848340,610120,PLAYGROUND EQUIPMENT,0.0301,MEDIUM
848340,610230,PHOTOGRAPHIC EQUIPMENT,0.0301,MEDIUM
848340,320905,MISCELLANEOUS HOUSEHOLD EQUIPMENT AND PARTS,0.0301,MEDIUM
848340,480213,"PARTS, EQUIPMENT, AND ACCESSORIES",0.0301,MEDIUM
848340,600901,WATER SPORTS EQUIPMENT,0.0261,MEDIUM
848340,600902,OTHER SPORTS EQUIPMENT,0.0261,MEDIUM
848340,310332,SOUND EQUIPMENT ACCESSORIES,0.0232,MEDIUM-LOW
848340,320140,LAUNDRY AND CLEANING EQUIPMENT,0.0232,MEDIUM-LOW
848340,320410,LAWN AND GARDEN EQUIPMENT,0.0232,MEDIUM-LOW
848340,240123,TOOLS AND EQUIPMENT FOR PAINTING AND,0.0232,MEDIUM-LOW
848340,240213,MATERIALS AND EQUIPMENT FOR ROOF AND GUTTERS,0.0232,MEDIUM-LOW
848340,240311,PLUMBING SUPPLIES AND EQUIPMENT,0.0232,MEDIUM-LOW
848340,240312,PLUMBING SUPPLIES AND EQUIPMENT,0.0232,MEDIUM-LOW
848340,240313,PLUMBING SUPPLIES AND EQUIPMENT,0.0232,MEDIUM-LOW
848390,320130,INFANTS'' EQUIPMENT,0.102,HIGH
848390,310331,MISCELLANEOUS SOUND EQUIPMENT,0.0606,MEDIUM
848390,310335,MISCELLANEOUS VIDEO EQUIPMENT,0.0606,MEDIUM
848390,320150,OUTDOOR EQUIPMENT,0.0606,MEDIUM
848390,610120,PLAYGROUND EQUIPMENT,0.0606,MEDIUM
848390,610230,PHOTOGRAPHIC EQUIPMENT,0.0606,MEDIUM
848390,320905,MISCELLANEOUS HOUSEHOLD EQUIPMENT AND PARTS,0.0606,MEDIUM
848390,480213,"PARTS, EQUIPMENT, AND ACCESSORIES",0.0606,MEDIUM
848390,600901,WATER SPORTS EQUIPMENT,0.0499,MEDIUM-LOW
848390,600902,OTHER SPORTS EQUIPMENT,0.0499,MEDIUM-LOW
848390,310332,SOUND EQUIPMENT ACCESSORIES,0.0468,MEDIUM-LOW
848390,320140,LAUNDRY AND CLEANING EQUIPMENT,0.0468,MEDIUM-LOW
848390,320410,LAWN AND GARDEN EQUIPMENT,0.0468,MEDIUM-LOW
848390,240123,TOOLS AND EQUIPMENT FOR PAINTING AND,0.0468,MEDIUM-LOW
848390,240213,MATERIALS AND EQUIPMENT FOR ROOF AND GUTTERS,0.0468,MEDIUM-LOW
848390,240311,PLUMBING SUPPLIES AND EQUIPMENT,0.0468,MEDIUM-LOW
848390,240312,PLUMBING SUPPLIES AND EQUIPMENT,0.0468,MEDIUM-LOW
848390,240313,PLUMBING SUPPLIES AND EQUIPMENT,0.0468,MEDIUM-LOW
848610,320512,SEWING MACHINES,1.0,MEDIUM-LOW
848620,320512,SEWING MACHINES,1.0,MEDIUM-LOW
848630,320512,SEWING MACHINES,1.0,MEDIUM-LOW
848640,320512,SEWING MACHINES,1.0,MEDIUM-LOW
848690,320232,TELEPHONES AND ACCESSORIES,0.3333,MEDIUM-LOW
848690,320512,SEWING MACHINES,0.3333,MEDIUM-LOW
848690,480213,"PARTS, EQUIPMENT, AND ACCESSORIES",0.3333,MEDIUM-LOW
848790,160211,FATS AND OILS,0.505,MEDIUM-LOW
848790,470211,MOTOR OIL,0.495,MEDIUM-LOW
850132,320420,POWER TOOLS,0.5,MEDIUM-LOW
850132,460903,USED AIRCRAFT,0.25,HIGH
850132,450900,NEW AIRCRAFT,0.25,HIGH
850133,460903,USED AIRCRAFT,0.5,HIGH
850133,450900,NEW AIRCRAFT,0.5,HIGH
850140,470211,MOTOR OIL,0.5,MEDIUM-LOW
850140,490311,MOTOR TUNE-UP,0.5,MEDIUM-LOW
850151,470211,MOTOR OIL,0.5,MEDIUM-LOW
850151,490311,MOTOR TUNE-UP,0.5,MEDIUM-LOW
850152,460903,USED AIRCRAFT,0.5,HIGH
850152,450900,NEW AIRCRAFT,0.5,HIGH
850153,450900,NEW AIRCRAFT,0.5,MEDIUM-HIGH
850153,460903,USED AIRCRAFT,0.5,MEDIUM-HIGH
850211,470112,DIESEL FUEL,0.6959,HIGH
850211,250111,FUEL OIL (RENTER),0.3041,MEDIUM-LOW
850212,470112,DIESEL FUEL,0.6971,HIGH
850212,250111,FUEL OIL (RENTER),0.3029,MEDIUM-LOW
850213,470112,DIESEL FUEL,0.6979,HIGH
850213,250111,FUEL OIL (RENTER),0.3022,MEDIUM-LOW
850220,470111,GASOLINE,0.727,HIGH
850220,470113,GASOLINE ON OUT-OF-TOWN TRIPS,0.273,MEDIUM-LOW
850300,320512,SEWING MACHINES,0.4571,MEDIUM-LOW
850300,490311,MOTOR TUNE-UP,0.2071,MEDIUM
850300,470211,MOTOR OIL,0.2071,MEDIUM
850300,470311,ELECTRIC VEHICLE CHARGING,0.1286,MEDIUM-LOW
850421,320420,POWER TOOLS,1.0,MEDIUM-LOW
850422,320420,POWER TOOLS,1.0,MEDIUM-LOW
850423,320420,POWER TOOLS,1.0,MEDIUM-LOW
850431,320420,POWER TOOLS,1.0,MEDIUM-LOW
850432,320420,POWER TOOLS,1.0,MEDIUM-LOW
850433,320420,POWER TOOLS,1.0,MEDIUM-LOW
850434,320420,POWER TOOLS,1.0,MEDIUM-LOW
850440,320420,POWER TOOLS,0.35,MEDIUM-LOW
850440,610220,OTHER PHOTOGRAPHIC SUPPLIES,0.35,MEDIUM-LOW
850440,320512,SEWING MACHINES,0.3,MEDIUM-LOW
850450,320420,POWER TOOLS,0.3333,MEDIUM-LOW
850450,610220,OTHER PHOTOGRAPHIC SUPPLIES,0.3333,MEDIUM-LOW
850450,320512,SEWING MACHINES,0.3333,MEDIUM-LOW
850490,320420,POWER TOOLS,0.3636,MEDIUM-LOW
850490,320512,SEWING MACHINES,0.3636,MEDIUM-LOW
850490,610220,OTHER PHOTOGRAPHIC SUPPLIES,0.2727,MEDIUM-LOW
850710,320904,CLOSET AND STORAGE ITEMS,1.0,MEDIUM-LOW
850720,320904,CLOSET AND STORAGE ITEMS,0.6585,MEDIUM-LOW
850720,320420,POWER TOOLS,0.3415,MEDIUM-LOW
850730,320904,CLOSET AND STORAGE ITEMS,0.6364,MEDIUM
850730,320420,POWER TOOLS,0.3636,MEDIUM-LOW
850740,320904,CLOSET AND STORAGE ITEMS,0.625,MEDIUM
850740,320420,POWER TOOLS,0.375,MEDIUM-LOW
850750,320904,CLOSET AND STORAGE ITEMS,1.0,MEDIUM-LOW
850760,320904,CLOSET AND STORAGE ITEMS,0.625,MEDIUM
850760,320420,POWER TOOLS,0.375,MEDIUM-LOW
850780,320904,CLOSET AND STORAGE ITEMS,0.625,MEDIUM
850780,320420,POWER TOOLS,0.375,MEDIUM-LOW
850790,320904,CLOSET AND STORAGE ITEMS,1.0,MEDIUM
850811,320420,POWER TOOLS,0.3333,MEDIUM-LOW
850811,490311,MOTOR TUNE-UP,0.3333,MEDIUM-LOW
850811,470211,MOTOR OIL,0.3333,MEDIUM-LOW
850819,490311,MOTOR TUNE-UP,0.5,MEDIUM-LOW
850819,470211,MOTOR OIL,0.5,MEDIUM-LOW
850980,320511,ELECTRIC FLOOR CLEANING EQUIPMENT,0.2908,MEDIUM-HIGH
850980,470311,ELECTRIC VEHICLE CHARGING,0.2908,MEDIUM-LOW
850980,320521,SMALL ELECTRIC KITCHEN APPLIANCES,0.1757,MEDIUM
850980,300900,MISCELLANEOUS HOUSEHOLD APPLIANCES,0.1026,MEDIUM-LOW
850980,490311,MOTOR TUNE-UP,0.07,MEDIUM-LOW
850980,470211,MOTOR OIL,0.07,MEDIUM-LOW
850990,320511,ELECTRIC FLOOR CLEANING EQUIPMENT,0.3333,MEDIUM-HIGH
850990,470311,ELECTRIC VEHICLE CHARGING,0.3333,MEDIUM-LOW
850990,320521,SMALL ELECTRIC KITCHEN APPLIANCES,0.1861,MEDIUM-HIGH
850990,300900,MISCELLANEOUS HOUSEHOLD APPLIANCES,0.1472,MEDIUM
851010,470311,ELECTRIC VEHICLE CHARGING,1.0,MEDIUM-LOW
851030,320521,SMALL ELECTRIC KITCHEN APPLIANCES,0.2742,MEDIUM
851030,300900,MISCELLANEOUS HOUSEHOLD APPLIANCES,0.2419,MEDIUM-LOW
851030,470211,MOTOR OIL,0.2419,MEDIUM-LOW
851030,490311,MOTOR TUNE-UP,0.2419,MEDIUM-LOW
851090,470311,ELECTRIC VEHICLE CHARGING,1.0,MEDIUM-LOW
851180,320130,INFANTS'' EQUIPMENT,0.2067,HIGH
851180,310331,MISCELLANEOUS SOUND EQUIPMENT,0.1133,MEDIUM-LOW
851180,310335,MISCELLANEOUS VIDEO EQUIPMENT,0.1133,MEDIUM-LOW
851180,320150,OUTDOOR EQUIPMENT,0.1133,MEDIUM-LOW
851180,610120,PLAYGROUND EQUIPMENT,0.1133,MEDIUM-LOW
851180,610230,PHOTOGRAPHIC EQUIPMENT,0.1133,MEDIUM-LOW
851180,320905,MISCELLANEOUS HOUSEHOLD EQUIPMENT AND PARTS,0.1133,MEDIUM-LOW
851180,480213,"PARTS, EQUIPMENT, AND ACCESSORIES",0.1133,MEDIUM-LOW
851210,320130,INFANTS'' EQUIPMENT,0.1554,HIGH
851210,610903,VISUAL GOODS,0.1504,HIGH
851210,310331,MISCELLANEOUS SOUND EQUIPMENT,0.0873,MEDIUM
851210,310335,MISCELLANEOUS VIDEO EQUIPMENT,0.0873,MEDIUM
851210,320150,OUTDOOR EQUIPMENT,0.0873,MEDIUM
851210,610120,PLAYGROUND EQUIPMENT,0.0873,MEDIUM
851210,610230,PHOTOGRAPHIC EQUIPMENT,0.0873,MEDIUM
851210,320905,MISCELLANEOUS HOUSEHOLD EQUIPMENT AND PARTS,0.0873,MEDIUM
851210,480213,"PARTS, EQUIPMENT, AND ACCESSORIES",0.0873,MEDIUM
851210,600310,BICYCLES,0.0832,MEDIUM
851220,320130,INFANTS'' EQUIPMENT,0.1473,HIGH
851220,610903,VISUAL GOODS,0.1366,HIGH
851220,310331,MISCELLANEOUS SOUND EQUIPMENT,0.0807,MEDIUM-LOW
851220,310335,MISCELLANEOUS VIDEO EQUIPMENT,0.0807,MEDIUM-LOW
851220,320150,OUTDOOR EQUIPMENT,0.0807,MEDIUM-LOW
851220,610120,PLAYGROUND EQUIPMENT,0.0807,MEDIUM-LOW
851220,610230,PHOTOGRAPHIC EQUIPMENT,0.0807,MEDIUM-LOW
851220,320905,MISCELLANEOUS HOUSEHOLD EQUIPMENT AND PARTS,0.0807,MEDIUM-LOW
851220,480213,"PARTS, EQUIPMENT, AND ACCESSORIES",0.0807,MEDIUM-LOW
851220,470211,MOTOR OIL,0.0755,MEDIUM
851220,490311,MOTOR TUNE-UP,0.0755,MEDIUM
851230,490311,MOTOR TUNE-UP,0.2019,MEDIUM
851230,470211,MOTOR OIL,0.2019,MEDIUM
851230,310331,MISCELLANEOUS SOUND EQUIPMENT,0.1057,HIGH
851230,320130,INFANTS'' EQUIPMENT,0.0976,HIGH
851230,310332,SOUND EQUIPMENT ACCESSORIES,0.0758,MEDIUM-HIGH
851230,310335,MISCELLANEOUS VIDEO EQUIPMENT,0.0528,MEDIUM-LOW
851230,320150,OUTDOOR EQUIPMENT,0.0528,MEDIUM-LOW
851230,610120,PLAYGROUND EQUIPMENT,0.0528,MEDIUM-LOW
851230,610230,PHOTOGRAPHIC EQUIPMENT,0.0528,MEDIUM-LOW
851230,320905,MISCELLANEOUS HOUSEHOLD EQUIPMENT AND PARTS,0.0528,MEDIUM-LOW
851230,480213,"PARTS, EQUIPMENT, AND ACCESSORIES",0.0528,MEDIUM-LOW
851240,470211,MOTOR OIL,0.5,MEDIUM
851240,490311,MOTOR TUNE-UP,0.5,MEDIUM
851290,470211,MOTOR OIL,0.147,MEDIUM-LOW
851290,490311,MOTOR TUNE-UP,0.147,MEDIUM-LOW
851290,320130,INFANTS'' EQUIPMENT,0.1289,HIGH
851290,600310,BICYCLES,0.073,MEDIUM
851290,310331,MISCELLANEOUS SOUND EQUIPMENT,0.072,MEDIUM-LOW
851290,310335,MISCELLANEOUS VIDEO EQUIPMENT,0.072,MEDIUM-LOW
851290,320150,OUTDOOR EQUIPMENT,0.072,MEDIUM-LOW
851290,610120,PLAYGROUND EQUIPMENT,0.072,MEDIUM-LOW
851290,610230,PHOTOGRAPHIC EQUIPMENT,0.072,MEDIUM-LOW
851290,320905,MISCELLANEOUS HOUSEHOLD EQUIPMENT AND PARTS,0.072,MEDIUM-LOW
851290,480213,"PARTS, EQUIPMENT, AND ACCESSORIES",0.072,MEDIUM-LOW
851310,320130,INFANTS'' EQUIPMENT,0.1598,MEDIUM-HIGH
851310,320511,ELECTRIC FLOOR CLEANING EQUIPMENT,0.0888,MEDIUM-LOW
851310,320522,PORTABLE HEATING AND COOLING EQUIPMENT,0.0888,MEDIUM-LOW
851310,310331,MISCELLANEOUS SOUND EQUIPMENT,0.0828,MEDIUM-LOW
851310,310335,MISCELLANEOUS VIDEO EQUIPMENT,0.0828,MEDIUM-LOW
851310,320150,OUTDOOR EQUIPMENT,0.0828,MEDIUM-LOW
851310,610120,PLAYGROUND EQUIPMENT,0.0828,MEDIUM-LOW
851310,610230,PHOTOGRAPHIC EQUIPMENT,0.0828,MEDIUM-LOW
851310,320904,CLOSET AND STORAGE ITEMS,0.0828,MEDIUM-LOW
851310,320905,MISCELLANEOUS HOUSEHOLD EQUIPMENT AND PARTS,0.0828,MEDIUM-LOW
851310,480213,"PARTS, EQUIPMENT, AND ACCESSORIES",0.0828,MEDIUM-LOW
851390,320221,"LAMPS, LIGHTING FIXTURES, CEILING FANS",1.0,MEDIUM-LOW
851420,300321,MICROWAVE OVENS (RENTER),0.3315,MEDIUM-HIGH
851420,300322,MICROWAVE OVENS (OWNED HOME),0.2748,MEDIUM
851420,300311,"COOKING STOVES, OVENS (RENTER)",0.2224,MEDIUM
851420,300312,"COOKING STOVES, OVENS (OWNED HOME)",0.1714,MEDIUM-LOW
851440,320130,INFANTS'' EQUIPMENT,0.2105,HIGH
851440,310331,MISCELLANEOUS SOUND EQUIPMENT,0.1128,MEDIUM-LOW
851440,310335,MISCELLANEOUS VIDEO EQUIPMENT,0.1128,MEDIUM-LOW
851440,320150,OUTDOOR EQUIPMENT,0.1128,MEDIUM-LOW
851440,610120,PLAYGROUND EQUIPMENT,0.1128,MEDIUM-LOW
851440,610230,PHOTOGRAPHIC EQUIPMENT,0.1128,MEDIUM-LOW
851440,320905,MISCELLANEOUS HOUSEHOLD EQUIPMENT AND PARTS,0.1128,MEDIUM-LOW
851440,480213,"PARTS, EQUIPMENT, AND ACCESSORIES",0.1128,MEDIUM-LOW
851490,300321,MICROWAVE OVENS (RENTER),0.5251,MEDIUM-HIGH
851490,300322,MICROWAVE OVENS (OWNED HOME),0.4749,MEDIUM
851519,320512,SEWING MACHINES,1.0,MEDIUM
851521,320512,SEWING MACHINES,1.0,MEDIUM-LOW
851529,320512,SEWING MACHINES,1.0,MEDIUM-LOW
851531,320512,SEWING MACHINES,1.0,MEDIUM-LOW
851539,320512,SEWING MACHINES,1.0,MEDIUM-LOW
851580,320512,SEWING MACHINES,1.0,MEDIUM
851590,320130,INFANTS'' EQUIPMENT,0.2067,HIGH
851590,310331,MISCELLANEOUS SOUND EQUIPMENT,0.1133,MEDIUM-LOW
851590,310335,MISCELLANEOUS VIDEO EQUIPMENT,0.1133,MEDIUM-LOW
851590,320150,OUTDOOR EQUIPMENT,0.1133,MEDIUM-LOW
851590,610120,PLAYGROUND EQUIPMENT,0.1133,MEDIUM-LOW
851590,610230,PHOTOGRAPHIC EQUIPMENT,0.1133,MEDIUM-LOW
851590,320905,MISCELLANEOUS HOUSEHOLD EQUIPMENT AND PARTS,0.1133,MEDIUM-LOW
851590,480213,"PARTS, EQUIPMENT, AND ACCESSORIES",0.1133,MEDIUM-LOW
851610,320904,CLOSET AND STORAGE ITEMS,1.0,MEDIUM
851621,320904,CLOSET AND STORAGE ITEMS,1.0,MEDIUM
851632,160212,SALAD DRESSINGS,1.0,MEDIUM-LOW
851640,470311,ELECTRIC VEHICLE CHARGING,1.0,MEDIUM-LOW
851650,300321,MICROWAVE OVENS (RENTER),0.5446,MEDIUM-HIGH
851650,300322,MICROWAVE OVENS (OWNED HOME),0.4554,MEDIUM
851660,300311,"COOKING STOVES, OVENS (RENTER)",0.3585,HIGH
851660,300312,"COOKING STOVES, OVENS (OWNED HOME)",0.3104,MEDIUM-HIGH
851660,300321,MICROWAVE OVENS (RENTER),0.1828,MEDIUM-HIGH
851660,300322,MICROWAVE OVENS (OWNED HOME),0.1483,MEDIUM
851671,170520,TEA,1.0,MEDIUM-LOW
851672,470311,ELECTRIC VEHICLE CHARGING,1.0,MEDIUM-LOW
851679,300900,MISCELLANEOUS HOUSEHOLD APPLIANCES,1.0,MEDIUM
851680,240321,"ELECTRICAL SUPPLIES, HEATING AND COOLING",0.3333,MEDIUM-LOW
851680,240322,"ELECTRICAL SUPPLIES, HEATING AND COOLING",0.3333,MEDIUM-LOW
851680,240323,"ELECTRICAL SUPPLIES, HEATING AND COOLING",0.3333,MEDIUM-LOW
851690,300321,MICROWAVE OVENS (RENTER),0.1931,MEDIUM-HIGH
851690,300312,"COOKING STOVES, OVENS (OWNED HOME)",0.1767,MEDIUM-HIGH
851690,300311,"COOKING STOVES, OVENS (RENTER)",0.1664,HIGH
851690,300322,MICROWAVE OVENS (OWNED HOME),0.1631,MEDIUM
851690,320611,"MATERIAL FOR INSULATION, OTHER MAINTENANCE AND",0.0752,MEDIUM-LOW
851690,320612,"MATERIAL FOR INSULATION, OTHER MAINTENANCE AND",0.0752,MEDIUM-LOW
851690,320613,"MATERIAL FOR INSULATION, OTHER MAINTENANCE",0.0752,MEDIUM-LOW
851690,320120,WINDOW COVERINGS,0.0752,MEDIUM-LOW
851711,270106,RESIDENTIAL TELEPHONE INCLUDING VOIP,1.0,MEDIUM
851712,320232,TELEPHONES AND ACCESSORIES,0.4546,MEDIUM-LOW
851712,470211,MOTOR OIL,0.2727,MEDIUM-LOW
851712,490311,MOTOR TUNE-UP,0.2727,MEDIUM-LOW
851718,270106,RESIDENTIAL TELEPHONE INCLUDING VOIP,0.5,MEDIUM
851718,320232,TELEPHONES AND ACCESSORIES,0.5,MEDIUM-LOW
851762,320512,SEWING MACHINES,1.0,MEDIUM-LOW
851830,270106,RESIDENTIAL TELEPHONE INCLUDING VOIP,1.0,MEDIUM
851850,310331,MISCELLANEOUS SOUND EQUIPMENT,1.0,MEDIUM
851890,270106,RESIDENTIAL TELEPHONE INCLUDING VOIP,1.0,MEDIUM
851920,310331,MISCELLANEOUS SOUND EQUIPMENT,0.5,MEDIUM-LOW
851920,270104,PHONE CARDS,0.5,MEDIUM-LOW
851950,270106,RESIDENTIAL TELEPHONE INCLUDING VOIP,0.5225,MEDIUM
851950,320512,SEWING MACHINES,0.4775,MEDIUM
851981,310210,VCR''S AND VIDEO DISC PLAYERS,0.2281,MEDIUM-HIGH
851981,320512,SEWING MACHINES,0.1507,MEDIUM
851981,310331,MISCELLANEOUS SOUND EQUIPMENT,0.1487,MEDIUM-LOW
851981,470211,MOTOR OIL,0.1141,MEDIUM-LOW
851981,490311,MOTOR TUNE-UP,0.1141,MEDIUM-LOW
851981,310314,PERSONAL DIGITAL AUDIO PLAYERS,0.0904,MEDIUM
851981,270106,RESIDENTIAL TELEPHONE INCLUDING VOIP,0.0817,MEDIUM
851981,310315,DIGITAL MEDIA PLAYERS AND RECORDERS,0.0724,MEDIUM
851989,310331,MISCELLANEOUS SOUND EQUIPMENT,1.0,MEDIUM
852110,310335,MISCELLANEOUS VIDEO EQUIPMENT,1.0,MEDIUM-LOW
852190,310335,MISCELLANEOUS VIDEO EQUIPMENT,1.0,MEDIUM-LOW
852290,270106,RESIDENTIAL TELEPHONE INCLUDING VOIP,0.2494,MEDIUM
852290,320512,SEWING MACHINES,0.1651,MEDIUM-LOW
852290,310335,MISCELLANEOUS VIDEO EQUIPMENT,0.1323,MEDIUM-LOW
852290,310210,VCR''S AND VIDEO DISC PLAYERS,0.1234,MEDIUM-LOW
852290,310331,MISCELLANEOUS SOUND EQUIPMENT,0.089,MEDIUM-LOW
852290,310332,SOUND EQUIPMENT ACCESSORIES,0.0748,MEDIUM
852290,310232,VIDEO GAME HARDWARE AND ACCESSORIES,0.0584,MEDIUM-LOW
852290,320232,TELEPHONES AND ACCESSORIES,0.0538,MEDIUM-LOW
852290,480213,"PARTS, EQUIPMENT, AND ACCESSORIES",0.0538,MEDIUM-LOW
852321,270104,PHONE CARDS,1.0,MEDIUM-LOW
852329,310331,MISCELLANEOUS SOUND EQUIPMENT,0.4687,MEDIUM-LOW
852329,310335,MISCELLANEOUS VIDEO EQUIPMENT,0.281,MEDIUM-LOW
852329,310220,"VIDEO CASSETTES, TAPES, AND DISCS",0.2503,MEDIUM
852341,310331,MISCELLANEOUS SOUND EQUIPMENT,1.0,MEDIUM-LOW
852349,310331,MISCELLANEOUS SOUND EQUIPMENT,1.0,MEDIUM-LOW
852351,310331,MISCELLANEOUS SOUND EQUIPMENT,0.5,MEDIUM-LOW
852351,320904,CLOSET AND STORAGE ITEMS,0.5,MEDIUM-LOW
852352,270104,PHONE CARDS,1.0,MEDIUM
852359,310331,MISCELLANEOUS SOUND EQUIPMENT,1.0,MEDIUM-LOW
852380,310331,MISCELLANEOUS SOUND EQUIPMENT,1.0,MEDIUM-LOW
852550,310334,SATELLITE DISHES,0.5,MEDIUM-LOW
852550,450900,NEW AIRCRAFT,0.25,MEDIUM-HIGH
852550,460903,USED AIRCRAFT,0.25,MEDIUM-HIGH
852560,320420,POWER TOOLS,0.5,MEDIUM-LOW
852560,450900,NEW AIRCRAFT,0.25,HIGH
852560,460903,USED AIRCRAFT,0.25,HIGH
852580,310335,MISCELLANEOUS VIDEO EQUIPMENT,1.0,MEDIUM-LOW
852692,310231,VIDEO GAME SOFTWARE,0.413,MEDIUM-HIGH
852692,310232,VIDEO GAME HARDWARE AND ACCESSORIES,0.3424,MEDIUM
852692,310335,MISCELLANEOUS VIDEO EQUIPMENT,0.2446,MEDIUM-LOW
852713,310331,MISCELLANEOUS SOUND EQUIPMENT,0.5526,MEDIUM-LOW
852713,310210,VCR''S AND VIDEO DISC PLAYERS,0.4474,MEDIUM
852719,470211,MOTOR OIL,0.5,MEDIUM-LOW
852719,490311,MOTOR TUNE-UP,0.5,MEDIUM-LOW
852721,310314,PERSONAL DIGITAL AUDIO PLAYERS,0.2166,MEDIUM-LOW
852721,470211,MOTOR OIL,0.1498,MEDIUM-LOW
852721,490311,MOTOR TUNE-UP,0.1498,MEDIUM-LOW
852721,310315,DIGITAL MEDIA PLAYERS AND RECORDERS,0.134,MEDIUM-LOW
852721,310210,VCR''S AND VIDEO DISC PLAYERS,0.1333,MEDIUM
852721,320420,POWER TOOLS,0.1083,MEDIUM-LOW
852721,310331,MISCELLANEOUS SOUND EQUIPMENT,0.1083,MEDIUM-LOW
852729,470211,MOTOR OIL,0.3636,MEDIUM-LOW
852729,490311,MOTOR TUNE-UP,0.3636,MEDIUM-LOW
852729,320420,POWER TOOLS,0.2727,MEDIUM-LOW
852791,310331,MISCELLANEOUS SOUND EQUIPMENT,0.4552,MEDIUM-LOW
852791,310315,DIGITAL MEDIA PLAYERS AND RECORDERS,0.2827,MEDIUM
852791,310210,VCR''S AND VIDEO DISC PLAYERS,0.2621,MEDIUM
852792,310315,DIGITAL MEDIA PLAYERS AND RECORDERS,1.0,MEDIUM
852799,450900,NEW AIRCRAFT,0.5,HIGH
852799,460903,USED AIRCRAFT,0.5,HIGH
852849,310335,MISCELLANEOUS VIDEO EQUIPMENT,1.0,MEDIUM-LOW
852859,310335,MISCELLANEOUS VIDEO EQUIPMENT,1.0,MEDIUM-LOW
852869,310335,MISCELLANEOUS VIDEO EQUIPMENT,1.0,MEDIUM-LOW
852871,310335,MISCELLANEOUS VIDEO EQUIPMENT,0.5,MEDIUM-LOW
852871,320512,SEWING MACHINES,0.5,MEDIUM-LOW
852872,310335,MISCELLANEOUS VIDEO EQUIPMENT,0.5,MEDIUM-LOW
852872,310331,MISCELLANEOUS SOUND EQUIPMENT,0.5,MEDIUM-LOW
852990,310335,MISCELLANEOUS VIDEO EQUIPMENT,1.0,MEDIUM-LOW
853010,320130,INFANTS'' EQUIPMENT,0.2137,MEDIUM-HIGH
853010,310331,MISCELLANEOUS SOUND EQUIPMENT,0.1123,MEDIUM-LOW
853010,310335,MISCELLANEOUS VIDEO EQUIPMENT,0.1123,MEDIUM-LOW
853010,320150,OUTDOOR EQUIPMENT,0.1123,MEDIUM-LOW
853010,610120,PLAYGROUND EQUIPMENT,0.1123,MEDIUM-LOW
853010,610230,PHOTOGRAPHIC EQUIPMENT,0.1123,MEDIUM-LOW
853010,320905,MISCELLANEOUS HOUSEHOLD EQUIPMENT AND PARTS,0.1123,MEDIUM-LOW
853010,480213,"PARTS, EQUIPMENT, AND ACCESSORIES",0.1123,MEDIUM-LOW
853080,320130,INFANTS'' EQUIPMENT,1.0,MEDIUM-HIGH
853090,320130,INFANTS'' EQUIPMENT,0.2155,MEDIUM-HIGH
853090,310331,MISCELLANEOUS SOUND EQUIPMENT,0.1121,MEDIUM-LOW
853090,310335,MISCELLANEOUS VIDEO EQUIPMENT,0.1121,MEDIUM-LOW
853090,320150,OUTDOOR EQUIPMENT,0.1121,MEDIUM-LOW
853090,610120,PLAYGROUND EQUIPMENT,0.1121,MEDIUM-LOW
853090,610230,PHOTOGRAPHIC EQUIPMENT,0.1121,MEDIUM-LOW
853090,320905,MISCELLANEOUS HOUSEHOLD EQUIPMENT AND PARTS,0.1121,MEDIUM-LOW
853090,480213,"PARTS, EQUIPMENT, AND ACCESSORIES",0.1121,MEDIUM-LOW
853180,240211,"MATERIALS FOR PLASTERING, PANELS, ROOFING,",0.5,MEDIUM-LOW
853180,310331,MISCELLANEOUS SOUND EQUIPMENT,0.5,MEDIUM-LOW
853190,610903,VISUAL GOODS,0.6534,MEDIUM-HIGH
853190,310331,MISCELLANEOUS SOUND EQUIPMENT,0.3466,MEDIUM-LOW
853210,320420,POWER TOOLS,1.0,MEDIUM-LOW
853310,610210,FILM,1.0,MEDIUM-HIGH
853321,320420,POWER TOOLS,1.0,MEDIUM-LOW
853329,320420,POWER TOOLS,1.0,MEDIUM-LOW
853331,320420,POWER TOOLS,1.0,MEDIUM-LOW
853340,470211,MOTOR OIL,0.5,MEDIUM-LOW
853340,490311,MOTOR TUNE-UP,0.5,MEDIUM-LOW
853390,470311,ELECTRIC VEHICLE CHARGING,1.0,MEDIUM-LOW
853590,470211,MOTOR OIL,0.5,MEDIUM-LOW
853590,490311,MOTOR TUNE-UP,0.5,MEDIUM-LOW
853630,470211,MOTOR OIL,0.5,MEDIUM-LOW
853630,490311,MOTOR TUNE-UP,0.5,MEDIUM-LOW
853650,470211,MOTOR OIL,0.5,MEDIUM
853650,490311,MOTOR TUNE-UP,0.5,MEDIUM
853690,470211,MOTOR OIL,0.5,MEDIUM-LOW
853690,490311,MOTOR TUNE-UP,0.5,MEDIUM-LOW
853710,320902,HAND TOOLS,0.3256,HIGH
853710,470211,MOTOR OIL,0.25,MEDIUM-LOW
853710,490311,MOTOR TUNE-UP,0.25,MEDIUM-LOW
853710,320420,POWER TOOLS,0.1744,MEDIUM-LOW
853910,320221,"LAMPS, LIGHTING FIXTURES, CEILING FANS",1.0,MEDIUM-LOW
853921,320420,POWER TOOLS,1.0,MEDIUM-LOW
853922,320420,POWER TOOLS,0.4804,MEDIUM-LOW
853922,330510,MISCELLANEOUS HOUSEHOLD PRODUCTS,0.2513,MEDIUM-HIGH
853922,300900,MISCELLANEOUS HOUSEHOLD APPLIANCES,0.1341,MEDIUM-LOW
853922,320905,MISCELLANEOUS HOUSEHOLD EQUIPMENT AND PARTS,0.1341,MEDIUM-LOW
853931,320420,POWER TOOLS,0.5,MEDIUM-LOW
853931,320430,OTHER HARDWARE,0.3524,HIGH
853931,310232,VIDEO GAME HARDWARE AND ACCESSORIES,0.1476,MEDIUM-LOW
853990,320221,"LAMPS, LIGHTING FIXTURES, CEILING FANS",1.0,MEDIUM-LOW
854011,310335,MISCELLANEOUS VIDEO EQUIPMENT,1.0,MEDIUM-LOW
854060,310335,MISCELLANEOUS VIDEO EQUIPMENT,1.0,MEDIUM-LOW
854071,300321,MICROWAVE OVENS (RENTER),0.5437,MEDIUM-HIGH
854071,300322,MICROWAVE OVENS (OWNED HOME),0.4563,MEDIUM-HIGH
854079,300321,MICROWAVE OVENS (RENTER),1.0,MEDIUM-LOW
854110,300321,MICROWAVE OVENS (RENTER),1.0,MEDIUM-LOW
854330,320512,SEWING MACHINES,1.0,MEDIUM-LOW
854370,300321,MICROWAVE OVENS (RENTER),0.1667,MEDIUM-LOW
854370,320512,SEWING MACHINES,0.1667,MEDIUM-LOW
854370,310331,MISCELLANEOUS SOUND EQUIPMENT,0.1667,MEDIUM-LOW
854370,610130,MUSICAL INSTRUMENTS AND ACCESSORIES,0.1667,MEDIUM-HIGH
854370,310231,VIDEO GAME SOFTWARE,0.0919,MEDIUM-HIGH
854370,450900,NEW AIRCRAFT,0.0833,MEDIUM-HIGH
854370,460903,USED AIRCRAFT,0.0833,MEDIUM-HIGH
854370,310232,VIDEO GAME HARDWARE AND ACCESSORIES,0.0748,MEDIUM
854390,320512,SEWING MACHINES,1.0,MEDIUM
854430,460903,USED AIRCRAFT,0.5,HIGH
854430,450900,NEW AIRCRAFT,0.5,HIGH
854442,270106,RESIDENTIAL TELEPHONE INCLUDING VOIP,1.0,MEDIUM
854710,320512,SEWING MACHINES,0.6,MEDIUM-LOW
854710,300900,MISCELLANEOUS HOUSEHOLD APPLIANCES,0.4,MEDIUM-LOW
854720,320512,SEWING MACHINES,1.0,MEDIUM
854790,320512,SEWING MACHINES,0.5,MEDIUM
854790,320611,"MATERIAL FOR INSULATION, OTHER MAINTENANCE AND",0.1667,MEDIUM-LOW
854790,320612,"MATERIAL FOR INSULATION, OTHER MAINTENANCE AND",0.1667,MEDIUM-LOW
854790,320613,"MATERIAL FOR INSULATION, OTHER MAINTENANCE",0.1667,MEDIUM-LOW
854810,320904,CLOSET AND STORAGE ITEMS,1.0,MEDIUM-LOW
860210,470112,DIESEL FUEL,1.0,MEDIUM
870194,180320,NUTS,1.0,MEDIUM-LOW
870210,470112,DIESEL FUEL,0.6483,HIGH
870210,470211,MOTOR OIL,0.1758,MEDIUM-LOW
870210,490311,MOTOR TUNE-UP,0.1758,MEDIUM-LOW
870220,470112,DIESEL FUEL,1.0,HIGH
870230,470211,MOTOR OIL,0.5,MEDIUM-LOW
870230,490311,MOTOR TUNE-UP,0.5,MEDIUM-LOW
870240,470211,MOTOR OIL,0.5,MEDIUM-LOW
870240,490311,MOTOR TUNE-UP,0.5,MEDIUM-LOW
870290,470211,MOTOR OIL,0.5,MEDIUM-LOW
870290,490311,MOTOR TUNE-UP,0.5,MEDIUM-LOW
870310,480213,"PARTS, EQUIPMENT, AND ACCESSORIES",0.2774,MEDIUM
870310,600901,WATER SPORTS EQUIPMENT,0.2562,MEDIUM
870310,600902,OTHER SPORTS EQUIPMENT,0.2562,MEDIUM
870310,320130,INFANTS'' EQUIPMENT,0.2102,MEDIUM-LOW
870321,470211,MOTOR OIL,0.5,MEDIUM-LOW
870321,490311,MOTOR TUNE-UP,0.5,MEDIUM-LOW
870322,470211,MOTOR OIL,0.5,MEDIUM-LOW
870322,490311,MOTOR TUNE-UP,0.5,MEDIUM-LOW
870323,470211,MOTOR OIL,0.5,MEDIUM-LOW
870323,490311,MOTOR TUNE-UP,0.5,MEDIUM-LOW
870324,470211,MOTOR OIL,0.5,MEDIUM-LOW
870324,490311,MOTOR TUNE-UP,0.5,MEDIUM-LOW
870331,470112,DIESEL FUEL,0.5406,HIGH
870331,470211,MOTOR OIL,0.2297,MEDIUM-LOW
870331,490311,MOTOR TUNE-UP,0.2297,MEDIUM-LOW
870332,470112,DIESEL FUEL,0.5399,HIGH
870332,470211,MOTOR OIL,0.23,MEDIUM-LOW
870332,490311,MOTOR TUNE-UP,0.23,MEDIUM-LOW
870333,470112,DIESEL FUEL,0.5877,HIGH
870333,470211,MOTOR OIL,0.2062,MEDIUM-LOW
870333,490311,MOTOR TUNE-UP,0.2062,MEDIUM-LOW
870340,470211,MOTOR OIL,0.5,MEDIUM-LOW
870340,490311,MOTOR TUNE-UP,0.5,MEDIUM-LOW
870350,470112,DIESEL FUEL,0.5727,HIGH
870350,470211,MOTOR OIL,0.2136,MEDIUM-LOW
870350,490311,MOTOR TUNE-UP,0.2136,MEDIUM-LOW
870360,470211,MOTOR OIL,0.5,MEDIUM-LOW
870360,490311,MOTOR TUNE-UP,0.5,MEDIUM-LOW
870370,470112,DIESEL FUEL,0.5934,HIGH
870370,470211,MOTOR OIL,0.2033,MEDIUM-LOW
870370,490311,MOTOR TUNE-UP,0.2033,MEDIUM-LOW
870380,470211,MOTOR OIL,0.5,MEDIUM-LOW
870380,490311,MOTOR TUNE-UP,0.5,MEDIUM-LOW
870390,470211,MOTOR OIL,0.5,MEDIUM
870390,490311,MOTOR TUNE-UP,0.5,MEDIUM
870410,470211,MOTOR OIL,0.5,MEDIUM-LOW
870410,490311,MOTOR TUNE-UP,0.5,MEDIUM-LOW
870421,470112,DIESEL FUEL,0.5354,HIGH
870421,470211,MOTOR OIL,0.2323,MEDIUM-LOW
870421,490311,MOTOR TUNE-UP,0.2323,MEDIUM-LOW
870422,470112,DIESEL FUEL,0.5364,HIGH
870422,470211,MOTOR OIL,0.2318,MEDIUM-LOW
870422,490311,MOTOR TUNE-UP,0.2318,MEDIUM-LOW
870423,470112,DIESEL FUEL,0.5354,HIGH
870423,470211,MOTOR OIL,0.2323,MEDIUM-LOW
870423,490311,MOTOR TUNE-UP,0.2323,MEDIUM-LOW
870431,470211,MOTOR OIL,0.5,MEDIUM-LOW
870431,490311,MOTOR TUNE-UP,0.5,MEDIUM-LOW
870432,470211,MOTOR OIL,0.5,MEDIUM-LOW
870432,490311,MOTOR TUNE-UP,0.5,MEDIUM-LOW
870490,470211,MOTOR OIL,0.5,MEDIUM
870490,490311,MOTOR TUNE-UP,0.5,MEDIUM
870600,470211,MOTOR OIL,0.5,MEDIUM-LOW
870600,490311,MOTOR TUNE-UP,0.5,MEDIUM-LOW
870790,470211,MOTOR OIL,0.5,MEDIUM-LOW
870790,490311,MOTOR TUNE-UP,0.5,MEDIUM-LOW
870810,450210,NEW TRUCKS,0.1798,HIGH
870810,460901,USED TRUCKS,0.1798,HIGH
870810,470211,MOTOR OIL,0.1702,MEDIUM-LOW
870810,490311,MOTOR TUNE-UP,0.1702,MEDIUM-LOW
870810,450220,NEW MOTORCYCLES,0.15,MEDIUM-HIGH
870810,460902,USED MOTORCYCLES,0.15,MEDIUM-HIGH
870821,470211,MOTOR OIL,0.5,MEDIUM-LOW
870821,490311,MOTOR TUNE-UP,0.5,MEDIUM-LOW
870829,480213,"PARTS, EQUIPMENT, AND ACCESSORIES",0.4192,MEDIUM-LOW
870829,470211,MOTOR OIL,0.1288,MEDIUM-LOW
870829,490311,MOTOR TUNE-UP,0.1288,MEDIUM-LOW
870829,470311,ELECTRIC VEHICLE CHARGING,0.0531,MEDIUM
870829,490300,VEHICLE OR ENGINE REPAIRS,0.0531,MEDIUM
870829,450350,CAR/TRUCK LEASE PAYMENTS,0.0465,MEDIUM-LOW
870829,450351,EXTRA FEES FOR CAR/TRUCK LEASE,0.0426,MEDIUM-LOW
870829,450352,TRADE IN ALLOWANCE FOR CAR/TRUCK LEASE,0.0426,MEDIUM-LOW
870829,450353,CASH DOWNPAYMENT CAR/TRUCK LEASE,0.0426,MEDIUM-LOW
870829,450354,TERMINATION FEE FOR CAR/TRUCK LEASE,0.0426,MEDIUM-LOW
870830,470211,MOTOR OIL,0.2805,MEDIUM-LOW
870830,490311,MOTOR TUNE-UP,0.2805,MEDIUM-LOW
870830,450210,NEW TRUCKS,0.2195,MEDIUM-HIGH
870830,460901,USED TRUCKS,0.2195,MEDIUM-HIGH
870840,480213,"PARTS, EQUIPMENT, AND ACCESSORIES",0.5,MEDIUM
870840,470211,MOTOR OIL,0.25,MEDIUM-LOW
870840,490311,MOTOR TUNE-UP,0.25,MEDIUM-LOW
870850,480213,"PARTS, EQUIPMENT, AND ACCESSORIES",0.5,MEDIUM
870850,470211,MOTOR OIL,0.25,MEDIUM-LOW
870850,490311,MOTOR TUNE-UP,0.25,MEDIUM-LOW
870870,480213,"PARTS, EQUIPMENT, AND ACCESSORIES",1.0,MEDIUM-LOW
870880,480213,"PARTS, EQUIPMENT, AND ACCESSORIES",0.5,MEDIUM
870880,470211,MOTOR OIL,0.25,MEDIUM-LOW
870880,490311,MOTOR TUNE-UP,0.25,MEDIUM-LOW
870891,470211,MOTOR OIL,0.3667,MEDIUM
870891,490311,MOTOR TUNE-UP,0.3667,MEDIUM
870891,480213,"PARTS, EQUIPMENT, AND ACCESSORIES",0.2667,MEDIUM
870892,470211,MOTOR OIL,0.25,MEDIUM-LOW
870892,490311,MOTOR TUNE-UP,0.25,MEDIUM-LOW
870892,480213,"PARTS, EQUIPMENT, AND ACCESSORIES",0.1061,MEDIUM
870892,380901,WOMEN''S ACCESSORIES,0.0788,MEDIUM-LOW
870892,360330,MEN''S ACCESSORIES,0.0788,MEDIUM-LOW
870892,390322,GIRLS'' ACCESSORIES,0.0788,MEDIUM-LOW
870892,370220,BOYS'' ACCESSORIES,0.0788,MEDIUM-LOW
870892,410901,INFANT ACCESSORIES,0.0788,MEDIUM-LOW
870894,470211,MOTOR OIL,0.3636,MEDIUM-LOW
870894,490311,MOTOR TUNE-UP,0.3636,MEDIUM-LOW
870894,480213,"PARTS, EQUIPMENT, AND ACCESSORIES",0.2727,MEDIUM-LOW
870895,480213,"PARTS, EQUIPMENT, AND ACCESSORIES",0.5,MEDIUM-LOW
870895,470211,MOTOR OIL,0.25,MEDIUM-LOW
870895,490311,MOTOR TUNE-UP,0.25,MEDIUM-LOW
870899,470211,MOTOR OIL,0.2319,MEDIUM-LOW
870899,490311,MOTOR TUNE-UP,0.2319,MEDIUM-LOW
870899,480213,"PARTS, EQUIPMENT, AND ACCESSORIES",0.2107,MEDIUM
870899,600901,WATER SPORTS EQUIPMENT,0.1099,MEDIUM-LOW
870899,600902,OTHER SPORTS EQUIPMENT,0.1099,MEDIUM-LOW
870899,320130,INFANTS'' EQUIPMENT,0.1057,MEDIUM-LOW
870911,450210,NEW TRUCKS,0.397,MEDIUM-HIGH
870911,460901,USED TRUCKS,0.397,MEDIUM-HIGH
870911,480213,"PARTS, EQUIPMENT, AND ACCESSORIES",0.2061,MEDIUM-LOW
870919,450210,NEW TRUCKS,0.3968,MEDIUM-HIGH
870919,460901,USED TRUCKS,0.3968,MEDIUM-HIGH
870919,480213,"PARTS, EQUIPMENT, AND ACCESSORIES",0.2063,MEDIUM-LOW
870990,450210,NEW TRUCKS,0.3312,MEDIUM-HIGH
870990,460901,USED TRUCKS,0.3312,MEDIUM-HIGH
870990,480213,"PARTS, EQUIPMENT, AND ACCESSORIES",0.1733,MEDIUM-LOW
870990,490318,REPAIR TIRES AND OTHER REPAIR WORK,0.1644,MEDIUM-LOW
871110,450220,NEW MOTORCYCLES,0.329,MEDIUM-HIGH
871110,460902,USED MOTORCYCLES,0.329,MEDIUM-HIGH
871110,470211,MOTOR OIL,0.171,MEDIUM-LOW
871110,490311,MOTOR TUNE-UP,0.171,MEDIUM-LOW
871120,450220,NEW MOTORCYCLES,0.3639,MEDIUM-HIGH
871120,460902,USED MOTORCYCLES,0.3639,MEDIUM-HIGH
871120,470211,MOTOR OIL,0.1361,MEDIUM-LOW
871120,490311,MOTOR TUNE-UP,0.1361,MEDIUM-LOW
871130,450220,NEW MOTORCYCLES,0.3639,HIGH
871130,460902,USED MOTORCYCLES,0.3639,HIGH
871130,470211,MOTOR OIL,0.1361,MEDIUM-LOW
871130,490311,MOTOR TUNE-UP,0.1361,MEDIUM-LOW
871140,450220,NEW MOTORCYCLES,0.3637,HIGH
871140,460902,USED MOTORCYCLES,0.3637,HIGH
871140,470211,MOTOR OIL,0.1363,MEDIUM-LOW
871140,490311,MOTOR TUNE-UP,0.1363,MEDIUM-LOW
871150,450220,NEW MOTORCYCLES,0.3602,HIGH
871150,460902,USED MOTORCYCLES,0.3602,HIGH
871150,470211,MOTOR OIL,0.1398,MEDIUM-LOW
871150,490311,MOTOR TUNE-UP,0.1398,MEDIUM-LOW
871160,450220,NEW MOTORCYCLES,0.5,HIGH
871160,460902,USED MOTORCYCLES,0.5,HIGH
871190,450220,NEW MOTORCYCLES,0.5,HIGH
871190,460902,USED MOTORCYCLES,0.5,HIGH
871200,490318,REPAIR TIRES AND OTHER REPAIR WORK,0.3333,MEDIUM
871200,480213,"PARTS, EQUIPMENT, AND ACCESSORIES",0.3333,MEDIUM-LOW
871200,600310,BICYCLES,0.3333,MEDIUM
871410,450220,NEW MOTORCYCLES,0.5,HIGH
871410,460902,USED MOTORCYCLES,0.5,HIGH
871420,480213,"PARTS, EQUIPMENT, AND ACCESSORIES",1.0,MEDIUM
871491,480213,"PARTS, EQUIPMENT, AND ACCESSORIES",0.2122,MEDIUM
871491,380901,WOMEN''S ACCESSORIES,0.1576,MEDIUM-LOW
871491,360330,MEN''S ACCESSORIES,0.1576,MEDIUM-LOW
871491,390322,GIRLS'' ACCESSORIES,0.1576,MEDIUM-LOW
871491,370220,BOYS'' ACCESSORIES,0.1576,MEDIUM-LOW
871491,410901,INFANT ACCESSORIES,0.1576,MEDIUM-LOW
871494,600310,BICYCLES,1.0,MEDIUM-LOW
871499,480213,"PARTS, EQUIPMENT, AND ACCESSORIES",0.5,MEDIUM
871499,600310,BICYCLES,0.5,MEDIUM-LOW
871500,180620,BABY FOOD,1.0,MEDIUM-LOW
871610,480213,"PARTS, EQUIPMENT, AND ACCESSORIES",0.3873,MEDIUM
871610,600410,CAMPING EQUIPMENT,0.3192,MEDIUM-LOW
871610,320130,INFANTS'' EQUIPMENT,0.2935,MEDIUM-LOW
871680,430130,LUGGAGE,0.5,MEDIUM
871680,450210,NEW TRUCKS,0.25,HIGH
871680,460901,USED TRUCKS,0.25,HIGH
871690,490318,REPAIR TIRES AND OTHER REPAIR WORK,0.6547,MEDIUM-LOW
871690,480110,"TIRES - PURCHASED, REPLACED, INSTALLED",0.3453,MEDIUM-LOW
880000,450900,NEW AIRCRAFT,0.5,HIGH
880000,460903,USED AIRCRAFT,0.5,HIGH
880100,450900,NEW AIRCRAFT,0.5,HIGH
880100,460903,USED AIRCRAFT,0.5,HIGH
880220,460903,USED AIRCRAFT,0.5,HIGH
880220,450900,NEW AIRCRAFT,0.5,HIGH
880230,460903,USED AIRCRAFT,0.5,HIGH
880230,450900,NEW AIRCRAFT,0.5,HIGH
880240,460903,USED AIRCRAFT,0.5,HIGH
880240,450900,NEW AIRCRAFT,0.5,HIGH
880310,450900,NEW AIRCRAFT,0.5,MEDIUM-HIGH
880310,460903,USED AIRCRAFT,0.5,MEDIUM-HIGH
880320,450900,NEW AIRCRAFT,0.5,MEDIUM-HIGH
880320,460903,USED AIRCRAFT,0.5,MEDIUM-HIGH
880330,450900,NEW AIRCRAFT,0.5,MEDIUM-HIGH
880330,460903,USED AIRCRAFT,0.5,MEDIUM-HIGH
880390,450900,NEW AIRCRAFT,0.5,MEDIUM-HIGH
880390,460903,USED AIRCRAFT,0.5,MEDIUM-HIGH
880510,460903,USED AIRCRAFT,0.5,HIGH
880510,450900,NEW AIRCRAFT,0.5,HIGH
890200,600420,HUNTING AND FISHING EQUIPMENT,0.2274,MEDIUM-HIGH
890200,600410,CAMPING EQUIPMENT,0.1706,MEDIUM
890200,600901,WATER SPORTS EQUIPMENT,0.1706,MEDIUM
890200,600902,OTHER SPORTS EQUIPMENT,0.1706,MEDIUM
890200,600430,WINTER SPORTS EQUIPMENT,0.1317,MEDIUM-LOW
890200,320130,INFANTS'' EQUIPMENT,0.1293,MEDIUM-LOW
890310,600901,WATER SPORTS EQUIPMENT,0.5,MEDIUM-LOW
890310,600902,OTHER SPORTS EQUIPMENT,0.5,MEDIUM-LOW
890391,600121,BOAT WITHOUT MOTOR AND BOAT TRAILERS,1.0,MEDIUM
890399,600110,OUTBOARD MOTORS,0.5,MEDIUM-LOW
890399,600901,WATER SPORTS EQUIPMENT,0.25,MEDIUM
890399,600902,OTHER SPORTS EQUIPMENT,0.25,MEDIUM
900110,310335,MISCELLANEOUS VIDEO EQUIPMENT,1.0,MEDIUM-LOW
900130,550110,EYEGLASSES AND CONTACT LENSES,1.0,HIGH
900190,550110,EYEGLASSES AND CONTACT LENSES,0.5,MEDIUM-LOW
900190,610220,OTHER PHOTOGRAPHIC SUPPLIES,0.25,MEDIUM-LOW
900190,610230,PHOTOGRAPHIC EQUIPMENT,0.25,MEDIUM-LOW
900211,610230,PHOTOGRAPHIC EQUIPMENT,0.5,MEDIUM-LOW
900211,610220,OTHER PHOTOGRAPHIC SUPPLIES,0.5,MEDIUM-LOW
900219,610230,PHOTOGRAPHIC EQUIPMENT,0.5,MEDIUM-LOW
900219,610220,OTHER PHOTOGRAPHIC SUPPLIES,0.5,MEDIUM-LOW
900220,610220,OTHER PHOTOGRAPHIC SUPPLIES,0.5,MEDIUM
900220,610230,PHOTOGRAPHIC EQUIPMENT,0.5,MEDIUM
900290,610220,OTHER PHOTOGRAPHIC SUPPLIES,0.5,MEDIUM-LOW
900290,610230,PHOTOGRAPHIC EQUIPMENT,0.5,MEDIUM-LOW
900630,550320,MEDICAL EQUIPMENT FOR GENERAL USE,1.0,MEDIUM
900651,610210,FILM,1.0,MEDIUM-HIGH
900652,610210,FILM,1.0,MEDIUM-HIGH
900653,610210,FILM,1.0,MEDIUM-HIGH
900659,610210,FILM,0.5,HIGH
900659,610220,OTHER PHOTOGRAPHIC SUPPLIES,0.25,MEDIUM
900659,610230,PHOTOGRAPHIC EQUIPMENT,0.25,MEDIUM
900661,610220,OTHER PHOTOGRAPHIC SUPPLIES,0.5,MEDIUM-LOW
900661,610230,PHOTOGRAPHIC EQUIPMENT,0.5,MEDIUM-LOW
900669,610220,OTHER PHOTOGRAPHIC SUPPLIES,0.5,MEDIUM
900669,610230,PHOTOGRAPHIC EQUIPMENT,0.5,MEDIUM
900691,610220,OTHER PHOTOGRAPHIC SUPPLIES,0.5,MEDIUM
900691,610230,PHOTOGRAPHIC EQUIPMENT,0.5,MEDIUM
900699,610220,OTHER PHOTOGRAPHIC SUPPLIES,0.5,MEDIUM-LOW
900699,610230,PHOTOGRAPHIC EQUIPMENT,0.5,MEDIUM-LOW
900710,310331,MISCELLANEOUS SOUND EQUIPMENT,1.0,MEDIUM-LOW
900720,610210,FILM,0.6893,MEDIUM-HIGH
900720,310331,MISCELLANEOUS SOUND EQUIPMENT,0.3107,MEDIUM-LOW
900791,610130,MUSICAL INSTRUMENTS AND ACCESSORIES,0.1484,MEDIUM-LOW
900791,310332,SOUND EQUIPMENT ACCESSORIES,0.1484,MEDIUM-LOW
900791,380901,WOMEN''S ACCESSORIES,0.1406,MEDIUM-LOW
900791,360330,MEN''S ACCESSORIES,0.1406,MEDIUM-LOW
900791,390322,GIRLS'' ACCESSORIES,0.1406,MEDIUM-LOW
900791,370220,BOYS'' ACCESSORIES,0.1406,MEDIUM-LOW
900791,410901,INFANT ACCESSORIES,0.1406,MEDIUM-LOW
900792,610130,MUSICAL INSTRUMENTS AND ACCESSORIES,0.1484,MEDIUM-LOW
900792,310332,SOUND EQUIPMENT ACCESSORIES,0.1484,MEDIUM-LOW
900792,380901,WOMEN''S ACCESSORIES,0.1406,MEDIUM-LOW
900792,360330,MEN''S ACCESSORIES,0.1406,MEDIUM-LOW
900792,390322,GIRLS'' ACCESSORIES,0.1406,MEDIUM-LOW
900792,370220,BOYS'' ACCESSORIES,0.1406,MEDIUM-LOW
900792,410901,INFANT ACCESSORIES,0.1406,MEDIUM-LOW
900850,610220,OTHER PHOTOGRAPHIC SUPPLIES,0.5,MEDIUM
900850,610230,PHOTOGRAPHIC EQUIPMENT,0.5,MEDIUM
900890,610220,OTHER PHOTOGRAPHIC SUPPLIES,0.5,MEDIUM-LOW
900890,610230,PHOTOGRAPHIC EQUIPMENT,0.5,MEDIUM-LOW
901010,610230,PHOTOGRAPHIC EQUIPMENT,0.2531,HIGH
901010,610210,FILM,0.2408,MEDIUM-HIGH
901010,310331,MISCELLANEOUS SOUND EQUIPMENT,0.1265,MEDIUM-LOW
901010,310335,MISCELLANEOUS VIDEO EQUIPMENT,0.1265,MEDIUM-LOW
901010,610120,PLAYGROUND EQUIPMENT,0.1265,MEDIUM-LOW
901010,610220,OTHER PHOTOGRAPHIC SUPPLIES,0.1265,MEDIUM-LOW
901050,610210,FILM,0.3536,MEDIUM-HIGH
901050,610230,PHOTOGRAPHIC EQUIPMENT,0.198,MEDIUM
901050,610220,OTHER PHOTOGRAPHIC SUPPLIES,0.1801,MEDIUM
901050,310331,MISCELLANEOUS SOUND EQUIPMENT,0.0894,MEDIUM
901050,310335,MISCELLANEOUS VIDEO EQUIPMENT,0.0894,MEDIUM
901050,610120,PLAYGROUND EQUIPMENT,0.0894,MEDIUM
901090,610210,FILM,0.2066,MEDIUM-HIGH
901090,610230,PHOTOGRAPHIC EQUIPMENT,0.113,HIGH
901090,310332,SOUND EQUIPMENT ACCESSORIES,0.0772,MEDIUM-HIGH
901090,610220,OTHER PHOTOGRAPHIC SUPPLIES,0.0701,MEDIUM-LOW
901090,610130,MUSICAL INSTRUMENTS AND ACCESSORIES,0.063,MEDIUM-LOW
901090,380901,WOMEN''S ACCESSORIES,0.0597,MEDIUM-LOW
901090,360330,MEN''S ACCESSORIES,0.0597,MEDIUM-LOW
901090,390322,GIRLS'' ACCESSORIES,0.0597,MEDIUM-LOW
901090,370220,BOYS'' ACCESSORIES,0.0597,MEDIUM-LOW
901090,410901,INFANT ACCESSORIES,0.0597,MEDIUM-LOW
901090,310331,MISCELLANEOUS SOUND EQUIPMENT,0.0571,MEDIUM-LOW
901090,310335,MISCELLANEOUS VIDEO EQUIPMENT,0.0571,MEDIUM-LOW
901090,610120,PLAYGROUND EQUIPMENT,0.0571,MEDIUM-LOW
901380,310335,MISCELLANEOUS VIDEO EQUIPMENT,1.0,MEDIUM-LOW
901390,610130,MUSICAL INSTRUMENTS AND ACCESSORIES,1.0,MEDIUM
901490,610130,MUSICAL INSTRUMENTS AND ACCESSORIES,1.0,MEDIUM
901590,610130,MUSICAL INSTRUMENTS AND ACCESSORIES,0.4028,MEDIUM-LOW
901590,310332,SOUND EQUIPMENT ACCESSORIES,0.1041,MEDIUM-LOW
901590,380901,WOMEN''S ACCESSORIES,0.0986,MEDIUM-LOW
901590,360330,MEN''S ACCESSORIES,0.0986,MEDIUM-LOW
901590,390322,GIRLS'' ACCESSORIES,0.0986,MEDIUM-LOW
901590,370220,BOYS'' ACCESSORIES,0.0986,MEDIUM-LOW
901590,410901,INFANT ACCESSORIES,0.0986,MEDIUM-LOW
901790,610130,MUSICAL INSTRUMENTS AND ACCESSORIES,0.284,MEDIUM-LOW
901790,310332,SOUND EQUIPMENT ACCESSORIES,0.1248,MEDIUM-LOW
901790,380901,WOMEN''S ACCESSORIES,0.1182,MEDIUM-LOW
901790,360330,MEN''S ACCESSORIES,0.1182,MEDIUM-LOW
901790,390322,GIRLS'' ACCESSORIES,0.1182,MEDIUM-LOW
901790,370220,BOYS'' ACCESSORIES,0.1182,MEDIUM-LOW
901790,410901,INFANT ACCESSORIES,0.1182,MEDIUM-LOW
901811,610130,MUSICAL INSTRUMENTS AND ACCESSORIES,0.1484,MEDIUM-LOW
901811,310332,SOUND EQUIPMENT ACCESSORIES,0.1484,MEDIUM-LOW
901811,380901,WOMEN''S ACCESSORIES,0.1406,MEDIUM-LOW
901811,360330,MEN''S ACCESSORIES,0.1406,MEDIUM-LOW
901811,390322,GIRLS'' ACCESSORIES,0.1406,MEDIUM-LOW
901811,370220,BOYS'' ACCESSORIES,0.1406,MEDIUM-LOW
901811,410901,INFANT ACCESSORIES,0.1406,MEDIUM-LOW
901814,550320,MEDICAL EQUIPMENT FOR GENERAL USE,1.0,MEDIUM
901819,550320,MEDICAL EQUIPMENT FOR GENERAL USE,1.0,MEDIUM
901841,310332,SOUND EQUIPMENT ACCESSORIES,0.218,MEDIUM
901841,320902,HAND TOOLS,0.161,MEDIUM-LOW
901841,310331,MISCELLANEOUS SOUND EQUIPMENT,0.1552,MEDIUM-LOW
901841,310335,MISCELLANEOUS VIDEO EQUIPMENT,0.1552,MEDIUM-LOW
901841,610120,PLAYGROUND EQUIPMENT,0.1552,MEDIUM-LOW
901841,610230,PHOTOGRAPHIC EQUIPMENT,0.1552,MEDIUM-LOW
901849,610130,MUSICAL INSTRUMENTS AND ACCESSORIES,0.6733,MEDIUM-HIGH
901849,320902,HAND TOOLS,0.3267,MEDIUM-LOW
901850,610130,MUSICAL INSTRUMENTS AND ACCESSORIES,1.0,MEDIUM-HIGH
901890,610130,MUSICAL INSTRUMENTS AND ACCESSORIES,0.5154,MEDIUM-HIGH
901890,310332,SOUND EQUIPMENT ACCESSORIES,0.0845,MEDIUM-LOW
901890,380901,WOMEN''S ACCESSORIES,0.08,MEDIUM-LOW
901890,360330,MEN''S ACCESSORIES,0.08,MEDIUM-LOW
901890,390322,GIRLS'' ACCESSORIES,0.08,MEDIUM-LOW
901890,370220,BOYS'' ACCESSORIES,0.08,MEDIUM-LOW
901890,410901,INFANT ACCESSORIES,0.08,MEDIUM-LOW
902140,550340,HEARING AIDS,1.0,HIGH
902190,550340,HEARING AIDS,1.0,HIGH
902214,550320,MEDICAL EQUIPMENT FOR GENERAL USE,1.0,MEDIUM
902219,550320,MEDICAL EQUIPMENT FOR GENERAL USE,1.0,MEDIUM
902221,550320,MEDICAL EQUIPMENT FOR GENERAL USE,1.0,MEDIUM
902300,610130,MUSICAL INSTRUMENTS AND ACCESSORIES,1.0,MEDIUM
902590,610130,MUSICAL INSTRUMENTS AND ACCESSORIES,1.0,MEDIUM
902690,610130,MUSICAL INSTRUMENTS AND ACCESSORIES,1.0,MEDIUM
902790,610130,MUSICAL INSTRUMENTS AND ACCESSORIES,0.4706,MEDIUM-HIGH
902790,310332,SOUND EQUIPMENT ACCESSORIES,0.0923,MEDIUM-LOW
902790,380901,WOMEN''S ACCESSORIES,0.0874,MEDIUM-LOW
902790,360330,MEN''S ACCESSORIES,0.0874,MEDIUM-LOW
902790,390322,GIRLS'' ACCESSORIES,0.0874,MEDIUM-LOW
902790,370220,BOYS'' ACCESSORIES,0.0874,MEDIUM-LOW
902790,410901,INFANT ACCESSORIES,0.0874,MEDIUM-LOW
902920,600310,BICYCLES,1.0,MEDIUM
902990,600310,BICYCLES,0.5001,MEDIUM
902990,610130,MUSICAL INSTRUMENTS AND ACCESSORIES,0.0742,MEDIUM-LOW
902990,310332,SOUND EQUIPMENT ACCESSORIES,0.0742,MEDIUM-LOW
902990,380901,WOMEN''S ACCESSORIES,0.0703,MEDIUM-LOW
902990,360330,MEN''S ACCESSORIES,0.0703,MEDIUM-LOW
902990,390322,GIRLS'' ACCESSORIES,0.0703,MEDIUM-LOW
902990,370220,BOYS'' ACCESSORIES,0.0703,MEDIUM-LOW
902990,410901,INFANT ACCESSORIES,0.0703,MEDIUM-LOW
903090,610130,MUSICAL INSTRUMENTS AND ACCESSORIES,0.1484,MEDIUM-LOW
903090,310332,SOUND EQUIPMENT ACCESSORIES,0.1484,MEDIUM-LOW
903090,380901,WOMEN''S ACCESSORIES,0.1406,MEDIUM-LOW
903090,360330,MEN''S ACCESSORIES,0.1406,MEDIUM-LOW
903090,390322,GIRLS'' ACCESSORIES,0.1406,MEDIUM-LOW
903090,370220,BOYS'' ACCESSORIES,0.1406,MEDIUM-LOW
903090,410901,INFANT ACCESSORIES,0.1406,MEDIUM-LOW
903180,310331,MISCELLANEOUS SOUND EQUIPMENT,0.25,MEDIUM-LOW
903180,310335,MISCELLANEOUS VIDEO EQUIPMENT,0.25,MEDIUM-LOW
903180,610120,PLAYGROUND EQUIPMENT,0.25,MEDIUM-LOW
903180,610230,PHOTOGRAPHIC EQUIPMENT,0.25,MEDIUM-LOW
903190,610130,MUSICAL INSTRUMENTS AND ACCESSORIES,0.5078,MEDIUM
903190,310332,SOUND EQUIPMENT ACCESSORIES,0.0858,MEDIUM-LOW
903190,380901,WOMEN''S ACCESSORIES,0.0813,MEDIUM-LOW
903190,360330,MEN''S ACCESSORIES,0.0813,MEDIUM-LOW
903190,390322,GIRLS'' ACCESSORIES,0.0813,MEDIUM-LOW
903190,370220,BOYS'' ACCESSORIES,0.0813,MEDIUM-LOW
903190,410901,INFANT ACCESSORIES,0.0813,MEDIUM-LOW
903290,610130,MUSICAL INSTRUMENTS AND ACCESSORIES,0.4364,MEDIUM-HIGH
903290,310332,SOUND EQUIPMENT ACCESSORIES,0.0982,MEDIUM-LOW
903290,380901,WOMEN''S ACCESSORIES,0.0931,MEDIUM-LOW
903290,360330,MEN''S ACCESSORIES,0.0931,MEDIUM-LOW
903290,390322,GIRLS'' ACCESSORIES,0.0931,MEDIUM-LOW
903290,370220,BOYS'' ACCESSORIES,0.0931,MEDIUM-LOW
903290,410901,INFANT ACCESSORIES,0.0931,MEDIUM-LOW
903300,610130,MUSICAL INSTRUMENTS AND ACCESSORIES,1.0,MEDIUM
910111,430110,WATCHES,1.0,MEDIUM-HIGH
910119,430110,WATCHES,1.0,MEDIUM-HIGH
910121,430110,WATCHES,1.0,MEDIUM-HIGH
910129,430110,WATCHES,1.0,MEDIUM-HIGH
910191,430110,WATCHES,1.0,HIGH
910199,430110,WATCHES,1.0,MEDIUM-HIGH
910211,430110,WATCHES,1.0,MEDIUM-HIGH
910212,430110,WATCHES,1.0,MEDIUM-HIGH
910219,430110,WATCHES,1.0,MEDIUM-HIGH
910221,430110,WATCHES,1.0,MEDIUM-HIGH
910229,430110,WATCHES,1.0,MEDIUM-HIGH
910291,430110,WATCHES,1.0,MEDIUM-HIGH
910299,430110,WATCHES,1.0,MEDIUM-HIGH
910690,220901,PARKING,0.5,MEDIUM-LOW
910690,220902,PARKING,0.5,MEDIUM-LOW
911011,430110,WATCHES,1.0,MEDIUM-HIGH
911012,430110,WATCHES,1.0,HIGH
911019,430110,WATCHES,1.0,HIGH
911190,430110,WATCHES,1.0,HIGH
911410,430110,WATCHES,1.0,HIGH
911440,430110,WATCHES,1.0,HIGH
911490,430110,WATCHES,1.0,HIGH
920991,380901,WOMEN''S ACCESSORIES,0.2,MEDIUM-LOW
920991,360330,MEN''S ACCESSORIES,0.2,MEDIUM-LOW
920991,390322,GIRLS'' ACCESSORIES,0.2,MEDIUM-LOW
920991,370220,BOYS'' ACCESSORIES,0.2,MEDIUM-LOW
920991,410901,INFANT ACCESSORIES,0.2,MEDIUM-LOW
920992,610130,MUSICAL INSTRUMENTS AND ACCESSORIES,1.0,MEDIUM
920994,610130,MUSICAL INSTRUMENTS AND ACCESSORIES,1.0,MEDIUM
920999,610130,MUSICAL INSTRUMENTS AND ACCESSORIES,0.5,MEDIUM
920999,380901,WOMEN''S ACCESSORIES,0.1,MEDIUM-LOW
920999,360330,MEN''S ACCESSORIES,0.1,MEDIUM-LOW
920999,390322,GIRLS'' ACCESSORIES,0.1,MEDIUM-LOW
920999,370220,BOYS'' ACCESSORIES,0.1,MEDIUM-LOW
920999,410901,INFANT ACCESSORIES,0.1,MEDIUM-LOW
930330,320430,OTHER HARDWARE,1.0,MEDIUM-LOW
930520,610130,MUSICAL INSTRUMENTS AND ACCESSORIES,0.1742,MEDIUM-LOW
930520,380901,WOMEN''S ACCESSORIES,0.1652,MEDIUM-LOW
930520,360330,MEN''S ACCESSORIES,0.1652,MEDIUM-LOW
930520,390322,GIRLS'' ACCESSORIES,0.1652,MEDIUM-LOW
930520,370220,BOYS'' ACCESSORIES,0.1652,MEDIUM-LOW
930520,410901,INFANT ACCESSORIES,0.1652,MEDIUM-LOW
930599,610130,MUSICAL INSTRUMENTS AND ACCESSORIES,0.1742,MEDIUM-LOW
930599,380901,WOMEN''S ACCESSORIES,0.1652,MEDIUM-LOW
930599,360330,MEN''S ACCESSORIES,0.1652,MEDIUM-LOW
930599,390322,GIRLS'' ACCESSORIES,0.1652,MEDIUM-LOW
930599,370220,BOYS'' ACCESSORIES,0.1652,MEDIUM-LOW
930599,410901,INFANT ACCESSORIES,0.1652,MEDIUM-LOW
930630,320430,OTHER HARDWARE,1.0,MEDIUM-LOW
940110,460903,USED AIRCRAFT,0.5,MEDIUM-LOW
940110,450900,NEW AIRCRAFT,0.5,MEDIUM-LOW
940130,300900,MISCELLANEOUS HOUSEHOLD APPLIANCES,0.5,MEDIUM-LOW
940130,320905,MISCELLANEOUS HOUSEHOLD EQUIPMENT AND PARTS,0.5,MEDIUM-LOW
940140,320130,INFANTS'' EQUIPMENT,0.1217,HIGH
940140,320410,LAWN AND GARDEN EQUIPMENT,0.0979,MEDIUM-HIGH
940140,320150,OUTDOOR EQUIPMENT,0.0752,MEDIUM
940140,320905,MISCELLANEOUS HOUSEHOLD EQUIPMENT AND PARTS,0.0752,MEDIUM
940140,600410,CAMPING EQUIPMENT,0.0644,MEDIUM
940140,320140,LAUNDRY AND CLEANING EQUIPMENT,0.0597,MEDIUM
940140,240123,TOOLS AND EQUIPMENT FOR PAINTING AND,0.0597,MEDIUM
940140,240213,MATERIALS AND EQUIPMENT FOR ROOF AND GUTTERS,0.0597,MEDIUM
940140,240311,PLUMBING SUPPLIES AND EQUIPMENT,0.0597,MEDIUM
940140,240312,PLUMBING SUPPLIES AND EQUIPMENT,0.0597,MEDIUM
940140,240313,PLUMBING SUPPLIES AND EQUIPMENT,0.0597,MEDIUM
940140,320511,ELECTRIC FLOOR CLEANING EQUIPMENT,0.0519,MEDIUM-LOW
940140,320522,PORTABLE HEATING AND COOLING EQUIPMENT,0.0519,MEDIUM-LOW
940140,240121,TOOLS AND EQUIPMENT FOR PAINTING AND WALLPAPERIN,0.0519,MEDIUM-LOW
940140,240122,TOOLS AND EQUIPMENT FOR PAINTING AND WALLPAPERIN,0.0519,MEDIUM-LOW
940161,300900,MISCELLANEOUS HOUSEHOLD APPLIANCES,0.5,MEDIUM-LOW
940161,320905,MISCELLANEOUS HOUSEHOLD EQUIPMENT AND PARTS,0.5,MEDIUM-LOW
940169,300900,MISCELLANEOUS HOUSEHOLD APPLIANCES,0.5,MEDIUM-LOW
940169,320905,MISCELLANEOUS HOUSEHOLD EQUIPMENT AND PARTS,0.5,MEDIUM-LOW
940171,300900,MISCELLANEOUS HOUSEHOLD APPLIANCES,0.5,MEDIUM-LOW
940171,320905,MISCELLANEOUS HOUSEHOLD EQUIPMENT AND PARTS,0.5,MEDIUM-LOW
940179,290430,OUTDOOR FURNITURE,0.2647,MEDIUM-LOW
940179,320150,OUTDOOR EQUIPMENT,0.2647,MEDIUM-LOW
940179,300900,MISCELLANEOUS HOUSEHOLD APPLIANCES,0.2353,MEDIUM-LOW
940179,320905,MISCELLANEOUS HOUSEHOLD EQUIPMENT AND PARTS,0.2353,MEDIUM-LOW
940180,290430,OUTDOOR FURNITURE,0.2055,MEDIUM-LOW
940180,320150,OUTDOOR EQUIPMENT,0.2055,MEDIUM-LOW
940180,300900,MISCELLANEOUS HOUSEHOLD APPLIANCES,0.1759,MEDIUM-LOW
940180,320905,MISCELLANEOUS HOUSEHOLD EQUIPMENT AND PARTS,0.1759,MEDIUM-LOW
940180,320233,CLOCKS AND OTHER HOUSEHOLD DECORATIVE ITEMS,0.1218,MEDIUM-LOW
940180,330510,MISCELLANEOUS HOUSEHOLD PRODUCTS,0.1154,MEDIUM-LOW
940290,290420,INFANTS'' FURNITURE,0.4768,HIGH
940290,290120,OTHER BEDROOM FURNITURE,0.2616,MEDIUM-LOW
940290,290430,OUTDOOR FURNITURE,0.2616,MEDIUM-LOW
940310,290420,INFANTS'' FURNITURE,0.3646,HIGH
940310,290440,"WALL UNITS, CABINETS AND OTHER OCCASIONAL FURNITURE",0.2354,MEDIUM
940310,290120,OTHER BEDROOM FURNITURE,0.2,MEDIUM-LOW
940310,290430,OUTDOOR FURNITURE,0.2,MEDIUM-LOW
940320,290110,MATTRESS AND SPRINGS,0.4695,MEDIUM
940320,290420,INFANTS'' FURNITURE,0.1376,HIGH
940320,320901,OFFICE FURNITURE FOR HOME USE,0.0813,MEDIUM
940320,300900,MISCELLANEOUS HOUSEHOLD APPLIANCES,0.0779,MEDIUM
940320,320905,MISCELLANEOUS HOUSEHOLD EQUIPMENT AND PARTS,0.0779,MEDIUM
940320,290120,OTHER BEDROOM FURNITURE,0.0779,MEDIUM
940320,290430,OUTDOOR FURNITURE,0.0779,MEDIUM
940330,290420,INFANTS'' FURNITURE,0.4671,HIGH
940330,290120,OTHER BEDROOM FURNITURE,0.2665,MEDIUM
940330,290430,OUTDOOR FURNITURE,0.2665,MEDIUM
940340,290410,"KITCHEN, DINING ROOM FURNITURE",0.2975,MEDIUM
940340,290420,INFANTS'' FURNITURE,0.2644,HIGH
940340,290120,OTHER BEDROOM FURNITURE,0.1476,MEDIUM
940340,290430,OUTDOOR FURNITURE,0.1476,MEDIUM
940340,320901,OFFICE FURNITURE FOR HOME USE,0.143,MEDIUM
940350,290120,OTHER BEDROOM FURNITURE,0.3494,HIGH
940350,290420,INFANTS'' FURNITURE,0.3104,HIGH
940350,290430,OUTDOOR FURNITURE,0.1747,MEDIUM
940350,320901,OFFICE FURNITURE FOR HOME USE,0.1655,MEDIUM
940360,290420,INFANTS'' FURNITURE,0.3652,HIGH
940360,290120,OTHER BEDROOM FURNITURE,0.2149,MEDIUM
940360,290430,OUTDOOR FURNITURE,0.2149,MEDIUM
940360,290410,"KITCHEN, DINING ROOM FURNITURE",0.2051,MEDIUM
940370,290420,INFANTS'' FURNITURE,0.2638,HIGH
940370,320901,OFFICE FURNITURE FOR HOME USE,0.1927,MEDIUM-HIGH
940370,290120,OTHER BEDROOM FURNITURE,0.1521,MEDIUM
940370,290430,OUTDOOR FURNITURE,0.1521,MEDIUM
940370,300900,MISCELLANEOUS HOUSEHOLD APPLIANCES,0.1196,MEDIUM-LOW
940370,320905,MISCELLANEOUS HOUSEHOLD EQUIPMENT AND PARTS,0.1196,MEDIUM-LOW
940381,290420,INFANTS'' FURNITURE,0.3354,HIGH
940381,290120,OTHER BEDROOM FURNITURE,0.1919,MEDIUM
940381,290430,OUTDOOR FURNITURE,0.1919,MEDIUM
940381,300900,MISCELLANEOUS HOUSEHOLD APPLIANCES,0.1404,MEDIUM
940381,320905,MISCELLANEOUS HOUSEHOLD EQUIPMENT AND PARTS,0.1404,MEDIUM
940382,290420,INFANTS'' FURNITURE,0.3264,HIGH
940382,290120,OTHER BEDROOM FURNITURE,0.1954,MEDIUM
940382,290430,OUTDOOR FURNITURE,0.1954,MEDIUM
940382,300900,MISCELLANEOUS HOUSEHOLD APPLIANCES,0.1414,MEDIUM
940382,320905,MISCELLANEOUS HOUSEHOLD EQUIPMENT AND PARTS,0.1414,MEDIUM
940383,290420,INFANTS'' FURNITURE,0.3264,HIGH
940383,290120,OTHER BEDROOM FURNITURE,0.1954,MEDIUM
940383,290430,OUTDOOR FURNITURE,0.1954,MEDIUM
940383,300900,MISCELLANEOUS HOUSEHOLD APPLIANCES,0.1414,MEDIUM
940383,320905,MISCELLANEOUS HOUSEHOLD EQUIPMENT AND PARTS,0.1414,MEDIUM
940389,290420,INFANTS'' FURNITURE,0.2095,HIGH
940389,290120,OTHER BEDROOM FURNITURE,0.1207,MEDIUM
940389,290430,OUTDOOR FURNITURE,0.1207,MEDIUM
940389,300900,MISCELLANEOUS HOUSEHOLD APPLIANCES,0.0928,MEDIUM-LOW
940389,320905,MISCELLANEOUS HOUSEHOLD EQUIPMENT AND PARTS,0.0928,MEDIUM-LOW
940389,320901,OFFICE FURNITURE FOR HOME USE,0.0788,MEDIUM
940389,290410,"KITCHEN, DINING ROOM FURNITURE",0.0788,MEDIUM
940389,290440,"WALL UNITS, CABINETS AND OTHER OCCASIONAL FURNITURE",0.0788,MEDIUM
940389,320233,CLOCKS AND OTHER HOUSEHOLD DECORATIVE ITEMS,0.0653,MEDIUM-LOW
940389,330510,MISCELLANEOUS HOUSEHOLD PRODUCTS,0.0619,MEDIUM-LOW
940390,290420,INFANTS'' FURNITURE,0.3265,HIGH
940390,290120,OTHER BEDROOM FURNITURE,0.1899,MEDIUM
940390,290430,OUTDOOR FURNITURE,0.1899,MEDIUM
940390,320901,OFFICE FURNITURE FOR HOME USE,0.0979,MEDIUM
940390,290410,"KITCHEN, DINING ROOM FURNITURE",0.0979,MEDIUM
940390,290440,"WALL UNITS, CABINETS AND OTHER OCCASIONAL FURNITURE",0.0979,MEDIUM
940410,290110,MATTRESS AND SPRINGS,1.0,MEDIUM-HIGH
940421,290110,MATTRESS AND SPRINGS,1.0,MEDIUM
940429,290110,MATTRESS AND SPRINGS,1.0,MEDIUM
940490,290110,MATTRESS AND SPRINGS,1.0,MEDIUM-HIGH
940510,300900,MISCELLANEOUS HOUSEHOLD APPLIANCES,0.5,MEDIUM-LOW
940510,320905,MISCELLANEOUS HOUSEHOLD EQUIPMENT AND PARTS,0.5,MEDIUM-LOW
940520,290320,LIVING ROOM TABLES,0.3259,MEDIUM
940520,300900,MISCELLANEOUS HOUSEHOLD APPLIANCES,0.2335,MEDIUM-LOW
940520,320905,MISCELLANEOUS HOUSEHOLD EQUIPMENT AND PARTS,0.2335,MEDIUM-LOW
940520,320511,ELECTRIC FLOOR CLEANING EQUIPMENT,0.207,MEDIUM
940540,320221,"LAMPS, LIGHTING FIXTURES, CEILING FANS",1.0,MEDIUM
940550,320221,"LAMPS, LIGHTING FIXTURES, CEILING FANS",0.5,MEDIUM-LOW
940550,470111,GASOLINE,0.5,MEDIUM-LOW
940591,320221,"LAMPS, LIGHTING FIXTURES, CEILING FANS",1.0,MEDIUM
940599,320221,"LAMPS, LIGHTING FIXTURES, CEILING FANS",1.0,MEDIUM
950300,480213,"PARTS, EQUIPMENT, AND ACCESSORIES",1.0,MEDIUM-LOW
950420,480213,"PARTS, EQUIPMENT, AND ACCESSORIES",0.4194,MEDIUM
950420,610130,MUSICAL INSTRUMENTS AND ACCESSORIES,0.1011,MEDIUM-LOW
950420,380901,WOMEN''S ACCESSORIES,0.0959,MEDIUM-LOW
950420,360330,MEN''S ACCESSORIES,0.0959,MEDIUM-LOW
950420,390322,GIRLS'' ACCESSORIES,0.0959,MEDIUM-LOW
950420,370220,BOYS'' ACCESSORIES,0.0959,MEDIUM-LOW
950420,410901,INFANT ACCESSORIES,0.0959,MEDIUM-LOW
950430,480213,"PARTS, EQUIPMENT, AND ACCESSORIES",0.4117,MEDIUM-LOW
950430,600410,CAMPING EQUIPMENT,0.1177,MEDIUM-LOW
950430,600901,WATER SPORTS EQUIPMENT,0.1177,MEDIUM-LOW
950430,600902,OTHER SPORTS EQUIPMENT,0.1177,MEDIUM-LOW
950430,610120,PLAYGROUND EQUIPMENT,0.1177,MEDIUM-LOW
950430,610230,PHOTOGRAPHIC EQUIPMENT,0.1177,MEDIUM-LOW
950450,480213,"PARTS, EQUIPMENT, AND ACCESSORIES",1.0,MEDIUM-LOW
950490,480213,"PARTS, EQUIPMENT, AND ACCESSORIES",0.5161,MEDIUM-LOW
950490,600410,CAMPING EQUIPMENT,0.0968,MEDIUM
950490,600901,WATER SPORTS EQUIPMENT,0.0968,MEDIUM
950490,600902,OTHER SPORTS EQUIPMENT,0.0968,MEDIUM
950490,610120,PLAYGROUND EQUIPMENT,0.0968,MEDIUM
950490,610230,PHOTOGRAPHIC EQUIPMENT,0.0968,MEDIUM
950510,480213,"PARTS, EQUIPMENT, AND ACCESSORIES",1.0,MEDIUM
950590,480213,"PARTS, EQUIPMENT, AND ACCESSORIES",1.0,MEDIUM-LOW
950611,600901,WATER SPORTS EQUIPMENT,0.1607,HIGH
950611,600902,OTHER SPORTS EQUIPMENT,0.1607,HIGH
950611,480213,"PARTS, EQUIPMENT, AND ACCESSORIES",0.1607,HIGH
950611,600430,WINTER SPORTS EQUIPMENT,0.1207,MEDIUM-HIGH
950611,600410,CAMPING EQUIPMENT,0.0877,MEDIUM
950611,610120,PLAYGROUND EQUIPMENT,0.0877,MEDIUM
950611,610230,PHOTOGRAPHIC EQUIPMENT,0.0877,MEDIUM
950611,600420,HUNTING AND FISHING EQUIPMENT,0.0677,MEDIUM-LOW
950611,320130,INFANTS'' EQUIPMENT,0.0665,MEDIUM-LOW
950612,600901,WATER SPORTS EQUIPMENT,0.1608,HIGH
950612,600902,OTHER SPORTS EQUIPMENT,0.1608,HIGH
950612,480213,"PARTS, EQUIPMENT, AND ACCESSORIES",0.1608,HIGH
950612,600430,WINTER SPORTS EQUIPMENT,0.1208,MEDIUM-HIGH
950612,600410,CAMPING EQUIPMENT,0.0876,MEDIUM
950612,610120,PLAYGROUND EQUIPMENT,0.0876,MEDIUM
950612,610230,PHOTOGRAPHIC EQUIPMENT,0.0876,MEDIUM
950612,600420,HUNTING AND FISHING EQUIPMENT,0.0676,MEDIUM-LOW
950612,320130,INFANTS'' EQUIPMENT,0.0664,MEDIUM-LOW
950619,600901,WATER SPORTS EQUIPMENT,0.1605,HIGH
950619,600902,OTHER SPORTS EQUIPMENT,0.1605,HIGH
950619,480213,"PARTS, EQUIPMENT, AND ACCESSORIES",0.1431,HIGH
950619,600430,WINTER SPORTS EQUIPMENT,0.1224,HIGH
950619,600410,CAMPING EQUIPMENT,0.0914,MEDIUM
950619,610120,PLAYGROUND EQUIPMENT,0.0914,MEDIUM
950619,610230,PHOTOGRAPHIC EQUIPMENT,0.0914,MEDIUM
950619,600420,HUNTING AND FISHING EQUIPMENT,0.0724,MEDIUM
950619,320130,INFANTS'' EQUIPMENT,0.0668,MEDIUM-LOW
950621,480213,"PARTS, EQUIPMENT, AND ACCESSORIES",0.4194,MEDIUM
950621,610130,MUSICAL INSTRUMENTS AND ACCESSORIES,0.1011,MEDIUM-LOW
950621,380901,WOMEN''S ACCESSORIES,0.0959,MEDIUM-LOW
950621,360330,MEN''S ACCESSORIES,0.0959,MEDIUM-LOW
950621,390322,GIRLS'' ACCESSORIES,0.0959,MEDIUM-LOW
950621,370220,BOYS'' ACCESSORIES,0.0959,MEDIUM-LOW
950621,410901,INFANT ACCESSORIES,0.0959,MEDIUM-LOW
950629,480213,"PARTS, EQUIPMENT, AND ACCESSORIES",0.2856,HIGH
950629,600410,CAMPING EQUIPMENT,0.1429,MEDIUM-LOW
950629,600901,WATER SPORTS EQUIPMENT,0.1429,MEDIUM-LOW
950629,600902,OTHER SPORTS EQUIPMENT,0.1429,MEDIUM-LOW
950629,610120,PLAYGROUND EQUIPMENT,0.1429,MEDIUM-LOW
950629,610230,PHOTOGRAPHIC EQUIPMENT,0.1429,MEDIUM-LOW
950631,600901,WATER SPORTS EQUIPMENT,0.1776,HIGH
950631,600902,OTHER SPORTS EQUIPMENT,0.1776,HIGH
950631,600430,WINTER SPORTS EQUIPMENT,0.1357,HIGH
950631,600410,CAMPING EQUIPMENT,0.0921,MEDIUM
950631,610120,PLAYGROUND EQUIPMENT,0.0921,MEDIUM
950631,610230,PHOTOGRAPHIC EQUIPMENT,0.0921,MEDIUM
950631,480213,"PARTS, EQUIPMENT, AND ACCESSORIES",0.0921,MEDIUM
950631,600420,HUNTING AND FISHING EQUIPMENT,0.0711,MEDIUM-LOW
950631,320130,INFANTS'' EQUIPMENT,0.0698,MEDIUM-LOW
950632,600901,WATER SPORTS EQUIPMENT,0.1828,HIGH
950632,600902,OTHER SPORTS EQUIPMENT,0.1828,HIGH
950632,600430,WINTER SPORTS EQUIPMENT,0.1421,HIGH
950632,600410,CAMPING EQUIPMENT,0.089,MEDIUM
950632,610120,PLAYGROUND EQUIPMENT,0.089,MEDIUM
950632,610230,PHOTOGRAPHIC EQUIPMENT,0.089,MEDIUM
950632,480213,"PARTS, EQUIPMENT, AND ACCESSORIES",0.089,MEDIUM
950632,600420,HUNTING AND FISHING EQUIPMENT,0.0687,MEDIUM-LOW
950632,320130,INFANTS'' EQUIPMENT,0.0675,MEDIUM-LOW
950639,600901,WATER SPORTS EQUIPMENT,0.1697,HIGH
950639,600902,OTHER SPORTS EQUIPMENT,0.1697,HIGH
950639,600430,WINTER SPORTS EQUIPMENT,0.132,HIGH
950639,480213,"PARTS, EQUIPMENT, AND ACCESSORIES",0.1228,MEDIUM
950639,600410,CAMPING EQUIPMENT,0.0897,MEDIUM
950639,610120,PLAYGROUND EQUIPMENT,0.0897,MEDIUM
950639,610230,PHOTOGRAPHIC EQUIPMENT,0.0897,MEDIUM
950639,600420,HUNTING AND FISHING EQUIPMENT,0.0709,MEDIUM-LOW
950639,320130,INFANTS'' EQUIPMENT,0.0659,MEDIUM-LOW
950640,600901,WATER SPORTS EQUIPMENT,0.1443,HIGH
950640,600902,OTHER SPORTS EQUIPMENT,0.1443,HIGH
950640,480213,"PARTS, EQUIPMENT, AND ACCESSORIES",0.1443,HIGH
950640,600430,WINTER SPORTS EQUIPMENT,0.1111,HIGH
950640,600410,CAMPING EQUIPMENT,0.0837,MEDIUM
950640,610120,PLAYGROUND EQUIPMENT,0.0837,MEDIUM
950640,610230,PHOTOGRAPHIC EQUIPMENT,0.0837,MEDIUM
950640,600210,"ATHLETIC GEAR, GAME TABLES, AND EXERCISE EQUIPMENT",0.0778,MEDIUM
950640,600420,HUNTING AND FISHING EQUIPMENT,0.067,MEDIUM
950640,320130,INFANTS'' EQUIPMENT,0.0601,MEDIUM-LOW
950651,600901,WATER SPORTS EQUIPMENT,0.1713,HIGH
950651,600902,OTHER SPORTS EQUIPMENT,0.1713,HIGH
950651,600430,WINTER SPORTS EQUIPMENT,0.1292,MEDIUM-HIGH
950651,480213,"PARTS, EQUIPMENT, AND ACCESSORIES",0.1109,MEDIUM
950651,600410,CAMPING EQUIPMENT,0.0921,MEDIUM
950651,610120,PLAYGROUND EQUIPMENT,0.0921,MEDIUM
950651,610230,PHOTOGRAPHIC EQUIPMENT,0.0921,MEDIUM
950651,600420,HUNTING AND FISHING EQUIPMENT,0.0711,MEDIUM-LOW
950651,320130,INFANTS'' EQUIPMENT,0.0698,MEDIUM-LOW
950659,480213,"PARTS, EQUIPMENT, AND ACCESSORIES",0.5,MEDIUM
950659,140110,FROZEN VEGETABLES,0.1,MEDIUM
950659,140230,CANNED MISCELLANEOUS VEGETABLES,0.1,MEDIUM
950659,140310,DRIED PROCESSED VEGETABLES,0.1,MEDIUM
950659,140340,DRIED MISCELLANEOUS VEGETABLES,0.1,MEDIUM
950659,120410,OTHER FRESH VEGETABLES,0.1,MEDIUM
950661,600901,WATER SPORTS EQUIPMENT,0.1776,HIGH
950661,600902,OTHER SPORTS EQUIPMENT,0.1776,HIGH
950661,600430,WINTER SPORTS EQUIPMENT,0.1357,HIGH
950661,600410,CAMPING EQUIPMENT,0.0921,MEDIUM
950661,610120,PLAYGROUND EQUIPMENT,0.0921,MEDIUM
950661,610230,PHOTOGRAPHIC EQUIPMENT,0.0921,MEDIUM
950661,480213,"PARTS, EQUIPMENT, AND ACCESSORIES",0.0921,MEDIUM
950661,600420,HUNTING AND FISHING EQUIPMENT,0.0711,MEDIUM-LOW
950661,320130,INFANTS'' EQUIPMENT,0.0698,MEDIUM-LOW
950662,600901,WATER SPORTS EQUIPMENT,0.1828,HIGH
950662,600902,OTHER SPORTS EQUIPMENT,0.1828,HIGH
950662,600430,WINTER SPORTS EQUIPMENT,0.1421,HIGH
950662,600410,CAMPING EQUIPMENT,0.089,MEDIUM
950662,610120,PLAYGROUND EQUIPMENT,0.089,MEDIUM
950662,610230,PHOTOGRAPHIC EQUIPMENT,0.089,MEDIUM
950662,480213,"PARTS, EQUIPMENT, AND ACCESSORIES",0.089,MEDIUM
950662,600420,HUNTING AND FISHING EQUIPMENT,0.0687,MEDIUM-LOW
950662,320130,INFANTS'' EQUIPMENT,0.0675,MEDIUM-LOW
950669,600901,WATER SPORTS EQUIPMENT,0.1684,HIGH
950669,600902,OTHER SPORTS EQUIPMENT,0.1684,HIGH
950669,600430,WINTER SPORTS EQUIPMENT,0.131,HIGH
950669,600410,CAMPING EQUIPMENT,0.082,MEDIUM
950669,610120,PLAYGROUND EQUIPMENT,0.082,MEDIUM
950669,610230,PHOTOGRAPHIC EQUIPMENT,0.082,MEDIUM
950669,480213,"PARTS, EQUIPMENT, AND ACCESSORIES",0.082,MEDIUM
950669,600210,"ATHLETIC GEAR, GAME TABLES, AND EXERCISE EQUIPMENT",0.0785,MEDIUM
950669,600420,HUNTING AND FISHING EQUIPMENT,0.0633,MEDIUM-LOW
950669,320130,INFANTS'' EQUIPMENT,0.0622,MEDIUM-LOW
950670,480213,"PARTS, EQUIPMENT, AND ACCESSORIES",1.0,MEDIUM
950691,480213,"PARTS, EQUIPMENT, AND ACCESSORIES",0.238,HIGH
950691,610120,PLAYGROUND EQUIPMENT,0.1781,HIGH
950691,600410,CAMPING EQUIPMENT,0.119,MEDIUM-LOW
950691,600901,WATER SPORTS EQUIPMENT,0.119,MEDIUM-LOW
950691,600902,OTHER SPORTS EQUIPMENT,0.119,MEDIUM-LOW
950691,610230,PHOTOGRAPHIC EQUIPMENT,0.119,MEDIUM-LOW
950691,600210,"ATHLETIC GEAR, GAME TABLES, AND EXERCISE EQUIPMENT",0.1081,MEDIUM-LOW
950699,480213,"PARTS, EQUIPMENT, AND ACCESSORIES",0.1895,HIGH
950699,600901,WATER SPORTS EQUIPMENT,0.0821,MEDIUM-LOW
950699,600902,OTHER SPORTS EQUIPMENT,0.0821,MEDIUM-LOW
950699,610130,MUSICAL INSTRUMENTS AND ACCESSORIES,0.0619,MEDIUM-LOW
950699,600430,WINTER SPORTS EQUIPMENT,0.0612,MEDIUM-HIGH
950699,380901,WOMEN''S ACCESSORIES,0.0586,MEDIUM-LOW
950699,360330,MEN''S ACCESSORIES,0.0586,MEDIUM-LOW
950699,390322,GIRLS'' ACCESSORIES,0.0586,MEDIUM-LOW
950699,370220,BOYS'' ACCESSORIES,0.0586,MEDIUM-LOW
950699,410901,INFANT ACCESSORIES,0.0586,MEDIUM-LOW
950699,600410,CAMPING EQUIPMENT,0.0566,MEDIUM-LOW
950699,610120,PLAYGROUND EQUIPMENT,0.0566,MEDIUM-LOW
950699,610230,PHOTOGRAPHIC EQUIPMENT,0.0566,MEDIUM-LOW
950699,600420,HUNTING AND FISHING EQUIPMENT,0.0314,MEDIUM
950699,320130,INFANTS'' EQUIPMENT,0.0288,MEDIUM-LOW
950710,600420,HUNTING AND FISHING EQUIPMENT,0.1616,HIGH
950710,480213,"PARTS, EQUIPMENT, AND ACCESSORIES",0.1519,MEDIUM
950710,600410,CAMPING EQUIPMENT,0.1051,MEDIUM
950710,600901,WATER SPORTS EQUIPMENT,0.1051,MEDIUM
950710,600902,OTHER SPORTS EQUIPMENT,0.1051,MEDIUM
950710,610120,PLAYGROUND EQUIPMENT,0.1051,MEDIUM
950710,610230,PHOTOGRAPHIC EQUIPMENT,0.1051,MEDIUM
950710,600430,WINTER SPORTS EQUIPMENT,0.0811,MEDIUM-LOW
950710,320130,INFANTS'' EQUIPMENT,0.0796,MEDIUM-LOW
950730,600420,HUNTING AND FISHING EQUIPMENT,0.1629,HIGH
950730,480213,"PARTS, EQUIPMENT, AND ACCESSORIES",0.1274,MEDIUM
950730,600410,CAMPING EQUIPMENT,0.1087,MEDIUM
950730,600901,WATER SPORTS EQUIPMENT,0.1087,MEDIUM
950730,600902,OTHER SPORTS EQUIPMENT,0.1087,MEDIUM
950730,610120,PLAYGROUND EQUIPMENT,0.1087,MEDIUM
950730,610230,PHOTOGRAPHIC EQUIPMENT,0.1087,MEDIUM
950730,600430,WINTER SPORTS EQUIPMENT,0.0839,MEDIUM-LOW
950730,320130,INFANTS'' EQUIPMENT,0.0824,MEDIUM-LOW
950790,600420,HUNTING AND FISHING EQUIPMENT,0.1668,HIGH
950790,480213,"PARTS, EQUIPMENT, AND ACCESSORIES",0.1363,MEDIUM
950790,600410,CAMPING EQUIPMENT,0.1067,MEDIUM
950790,600901,WATER SPORTS EQUIPMENT,0.1067,MEDIUM
950790,600902,OTHER SPORTS EQUIPMENT,0.1067,MEDIUM
950790,610120,PLAYGROUND EQUIPMENT,0.1067,MEDIUM
950790,610230,PHOTOGRAPHIC EQUIPMENT,0.1067,MEDIUM
950790,600430,WINTER SPORTS EQUIPMENT,0.0824,MEDIUM-LOW
950790,320130,INFANTS'' EQUIPMENT,0.0809,MEDIUM-LOW
960190,430120,JEWELRY,1.0,HIGH
960329,320430,OTHER HARDWARE,0.5086,MEDIUM-LOW
960329,640220,SHAVING NEEDS,0.4914,MEDIUM-LOW
960621,100210,CHEESE,0.5,MEDIUM-LOW
960621,100510,MISCELLANEOUS DAIRY PRODUCTS,0.5,MEDIUM-LOW
960630,100210,CHEESE,0.5,MEDIUM
960630,100510,MISCELLANEOUS DAIRY PRODUCTS,0.5,MEDIUM
960810,600901,WATER SPORTS EQUIPMENT,0.3481,MEDIUM
960810,600902,OTHER SPORTS EQUIPMENT,0.3481,MEDIUM
960810,320130,INFANTS'' EQUIPMENT,0.3038,MEDIUM-LOW
960860,600901,WATER SPORTS EQUIPMENT,0.34,MEDIUM-LOW
960860,600902,OTHER SPORTS EQUIPMENT,0.34,MEDIUM-LOW
960860,320130,INFANTS'' EQUIPMENT,0.32,MEDIUM-LOW
960899,600901,WATER SPORTS EQUIPMENT,0.3429,MEDIUM-LOW
960899,600902,OTHER SPORTS EQUIPMENT,0.3429,MEDIUM-LOW
960899,320130,INFANTS'' EQUIPMENT,0.3143,MEDIUM-LOW
961100,130310,CANNED FRUITS,0.3333,MEDIUM-LOW
961100,110410,OTHER FRESH FRUITS,0.3333,MEDIUM-LOW
961100,130121,FROZEN FRUITS,0.3333,MEDIUM-LOW
961511,640110,HAIR CARE PRODUCTS,0.5,MEDIUM-LOW
961511,640120,NONELECTRIC ARTICLES FOR THE HAIR,0.5,MEDIUM-LOW
961519,640110,HAIR CARE PRODUCTS,0.5,MEDIUM
961519,640120,NONELECTRIC ARTICLES FOR THE HAIR,0.5,MEDIUM
961590,640110,HAIR CARE PRODUCTS,0.5,MEDIUM-LOW
961590,640120,NONELECTRIC ARTICLES FOR THE HAIR,0.5,MEDIUM-LOW
961800,160212,SALAD DRESSINGS,1.0,MEDIUM-LOW
961900,640430,ADULT DIAPERS,1.0,HIGH
970400,340110,POSTAGE,1.0,MEDIUM-HIGH
970600,320330,FLATWARE,0.5,HIGH
970600,290420,INFANTS'' FURNITURE,0.236,HIGH
970600,290120,OTHER BEDROOM FURNITURE,0.132,MEDIUM
970600,290430,OUTDOOR FURNITURE,0.132,MEDIUM
980100,200535,OTHER ALCOHOL AT BOARD,0.1667,MEDIUM
980100,630210,OTHER TOBACCO PRODUCTS,0.1667,HIGH
980100,460903,USED AIRCRAFT,0.0833,HIGH
980100,450900,NEW AIRCRAFT,0.0833,HIGH
980100,200112,NONALCOHOLIC BEER,0.0784,HIGH
980100,060110,FRESH AND FROZEN WHOLE CHICKEN,0.0506,HIGH
980100,060210,FRESH AND FROZEN CHICKEN PARTS,0.0506,HIGH
980100,130310,CANNED FRUITS,0.048,HIGH
980100,110410,OTHER FRESH FRUITS,0.048,HIGH
980100,130121,FROZEN FRUITS,0.048,HIGH
980100,200111,BEER AND ALE,0.0441,MEDIUM-HIGH
980100,200515,BEER AT BOARD,0.0441,MEDIUM-HIGH
980100,060310,OTHER POULTRY,0.0414,MEDIUM-HIGH
980100,050410,LAMB AND ORGAN MEATS,0.0241,MEDIUM-LOW
980100,110510,"CITRUS FRUITS, EXCLUDING ORANGES",0.0226,MEDIUM-LOW
980200,610210,FILM,0.4828,HIGH
980200,610220,OTHER PHOTOGRAPHIC SUPPLIES,0.2586,MEDIUM-LOW
980200,610230,PHOTOGRAPHIC EQUIPMENT,0.2586,MEDIUM-LOW
980220,610320,"PET PURCHASE, SUPPLIES, MEDICINE",1.0,MEDIUM-LOW
980230,400110,MEN''S FOOTWEAR,0.25,MEDIUM-HIGH
980230,400210,BOYS'' FOOTWEAR,0.25,MEDIUM-HIGH
980230,400220,GIRLS'' FOOTWEAR,0.25,MEDIUM-HIGH
980230,400310,WOMEN''S FOOTWEAR,0.25,MEDIUM-HIGH
980310,400110,MEN''S FOOTWEAR,0.25,HIGH
980310,400210,BOYS'' FOOTWEAR,0.25,HIGH
980310,400220,GIRLS'' FOOTWEAR,0.25,HIGH
980310,400310,WOMEN''S FOOTWEAR,0.25,HIGH
980800,310331,MISCELLANEOUS SOUND EQUIPMENT,0.2308,MEDIUM-LOW
980800,310220,"VIDEO CASSETTES, TAPES, AND DISCS",0.2177,MEDIUM-LOW
980800,310335,MISCELLANEOUS VIDEO EQUIPMENT,0.2026,MEDIUM-LOW
980800,610220,OTHER PHOTOGRAPHIC SUPPLIES,0.1744,MEDIUM-LOW
980800,610230,PHOTOGRAPHIC EQUIPMENT,0.1744,MEDIUM-LOW
981000,550320,MEDICAL EQUIPMENT FOR GENERAL USE,0.1925,MEDIUM
981000,320512,SEWING MACHINES,0.1925,MEDIUM-LOW
981000,610210,FILM,0.0751,MEDIUM-HIGH
981000,070110,CANNED FISH AND SEAFOOD,0.0642,MEDIUM-LOW
981000,070230,FRESH FISH AND SHELLFISH,0.0642,MEDIUM-LOW
981000,070240,FROZEN FISH AND SHELLFISH,0.0642,MEDIUM-LOW
981000,610220,OTHER PHOTOGRAPHIC SUPPLIES,0.0517,MEDIUM-LOW
981000,610230,PHOTOGRAPHIC EQUIPMENT,0.0517,MEDIUM-LOW
981000,310331,MISCELLANEOUS SOUND EQUIPMENT,0.0517,MEDIUM-LOW
981000,320902,HAND TOOLS,0.0414,MEDIUM-HIGH
981000,320420,POWER TOOLS,0.0216,MEDIUM-LOW
981000,320611,"MATERIAL FOR INSULATION, OTHER MAINTENANCE AND",0.0216,MEDIUM-LOW
981000,320612,"MATERIAL FOR INSULATION, OTHER MAINTENANCE AND",0.0216,MEDIUM-LOW
981000,320613,"MATERIAL FOR INSULATION, OTHER MAINTENANCE",0.0216,MEDIUM-LOW
981000,320631,MATERIAL FOR LANDSCAPE MAINTENANCE,0.0216,MEDIUM-LOW
981000,320632,MATERIALS FOR LANDSCAPING MAINTENANCE,0.0216,MEDIUM-LOW
981000,320633,MATERIALS FOR LANDSCAPING MAINTENANCE,0.0216,MEDIUM-LOW
981700,520310,DRIVERS'' LICENSE,0.1867,MEDIUM-LOW
981700,620913,"PINBALL, ELECTRONIC VIDEO GAMES",0.1867,MEDIUM-LOW
981700,610903,VISUAL GOODS,0.125,HIGH
981700,310331,MISCELLANEOUS SOUND EQUIPMENT,0.0787,MEDIUM-LOW
981700,070110,CANNED FISH AND SEAFOOD,0.0622,MEDIUM-LOW
981700,070230,FRESH FISH AND SHELLFISH,0.0622,MEDIUM-LOW
981700,070240,FROZEN FISH AND SHELLFISH,0.0622,MEDIUM-LOW
981700,310220,"VIDEO CASSETTES, TAPES, AND DISCS",0.0564,MEDIUM-HIGH
981700,320130,INFANTS'' EQUIPMENT,0.0291,HIGH
981700,310335,MISCELLANEOUS VIDEO EQUIPMENT,0.0247,MEDIUM-LOW
981700,320150,OUTDOOR EQUIPMENT,0.0158,MEDIUM-LOW
981700,600410,CAMPING EQUIPMENT,0.0158,MEDIUM-LOW
981700,600901,WATER SPORTS EQUIPMENT,0.0158,MEDIUM-LOW
981700,600902,OTHER SPORTS EQUIPMENT,0.0158,MEDIUM-LOW
981700,610120,PLAYGROUND EQUIPMENT,0.0158,MEDIUM-LOW
981700,610230,PHOTOGRAPHIC EQUIPMENT,0.0158,MEDIUM-LOW
981700,320905,MISCELLANEOUS HOUSEHOLD EQUIPMENT AND PARTS,0.0158,MEDIUM-LOW
981700,480213,"PARTS, EQUIPMENT, AND ACCESSORIES",0.0158,MEDIUM-LOW
981800,320130,INFANTS'' EQUIPMENT,0.1582,MEDIUM-HIGH
981800,310331,MISCELLANEOUS SOUND EQUIPMENT,0.0842,MEDIUM-LOW
981800,310335,MISCELLANEOUS VIDEO EQUIPMENT,0.0842,MEDIUM-LOW
981800,320150,OUTDOOR EQUIPMENT,0.0842,MEDIUM-LOW
981800,600410,CAMPING EQUIPMENT,0.0842,MEDIUM-LOW
981800,600901,WATER SPORTS EQUIPMENT,0.0842,MEDIUM-LOW
981800,600902,OTHER SPORTS EQUIPMENT,0.0842,MEDIUM-LOW
981800,610120,PLAYGROUND EQUIPMENT,0.0842,MEDIUM-LOW
981800,610230,PHOTOGRAPHIC EQUIPMENT,0.0842,MEDIUM-LOW
981800,320905,MISCELLANEOUS HOUSEHOLD EQUIPMENT AND PARTS,0.0842,MEDIUM-LOW
981800,480213,"PARTS, EQUIPMENT, AND ACCESSORIES",0.0842,MEDIUM-LOW
