hs10_code,hs10_description,reason
0101210000,"HORSES, PUREBRED BREEDING, LIVE",No plausible UCC match found
0101290000,"HORSES, LIVE, EXCEPT PUREBRED BREEDING",No plausible UCC match found
0101290090,"HORSES, LIVE, NESOI",No plausible UCC match found
0101300000,"ASSES, LIVE",No plausible UCC match found
0102294082,"CATTLE, LIVE, MALE, WEIGHING 320 KG OR MORE EACH, NESOI",No plausible UCC match found
0102294084,"CATTLE, LIVE, FEMALE, WEIGHING 320 KG OR MORE EACH, NESOI",No plausible UCC match found
0102390000,"BUFFALO, LIVE, NESOI",No plausible UCC match found
0102390010,"BISON, LIVE",No plausible UCC match found
0102390082,"BUFFALO, LIVE, MALE, WEIGHING 320 KG OR MORE EACH, NESOI",No plausible UCC match found
0102390084,"BUFFALO, LIVE, FEMALE, WEIGHING 320 KG OR MORE EACH, NESOI",No plausible UCC match found
0102900002,"BOVINES, LIVE, NESOI",No plausible UCC match found
0103100000,"SWINE, PUREBRED BREEDING, LIVE",No plausible UCC match found
0103920000,"SWINE, WEIGHING 50 KG OR MORE EACH, LIVE, NESOI",No plausible UCC match found
0103920020,"SWINE, WEIGHING 50 KG OR MORE EACH, LIVE, BREEDING, EXCEPT PUREBRED, IMMEDIATE SLAUGHTER",No plausible UCC match found
0103920091,"SWINE, WEIGHING 50 KG OR MORE EACH, LIVE, EXCEPT IMMEDIATE SLAUGHTER, PUREBRED BREEDING, BREEDING",No plausible UCC match found
0104100000,"SHEEP, LIVE",No plausible UCC match found
0104200000,"GOATS, LIVE",No plausible UCC match found
0106110000,"PRIMATES, LIVE",No plausible UCC match found
0106193000,"FOXES, LIVE",No plausible UCC match found
0106199120,"DOGS, LIVE",No plausible UCC match found
0106199195,"MAMMALS, LIVE, NESOI",No plausible UCC match found
0106310000,"BIRDS OF PREY, LIVE",No plausible UCC match found
0106330000,"OSTRICHES; EMUS (DROMAIUS NOVAEHOLLANDIAE), LIVE",No plausible UCC match found
0106390100,"BIRDS, LIVE, NESOI",No plausible UCC match found
0106410000,"BEES, LIVE",No plausible UCC match found
0106490000,"INSECTS, LIVE, EXCEPT BEES",No plausible UCC match found
0106490010,"LARVAE OF LEAF CUTTER BEE, LIVE",No plausible UCC match found
0106900100,"ANIMALS, LIVE, EXCEPT MAMMALS, REPTILES, BIRDS OR INSECTS, NESOI",No plausible UCC match found
0106900110,"WORMS, LIVE",No plausible UCC match found
0106900120,"BAIT, LIVE, EXCEPT WORMS",No plausible UCC match found
0106900180,"ANIMALS, LIVE, EXCEPT MAMMALS, REPTILES, BIRDS OR INSECTS, NESOI",No plausible UCC match found
0301110010,"KOI (COMMON) CARP (CYPRINUS CARPIO), LIVE",No plausible UCC match found
0301920000,"EELS (ANGUILLA SPP.), LIVE",No plausible UCC match found
0301930100,"CARP (CYPRINUS CARPIO, CARASSIUS CARASSIUS, CTENOPHARYNGODON IDELLUS, HYPOPHTHALMICHTHYS SPP., CIRRHINUS SPP., MYLOPHARYNGODON PICEUS), LIVE",No plausible UCC match found
0301930190,"CARP, LIVE, NESOI",No plausible UCC match found
0301930200,"CARP (CYPRINUS CARPIO, CARASSIUS CARASSIUS, CTENOPHARYNGODON IDELLUS, HYPOPHTHALMICHTHYS SPP., CIRRHINUS SPP., MYLOPHARYNGODON PICEUS), LIVE",No plausible UCC match found
0301930290,"CARP, LIVE, NESOI",No plausible UCC match found
0302110090,"TROUT (SALMO TRUTTA, ONCORHYNCHUS MYKISS, CLARKI, AGUABONITA, GILAE, APACHE & CHRYSOGASTER), FR/CH, EXCEPT FARMED RAINBOW TROUT; FILLETS, LIVER & ROE",No plausible UCC match found
0302430000,"SARDINES (SARDINA PILCHARDUS, SARDINOPS SPP.), SARDINELLA (SARDINELLA SPP.), BRISLING OR SPRATS (SPRATTUS SPRATTUS), FR/CH, EXCEPT FILLET, LIVER, ROE",No plausible UCC match found
0404100850,"MODIFIED WHEY, NESOI",No plausible UCC match found
0505902020,FEATHER MEAL,No plausible UCC match found
0505902040,FEATHER MEAL WASTE,No plausible UCC match found
0510004010,PANCREAS GLANDS,No plausible UCC match found
0511100000,BOVINE SEMEN,No plausible UCC match found
0511100090,"BOVINE SEMEN, NESOI",No plausible UCC match found
0511994040,"ANIMAL SEMEN, NESOI",No plausible UCC match found
0601101500,"TULIP BULBS, DORMANT",No plausible UCC match found
0601103000,"HYACINTH BULBS, DORMANT",No plausible UCC match found
0601104500,"LILY BULBS, DORMANT",No plausible UCC match found
0601106000,"NARCISSUS BULBS, DORMANT",No plausible UCC match found
0601107500,"CROCUS CORMS, DORMANT",No plausible UCC match found
0601109020,"IRIS BULBS, DORMANT",No plausible UCC match found
0601109040,"GLADIOLUS CORMS, DORMANT",No plausible UCC match found
0601109060,"BEGONIA (TUBEROUS) TUBERS, DORMANT",No plausible UCC match found
0602905000,MUSHROOM SPAWN,No plausible UCC match found
0801110000,"COCONUTS, DESICCATED",No plausible UCC match found
0903000000,MATE,No plausible UCC match found
0910200000,SAFFRON,No plausible UCC match found
0910300000,TUMERIC (CURCUMA),No plausible UCC match found
0910990550,THYME; BAY LEAVES,No plausible UCC match found
0910990600,"THYME, NESOI",No plausible UCC match found
0910990700,"BAY LEAVES, NESOI",No plausible UCC match found
0910991000,CURRY,No plausible UCC match found
0910994000,ORIGANUM (LIPPIA SPP.) NESOI,No plausible UCC match found
0910995000,DILL,No plausible UCC match found
1002100000,RYE SEED,No plausible UCC match found
1003100000,BARLEY SEED,No plausible UCC match found
1003904000,"BARLEY, NESOI",No plausible UCC match found
1003904020,"BARLEY, CERTIFIED ORGANIC",No plausible UCC match found
1003904030,"BARLEY, NESOI",No plausible UCC match found
1004100000,"OATS, SEED",No plausible UCC match found
1004900000,"OATS, EXCEPT SEED, NESOI",No plausible UCC match found
1004900010,"OATS, CERTIFIED ORGANIC, EXCEPT SEED",No plausible UCC match found
1004900090,"OATS, EXCEPT SEED, NESOI",No plausible UCC match found
1008300000,CANARY SEED,No plausible UCC match found
1008400000,FONIO (DIGITARIA SPP.),No plausible UCC match found
1008500000,QUINOA (CHENOPODIUM QUINOA),No plausible UCC match found
1008500010,"QUINOA (CHENOPODIUM QUINOA), CERTIFIED ORGANIC",No plausible UCC match found
1008500090,"QUINOA (CHENOPODIUM QUINOA), NESOI",No plausible UCC match found
1008600000,TRITICALE,No plausible UCC match found
1107200000,"MALT, ROASTED",No plausible UCC match found
1108140000,"STARCH, CASSAVA (MANIOC)",No plausible UCC match found
1108200000,INULIN,No plausible UCC match found
1203000000,COPRA,No plausible UCC match found
1209224030,CRIMSON CLOVER (TRIFOLIUM SPP.) SEED,No plausible UCC match found
1209224096,"CLOVER (TRIFOLIUM SPP.) SEED, NESOI",No plausible UCC match found
1211500000,EPHEDRA,No plausible UCC match found
1214100010,"ALFALFA (LUCERNE) CUBES, DEHYDRATED",No plausible UCC match found
1214100030,"ALFALFA (LUCERNE) CUBES, SUN-CURED",No plausible UCC match found
1301909105,BALSAMS,No plausible UCC match found
1301909120,SEED LAC,No plausible UCC match found
1302110002,OPIUM,No plausible UCC match found
1302192100,POPPY STRAW EXTRACT,No plausible UCC match found
1302194020,"GINSENG, CRUDE",No plausible UCC match found
1302194120,"GINSENG, CRUDE",No plausible UCC match found
1302199120,CASHEW NUT SHELL LIQUID,No plausible UCC match found
1302310000,AGAR-AGAR,No plausible UCC match found
1302390010,CARRAGEENAN,No plausible UCC match found
1404200000,COTTON LINTERS,No plausible UCC match found
1501100000,LARD,No plausible UCC match found
1501200060,YELLOW GREASE,No plausible UCC match found
1502100020,"TALLOW, EDIBLE",No plausible UCC match found
1502100040,"TALLOW, INEDIBLE",No plausible UCC match found
1505001000,"WOOL GREASE, CRUDE",No plausible UCC match found
1604126010,"HERRINGS FILLETS, PICKLED",No plausible UCC match found
1604126030,"HERRINGS EXCEPT FILLETS, PICKLED",No plausible UCC match found
1604171000,"EELS, IN AIRTIGHT CONTAINERS",No plausible UCC match found
1604310000,CAVIAR,No plausible UCC match found
1604324000,"CAVIAR SUBSTITUTES, NESOI",No plausible UCC match found
1605514000,"OYSTERS, SMOKED",No plausible UCC match found
1605561000,RAZOR CLAMS (SILIQUA PATULA) IN AIRTIGHT CONTAINERS,No plausible UCC match found
1605562000,"CLAMS IN AIRTIGHT CONTAINERS, NESOI",No plausible UCC match found
1702300020,GLUCOSE (DEXTROSE),No plausible UCC match found
1702500000,CHEMICALLY PURE FRUCTOSE IN SOLID FORM,No plausible UCC match found
1702905400,BLENDED SURUPS DESCRIBED IN ADDTL U.S. NOTE 4 TO CHAP. 17; SEE ADDTL U.S. NOTE 9 TO THIS CHAP. & ENTERED PRUSUANT TO ITS PROVISIONS,No plausible UCC match found
1702905800,BLENDED SURUPS DESCRIBED IN ADDITIONAL U.S. NOTE 4TO CHAP. 17; NESOI,No plausible UCC match found
1703105000,"CANE MOLASSES, SUBJECT TO QUOTA, NESOI",No plausible UCC match found
1704902500,COUGH DROPS,No plausible UCC match found
1803200000,"COCOA PASTE, WHOLLY OR PARTLY DEFATTED",No plausible UCC match found
1901901500,MALT EXTRACT,No plausible UCC match found
1901902000,"MALT EXTRACT, SOLID OR CONDENSED",No plausible UCC match found
2008304600,"MANDARINS, SATSUMAS, IN AIRTIGHT CONTAINERS, NESOI",No plausible UCC match found
2103100000,SOY SAUCE,No plausible UCC match found
2103909020,MAYONNAISE,No plausible UCC match found
2106903900,ARTIFICALLY SWEETENED COUGH DROPS,No plausible UCC match found
2205103000,"VERMOUTH, IN CONTAINERS HOLDING 2 LITERS OR LESS",No plausible UCC match found
2205904000,"VERMOUTH, IN CONTAINERS HOLDING OVER 4 LITERS EACH",No plausible UCC match found
2206001500,"CIDER, WHETHER STILL OR SPARKLING",No plausible UCC match found
2206001510,"CIDER, HARD AS DESCRIBED IN STAT NOTE 3 TO THIS CHAPTER, WHETHER STILL OR SPARKLING",No plausible UCC match found
2206001520,"CIDER, WHETHER STILL OR SPARKLING",No plausible UCC match found
2208306040,"WHISKIES, BOURBON, IN CONTAINERS EACH HOLDING OVER 4 LITERS",No plausible UCC match found
2208306075,"RYE WHISKIES, IN CONTAINERS EACH HOLDING OVER 4 LITERS",No plausible UCC match found
2208306085,"WHISKIES, NESOI, IN CONTAINERS EACH HOLDING OVER 4 LITERS",No plausible UCC match found
2208309040,"WHISKIES EXCEPT BOURBON, IN CONTAINERS EACH HOLDING OVER 4 LITERS",No plausible UCC match found
2208600000,VODKA,No plausible UCC match found
2208605000,VODKA IN CONTAINERS EACH HOLDING OVER 4 LITERS,No plausible UCC match found
2208900100,AQUAVIT,No plausible UCC match found
2208901500,SLIVOVITZ BRANDY VALUED OVER $3.43/LITER,No plausible UCC match found
2208904000,"BRANDY, NESOI, IN CONTAINERS EACH HOLDING OVER 4 LITERS VALUED OVER $2.38/LITER",No plausible UCC match found
2208905100,TEQUILA,No plausible UCC match found
2208905500,TEQUILA IN CONTAINERS EACH HOLDING OVER 4 LITERS,No plausible UCC match found
2309901005,BIRD SEED,No plausible UCC match found
2309906000,"ANIMAL FEEDS CONTAINING EGG, NESOI",No plausible UCC match found
2502000000,UNROASTED IRON PYRITES,No plausible UCC match found
2503000010,CRUDE OR UNREFINED SULFUR,No plausible UCC match found
2506200010,"QUARTZITE, CRUDE OR ROUGHLY TRIMMED",No plausible UCC match found
2506200080,"QUARTZITE, NESOI",No plausible UCC match found
2508400150,"CLAYS, NESOI",No plausible UCC match found
2508600000,MULLITE,No plausible UCC match found
2509000000,CHALK,No plausible UCC match found
2509001000,"CHALK, CRUDE",No plausible UCC match found
2509002000,"CHALK, EXCEPT CRUDE",No plausible UCC match found
2515121000,"MARBLE, MERELY CUT OR SAWN INTO BLOCKS OR SLABS",No plausible UCC match found
2515122000,"TRAVERTINE, MERELY CUT OR SAWN INTO BLOCKS OR SLABS",No plausible UCC match found
2516110000,"GRANITE, CRUDE OR ROUGHLY TRIMMED",No plausible UCC match found
2516120030,"GRANITE, CUT INTO BLOCKS OR SLABS OF RECTANGULAR OR SQUARE SHAPE, 7.5 CM OR MORE THICK",No plausible UCC match found
2516201000,"SANDSTONE, CRUDE OR ROUGHLY TRIMMED",No plausible UCC match found
2516202000,"SANDSTONE, CUT INTO BLOCKS OR SLABS",No plausible UCC match found
2517100015,PEBBLES & GRAVEL,No plausible UCC match found
2517300000,TARRED MACADAM,No plausible UCC match found
2518200000,DOLOMITE CALCINED OR SINTERED,No plausible UCC match found
2518300000,DOLOMITE RAMMING MIX,No plausible UCC match found
2519902000,"MAGNESITE, CAUSTIC CALCINED",No plausible UCC match found
2519905000,"MAGNESIUM OXIDES, NESOI",No plausible UCC match found
2520100000,GYPSUM; ANHYDRITE,No plausible UCC match found
2522100000,QUICKLIME,No plausible UCC match found
2522200000,SLAKED LIME,No plausible UCC match found
2522300000,HYDRAULIC LIME,No plausible UCC match found
2523100000,CEMENT CLINKERS,No plausible UCC match found
2523290000,PORTLAND CEMENT NESOI,No plausible UCC match found
2523300000,ALUMINOUS CEMENT,No plausible UCC match found
2524100000,"CROCIDOLITE (BLUE), ASBESTOS",No plausible UCC match found
2524900000,"ASBESTOS, NESOI",No plausible UCC match found
2524900040,CHRYSOTILE MILLING FIBERS GROUP 3 GRADES (SPINNING OR EQUIVALENT),No plausible UCC match found
2524900055,"CHRYSOTILE EXCEPT CRUDE OR MILLED FIBERS OF GROUPS 3, 4 OR 5 GRADES",No plausible UCC match found
2524900060,ASBESTOS NESOI,No plausible UCC match found
2525100010,SPLIT BLOCK MICA,No plausible UCC match found
2525100020,MICA SPLITTINGS,No plausible UCC match found
2525200000,MICA POWDER,No plausible UCC match found
2525300000,MICA WASTE,No plausible UCC match found
2529100000,FELDSPAR,No plausible UCC match found
2529210000,FLUORSPAR CONTAINING BY WEIGHT 97 PERCENT OR LESS OF CALCIUM FLUORIDE,No plausible UCC match found
2529300010,NEPHELINE SYENITE,No plausible UCC match found
2529300050,LEUCITE; NEPHELINE EXCPT NEPHELINE SYENITE,No plausible UCC match found
2530201000,KIESERITE,No plausible UCC match found
2530202000,EPSOM SALTS,No plausible UCC match found
2530908010,CELESTITE,No plausible UCC match found
2530908015,EARTH COLORS,No plausible UCC match found
2530908060,MINERAL SUBSTANCES NESOI,No plausible UCC match found
2601110030,IRON ORE NONAGGLOMERATED CONCENTRATES,No plausible UCC match found
2601110060,IRON ORE NONAGGLOMERATED COARSE,No plausible UCC match found
2601120030,IRON ORE AGGLOMERATED PELLETS,No plausible UCC match found
2601120060,IRON ORE AGGLOMERATED BRIQUETTES,No plausible UCC match found
2601200000,ROASTED IRON PYRITES,No plausible UCC match found
2606000030,"BAUXITE, CALCINED REFRACTORY GRADE",No plausible UCC match found
2610000060,CHROMIUM ORES & CONCENTRATES HAVING A CHROMIUM CONTENT EQUIVALENT TO 46 PERCENT OR MORE CHROMIC OXIDE,No plausible UCC match found
2611003000,TUNGSTEN ORES,No plausible UCC match found
2611006000,TUNGSTEN CONCENTRATES,No plausible UCC match found
2614003000,SYNTHETIC RUTILE,No plausible UCC match found
2615903000,SYNTHETIC TANTALUM-NIOBIUM(COLUMBIUM) CONCENTRATES,No plausible UCC match found
2619003000,FERROUS SCALE,No plausible UCC match found
2620110000,HARD ZINC SPELTER,No plausible UCC match found
2707100000,BENZENE,No plausible UCC match found
2707200000,TOLUENE,No plausible UCC match found
2707300010,M-XYLENE,No plausible UCC match found
2707300020,O-XYLENE,No plausible UCC match found
2707300030,P-XYLENE,No plausible UCC match found
2707300040,XYLENES NESOI,No plausible UCC match found
2707300060,"XYLENES, NESOI (EXCEPT 0- OR P-XYLENE)",No plausible UCC match found
2707400000,NAPHTHALENE,No plausible UCC match found
2707992000,PICOLINES,No plausible UCC match found
2707994000,CARBAZOLE HAVING A PURITY OF 65 PERCENT OR MORE BY WEIGHT,No plausible UCC match found
2707995500,"METACRESOL, ORTHOCRESOL, PARACRESOL, & METAPARACRESOL, HAVING A PURITY OF 75 PERCENT OR MORE BY WEIGHT",No plausible UCC match found
2707995800,"PHENOLS, NESOI",No plausible UCC match found
2707999010,CARBON BLACK FEEDSTOCK,No plausible UCC match found
2711120000,"PROPANE, LIQUEFIED",No plausible UCC match found
2711120010,"PROPANE, LIQUEFIED, MINIMUM PURITY OF 90 LIQUID VOLUME PERCENT",No plausible UCC match found
2711130000,"BUTANES, LIQUEFIED",No plausible UCC match found
2711130020,"BUTANES, LIQUEFIED, NESOI",No plausible UCC match found
2711140010,"ETHYLENE, LIQUEFIED",No plausible UCC match found
2711140020,"PROPYLENE, LIQIFIED",No plausible UCC match found
2711140030,"BUTYLENE, LIQUEFIED",No plausible UCC match found
2711140040,"BUTADIENE, LIQUEFIED",No plausible UCC match found
2711190010,"ETHANE, LIQUIFIED, MINIMUM PURITY OF 95 LIQUID VOLUME PERCENT",No plausible UCC match found
2711290010,"PROPANE, GASEOUS,MINIMUM PURITY OF 90 LIQUID VOLUME PERCENT",No plausible UCC match found
2711290020,"BUTANES, GASEOUS, PURITY OF 90-95 LIQUID VOLUME PERCENT",No plausible UCC match found
2711290025,"BUTANES, GASEOUS, NESOI",No plausible UCC match found
2712100000,PETROLEUM JELLY,No plausible UCC match found
2712901000,MONTAN WAX,No plausible UCC match found
2713120000,"PETROLEUM COKE, CALCINED",No plausible UCC match found
2713200000,PETROLEUM BITUMEN,No plausible UCC match found
2801100000,CHLORINE,No plausible UCC match found
2801200000,IODINE,No plausible UCC match found
2801301000,FLUORINE,No plausible UCC match found
2801302000,BROMINE,No plausible UCC match found
2802000000,"SULFUR,SUBLIMED OR PRECIPATED;COLLODIAL SULFUR",No plausible UCC match found
2803000010,CARBON BLACK,No plausible UCC match found
2804100000,HYDROGEN,No plausible UCC match found
2804210000,ARGON,No plausible UCC match found
2804290010,HELIUM,No plausible UCC match found
2804300000,NITROGEN,No plausible UCC match found
2804400000,OXYGEN,No plausible UCC match found
2804500010,BORON,No plausible UCC match found
2804500020,TELLURIUM,No plausible UCC match found
2804700000,PHOSPHORUS,No plausible UCC match found
2804800000,ARSENIC,No plausible UCC match found
2804900000,SELENIUM,No plausible UCC match found
2805110000,SODIUM,No plausible UCC match found
2805120000,CALCIUM,No plausible UCC match found
2805191000,STRONTIUM,No plausible UCC match found
2805192000,BARIUM,No plausible UCC match found
2805400000,MERCURY,No plausible UCC match found
2806100000,HYDROGEN CHLORIDE (HYDROCHLORIC ACID),No plausible UCC match found
2806200000,CHLOROSULFURIC ACID,No plausible UCC match found
2808000010,NITRIC ACID,No plausible UCC match found
2808000020,SULFONITRIC ACIDS,No plausible UCC match found
2809100000,DIPHOSPHORUS PENTAOXIDE,No plausible UCC match found
2809200020,"PHOSPHORIC ACID,FERTILIZER GRADE,CONTAINING 65 PERCENT OR MORE AVAILABLE P205 EQUIVALENTS",No plausible UCC match found
2809200040,POLYPHOSPHORIC ACIDS,No plausible UCC match found
2811110000,HYDROGEN FLUORIDE (HYDROFLUORIC ACID),No plausible UCC match found
2811120000,HYDROGEN CYANIDE,No plausible UCC match found
2811190002,"ACIDS, INORGANIC, NESOI",No plausible UCC match found
2811191000,ARSENIC ACID,No plausible UCC match found
2811193000,HYDROBROMIC ACID,No plausible UCC match found
2811196005,HYDROGEN CYANIDE,No plausible UCC match found
2811196010,SULFAMIC ACID,No plausible UCC match found
2811196090,"INORGANIC ACIDS, NESOI",No plausible UCC match found
2811196110,SULFAMIC ACID,No plausible UCC match found
2811196190,"INORGANIC ACIDS, NESOI",No plausible UCC match found
2811199000,"ACIDS, INORGANIC, NESOI",No plausible UCC match found
2811210000,CARBON DIOXIDE,No plausible UCC match found
2811220000,SILICON DIOXIDE,No plausible UCC match found
2811221000,SYNTHETIC SILICA GEL,No plausible UCC match found
2811225000,SILICON DIOXIDE EXCEPT OF SYNTHETIC SILICA GEL,No plausible UCC match found
2811291000,ARSENIC TRIOXIDE,No plausible UCC match found
2811292000,SELENIUM DIOXIDE,No plausible UCC match found
2811293000,SULFUR DIOXIDE,No plausible UCC match found
2812101000,PHOSPHORUS PENTACHLORIDE,No plausible UCC match found
2812110000,CARBONYL DICHLORIDE (PHOSGENE),No plausible UCC match found
2812120000,PHOSPHORUS OXYCHLORIDE,No plausible UCC match found
2812130000,PHOSPHORUS TRICHLORIDE,No plausible UCC match found
2812140000,PHOSPHORUS PENTACHLORIDE,No plausible UCC match found
2812150000,SULFUR MONOCHLORIDE,No plausible UCC match found
2812170000,THIONYL CHLORIDE,No plausible UCC match found
2813100000,CARBON DISULFIDE,No plausible UCC match found
2813901000,ARSENIC SULFIDES,No plausible UCC match found
2813905000,OTHE SULFIDES OF NONMETALS,No plausible UCC match found
2813906000,"SULFIDES OF NONMETALS; COMMERCIAL PHOSPHORUS TRISULFIDE, NESOI",No plausible UCC match found
2814100000,ANHYDROUS AMMONIA,No plausible UCC match found
2814200000,AMMONIA IN AQUEOUS SOLUTION,No plausible UCC match found
2815200050,"POTASSIUM HYDROXIDE (CAUSTIC POTASH), IN SOLID FORM",No plausible UCC match found
2815200090,"POTASSIUM HYDROXIDE (CAUSTIC POTASH), NESOI",No plausible UCC match found
2815300000,PEROXIDES OF SODIUM OR POTASSIUM,No plausible UCC match found
2818300000,ALUMINUM HYDROXIDE,No plausible UCC match found
2819100000,CHROMIUM TRIOXIDE,No plausible UCC match found
2820100000,MANGANESE DIOXIDE,No plausible UCC match found
2820900000,"MANGANESE OXIDES, EXCEPT MANGANESE DIOXIDE, NESOI",No plausible UCC match found
2821200000,EARTH COLORS CONTAINING 70 PERCENT OR MORE BY WEIGHT OF COMBINED IRON EVALUATED AS FE2O3,No plausible UCC match found
2823000000,TITANIUM OXIDES,No plausible UCC match found
2824100000,"LEAD MONOXIDE (LITHARGE, MASSICOT)",No plausible UCC match found
2824901000,LEAD SUBOXIDE (LEADY LITHARGE),No plausible UCC match found
2824905000,"LEAD OXIDES, NESOI",No plausible UCC match found
2824909000,"LEAD OXIDES, NESOI",No plausible UCC match found
2825300010,VANADIUM PENTOXIDE (ANHYDRIDE),No plausible UCC match found
2825501000,CUPRIC OXIDE,No plausible UCC match found
2825502000,CUPROUS OXIDE,No plausible UCC match found
2825503000,COPPER HYDROXIDES,No plausible UCC match found
2825800000,ANTIMONY OXIDES,No plausible UCC match found
2825901500,NIOBIUM OXIDE,No plausible UCC match found
2825902000,TIN OXIDES,No plausible UCC match found
2825903000,TUNGSTEN OXIDES,No plausible UCC match found
2825907500,CADMIUM OXIDE,No plausible UCC match found
2826120000,FLUORIDES OF ALUMINUM,No plausible UCC match found
2826191000,FLUORIDES OF AMMONIUM,No plausible UCC match found
2826192000,FLUORIDES OF SODIUM,No plausible UCC match found
2826199000,"FLUORIDES, NESOI",No plausible UCC match found
2826199010,FLUORIDES: OF POTASSIUM,No plausible UCC match found
2826199080,"FLUORIDES, NESOI",No plausible UCC match found
2826300000,SODIUM HEXAFLUOROALUMINATE (SYNTHETIC CRYOLITE),No plausible UCC match found
2826901000,FLUOROSILICATES OF SODIUM OR OF POTASSIUM,No plausible UCC match found
2827100000,AMMONIUM CHLORIDE,No plausible UCC match found
2827200000,CALCIUM CHLORIDE,No plausible UCC match found
2827310000,MAGNESIUM CHLORIDE,No plausible UCC match found
2827320000,ALUMINUM CHLORIDE,No plausible UCC match found
2827350000,NICKEL CHLORIDE,No plausible UCC match found
2827391000,VANADIUM CHLORIDE,No plausible UCC match found
2827392500,TIN CHLORIDE,No plausible UCC match found
2827393000,TITANIUM CHLORIDE,No plausible UCC match found
2827394000,TUNGSTEN CHLORIDE,No plausible UCC match found
2827394500,BARIUM CHLORIDE,No plausible UCC match found
2827395500,IRON CHLORIDE,No plausible UCC match found
2827396000,COBALT CHLORIDE,No plausible UCC match found
2827396500,ZINC CHLORIDE,No plausible UCC match found
2827510000,BROMIDES OF SODIUM OR POTASSIUM,No plausible UCC match found
2827592500,"BROMIDES OR BROMIDE OXIDES OF AMMONIUM, CALCIUM, OR ZINC",No plausible UCC match found
2829110000,SODIUM CHLORATE,No plausible UCC match found
2829190000,"CHLORATES, EXCEPT SODIUM CHLORATE, NESOI",No plausible UCC match found
2829190100,"CHLORATES, EXCEPT SODIUM CHLORATE, NESOI",No plausible UCC match found
2829900500,POTASSIUM BROMATE,No plausible UCC match found
2829902500,SODIUM BROMATE,No plausible UCC match found
2829904000,"PERCHLORATES PERBROMATES,IODATES,PERIODATES; OF   POTASSIUM",No plausible UCC match found
2830100000,SODIUM SULFIDES,No plausible UCC match found
2830901000,ZINC SULFIDE LUMINESCENT GRADE PURITY > 99.99% BY WEIGHT,No plausible UCC match found
2830901500,"ZINC SULFIDE, NESOI",No plausible UCC match found
2830902000,CADMIUM SULFIDE,No plausible UCC match found
2831101000,SODIUM FORMALDEHYDE SULFOXYLATE,No plausible UCC match found
2832100000,SODIUM SULFITES,No plausible UCC match found
2832300000,THIOSULFATES,No plausible UCC match found
2832301000,SODIUM THIOSULFATE,No plausible UCC match found
2832305000,"THIOSULFATES, EXCEPT SODIUM THIOSULFATE, NESOI",No plausible UCC match found
2833115010,ANHYDROUS DISODIUM SULFATE,No plausible UCC match found
2833115050,"DISODIUM SULFATE, NESOI",No plausible UCC match found
2833190000,"SODIUM SULFATES, EXCEPT DISODIUM SULFATES, NESOI",No plausible UCC match found
2833210000,MAGNESIUM SULFATE,No plausible UCC match found
2833220000,ALUMINUM SULFATE,No plausible UCC match found
2833240000,NICKEL SULFATE,No plausible UCC match found
2833250000,COPPER SULFATE,No plausible UCC match found
2833270000,BARIUM SULFATE,No plausible UCC match found
2833291000,COBALT SULFATE,No plausible UCC match found
2833292000,IRON SULFATE,No plausible UCC match found
2833293000,VANADIUM SULFATE,No plausible UCC match found
2833294000,CHROMIUM SULFATE,No plausible UCC match found
2833294500,ZINC SULFATE,No plausible UCC match found
2833300000,ALUMS,No plausible UCC match found
2833400000,PEROXOSULFATES (PERSULFATES),No plausible UCC match found
2833402000,PEROXOSULFATES (PERSULFATES) OF SODIUM,No plausible UCC match found
2833406000,"PEROXOSULFATES (PERSULFATES), NESOI",No plausible UCC match found
2833406010,PEROXOSULFATES (PERSULFATES) OF POTASSIUM,No plausible UCC match found
2833406020,PEROXOSULFATES (PERSULFATES) OF AMMONIUM,No plausible UCC match found
2833406050,"PEROXOSULFATES (PERSULFATES), NESOI",No plausible UCC match found
2834100000,NITRITES,No plausible UCC match found
2834101000,SODIUM NITRITES,No plausible UCC match found
2834105000,NITRITES EXCEPT OF SODIUM,No plausible UCC match found
2834210000,POTASSIUM NITRATES,No plausible UCC match found
2834290500,BISMUTH NITRATES,No plausible UCC match found
2834291000,CALCIUM NITRATES,No plausible UCC match found
2834292000,STRONTIUM NITRATES,No plausible UCC match found
2834295100,"NITRATES, NESOI",No plausible UCC match found
2835220000,MONO- OR DISODIUM PHOSPHATES,No plausible UCC match found
2835240000,POTASSIUM PHOSPHATE,No plausible UCC match found
2835250000,CALCIUM HYDROGENORTHOPHOSPHATE ( DICALCIUM PHOSPHATE ),No plausible UCC match found
2835291000,ALUMINUM PHOSPHATES,No plausible UCC match found
2835292000,TRIAMMONIUM PHOSPHATES,No plausible UCC match found
2835293000,TRISODIUM PHOSPHATE,No plausible UCC match found
2835310000,SODIUM TRIPHOSPHATES (SODIUM TRIPOLYPHOSPHATE),No plausible UCC match found
2835390000,"POLYPHOSPHATES, NESOI",No plausible UCC match found
2835391000,POTASSIUM POLYPHOSPHATES,No plausible UCC match found
2835395000,"POLYPHOSPHATES, NESOI (EXCEPT POTASSIUM)",No plausible UCC match found
2836200000,DISODIUM CARBONATE,No plausible UCC match found
2836300000,SODIUM HYDROGENCARBONATE (SODIUM BICARBONATE),No plausible UCC match found
2836400000,POTASSIUM CARBONATES,No plausible UCC match found
2836401000,DIPOTASSIUM CARBONATE,No plausible UCC match found
2836402000,POTASSIUM HYDROGENCARBONATE (POTASSIUM BICARBONATE),No plausible UCC match found
2836500000,CALCIUM CARBONATE,No plausible UCC match found
2836600000,BARIUM CARBONATE,No plausible UCC match found
2836910010,"LITHIUM CARBONATES, U.S.P. GRADE",No plausible UCC match found
2836910050,"LITHIUM CARBONATES, EXCEPT U.S.P. GRADE, NESOI",No plausible UCC match found
2836920000,STRONTIUM CARBONATE,No plausible UCC match found
2836991000,COBALT CARBONATES,No plausible UCC match found
2836992000,BISMUTH CARBONATE,No plausible UCC match found
2836994000,LEAD CARBONATE,No plausible UCC match found
2837190110,POTASSIUM CYANIDE,No plausible UCC match found
2837190125,"CYANIDES & CYANIDE OXIDES, NESOI",No plausible UCC match found
2837200100,COMPLEX CYANIDES,No plausible UCC match found
2837201000,POTASSIUM FERRICYANIDE,No plausible UCC match found
2837205100,"COMPLEX CYANIDES, NESOI",No plausible UCC match found
2839110000,SODIUM METASILICATES,No plausible UCC match found
2839190000,"SILICATES; COMMERCIAL ALKALI METAL SILICATES, OF SODIUM, EXCEPT SODIUM METASILICATES, NESOI",No plausible UCC match found
2839901000,"SILICATES; COMMERCIAL ALKALI METAL SILICATES, OF POTASSIUM",No plausible UCC match found
2839905000,"SILICATES; COMMERCIAL ALKALI METAL SILICATES, NESOI",No plausible UCC match found
2840110000,ANHYDROUS DISODIUM TETRABORATE (REFINED BORAX),No plausible UCC match found
2840190000,"DISODIUM TETRABORATE (REFINED BORAX), EXCEPT ANHYDROUS, NESOI",No plausible UCC match found
2840300000,PEROXOBORATES (PERBORATES),No plausible UCC match found
2840300010,SODIUM PERBORATE,No plausible UCC match found
2840300050,"PEROXOBORATES (PERBORATES), NESOI",No plausible UCC match found
2841300000,SODIUM DICHROMATE,No plausible UCC match found
2841501000,POTASSIUM DICHROMATE,No plausible UCC match found
2841610000,POTASSIUM PERMANGANATE,No plausible UCC match found
2841690010,SODIUM PERMANGANATE,No plausible UCC match found
2841700000,MOLYBDATES (MOLYBDENUM CONTENT),No plausible UCC match found
2841701000,AMMONIUM MOLYBDATES (MOLYBDENUM CONTENT),No plausible UCC match found
2841705000,"MOLYBDATES, EXCEPT OF AMMONIUM (MOLYBDENUM), NESOI",No plausible UCC match found
2841800010,TUNGSTATES (WOLFRAMATES) OF AMMONIUM (TUNGSTEN CONTENT),No plausible UCC match found
2841800020,TUNGSTATES (WOLFRAMATES) OF CALCIUM (TUNGSTEN CNT),No plausible UCC match found
2841800040,"TUNGSTATES (WOLFRAMATE), EXC OF AMMONIUM, NESOI                      I",No plausible UCC match found
2841901000,"VANADATES,(VANADIUM CONTENT)",No plausible UCC match found
2841902000,AMMONIUM PERRHENATE,No plausible UCC match found
2841903000,POTASSIUM STANNATE,No plausible UCC match found
2841904000,ALUMINATES,No plausible UCC match found
2841904500,CHROMATES OF ZINC OR OF LEAD,No plausible UCC match found
2841905000,"SALTS OF OXOMETALLIC OR PEROXOMETALLIC ACIDS, NESOI",No plausible UCC match found
2842100000,DOUBLE OR COMPLEX SILICATES,No plausible UCC match found
2843100000,COLLOIDAL PRECIOUS METALS,No plausible UCC match found
2843210000,SILVER NITRATE,No plausible UCC match found
2843290100,"SILVER COMPOUNDS, EXCEPT SILVER NITRATE, NESOI",No plausible UCC match found
2843300000,GOLD COMPOUNDS,No plausible UCC match found
2844101000,URANIUM METAL,No plausible UCC match found
2844200010,URANIUM OXIDE ENRICHED IN U235,No plausible UCC match found
2844200020,URANIUM FLUORIDE ENRICHED IN U235,No plausible UCC match found
2844200030,"URANIUM COMPOUNDS ENRICHED IN U235, NESOI",No plausible UCC match found
2844301000,THORIUM COMPOUNDS,No plausible UCC match found
2844302010,URANIUM OXIDE DEPLETED IN U235,No plausible UCC match found
2844302020,URANIUM FLUORIDES DEPLETED IN U235,No plausible UCC match found
2844305010,URANIUM METAL DEPLETED IN U235,No plausible UCC match found
2846100000,CERIUM COMPOUNDS,No plausible UCC match found
2846100010,CERIUM OXIDES,No plausible UCC match found
2846902040,"RARE-EARTH OXIDES MIXTURES EXCEPT CERIUM OXIDES, NESOI",No plausible UCC match found
2846902060,"MIXTURES OF RARE-EARTH, EXCEPT CERIUM CHLORIDES, NESOI",No plausible UCC match found
2846902084,"MIXTURES OF RARE-EARTH, EXCEPT CERIUM CHLORIDES, NESOI",No plausible UCC match found
2846908090,"COMPOUNDS, INORGANIC OR ORGANIC, OF RARE-EARTH METALS, OF YTTRIUM OR OF SCANDIUM, OR MIXTURES OF THESE METALS, NESOI",No plausible UCC match found
2853000005,CYANOGEN CHLORIDE,No plausible UCC match found
2853000010,"GALLIUM ARSENIDE WAFERS, UNDOPED",No plausible UCC match found
2853100000,CYANOGEN CHLORIDE (CHLOROCYAN),No plausible UCC match found
2901101010,"ETHANE, SATURATED",No plausible UCC match found
2901101020,"NORMAL BUTANE (N-BUTANE), SATURATED",No plausible UCC match found
2901101030,"ISOBUTANE (2-METHYLPROPANE), SATURATED",No plausible UCC match found
2901210000,ETHYLENE (ETHENE),No plausible UCC match found
2901220000,PROPENE (PROPYLENE),No plausible UCC match found
2901242000,ISOPRENE PURITY OF 95% OR MORE BY WEIGHT,No plausible UCC match found
2901243000,"ISOPRENE (3-METHYL-1, 3-BUTADIENE; 2-METHYL-1, 3-BUTADIENE)",No plausible UCC match found
2902110000,CYCLOHEXANE,No plausible UCC match found
2902190010,DICYCLOPENTADIENE,No plausible UCC match found
2902200000,BENZENE OF A PURITY OF 95% OR MORE BY WEIGHT,No plausible UCC match found
2902410000,ORTHO-XYLENE,No plausible UCC match found
2902420000,META-XYLENE,No plausible UCC match found
2902430000,PARA-XYLENE,No plausible UCC match found
2902440000,MIXED XYLENE ISOMERS,No plausible UCC match found
2902500000,STYRENE,No plausible UCC match found
2902600000,ETHYLBENZENE,No plausible UCC match found
2902700000,CUMENE,No plausible UCC match found
2902901000,PSEUDOCUMENE,No plausible UCC match found
2902903010,DODECYLBENZENE,No plausible UCC match found
2902906000,"BIPHENYL (DIPHENYL), IN FLAKES",No plausible UCC match found
2903110010,CHLOROMETHANE (METHYL CHLORIDE),No plausible UCC match found
2903110020,CHLOROETHANE (ETHYL CHLORIDE),No plausible UCC match found
2903120000,DICHLOROMETHANE (METHYLENE CHLORIDE),No plausible UCC match found
2903130000,CHLOROFORM,No plausible UCC match found
2903140000,CARBON TETRACHLORIDE,No plausible UCC match found
2903150000,"1,2-DICHLOROETHANE (ETHYLENE DICHLORIDE)",No plausible UCC match found
2903193000,SEC-BUTYL CHLORIDE,No plausible UCC match found
2903196010,"METHYLCHLOROFORM (1,1,1-TRICHLOROETHANE)",No plausible UCC match found
2903210000,VINYL CHLORIDE (CHLOROETHYLENE),No plausible UCC match found
2903220000,TRICHLOROETHYLENE,No plausible UCC match found
2903230000,TETRACHLOROETHYLENE (PERCHLOROETHYLENE),No plausible UCC match found
2903310000,"ETHYLENE DIBROMIDE (ISO) (1,2-DIBROMOETHANE)",No plausible UCC match found
2903391520,METHYL BROMIDE,No plausible UCC match found
2903391550,"BROMINATED DERIVATIVES OF ACYCLIC HYDROCARBONS, NESOI",No plausible UCC match found
2903392005,"1,1,3,3,3-PENTAFLUORO-2-(TRIFLUOROMETHYL)PROP-1-ENE",No plausible UCC match found
2903392015,"FLUORINATED HYDROCARBONS, NESOI",No plausible UCC match found
2903392020,"1,1,1,2-TETRAFLUOROETHANE (HFC-134A)",No plausible UCC match found
2903392030,"FLUORINATED HYDROCARBONS, NESOI",No plausible UCC match found
2903392035,"FLUORINATED HYDROCARBONS, DIFLUOROMETHANE; PENTAFLUORETHANE; & 1,1,1-TRIFLUOROETHANE",No plausible UCC match found
2903392045,"FLUORINATED HYDROCARBONS, NESOI",No plausible UCC match found
2903710000,CHLORODIFLUOROMETHANE (HCFC-22),No plausible UCC match found
2903720000,DICHLOROTRIFLUOROETHANES,No plausible UCC match found
2903720020,DICHLOROTRIFLUOROETHANE (HCFC-123),No plausible UCC match found
2903730000,DICHLOROFLUOROETHANES,No plausible UCC match found
2903740000,CHLORODIFLUOROETHANES,No plausible UCC match found
2903750000,DICHLOROPENTAFLUOROPROPANES,No plausible UCC match found
2903760010,BROMOTRIFLUOROMETHANE (HALON 1301),No plausible UCC match found
2903770010,TRICHLOROFLUOROMETHANE (CFC-11),No plausible UCC match found
2903770020,TRICHLOROTRIFLUOROETHANES,No plausible UCC match found
2903770030,DICHLOROTETRAFLUOROETHANE (CFC 114),No plausible UCC match found
2903770050,DICHLORODIFLUOROMETHANE,No plausible UCC match found
2903791000,BROMOCHLOROMETHANE,No plausible UCC match found
2903799000,"HALOGENATED DERIVATIVES OF ACYCLIC HYDROCARBONS CONTAINING TWO OR MORE DIFFERENT HALOGENS, NESOI",No plausible UCC match found
2903799030,MONOCHLOROTETRAFLUOROETHANE (HCFC-124),No plausible UCC match found
2903799070,"HALOGENATED DERIVATIVES OF ACYCLIC HYDROCARBONS CONTAINING TWO OR MORE DIFFERENT HALOGENS, NESOI",No plausible UCC match found
2903810000,"1,2,3,4,5,6-HEXACHLOROCYCLOHEXANE",No plausible UCC match found
2903830000,HALOGENATED DERIVATIVES OF CYCLANIC CYCLENIC OR CYCLOTERPENIC HYDROCARBONS: MIREX,No plausible UCC match found
2903890500,DIBROMOETHYLDIBROMOCYCLOHEXANE,No plausible UCC match found
2903894000,"1,3,5,7,9,11-HEXABROMOCYCLODODECANE",No plausible UCC match found
2903896000,TETRABROMOCYCLOOCTANE,No plausible UCC match found
2903911000,CHLOROBENZENE,No plausible UCC match found
2903912000,ORTHO-DICHLOROBENZENE,No plausible UCC match found
2903913000,PARA-DICHLOROBENZENE,No plausible UCC match found
2903930000,"HALOGENATED DERIVATIVES OF AROMATIC HYDROCARBONS, PENTACHLOROBENZENE",No plausible UCC match found
2903940000,"HALOGENATED DERIVATIVES OF AROMATIC HYDROCARBONS, HEXABROMOBIPHENYLS",No plausible UCC match found
2903990002,HALOGENATED DERIVATIVES OF AROMATIC HYDROCARBONS NESOI,No plausible UCC match found
2903991500,TRIPHENYLMETHYL CHLORIDE,No plausible UCC match found
2903992300,PENTABROMOETHYLBENZENE,No plausible UCC match found
2903992700,TRIBROMOCUMENE,No plausible UCC match found
2903993000,PESTICIDES OF HALOGENATED DERIV OF AROMATIC HYDROCARBONS,No plausible UCC match found
2903998000,"HALOGENATED DERIVATIVES OF AROMATIC HYDROCARBONS, NESOI",No plausible UCC match found
2903998001,"HALOGENATED DERIVATIVES OF AROMATIC HYDROCARBONS, NESOI",No plausible UCC match found
2904100000,"HYDROCARBON DERIVATIVES CONTAINING ONLY SULFO GROUPS, THEIR SALTS ANDESTERS",No plausible UCC match found
2904100400,2-ANTHRACENESULFONIC ACID,No plausible UCC match found
2904100800,BENZENESULFONYL CHLORIDE,No plausible UCC match found
2904201000,PARA-NITROTOLUENE,No plausible UCC match found
2904201500,PARA-NITRO-ORTHO-XYLENE,No plausible UCC match found
2904202000,TRINITROTOLUENE,No plausible UCC match found
2904203500,"NITRATED BENZENE, NITRATED TOLUENE , (EXCEPT P-NITROTOLUENE), OR NITRATED NAPHTHALENE",No plausible UCC match found
2904310000,PERFLUOROOCTANE SULFONIC ACID,No plausible UCC match found
2904320000,AMMONIUM PERFLUOROOCTANE SULFONATE,No plausible UCC match found
2904340000,POTASSIUM PERFLUOROOCTANE SULFONATE,No plausible UCC match found
2904360000,PERFLUOROOCTANE SULFONYL FLUORIDE,No plausible UCC match found
2904900400,MONOCHLOROMONONITROBENZENES; O-NITROCHLOROBENZENE; P-NITROCHLOROBENZENE,No plausible UCC match found
2904900800,MONOCHLOROMONONITROBENZENES NESOI,No plausible UCC match found
2904902000,NITROTOLUENESULFONIC ACIDS,No plausible UCC match found
2904905005,TRICHLORONITROMETHANE (CHLOROPICRIN),No plausible UCC match found
2904909000,"SULFONATED, NITRATED OR NITROSATED DERIVATIVES OF HYDROCARBONS, NESOI",No plausible UCC match found
2904910000,TRICHLORONITROMETHANE (CHLOROPICRIN),No plausible UCC match found
2904990400,MONOCHLOROMONONITROBENZENES; O-NITROCHLOROBENZENE; P-NITROCHLOROBENZENE,No plausible UCC match found
2904990800,MONOCHLOROMONONITROBENZENES NESOI,No plausible UCC match found
2904992000,NITROTOLUENESULFONIC ACIDS,No plausible UCC match found
2905120010,PROPAN-1-OL,No plausible UCC match found
2905120050,PROPAN-2-OL,No plausible UCC match found
2905145050,"BUTANOLS, NESOI",No plausible UCC match found
2905220000,UNSATURATED ACYCLIC MONOHYDRIC TERPENE ALCOHOLS,No plausible UCC match found
2905221000,GERANIOL,No plausible UCC match found
2905222000,ISOPHYTOL,No plausible UCC match found
2905225010,CITRONELLOL,No plausible UCC match found
2905299000,"UNSATURATED MONOHYDRIC ALCOHOLS, NESOI",No plausible UCC match found
2905310000,ETHYLENE GLYCOL (ETHANEDIOL),No plausible UCC match found
2905320000,"PROPYLENE GLYCOL (PROPANE-1,2-DIOL)",No plausible UCC match found
2905391000,BUTYLENE GLYCOL,No plausible UCC match found
2905392000,NEOPENTYL GLYCOL,No plausible UCC match found
2905396000,HEXYLENE GLYCOL,No plausible UCC match found
2905410000,"2-ETHYL-2-(HYDROXYMETHYL)PROPANE-1,3-DIOL (TRIMETHYLOLPROPANE)",No plausible UCC match found
2905420000,PENTAERYTHRITOL,No plausible UCC match found
2905430000,MANNITOL,No plausible UCC match found
2905440000,D-GLUCITOL (SORBITOL),No plausible UCC match found
2905450000,GLYCEROL,No plausible UCC match found
2905493000,XYLITOL,No plausible UCC match found
2905510000,ETHCHLOROVYNOL (INN),No plausible UCC match found
2905591000,"HALOGENATED, SULFONATED, NITRATED OR NITROSATED DERIVATIVES OF MONOHYDRIC ALCOHOLS",No plausible UCC match found
2905593000,DIBROMONEOPENTYLGLYCOL,No plausible UCC match found
2905599000,"HALOGENATED, SULFONATED, NITRATED OR NITROSATED DERIVATIVES OF ACYCLIC ALCOHOLS, NESOI",No plausible UCC match found
2906110000,MENTHOL,No plausible UCC match found
2906131000,INOSITOLS,No plausible UCC match found
2906135000,STEROLS,No plausible UCC match found
2906193000,TERPINEOLS,No plausible UCC match found
2907151000,ALPHA-NAPHTHOL,No plausible UCC match found
2907153000,2-NAPHTHOL (B-NAPHTHOL),No plausible UCC match found
2907191000,ALKYLCRESOLS,No plausible UCC match found
2907192000,ALKYLPHENOLS,No plausible UCC match found
2907194000,THYMOL,No plausible UCC match found
2907220000,HYDROQUINONE (QUINOL),No plausible UCC match found
2907290500,PHENOL-ALCOHOLS,No plausible UCC match found
2907291000,PYROGALLIC ACID,No plausible UCC match found
2907291500,"4,4'-BIPHENOL",No plausible UCC match found
2907292500,TERT-BUTYLHYDROQUINONE,No plausible UCC match found
2907299000,"POLYPHENOLS, NESOI",No plausible UCC match found
2908110000,PENTACHLOROPHENOL (ISO),No plausible UCC match found
2908190500,"2,2,-BIS(4-HYDROXYPHENYL)-1,1,1,3,3,3-HEXAFLUOROPROPANE",No plausible UCC match found
2908191500,"3-HYDROXY-A,A,A-TRIFLUOROTOLUENE",No plausible UCC match found
2908192500,TETRABROMOBISPHENOL A,No plausible UCC match found
2908193500,"HALOGENATED DERIVATIVES OF PHENOLS OR PHENOL-ALCOHOLS, DESCRIBED IN ADDITIONAL US NOTE 3 TO SEC 6, NESOI",No plausible UCC match found
2908196000,"HALOGENATED DERIVATIVES OF PHENOLS OR PHENOL-ALCOHOLS, NESOI",No plausible UCC match found
2908990600,4-HYDROXY-1-NAPHTHALENESULFONIC ACID (1-NAPHTHOL-4-SULFONIC ACID),No plausible UCC match found
2908992000,P-NITROPHENOL,No plausible UCC match found
2909110000,DIETHYL ETHER,No plausible UCC match found
2909191400,METHYL TERTIARY-BUTYL ETHER (MTBE),No plausible UCC match found
2909191800,"ETHERS OF MONOHYDRIC ALCOHOLS, NESOI",No plausible UCC match found
2909193000,TRIETHYLENE GLYCOL DICHLORIDE,No plausible UCC match found
2909303000,PESTICIDES,No plausible UCC match found
2909410000,"2,2-OXYDIETHANOL (DIETHYLENE GLYCOL, DIGOL)",No plausible UCC match found
2909430000,MONOBUTYL ETHERS OF ETHYLENE GLYCOL OR OF DIETHYLENE GLYCOL,No plausible UCC match found
2909440110,MONOMETHYL ETHERS OF ETHYLENE GLYCOL OR OF DIETHYLENE GLYCOL,No plausible UCC match found
2909440150,"MONOALKYL ETHERS OF ETHYLENE GLYCOL OR OF DIETHYLENE GLYCOL, NESOI",No plausible UCC match found
2909490500,GUAIFENESIN,No plausible UCC match found
2909492000,GLYCEROL ETHERS,No plausible UCC match found
2909493000,DI-PENTAERYTHRITOL HAVEIN A PRUITY OF 94% OR MORE BY WEIGHT,No plausible UCC match found
2909501000,4-ETHYLGUAIACOL,No plausible UCC match found
2910100000,OXIRANE (ETHYLENE OXIDE),No plausible UCC match found
2910200000,METHYLOXIRANE (PROPYLENE OXIDE),No plausible UCC match found
2910300000,"1-CHLORO-2,3-EPOXYPROPANE (EPICHLOROHYDRIN)",No plausible UCC match found
2910400000,"DIELDRIN (ISO, INN)",No plausible UCC match found
2910500000,ENDRIN,No plausible UCC match found
2910901000,BUTYLENE OXIDE,No plausible UCC match found
2911001000,"1,1-BIS-(1-METHYLETHOXY) CYCLOHEXANE",No plausible UCC match found
2912110000,METHANAL (FORMALDEHYDE),No plausible UCC match found
2912120000,ETHANAL (ACETALDEHYDE),No plausible UCC match found
2912191000,CITRAL,No plausible UCC match found
2912192000,ODORIFEROUS OR FLAVORING COMPOUNDS W/ACYCLIC ALDEHYDES NESOI,No plausible UCC match found
2912192500,"BUTANAL (BUTYRALDEHYDE, NORMAL ISOMER)",No plausible UCC match found
2912193000,GLYOXAL,No plausible UCC match found
2912194000,ISOBUTANAL,No plausible UCC match found
2912210000,BENZALDEHYDE,No plausible UCC match found
2912291000,PHENYLACETALDEHYDE,No plausible UCC match found
2912410000,VANILLIN (4-HYDROXY-3-METHOXYBENZALDEHYDE),No plausible UCC match found
2912420000,ETHYLVANILLIN (3-ETHOXY-4-HYDROXY-BENZALDEHYDE),No plausible UCC match found
2912491000,PARA-ANISALDEHYDE,No plausible UCC match found
2912491500,P-HYDROXYBENZALDEHYDE,No plausible UCC match found
2912495500,HYDROXYCITRONELLAL,No plausible UCC match found
2912496500,ALDEHYDE-ALCOHOLS,No plausible UCC match found
2912501000,METALDEHYDE (POWDER OR CRYSTAL FORM),No plausible UCC match found
2912505000,"CYCLIC POLYMERS OF ALDEHYDES, NESOI",No plausible UCC match found
2912600000,PARAFORMALDEHYDE,No plausible UCC match found
2913002000,4--FLUORO-3-PHENOXYBENZALDEHYDE,No plausible UCC match found
2913004000,"AROMATIC HALOGENATED, SULFONATED, NITRATED OR NITROSATED DERIVATIVES OF PRODUCT OF HEADING 2912",No plausible UCC match found
2914110000,ACETONE (PROPANONE),No plausible UCC match found
2914120000,BUTANONE,No plausible UCC match found
2914130000,4-METHYLPENTAN-2-ONE (METHYL ISOBUTYL KETONE),No plausible UCC match found
2914221000,CYCLOHEXNONE,No plausible UCC match found
2914222000,METHYLCYCLOHEXANONES,No plausible UCC match found
2914291000,ISOPHORONE,No plausible UCC match found
2914293100,SYNTHETIC CAMPHOR,No plausible UCC match found
2914293200,CAMPHOR (2-CAMPHANONE),No plausible UCC match found
2914310000,PHENYLACETONE (PHENYLPROPAN-2-ONE),No plausible UCC match found
2914402000,"1,2,3-INDANTRIONE MONOHYDRATE (NINHYDRIN)",No plausible UCC match found
2914406000,"1,3-DIHYDROXYACETONE",No plausible UCC match found
2914501000,5-BENZOYL-4-HYDROXY-2-METHOXY-BENZENESULFONIC ACID,No plausible UCC match found
2914610000,ANTHRAQUINONE,No plausible UCC match found
2914620000,COENZYME Q10 (UBIDECARENONE (INN),No plausible UCC match found
2914696000,"1,4-DIHYDROXYANTHRAQUINONE; 2-ETHYLANTHRAQUINONE",No plausible UCC match found
2914710000,"HALOGENATED, SULFONATED, NITRATED OR NITROSATED DERIVATIVES: CHLORDECONE (ISO)",No plausible UCC match found
2914796000,1-CHLORO-5-HEXANONE,No plausible UCC match found
2915110000,FORMIC ACID,No plausible UCC match found
2915120000,SALTS OF FORMIC ACID,No plausible UCC match found
2915130000,ESTERS OF FORMIC ACID,No plausible UCC match found
2915131000,AROMATIC ESTERS OF FORMIC ACID,No plausible UCC match found
2915210000,ACETIC ACID,No plausible UCC match found
2915240000,ACETIC ANHYDRIDE,No plausible UCC match found
2915291000,CUPRIC ACETATE MONOHYDRATE,No plausible UCC match found
2915292000,SODIUM ACETATE,No plausible UCC match found
2915293000,COBALT ACETATES,No plausible UCC match found
2915310000,ETHYL ACETATE,No plausible UCC match found
2915320000,VINYL ACETATE,No plausible UCC match found
2915330000,NORMAL BUTYL ACETATE,No plausible UCC match found
2915360000,DINOSEB (ISO) ACETATE,No plausible UCC match found
2915391000,BENZYL ACETATE,No plausible UCC match found
2915393100,ESTERS OF ACETIC ACID DESCRIBED IN ADD U.S. NOTE 3 TO SECTION 6,No plausible UCC match found
2915394000,LINALYL ACETATE,No plausible UCC match found
2915394510,NORMAL-PROPYL ACETATE,No plausible UCC match found
2915396000,BIS(DROMOACETOXY) BUTENE,No plausible UCC match found
2915397000,ISOBUTYL ACETATE,No plausible UCC match found
2915398000,"2-ETHOXYETHYL ACETATE (ETHYLENE GLYCOL, MONOETHYL ETHER ACETATE)",No plausible UCC match found
2915401000,CHLOROACETIC ACIDS,No plausible UCC match found
2915405010,SODIUM CHLOROACETATE,No plausible UCC match found
2915501000,PROPIONIC ACID,No plausible UCC match found
2915700110,PALMITIC ACID,No plausible UCC match found
2915901010,LAURIC ACID,No plausible UCC match found
2915901400,VALPROIC ACID,No plausible UCC match found
2915902000,AROMATIC DERIVATIVES OF SATURATED ACYCLIC MONOCARBOXYLIC ACIDS,No plausible UCC match found
2916121000,AROMATIC ESTERS OF ACRYLIC ACIDS,No plausible UCC match found
2916125010,ETHYL ACRYLATE,No plausible UCC match found
2916125020,METHYL ACRYLATE,No plausible UCC match found
2916125030,BUTYL ACRYLATE,No plausible UCC match found
2916125040,2-ETHYL-1-HEXYL ACRYLATE,No plausible UCC match found
2916141000,DICYCLOPENTENYLOXYETHYL METHACRYLATE,No plausible UCC match found
2916142010,ETHYL METHACRYLATE,No plausible UCC match found
2916142020,METHYL METHACRYLATE,No plausible UCC match found
2916151000,"OLEIC, LINOLEIC OR LINOLENIC ACIDS",No plausible UCC match found
2916160000,BINAPACRYL,No plausible UCC match found
2916191000,POTASSIUM SORBATE,No plausible UCC match found
2916192000,SORBIC ACID,No plausible UCC match found
2916201000,TEFLUTHRIN,No plausible UCC match found
2916311105,BENZOIC ACID,No plausible UCC match found
2916311170,SODIUM BENZOATE,No plausible UCC match found
2916312000,ODIFEROUS OR FLAVORING COMPOUNDS OF BENZOIC ACID ESTERS,No plausible UCC match found
2916321000,BENZOYL PEROXIDE,No plausible UCC match found
2916322000,BENZOYL CHLORIDE,No plausible UCC match found
2916341000,PHENYLACETIC ACID (ALPHA-TOLUIC ACID),No plausible UCC match found
2916341500,ODORIFEROUS OR FLAVORING COMPOUNDS OF PHENYLACETIC ACID SALTS,No plausible UCC match found
2916342500,SALTS OF PHENYLACETIC ACID DESCRIBED IN ADDITIONAL U.S. NOTE 3 TO SECTION VI,No plausible UCC match found
2916343550,"PHENYLACETIC (ALPHA-TOLUIC) ACID, ITS SALTS, NESOI",No plausible UCC match found
2916390600,CINNAMIC ACID,No plausible UCC match found
2916390800,4-CHLORO-3-NITROBENZOIC ACID,No plausible UCC match found
2916391500,IBUPROFEN,No plausible UCC match found
2916391600,4-CHLOROBENZOIC ACID,No plausible UCC match found
2916392100,ODORIFEROUS OR FLAVORING COMPOUNDS OF AROMATIC MONOCARBOXYLIC ACIDS OR THEIR DERIVATIVES,No plausible UCC match found
2916395000,ODORIFEROUS OR FLAVORING COMPOUNDS OF PHENYALCETIC ACID ESTERS,No plausible UCC match found
2917121000,ADIPIC ACID,No plausible UCC match found
2917130030,SEBACIC ACID,No plausible UCC match found
2917140000,MALEIC ANHYDRIDE,No plausible UCC match found
2917191000,FERROUS FUMARATE,No plausible UCC match found
2917193000,ETHYLENE BRASSYLATE,No plausible UCC match found
2917193500,MALONIC ACID,No plausible UCC match found
2917197025,ACYCLIC POLYCARBOXYLIC ACIDS PLASTICIZERS,No plausible UCC match found
2917320000,DIOCTYL ORTHOPHTHALATES,No plausible UCC match found
2917330010,DIISODECYL ORTHOPHTHALATES,No plausible UCC match found
2917340110,DIBUTYL ORTHOPHTHALATES,No plausible UCC match found
2917350000,PHTHALIC ANHYDRIDE,No plausible UCC match found
2917370000,DIMETHYL TEREPHTHALATE,No plausible UCC match found
2917390800,NAPHTHALIC ANHYDRIDE,No plausible UCC match found
2917391200,"4,4'-(HEXAFLUOROISOPROPYL-INDENE) BIS (PHTHALIC   ANHYDRIDE)",No plausible UCC match found
2917391500,ISOPHTHALIC ACID,No plausible UCC match found
2917391700,TETRABROMOPHTHALIC ANHYDRIDE,No plausible UCC match found
2918000000,SELECTED CARBOXYLIC ACIDS,No plausible UCC match found
2918111000,LACTIC ACID,No plausible UCC match found
2918120000,TARTARIC ACID,No plausible UCC match found
2918131000,POTASSIUM ANTIMONY TARTRATE (TARTER EMETIC),No plausible UCC match found
2918133000,POTASSIUM SODIUM TARTRATE (ROCHELLE SALTS),No plausible UCC match found
2918140000,CITRIC ACID,No plausible UCC match found
2918151000,SODIUM CITRATE,No plausible UCC match found
2918161000,GLUCONIC ACID,No plausible UCC match found
2918165010,SODIUM GLUCONATE,No plausible UCC match found
2918170000,BENZILIC ACID,No plausible UCC match found
2918170001,"2,2-DIPHENYL-2-HYDROXYACETIC ACID (BENZILIC ACID)",No plausible UCC match found
2918180000,CHLOROBENZILATE (ISO),No plausible UCC match found
2918191100,METHYL ESTER,No plausible UCC match found
2918191200,MANDELIC ACID,No plausible UCC match found
2918196000,MALIC ACID,No plausible UCC match found
2918221000,ORTHO-ACETYLSALICYLIC ACID (ASPIRIN),No plausible UCC match found
2918232000,ODORIFEROUS OR FLAVORING COMPOUNDS OF SALTS OR ESTERS OF SALICYLIC ACID,No plausible UCC match found
2918290600,"1,6-HEXANEDIOL-BIS(3,5-DIBUTYL-4-HYDROXYPHENYL)PROPIONATE",No plausible UCC match found
2918290800,M-HYDROXYBENZOIC ACID,No plausible UCC match found
2918292200,PARA-HYDROXYBENZOIC ACID,No plausible UCC match found
2918292500,3-HYDROXY-2-NAPHTHOIC ACID,No plausible UCC match found
2918293000,GALLIC ACID,No plausible UCC match found
2918301000,"1-FORMYLPHENYLACETIC ACID,METHYL ESTER",No plausible UCC match found
2918301500,"2-CHLORO04,5-DIFLUORO-B-BOXOBENZENEPROPANOIC ACID;",No plausible UCC match found
2918990600,1-HYDROXY-6-OCTADECYLOXY-E-NAPHTHALENCCARBOXYLIC ACID; AND1-HYDROXY-6-DOCOSYLOXY-2-NAPHTHALENE CARBOXYLIC ACID,No plausible UCC match found
2918992015,2-METHYL-4-CHLOROPHENOXYACETIC,No plausible UCC match found
2918992050,"AROMATIC PESTICIDES, NESOI",No plausible UCC match found
2918993500,AROMATIC ODORIFEROUS OR FLAVORING COMPOUNDS,No plausible UCC match found
2918994300,PROD DES IN NOTE 3 TO SECT 6 W/CARBOXYLIC ACIDS W/ADD OXYGEN FUNCTION,No plausible UCC match found
2919100000,"TRIS (2,3-DIBROMOPROPYL PHOSPHATE)",No plausible UCC match found
2919901500,TRIPHENYL PHOSPHATE,No plausible UCC match found
2919902500,AROMATIC PLASTICIZERS NESOI,No plausible UCC match found
2919905010,"PLASTICIZERS, NESOI",No plausible UCC match found
2920210000,DIMETHYL PHOSPHITE,No plausible UCC match found
2920220000,DIETHYL PHOSPHITE,No plausible UCC match found
2920230000,TRIMETHYL PHOSPHITE,No plausible UCC match found
2920240000,TRIETHYL PHOSPHITE,No plausible UCC match found
2920300000,ENDOSULFAN (ISO),No plausible UCC match found
2921120100,"2-(N,N-DIMETHYLAMINO)ETHYL CHLORIDE HYDROCHLORIDE",No plausible UCC match found
2921130000,"2-(N,N-DIETHYLAMINO)ETHYL CHLORIDE HYDROCHLORIDE.",No plausible UCC match found
2921140000,"2-(N,N-DIISOPROPYLAMINO)ETHYL CHLORIDE HYDROCHLORIDE",No plausible UCC match found
2921290010,TETRAETHYLENE PENTAMINE,No plausible UCC match found
2921290020,TRIETHYLENETETRAMINE,No plausible UCC match found
2921290030,DIETHYLENETRIAMINE,No plausible UCC match found
2921300500,"1,3-BIS(AMINOETHYL_CYCLOHEXANE",No plausible UCC match found
2921411000,ANILINE,No plausible UCC match found
2921412000,ANILINE SALTS,No plausible UCC match found
2921421000,"N,N-DIMETHYLANILINE",No plausible UCC match found
2921421600,"2,4,5-TRICHLOROANILINE",No plausible UCC match found
2921422100,METANILIC ACID,No plausible UCC match found
2921422200,SULFANILIC ACID,No plausible UCC match found
2921425500,FAST COLOR BASES OF ANILINE DERIV OR THEIR SALTS,No plausible UCC match found
2921431500,"ALPHA,ALPHA,ALPHA-TRIFLUORO-2,6-DINITRO-N,N-DIPROPYL-P-TOLUIDINE (TRIFLURALIN)",No plausible UCC match found
2921432200,"N-ETHYL-N-(2-METHYL-2-PROPENYL)-2,6-DINITRO-4-(TRIFLUOROMETHYL) BENZENAMINE",No plausible UCC match found
2921439020,2-CHLORO-P-TOLUIDINE-5-SULFONIC ACID (CAS NO. 88-51-7),No plausible UCC match found
2921439040,P-TOLUIDINE-M-SULFONIC ACID (CAS 88-44-8),No plausible UCC match found
2921441000,NITRODIPHENYLAMINE,No plausible UCC match found
2921459010,2-AMINO-1-NAPHTHALENESULFONIC ACID (TOBIAS ACID),No plausible UCC match found
2921491500,M-NITRO-P-TOLUIDINE,No plausible UCC match found
2921493200,FAST COLOR BASES W/AMINE FUNCTIONS,No plausible UCC match found
2921590400,"1,8-DIAMINONAPTHALENE (1,8-NAPTHALENEDIAMINO)",No plausible UCC match found
2921591700,"4,4'-BENZIDN-2,2'-DISULFONC ACD;1,4-DIAMINOBENZN-2-SULFONC ACD;4,4'-METHYLNBIS-(3-CHLOR-2,6-DIETHYLAN&-2,6-DIETHYLAN&-2,6-DIISOPRO);M-XYLENEDIAMN",No plausible UCC match found
2921592000,"4,4-DIAMINO-2,2-STILBENEDISULFONIC ACID",No plausible UCC match found
2921593000,"4,4-METHYLENEDIANILINE",No plausible UCC match found
2921598010,"3,3'-DICHLOROBENZIDINE DIHYDROCHLORIDE",No plausible UCC match found
2922150000,TRIETHANOLAMINE,No plausible UCC match found
2922160000,DIETHANOLAMMONIUM PERFLUOROOCTANE SULFONATE,No plausible UCC match found
2922180000,"2-(N,N-DIISOPROPYLAMINO)ETHANOL",No plausible UCC match found
2922199000,SALTS OF TRIETHANOLAMINE,No plausible UCC match found
2922212500,"1-AMINO-8-HYDROXY-4,6 NAPHTHALENEDISULFONIC ACID, MONOSODIUM SALTS",No plausible UCC match found
2922291000,2-AMINO-6-CHLORO-4-NITROPHENOL; 2-AMINO-4-CHLOROPHENOL; 2-AMINO-4-CHLOROPHENOL HYDROCHLORIDE; 2-AMINO-P-CRESOL; 4-AMINO-0-CRESOL; M-AMINO PHENOL,No plausible UCC match found
2922298110,P-NITRO-O-ANISIDINE,No plausible UCC match found
2922421000,MONOSODIUM GLUTAMATE,No plausible UCC match found
2922490500,(R)-A-AMINOBENZENEACETIC ACID,No plausible UCC match found
2922494010,ALANINE,No plausible UCC match found
2922494015,L-ASPARTIC ACID,No plausible UCC match found
2922494020,GLYCINE(AMINOACETIC ACID),No plausible UCC match found
2922494300,GLYCINE (AMINOACETIC ACID),No plausible UCC match found
2922494910,ALANINE,No plausible UCC match found
2922494915,L-ASPARTIC ACID,No plausible UCC match found
2923300000,TETRAETHYLAMMONIUM PERFLUOROOCTANE SULFONATE,No plausible UCC match found
2923400000,DIDECYLDIMETHYLAMMONIUM PERFLUOROOCTANE SULFONATE,No plausible UCC match found
2924110000,MEPROBAMATE (INN),No plausible UCC match found
2924191110,ACRYLAMIDE,No plausible UCC match found
2924191120,DIMETHYLFORMAMIDE,No plausible UCC match found
2924191130,METHACRYLAMIDE,No plausible UCC match found
2924198000,"ACYCLIC AMIDE DERIVATIVES, SALTS THEREOF",No plausible UCC match found
2924210800,"1,1-DIETHYL-3-(A,A,A-TRIFLUORO-M-TOLYL)UREA (FLUOMETURON)",No plausible UCC match found
2924211200,1-(2-METHYLCYCLOHEXYL)-3-PHENYLUREA,No plausible UCC match found
2924211600,"UREINES, AROMATIC PESTICIDES, NESOI",No plausible UCC match found
2924211800,SYM-DIETHYLDIPHENYLUREA,No plausible UCC match found
2924231000,2-ACETAMIDOBENZOIC ACID,No plausible UCC match found
2924240000,ETHINAMATE (INN),No plausible UCC match found
2924290300,"3,5-DINITRO-O-TOLUAMIDE",No plausible UCC match found
2924292600,3-AMINOMETHOXYBENZANILIDE,No plausible UCC match found
2924295700,DIETHYLAMINOACETOXYLIDIDE(LIDO CAINE),No plausible UCC match found
2924296210,ACETAMINOPHEN,No plausible UCC match found
2924296220,ACETPHENETIDINE (PHENACETIN),No plausible UCC match found
2924296500,5-BROMOACETYL-2-SALICYLAMIDE,No plausible UCC match found
2924297610,ACETOACETANILIDE,No plausible UCC match found
2924297620,"ACETOACET-2,5-DIMETHOXY-4-CHLOROANILIDE",No plausible UCC match found
2924297630,P-AMINO-BEZAMIDE,No plausible UCC match found
2924297710,ACETOACETANILIDE,No plausible UCC match found
2924297720,"ACETOACET-2,5-DIMETHOXY-4-CHLOROANILIDE",No plausible UCC match found
2924297730,P-AMINO-BEZAMIDE,No plausible UCC match found
2924298000,"2,2-DIMETHYLCYCLOPROPYLCARBOXAMIDE",No plausible UCC match found
2925120000,GLUTETHIMIDE (INN),No plausible UCC match found
2925191000,ETHYLENEBISTETRABROMPHTHALIMIDE,No plausible UCC match found
2925210000,CHLORDIMEFORM (ISO),No plausible UCC match found
2925291800,"N,N'-DIPHENYLGUANIDIDE; 3 -DIMETHYLAMINOMETHYLENE-MINOPHENO HYDROCHOLORIDE; 1,3-DI-O-TOLYQUANDIDINE",No plausible UCC match found
2925297000,TETRAMETHYLGUANIDINE,No plausible UCC match found
2926100000,ACRYLONITRILE,No plausible UCC match found
2926200000,1-CYANOGUANIDINE (DICYANDIAMIDE),No plausible UCC match found
2926302000,"4-CYANO-2-DIMETHYLAMINO-4,4-DIPHENYBUTANE",No plausible UCC match found
2926400000,ALPHA-PHENYLACETOACETONITRILE,No plausible UCC match found
2926900100,2-CYANO-4-NITROANILINE,No plausible UCC match found
2926900800,BENZONITRILE,No plausible UCC match found
2926901100,"2,6-DICLOROBENZONITRILE",No plausible UCC match found
2926902300,"3,5-DIBROMO-4-HYDROXYBENZONITRILE(BROMOXYNIL)",No plausible UCC match found
2926905010,MALONONITRILE,No plausible UCC match found
2927000000,"DIAZO-, AZO-, OR AZOXY-COMPOUNDS",No plausible UCC match found
2927001500,"1,1-AZOBISFORMAMIDE",No plausible UCC match found
2928001000,METHYL ETHYL KETOXIME,No plausible UCC match found
2928001500,PHENYLHYDRAZINE,No plausible UCC match found
2928002500,AROMATIC ORGANIC DERIVATIVES OF HYDRAZINE OR OF HYDROXYLAMINE,No plausible UCC match found
2929101000,TOLUENEDIISOCYANATES (UNMIXED),No plausible UCC match found
2929103000,"ISOCYANATES; 3,4-DICHLOROPHENYLISOCYANATE",No plausible UCC match found
2929103500,1-6 HEXAMETHYLENE DIISOCYANATE,No plausible UCC match found
2929108010,METHYLENEDI-PHENYLENE ISOCYANATE (MDI),No plausible UCC match found
2929108050,ISOCYANATES NESOI,No plausible UCC match found
2929905010,"N,N-DIALKYL (METHYL, ETHYL, N-PROPYL OR ISOPROPYL) PHOSPHORAMIDIC DIHALIDES",No plausible UCC match found
2929905020,"DIALKYL (METHYL, ETHYL, N-PROPYL OR ISOPROPYL)-N, N-DIALKYL (METHYL, ETHYL, N-PROPYL OR ISOPROPYL) PHOSPHORAMIDATES",No plausible UCC match found
2930207000,"S-(2,3,3-TRICHLOROALLYL) - DIISOPROPYL THIOCARBAMATE",No plausible UCC match found
2930303000,TETRAMETHYLTHIURAM MONOSULFIDE,No plausible UCC match found
2930306000,"THIURAM MONO-, DI- OR TETRASULFIDES",No plausible UCC match found
2930400000,METHIONINE,No plausible UCC match found
2930600000,"2-(N,N-DIETHYLAMINO)ETHANETHIOL",No plausible UCC match found
2930700000,BIS(2-HYDROXYETHYL)SULFIDE (THIODIGLYCOL (INN)),No plausible UCC match found
2930902400,N-CYCLOHEXYLTHIOPHTHALIMIDE,No plausible UCC match found
2930902600,3-(4-AMINOBENZAMIDO)-PHENYL-B-HYDROXYETHYL-SULFONE; 2-[(4-AMINOPHENYL)-SULFONYL] ETHATNOL; HYDROGEN SULFATE ESTER; DIPHENYLTHIOUREA,No plausible UCC match found
2930904310,O-ETHYL-S-PHENYLETHYLPHOSPHONOTHIOLOTHIONATE (FONOFOS),No plausible UCC match found
2930904600,DL-HYDROXY ANALOGUE OF DL-METHIONINE,No plausible UCC match found
2930904910,THIOGLYCOLIC ACID,No plausible UCC match found
2930904920,MERCAPTOCARBOXYLIC ACIDS,No plausible UCC match found
2930907100,DIBUYLTHIOUREA,No plausible UCC match found
2930909110,CYSTEINE HYDROCHLORIDE,No plausible UCC match found
2930909120,ISOOCTYL THIOGLYCOLATE,No plausible UCC match found
2930909155,DITHIOCARBONATES (XANTHATES),No plausible UCC match found
2930909165,"ORGANO-SULFUR COMPOUNDS, NESOI",No plausible UCC match found
2931200000,TRIBUTYLIN COMPOUNDS,No plausible UCC match found
2931390012,"ORGANO-PHOSPHORUS DERIVATIVES CONTAINING A PHOSPHORUS ATOM TO WHICH IS BONDED ONE METHYL, ETHYL, N-PROPYL OR ISOPROPYL GROUP, BUT NO OTHR CARBON ATOMS",No plausible UCC match found
2931390018,"ORGANO-PHOSPHORUS DERIVATIVES, NESOI",No plausible UCC match found
2931399000,"ORGANO-PHOSPHOROUS DERIVATIVES, NESOI",No plausible UCC match found
2931901000,"4,4-DIPHENYL-BIS-PHOSPHONOUS ACID, DI(2,2,4,4-DI-TERT-BUTYL)PHENYL ESTER",No plausible UCC match found
2931901500,SODIUM TETRAPHENYLBORON,No plausible UCC match found
2931909000,"ORGANO-INORGANIC COMPOUNDS, NESOI",No plausible UCC match found
2931909010,ORGANO-SILICON COMPOUNDS,No plausible UCC match found
2931909021,DIBUTYLTIN OXIDE,No plausible UCC match found
2931909025,TETRABUTYLTIN,No plausible UCC match found
2931909029,"ORGANO-TIN COMPOUNDS, NESOI",No plausible UCC match found
2931909043,"ORGANO-PHOSPHORUS COMPOUNDS, NESOI",No plausible UCC match found
2931909047,"ORGANO-PHOSPHORUS COMPOUNDS, NESOI",No plausible UCC match found
2931909048,"ORGANO-PHOSPHORUS COMPOUNDS, NESOI",No plausible UCC match found
2931909090,"ORGANO-INORGANIC COMPOUNDS, NESOI",No plausible UCC match found
2931909092,"ORGANO-INORGANIC COMPOUNDS, NESOI",No plausible UCC match found
2932110000,TETRAHYDROFURAN,No plausible UCC match found
2932120000,2-FURALDEHYDE (FURFURALDEHYDE),No plausible UCC match found
2932202500,4-HYDROXYCOUMARIN,No plausible UCC match found
2932205010,BUTYROLACTONE,No plausible UCC match found
2932205020,GLUCONO-DELTA-LACTONE,No plausible UCC match found
2932205030,SODIUM ERYTHORBATE (SODIUM ISOASCORBATE),No plausible UCC match found
2932206000,LACTONES NESOI,No plausible UCC match found
2932910000,ISOSAFROLE,No plausible UCC match found
2932920000,"1-(1,3-BENZODIOXOL-5-YL) PROPAN-2-ONE",No plausible UCC match found
2932930000,PIPERONAL (HELIOTROPIN),No plausible UCC match found
2932940000,SAFROLE,No plausible UCC match found
2932990400,"2,2-DIMETHYL-1,3-BENZODIOXOL-4-YL METHYLCARBAMATE (BENDIOCARB)",No plausible UCC match found
2932990800,"2-ETHOXY-2,3-DIHYDRO-3,3-DIMETHYL-5-BENZOFURANYLMETHANESULFONATE",No plausible UCC match found
2932993500,2-HYDROXY-3-DIBENZOFURANCARBOXYLIC ACID,No plausible UCC match found
2933190400,AMINOETHYLPHENYLPYRAZOLE (PHENYLMETHYLAMINOPYRAZOLE); 3-METHYL-1-(P-TOLYL)-2-PYRAZOLIN-5-ONE (P-TOLYLMETHYLPYRAZOLONE),No plausible UCC match found
2933191500,"1,2-DIMETHYL-3,5-DIPHEYL-1H-PYRAOLIUM METHYL SULFATE (DIFENZOQUAT METHYL SULFATE)",No plausible UCC match found
2933197000,3-METHYL-5-PYRAZOLONE,No plausible UCC match found
2933291000,2-PHENYLIMIDAZOLE,No plausible UCC match found
2933296000,IMIDAZOLE,No plausible UCC match found
2933321000,PIPERDINE,No plausible UCC match found
2933390800,"1-(3-SUFAPROPYL) PRYIDINIUM HYDROXIDE; N,N-BIS92,2,6,6-TETRAMETHYL-4-PIPERIDINYL)-1,6-HEXANEDIAMINE; 3,5-DIMETHYL-2-HYDROXYMETHYL-4-METHYOXYPYRIDINE",No plausible UCC match found
2933391500,QUINUCLIDIN-3-OL,No plausible UCC match found
2933392300,O-PARAQUAT DICHLORIDE,No plausible UCC match found
2933396110,3-QUINUCLINDINYL BENZILATE,No plausible UCC match found
2933399010,3-QUINUCLINDINYL BENZILATE,No plausible UCC match found
2933490800,"4,7-DICHLOROQUINOLINE",No plausible UCC match found
2933491000,"ETHOXYQUIN (1,2-DIHYDRO-6-ETHOXY-2,2,4-TRIMETHYLQUINOLINE)",No plausible UCC match found
2933491700,"ETHYL-ETHYL-6,7,8-TRIFLUORO-1,4-DIHYDRO-4-OXO-3-QUINOLINE CARBOXYLATE",No plausible UCC match found
2933521000,MALONYLUREA (BARBITURIC ACID),No plausible UCC match found
2933529000,SALTS OF MALONYLUREA (BARBITURIC ACID),No plausible UCC match found
2933610000,MELAMINE,No plausible UCC match found
2933692000,"2,4-DIAMINO-6-PHENYL-1,3,5-TRIAZINE",No plausible UCC match found
2933695000,HEXAMETHYLENETETRAMINE,No plausible UCC match found
2933696010,CYANURIC CHLORIDE,No plausible UCC match found
2933710000,6-HEXANELACTAM (EPSILON-CAPROLACTAM),No plausible UCC match found
2933790400,"2,4-DIHYDRO-3,6-DIPHENYLPYRROLO-(3,4-C) PYRROLE-1,4-DIONE",No plausible UCC match found
2933793000,"N-VINYL-2-PYRROLIDONE, MONOMER",No plausible UCC match found
2933794000,12-AMINODODECANOIC ACID LACTAM,No plausible UCC match found
2933798500,"LACTAMS, NESOI",No plausible UCC match found
2933990200,"2-[4-[(6-CHLORO-2-QUINOXALINYL)OXY]PHENOXY]-PROPIONIC ACID, ETHYL ESTER; & O, O-DIMETHYL-S-[(4-OXO-1, 2, 3-BENZOTRIAZIN-3-(4H)-YL)METHYL]PHOSPHORODITH",No plausible UCC match found
2933990600,A-BUTYL-A-(4-CHLOROPHENYL)-1H,No plausible UCC match found
2933991100,CARBAZOLE,No plausible UCC match found
2933991400,5-AMINO-4-CHLORO-ALPHA-PHENYL-3-PYRIDAZINONE,No plausible UCC match found
2933991600,"O-DIQUAT DIBROMIDE (1,1'-ETHYLENE-2,2'-DIPYRIDYLIUM DIBROMIDE)",No plausible UCC match found
2933992350,AROMATIC OR MODIFIED AROMATIC PESTICIDES,No plausible UCC match found
2933992352,AROMATIC OR MODIFIED AROMATIC PESTICIDES,No plausible UCC match found
2933992600,ANTIHISTAMINES,No plausible UCC match found
2933994600,"ANTI-INFECTIVE AGENTS, NESOI",No plausible UCC match found
2933995100,HYDRALAZINE HYDROCHLORIDE,No plausible UCC match found
2933998210,BENZOTRIAZOLE (CAS #95-14-7),No plausible UCC match found
2933998220,TOLYLTRIAZOLE (CAS #29385-43-1),No plausible UCC match found
2933998350,AROMATIC OR MODIFIED AROMATIC HETEROCYCLIC COMPOUNDS WITHNITROGEN HETERO-ATOM(S) ONLY NESOI,No plausible UCC match found
2933998500,"3-AMINO-1,2,4-TRIAZOLE",No plausible UCC match found
2933998700,HEXAMETHYLENETETRAMINE,No plausible UCC match found
2933998900,HEXAMETHYLENEIMINE,No plausible UCC match found
2934200500,N-TERT-BUTYL-2-BENZOTHIAZOLESULFENAMIDE,No plausible UCC match found
2934201000,"2,2-DITHIOBISBENZOTHIAZOLE",No plausible UCC match found
2934301200,2-(TRIFLUOROMETHYL) PHENOTIAZINE,No plausible UCC match found
2934990100,MYCOPHENOLATE MOFETIL,No plausible UCC match found
2934990500,"5-AMINO-3-PHENYL-1,2,4-THIADIAZOLE; 2-HYDROXYBENZOXAZOLE; 4-PHENYLMORPHOLINE; THIOXANTHENE-9-ONE (THIOXANTHONE)",No plausible UCC match found
2934990700,ETHYL 2-[4-[(6-CHLORO-2-BENZOXAZOYL)-OXY]PHENOXY] PROPANOATE (FENOXAPROP ETHYL),No plausible UCC match found
2934990800,"2,5-DIPHENYLOXAZOLE",No plausible UCC match found
2934990900,"1,2-BENZISOTHIAZOLIN-3-ONE",No plausible UCC match found
2935001500,ORTHO-TOLUENESULFONAMIDE,No plausible UCC match found
2935003000,SULFAMETHAZINE,No plausible UCC match found
2935004200,SALICYLAZOSULFAPYRIDINE; SULFADIAZINE;SULFAMERAZINSULFAGUANIDINE; SULFAPYRIDINE,No plausible UCC match found
2935100000,N-METHYL PERFLUOROOCTANE SULFONAMIDE,No plausible UCC match found
2935200000,N-ETHYL PERFLUOROOCTANE SULFONAMIDE,No plausible UCC match found
2935300000,N-ETHYL-N-(2-HYDROXYETHYL) PERFLUOROOCTANE SULFONA,No plausible UCC match found
2935400000,N-(2-HYDROXYETHYL)-N-METHYL PERFLUOROOCTANE SULFONAMIDE,No plausible UCC match found
2935901500,ORTHO-TOLUENESULFONAMIDE,No plausible UCC match found
2935903000,SULFAMETHAZINE,No plausible UCC match found
2935904200,SALICYLAZOSULFAPYRIDINE; SULFADIAZINE;SULFAMERAZINSULFAGUANIDINE; SULFAPYRIDINE,No plausible UCC match found
2935909550,"SULFONAMIDES, NESOI",No plausible UCC match found
2936291000,FOLIC ACID,No plausible UCC match found
2936291510,NIACIN (PHARMACEUTICAL GRADE),No plausible UCC match found
2936291530,NIACINAMIDE,No plausible UCC match found
2936295030,BIOTIN,No plausible UCC match found
2936900110,PROVITAMINS,No plausible UCC match found
2937210010,CORTISONE,No plausible UCC match found
2937210020,HYDROCORTISONE,No plausible UCC match found
2937210030,PREDNISONE,No plausible UCC match found
2937210040,PREDNISOLONE,No plausible UCC match found
2937220000,HALOGENATED DERIVATIVES OF ADRENAL CORTICAL HORMONES,No plausible UCC match found
2937232500,ESTRADIOL CYCLOPENTYLPROPIONATE (ESTRADIOL CYPIONATE); ESTRADIOL BENZOATE,No plausible UCC match found
2937291000,DESONIDE;  NANDROLONE PHENPROPIONATE;,No plausible UCC match found
2937900500,EPINEPHRINE,No plausible UCC match found
2937901000,EPINEPHRINE HYDROCHLORIDE,No plausible UCC match found
2937903000,AMINO-ACID DERIVATIVES,No plausible UCC match found
2937904000,"L-THYROXINE (LEVOTHYROXINE), SODIUM",No plausible UCC match found
2937904500,"HORMONE AMINO-ACID DERIVATIVES, NESOI",No plausible UCC match found
2940002000,D-ARABINOSE,No plausible UCC match found
2941901010,AMINOGLYCOSIDE ANTIBIOTICS,No plausible UCC match found
2941906000,ANTIBIOTICS NESOI,No plausible UCC match found
2942000000,ORGANIC COMPOUNDS NESOI,No plausible UCC match found
2942000300,"[2,2'-THIOBIS(4-1,1,3,3-TETRA-METHYL-N-BUTYL)PHENOLATO)(2,1)]-O,O',S-S(1-BUTANAMINE),NICKEL II",No plausible UCC match found
3002100210,HUMAN BLOOD PLASMA,No plausible UCC match found
3002100230,HUMAN IMMUNE BLOOD SERA,No plausible UCC match found
3002100240,FETAL BOVINE SERUM (FBS),No plausible UCC match found
3002110000,MALARIA DIAGNOSTIC TEST KITS,No plausible UCC match found
3002120010,HUMAN BLOOD PLASMA,No plausible UCC match found
3002120030,HUMAN IMMUNE BLOOD SERA,No plausible UCC match found
3002120040,FETAL BOVINE SERUM (FBS),No plausible UCC match found
3002901000,FERMENTS,No plausible UCC match found
3002905120,"ANTIALLERGENIC PREPERATIONS, NESOI",No plausible UCC match found
3003410000,MEDICAMENTS CONTAINING ALKALOIDS OR DERIVATIVES THEREOF: CONTAINING EPHEDRINE OR ITS SALTS,No plausible UCC match found
3003420000,MEDICAMENTS CONTAINING ALKALOIDS OR DERIVATIVES THEREOF: CONTAINING PSEUDOPHEDRINE OR ITS SALTS,No plausible UCC match found
3003430000,MEDICAMENTS CONTAINING ALKALOIDS OR DERIVATIVES THEREOF: CONTAINING NOREPHEDRINE OR ITS SALTS,No plausible UCC match found
3004101045,COMBINATION ANTIBIOTICS CONTAINING PENICILLIN G,No plausible UCC match found
3004105060,"COMBINATION ANTIBIOTICS, NESOI",No plausible UCC match found
3004410000,MEDICAMENTS CONTAINING ALKALOIDS OR DERIVATIVES THEREOF CONTAINING EPHEDRINE OR IT SALTS,No plausible UCC match found
3005905010,LAPAROTOMY SPONGES,No plausible UCC match found
3006200000,BLOOD-GROUPING REAGENTS,No plausible UCC match found
3006920000,WASTE PHARMACEUTICALS,No plausible UCC match found
3102100010,SOLID UREA,No plausible UCC match found
3102100050,"UREA, NESOI",No plausible UCC match found
3102210000,AMMONIUM SULFATE,No plausible UCC match found
3102500000,SODIUM NITRATE,No plausible UCC match found
3103100020,"CONCENTRATED SUPERPHOSPHATES, 40 PERCENT OR MORE AVAILABLE PHOSPHORUSPENTOXIDE (P2O5) EQUIVALENTS",No plausible UCC match found
3103110000,SUPERPHOSPHATES CONTAINING BY WEIGHT 35% OR MORE OF PHOSPHORUS PENTOXIDE P205,No plausible UCC match found
3103900100,"MINERAL OR CHEMICAL FERTILIZERS, PHOSPHATIC, NESOI",No plausible UCC match found
3104200000,POTASSIUM CHLORIDE,No plausible UCC match found
3104300000,POTASSIUM SULFATE,No plausible UCC match found
3104900100,"MINERAL OR CHEMICAL FERTILIZER, POTASSIC, NESOI",No plausible UCC match found
3105300000,DIAMMONIUM HYDROGENORTHOPHOSPHATE (DIAMMONIUM PHOSPHATE),No plausible UCC match found
3105400010,AMMONIUM DIHYDROGENORTHOPHOSPHATE (MONOAMMONIUM PHOSPHATE),No plausible UCC match found
3105900000,"FERTILIZERS, NESOI",No plausible UCC match found
3105900010,FERTILIZER OF POTASSIUM NITRATE-SODIUM NITRATE MIXTURES,No plausible UCC match found
3201100000,QUEBRACHO EXTRACT,No plausible UCC match found
3201200000,WATTLE EXTRACT,No plausible UCC match found
3201901000,"TANNIC ACID, CONTAINING BY WEIGHT 50 PERCENT OR MORE OF TANNIC ACID",No plausible UCC match found
3201902500,"CANAIGRE, CHESTNUT,CURUPAY, DIVI-DIVI, EUCALYPTUS,GAMBIER, HEMLOCK, LARCH, MANGROVE, MYROBALAN, OAK,SUMAC, TARA, URUNDAY OR VALONIA",No plausible UCC match found
3202100000,SYNTHETIC ORGANIC TANNING SUBSTANCES,No plausible UCC match found
3202101000,"SYNTHETIC ORGANIC TANNING SUBSTANCES, AROMATIC OR MODIFIED AROMATIC",No plausible UCC match found
3202105000,"SYNTHETIC ORGANIC TANNING SUBST,NESOI",No plausible UCC match found
3202901000,"TANNING SUBSTANCES, CONSISTING WHOLLY OF INORGANIC SUBSTANCES",No plausible UCC match found
3204111500,DISPERSE BLUE 30,No plausible UCC match found
3204113500,DISPERSE DYES DESCRIBED IN ADDITIONAL U.S.NOTE 3 TO SECTION VI,No plausible UCC match found
3204115000,"DISPERSE DYES, NESOI",No plausible UCC match found
3204121300,ACID VIOLET 19,No plausible UCC match found
3204152500,VAT RED 1,No plausible UCC match found
3204170800,"PIGMENT RED 178; PIGMENT YELLOW 101,138",No plausible UCC match found
3204179002,"PIGMENT BLUE 15:3, DRY, PRESSCAKE, OR AQUEOUS SLURRY",No plausible UCC match found
3204179006,PIGMENT BLUE 61,No plausible UCC match found
3204179018,"PIGMENT RED 57:1, DRY, PRESSCAKE, OR AQUEOUS SLURRY",No plausible UCC match found
3204179021,PIGMENT RED 122,No plausible UCC match found
3204179046,"PIGMENT YELLOW 12, DRY, PRESSCAKE, OR AQUEOUS SLURRY",No plausible UCC match found
3204190600,"SOLVENT YELLOW 43, 44, 85, 172",No plausible UCC match found
3204201000,FLUORESCENT BRIGHTENING AGENT 32,No plausible UCC match found
3204204000,BENZOXAZOL,No plausible UCC match found
3204900000,"SYNTHETIC ORGANIC COLORING MATTER,NESOI",No plausible UCC match found
3205000010,YELLOW COLOR LAKES & PREPS BASED ON COLOR LAKES AS SPECIFIED IN NOTE 3 TO THIS CHAPTER,No plausible UCC match found
3205000020,RED COLOR LAKES & PREPS BASED ON COLOR LAKES AS SPECIFIED IN NOTE 3 TO THIS CHAPTER,No plausible UCC match found
3205000040,BLUE COLOR LAKES & PREPS BASED ON COLOR LAKES AS SPECIFIED IN NOTE 3 TO THIS CHAPTER,No plausible UCC match found
3205000055,"COLOR LAKES & PREPS BASED ON COLOR LAKES AS SPECIFIED IN NOTE 3 TO THIS CHAPTER, NESOI",No plausible UCC match found
3206200010,CHROME YELLOW,No plausible UCC match found
3206200030,ZINC YELLOW,No plausible UCC match found
3212100000,STAMPING FOILS,No plausible UCC match found
3212900010,METALLIC ALUMINUM PIGMENTS,No plausible UCC match found
3214100010,CAULKING COMPOUNDS,No plausible UCC match found
3214100090,PAINTERS' FILLINGS,No plausible UCC match found
3215110010,"PRINTING INK,BLACK, NEWS",No plausible UCC match found
3215110020,"PRINTING INK, BLACK, FLEXOGRAPHIC",No plausible UCC match found
3215110030,"PRINTING INK, BLACK, GRAVURE",No plausible UCC match found
3215110040,"PRINTING INK, BLACK, LETTERPRESS",No plausible UCC match found
3215110050,"PRINTING INK, BLACK, OFFSET LITHOGRAPHIC",No plausible UCC match found
3215110060,"PRINTING INK, BLACK, NESOI",No plausible UCC match found
3215113000,"PRINTING INK, SOLID BLACK, NESOI",No plausible UCC match found
3215119010,"PRINTING INK,BLACK, NEWS",No plausible UCC match found
3215119020,"PRINTING INK, BLACK, FLEXOGRAPHIC",No plausible UCC match found
3215119030,"PRINTING INK, BLACK, GRAVURE",No plausible UCC match found
3215119040,"PRINTING INK, BLACK, LETTERPRESS",No plausible UCC match found
3215119050,"PRINTING INK, BLACK, OFFSET LITHOGRAPHIC",No plausible UCC match found
3215901000,DRAWING INK,No plausible UCC match found
3215905000,"INK,NESOI",No plausible UCC match found
3301300000,RESINOIDS,No plausible UCC match found
3301901000,EXTRACTED OLEORESINS,No plausible UCC match found
3301901010,PAPRIKA OLEORESIN,No plausible UCC match found
3301901050,"EXTRACTED OLEORESINS,  NESOI",No plausible UCC match found
3304910010,ROUGES,No plausible UCC match found
3402112000,LINEAR ALKYLBENZENE SULFONATES,No plausible UCC match found
3402115010,SALTS OF SULFATED ALCOHOLS,No plausible UCC match found
3402115020,SALTS OF SULFATED POLYETHERS,No plausible UCC match found
3501100000,CASEIN,No plausible UCC match found
3501902000,CASEIN GLUES,No plausible UCC match found
3503005510,EDIBLE GELATIN,No plausible UCC match found
3504001000,PROTEIN ISOLATES,No plausible UCC match found
3505100020,"DEXTRINS, NESOI",No plausible UCC match found
3505100092,"MODIFIED STARCHES, NESOI",No plausible UCC match found
3507902000,PENICILLIN G AMIDASE,No plausible UCC match found
3601000000,PROPELLANT POWDERS,No plausible UCC match found
3603003000,SAFETY FUSES OR DETONATING FUSES,No plausible UCC match found
3603006000,PERCUSSION CAPS,No plausible UCC match found
3801100000,ARTIFICAL GRAPHITE,No plausible UCC match found
3801200000,COLLOIDAL/SEMI-COLLOIDAL GRAPHITE,No plausible UCC match found
3802100000,ACTIVATED CARBON,No plausible UCC match found
3802100020,ACTIVATED CARBON DERIVED FROM COCONUT,No plausible UCC match found
3802100050,"ACTIVATED CARBON, NESOI",No plausible UCC match found
3802901000,BONE BLACK,No plausible UCC match found
3806300000,ESTER GUMS,No plausible UCC match found
3806900000,"RUN GUMS, NESOI",No plausible UCC match found
3808504000,DISINFECTANTS SPECIFIED IN SUBHEADING NOTE 1 TO CHAPTER 38,No plausible UCC match found
3808594000,DISINFECTANTS SPECIFIED IN SUBHEADING NOTE 1 TO CHAPTER 38,No plausible UCC match found
3808690000,INSECTICIDES CONTAIN ANY AROMATIC/MODIFIED AROMATIC PESTICIDE IN PACKINGS OF A NET WT CONTENT EXCEEDING 7.5KG,No plausible UCC match found
3808910000,INSECTICIDES,No plausible UCC match found
3808910002,"INSECTICIDES, NESOI",No plausible UCC match found
3808912500,"INSECTICIDES CONTAINING ANY AROMATIC OR MODIFIED AROMATIC INSECTICIDE, NESOI",No plausible UCC match found
3808912501,"INSECTICIDES CONTAINING ANY AROMATIC OR MODIFIED AROMATIC INSECTICIDE, NESOI",No plausible UCC match found
3808913000,INSECTICIDES CONTAINING AN INORGANIC SUBSTANCE,No plausible UCC match found
3808915000,"INSECTICIDES, NESOI",No plausible UCC match found
3808915001,"INSECTICIDES, NESOI",No plausible UCC match found
3808920000,FUNGICIDES,No plausible UCC match found
3808921500,"FUNGICIDES CONTAINING ANY AROMATIC OR MODIFIED AROMATIC FUNGICIDE,NESOI",No plausible UCC match found
3808922800,"FUNGICIDES CONT ANY FUNGICIDE WHICH IS A THIOAMIDE, THIOCARBAMATE, DITHIO CARBAMATE, THIURAM OR ISOTHIOCYANATE,NESOI",No plausible UCC match found
3808923000,FUNGICIDES CONTAINING AN INORGANIC SUBSTANCE,No plausible UCC match found
3808925000,"FUNGICIDES, NESOI",No plausible UCC match found
3808931500,"HERBICIDES CONTAINING ANY AROMATIC OR MODIFIED AROMATIC HERBICIDE, ANTISPROUTING AGENT OR PLANT-GROWTH REGULATOR, NESOI",No plausible UCC match found
3808932000,HERBICIDES CONTAINING AN INORGANIC SUBSTANCE,No plausible UCC match found
3808935000,"HERBICIDES, NESOI",No plausible UCC match found
3808935050,"HERBICIDES, NESOI",No plausible UCC match found
3808940000,DISINFECTANTS,No plausible UCC match found
3808941000,DISINFECTANTS CONTAINING ANY AROMATIC OR MODIFIED AROMATIC DISINFECTANT,No plausible UCC match found
3808945000,"DISINFECTANTS, NESOI",No plausible UCC match found
3808990800,"RODENTICIDES CONTAINING ANY AROMATIC OR MODIFIED AROMATIC PESTICIDE,NESOI",No plausible UCC match found
3808993000,"FORMULATED BIOCIDES BASED ON 2-METHYL-4-ISOTHIAZOLIN-3-ONE,ON 2-N-OCTYL-4-ISOTHIAZOLIN-3-ONE,OR ON 4,5-DICHLORO-2-N-OCTYL-4-ISOTHIAZOLIN-3-ONE,OR MIX",No plausible UCC match found
3808997000,RODENTICIDES CONTAINING AN INORGANIC SUBSTANCE,No plausible UCC match found
3808999500,"RODENTICIDES, NESOI",No plausible UCC match found
3808999501,"RODENTICIDES, NESOI",No plausible UCC match found
3812302000,"MIXTURES OF N,N'-DIARYL-P-PHENYLENEDIAMINES",No plausible UCC match found
3812303000,"MASTER BATCHES OF POLY[NITRILOMETHANETETRAARYLNITRILO[2,4,6-TRIS(1-METHYLETHYL)-1,3-PHENYLENE]]-[2,6-BIS(1-METHYL-ETHYL)PHENYL]-W-[[[[[2,6-BIS(1-METHY",No plausible UCC match found
3812307000,"BIS (1,2,2,6,6-PENTAMETHYL-4-PIPERIDINYL)SEBACATE",No plausible UCC match found
3812392000,"MIXTURES OF N,N'-DIARYL-P-PHENYLENEDIAMINES",No plausible UCC match found
3812393000,"MASTER BATCHES OF POLY[NITRILOMETHANETETRAARYLNITRILO[2,4,6-TRIS(1-METHYLETHYL)-1,3-PHENYLENE]]-[2,6-BIS(1-METHYL-ETHYL)PHENYL]-W-[[[[[2,6-BIS(1-METHY",No plausible UCC match found
3812397000,"BIS (1,2,2,6,6-PENTAMETHYL-4-PIPERIDINYL)SEBACATE",No plausible UCC match found
3815190000,"SUPPORTED CATALYSTS, NESOI",No plausible UCC match found
3815901000,"REACTION INITIATORS & REACTION ACCELERATOR CONSISTING OF INORGANIC SUBSTANCES OF BISMUTH, OF TUNGSTEN OF VANADIUM",No plausible UCC match found
3815902000,REACTION INITIATORS & REACTION ACCELERATOR CONSISTING WHOLLY OF INORGANIC SUBSTANCES OF MERCURY OR OF MOLYBDENUM,No plausible UCC match found
3815903000,"REACTION INITIATORS & REACTION ACCELERATORS CONSISTING WHOLLY OF INORGANIC SUBSTANCES, NESOI",No plausible UCC match found
3817001000,MIXED LINEAR ALKYLBENZENES,No plausible UCC match found
3817001500,"MIXED ALKYLBENZENES, NESOI",No plausible UCC match found
3818000010,"GALLIUM ARSENIDE WAFERS, DOPED",No plausible UCC match found
3822005010,"COMPOSITE DIAGNOSTIC OR LABORATORY REAGENTS CONTAINING METHYL CHLOROFORM (1,1,1-TRICHLOROETHANE) OR CARBON TETRACHLORIDE NESOI",No plausible UCC match found
3823120000,OLEIC ACID,No plausible UCC match found
3823706000,INDUSTRIAL FATTY ALCOHOLS NESOI,No plausible UCC match found
3824720000,"MIXTURES CONTAINING BROMOCHLORODIFLUOROMETHANE, BROMOTRIFLUOROMETHANE OR DIBROMOTETRAFLUOROETHANES",No plausible UCC match found
3824730000,MIXTURES CONTAINING HYDROBROMOFLUOROCARBONS (HBFCS),No plausible UCC match found
3824750000,MIXTURES CONTAINING CARBON TETRACHLORIDE,No plausible UCC match found
3824760000,"MIXTURES CONTAINING 1,1,1-TRICHLOROETHANE (METHYL CHLOROFORM)",No plausible UCC match found
3824770000,MIXTURES CONTAINING BROMOMETHANE (METHYL BROMIDE) OR BROMOCHLOROMETHANE,No plausible UCC match found
3824780020,HYDROFLUOROCARBON REFRIGERANT BLENDS SPECIFIED IN STATISTICAL NOTE 2 TO THIS CHAPTER,No plausible UCC match found
3824790002,"MIXTURES CONTAINING HYDROCARBONS PERHALOGENATED DERIVATIVES OF ACYCLIC HYDROCARBONS CONTAINING TWO OR MORE DIFFERENT HALOGENS, NESOI",No plausible UCC match found
3824799000,MIXTURES CONTAINING HALOGENATED DERIVATIVES OF ACYCLIC HYDROCARBONS CONT 2 OR MORE DIFFERENT HALOGENS,No plausible UCC match found
3824820000,"MIXTURES CONTAINING POLYCHLORINATED BIPHENYLS, POLYCHLORINATED TERPHENYLS OR POLYBROMINATED BIPHENYLS",No plausible UCC match found
3824829000,"MIXTURES CONTAINING POLYCHLORINATED BIPHENYLS, POLYCHLORINATED TERPHENYLS OR POLYBROMINATED BIPHENYLS, NESOI",No plausible UCC match found
3824870000,"MIXTURES OF HALOGENATED HYDROCARBONS, CONT PERFLUOROOCTANE SULFONIC ACID, ITS SALTS, PERFLUOROOCTANE SULFONAMIDES, OR PERFLUOROOCTANE SULFONYL FLUORID",No plausible UCC match found
3824902200,"MIXTURES CONT GT=5% BY WGT,GT=1 AROMATIC/MODIFIED AROMATIC SUBSTANCES CONSISTNG OF POLYMERS 1,2-DIHYDRO-2,2,4-TRIMETHYLQUINOLINE AVG LT 5 MONOMER",No plausible UCC match found
3824902600,"BENZENE, 2,4-DIISOCYANATE-1,3,5-TRIS-(1-METHYLETHYL)HOMOP0LOYMER; 5-FLURO-2-METHYL-1-[[4-(METHYLSULFINYL)PHENYL]-METHYLENE]-1H-INDENE;MIXTURES OF DIME",No plausible UCC match found
3824903100,MIXTURES OF BISMUTH,No plausible UCC match found
3824903200,"MIXTURES OF HYDROSULFITE COMPOUNDS, OF SULFOXYLATE COMPOUNDS OR OF BOTH",No plausible UCC match found
3824903300,MIXTURES OF MERCURY,No plausible UCC match found
3824903400,MIXTURES OF MOLYBDENUM (MOLYBDENUM CONTENT),No plausible UCC match found
3824903500,MIXTURES OF TUNGSTEN (TUNGSTEN CONTENT),No plausible UCC match found
3824903600,MIXTURES OF VANADIUM,No plausible UCC match found
3824903900,MIXTURES OF TWO OR MORE INORGANIC COMPOUNDS,No plausible UCC match found
3824904140,"MIXTURES OF FATTY ACID ESTERS, NESOI",No plausible UCC match found
3824905500,"MIXTURES OF HALOGENATED HYDROCARBONS, NESOI",No plausible UCC match found
3824905595,"MIXTURES OF HALOGENATED HYDROCARBONS, NESOI",No plausible UCC match found
3824907510,NAPHTHENIC ACIDS,No plausible UCC match found
3824909210,"MIXTURES OF ACYCLIC, MONOHYDRIC, UNSUBSTITUTED ALCOHOLS CONTAINING C11 OR LOWER ALCOHOLS ONLY",No plausible UCC match found
3824909220,"MIXTURE OF ACYCLIC, MONOHYDRIC UNSUBSTITUTED ALCOHOLS, CONTAINING C12 OR HIGHER ALCOHOLS ONLY",No plausible UCC match found
3824909230,"MIXTURES OF ACYCLIC, MONOHYDRIC, UNSUBSTITUTED ALCOHOLS, NESOI",No plausible UCC match found
3824910000,"MIX&PREPS CONS MAINLY(5-ETHYL-2-METHYL-2-OXIDO3,2-DIOXAPHOSPHINAN-5-YL)METHYL METHYLPHOSPHONATE,BIS(5-ETHYL-2-METHYL-2-OXIDO-1,3,2-DIOXAPHOSPHINAN-5-Y",No plausible UCC match found
3824992600,"BENZENE, 2,4-DIISOCYANATE-1,3,5-TRIS-(1-METHYLETHYL)HOMOP0LOYMER; 5-FLURO-2-METHYL-1-[[4-(METHYLSULFINYL)PHENYL]-METHYLENE]-1H-INDENE;MIXTURES OF DIME",No plausible UCC match found
3824993100,MIXTURES OF BISMUTH,No plausible UCC match found
3824993200,"MIXTURES OF HYDROSULFITE COMPOUNDS, OF SULFOXYLATE COMPOUNDS OR OF BOTH",No plausible UCC match found
3824993300,MIXTURES OF MERCURY,No plausible UCC match found
3824993400,MIXTURES OF MOLYBDENUM (MOLYBDENUM CONTENT),No plausible UCC match found
3824993500,MIXTURES OF TUNGSTEN (TUNGSTEN CONTENT),No plausible UCC match found
3824993600,MIXTURES OF VANADIUM,No plausible UCC match found
3824993900,MIXTURES OF TWO OR MORE INORGANIC COMPOUNDS,No plausible UCC match found
3824994140,"MIXTURES OF FATTY ACID ESTERS, NESOI",No plausible UCC match found
3824995500,"MIXTURES OF HALOGENATED HYDROCARBONS, NESOI",No plausible UCC match found
3824995595,"MIXTURES OF HALOGENATED HYDROCARBONS, NESOI",No plausible UCC match found
3824997510,NAPHTHENIC ACIDS,No plausible UCC match found
3824999210,"MIXTURES OF ACYCLIC, MONOHYDRIC, UNSUBSTITUTED ALCOHOLS CONTAINING C11 OR LOWER ALCOHOLS ONLY",No plausible UCC match found
3824999220,"MIXTURE OF ACYCLIC, MONOHYDRIC UNSUBSTITUTED ALCOHOLS, CONTAINING C12 OR HIGHER ALCOHOLS ONLY",No plausible UCC match found
3824999230,"MIXTURES OF ACYCLIC, MONOHYDRIC, UNSUBSTITUTED ALCOHOLS, NESOI",No plausible UCC match found
3825100000,MUNICIPAL WASTE,No plausible UCC match found
3825200000,SEWAGE SLUDGE,No plausible UCC match found
3825300000,CLINICAL WASTE,No plausible UCC match found
3825410000,HALOGENATED WASTE OF ORGANIC SOLVENTS,No plausible UCC match found
3825490000,"WASTE OF ORGANIC SOLVENTS, NESOI",No plausible UCC match found
3825900000,"WASTES, AS SPECIFIED IN NOTE 6 TO CHAPTER 38, NESOI",No plausible UCC match found
3901200000,POLYETHYLENE HAVING A SPECIFIC GRAVITY OF 0.94 OR MORE,No plausible UCC match found
3901205000,"POLYETHYLENE HAVING A SPECIFIC GRAVITY OF 0.94 OR MORE, NESOI",No plausible UCC match found
3901302000,"ETHYLENE-VINYL ACETATE COPOLY:VINYL AC-VIN CHLOR-ETH TERPOLY CONTG BY WGT <50% DERIV. OF VINYL ACETATE, EXC POLYMERIZED FROM AROM/MOD MONOMERS",No plausible UCC match found
3901306000,"ETHYLENE-VINYL ACETATE COPOLYMERS, NESOI",No plausible UCC match found
3901901000,"POLYMERS OF ETHYLENE IN PRIMARY FORM,ELASTOMERIC",No plausible UCC match found
3901905500,ETHYLENE COPOLYMERS,No plausible UCC match found
3901905501,ETHYLENE COPOLYMERS,No plausible UCC match found
3901909000,"POLYMERS OF ETHYLENE IN PRIMARY FORM,NESOI",No plausible UCC match found
3902100000,POLYPROPYLENE,No plausible UCC match found
3902201000,"POLYISOBUTYLENE,ELASTOMERIC",No plausible UCC match found
3902205000,"POLYISOBUTYLENE,NESOI",No plausible UCC match found
3902300000,PROPYLENE COPOLYMERS,No plausible UCC match found
3902900010,POLYBUTYLENE,No plausible UCC match found
3903110000,"POLYSTYRENE,EXPANDABLE",No plausible UCC match found
3903190000,"POLYSTYRENE,NESOI",No plausible UCC match found
3903200000,STYRENE-ACRYLONITRILE (SAN) COPOLYMERS,No plausible UCC match found
3903300000,ACRYLONITRILE-BUTADIENE-STYRENE (ABS) COPOLYMERS,No plausible UCC match found
3903900000,"POLYMERS OF STYRENE, IN PRIMARY FORMS, NESOI",No plausible UCC match found
3903901000,METHYL METHACRYLATE-BUTADIENE-STYRENE(MBS)COPOLYMR,No plausible UCC match found
3903905000,"POLYMERS OF STYRENE,IN PRIMARY FORMS,NESOI",No plausible UCC match found
3904302000,"VINYL CHLORIDE-VINYL ACETATE COPOLYMERS: VINYL ACETATE-VINYL CHLORIDE-ETHYLENE TERPOLYMERS, W/ BY WT <50% DERIV OF VINYL ACETATE, EXC POLYMERS FM AROM",No plausible UCC match found
3904306000,"VINYL CHLORIDE-VINYL ACETATE COPOLYMERS, NESOI",No plausible UCC match found
3904500000,VINYLIDENE CHLORIDE POLYMERS,No plausible UCC match found
3904610000,POLYTETRAFLUOROETHYLENE (PTFE),No plausible UCC match found
3905120000,"POLYMERS OF VINYL ACETATE, IN AQUEOUS DISPERSION",No plausible UCC match found
3905210000,"VINYL ACETATE COPOLYMERS, IN AQUEOUS DISPERSION",No plausible UCC match found
3905290000,"VINYL ACETATE COPOLYMERS, NESOI",No plausible UCC match found
3905911000,VINYL COPOLYMERS IN PRIMARY FORMS: CONTAINING BY WEIGHT 50% OR MORE OF DERIVATIVES OF VINYL ACETATE,No plausible UCC match found
3905915000,"VINYL COPOLYMERS IN PRIMARY FORMS, NESOI",No plausible UCC match found
3906100000,POLYMETHYL METHACRYLATE,No plausible UCC match found
3906902000,PLASTIC ACRYLIC POLYMERS IN PRIMARY FORMS,No plausible UCC match found
3907100000,POLYACETALS,No plausible UCC match found
3907300000,EPOXIDE RESINS,No plausible UCC match found
3907400000,POLYCARBONATES,No plausible UCC match found
3907500000,ALKYD RESINS,No plausible UCC match found
3907600000,POLYETHYLENE TEREPHTHALATE,No plausible UCC match found
3907610000,POLYETHYLENE TEREPHTHALATE HAVING A VISCOSITY NUMBER OF 78 ML/G OR HIGHER,No plausible UCC match found
3907700000,POLY(LACTIC ACID),No plausible UCC match found
3907912000,"UNSATURATED ALLYL RESINS,UNCOMPOUNDED",No plausible UCC match found
3907914000,"UNSATURATED ALLYL RESINS, NESOI",No plausible UCC match found
3907915000,"UNSATURATED POLYESTERS, NESOI",No plausible UCC match found
3907990100,"POLYESTERS, SATURATED, IN PRIMARY FORMS, NESOI",No plausible UCC match found
3907990110,POLYBUTYLENE TEREPHTHLATE,No plausible UCC match found
3907990150,"POLYESTERS,NESOI",No plausible UCC match found
3907992000,THERMOPLASTIC LIQUID CRYSTAL AROMATIC POLYESTER COPOLYMERS,No plausible UCC match found
3907995010,"POLYBUTYLENE TEREPHTHLATE, NESOI",No plausible UCC match found
3907995050,"POLYESTERS,NESOI",No plausible UCC match found
3908100000,"POLYAMIDE-6,-11,-12,-6,6,-6,9,-6,10 OR -6,12",No plausible UCC match found
3908902000,BIS(4-AMINO-3-METHYLCYCLOHEXYL)METHANE-ISOPHTHALIC ACID-LAUROLACTAM COPOLYMER,No plausible UCC match found
3909100000,"UREA RESINS,THIOUREA RESINS",No plausible UCC match found
3909200000,MELAMINE RESINS,No plausible UCC match found
3909400000,PHENOLIC RESINS,No plausible UCC match found
3909501000,"POLYURETHANES,ELASTOMERIC",No plausible UCC match found
3909502000,"POLYURETHANES,CEMENTS",No plausible UCC match found
3909505000,"POLYURETHANES,IN PRIMARY FORMS,NESOI",No plausible UCC match found
3909506000,"POLYURETHANES, EXCEPT ELASTOMERIC",No plausible UCC match found
3910000000,SILICONES IN PRIMARY FORMS,No plausible UCC match found
3911100000,"PETROLEUM RESINS,COUMARONE,INDENE OR COUMARONE-INDENE RESINS; POLYTERPENES",No plausible UCC match found
3911901500,"THERMOPLASTIC: POLY(NITRILOMETHANE-TETRAARYLNITRILO-[2,4,6-TRIS-(1-METHYL-ETHYL)-1,3-PHENYLENE]]-2,6-BIS(1-METHYETHYL)-PHENYL]-W[[[2,6-BIS(1-METHYLETH",No plausible UCC match found
3911907000,CHLORINATED SYNTHETIC RUBBER,No plausible UCC match found
3912110000,"CELLULOSE ACETATES,NONPLASTICIZED",No plausible UCC match found
3912120000,"CELLULOSE ACETATES,PLASTICIZED",No plausible UCC match found
3912390000,"CELLULOSE ETHERS,NESOI",No plausible UCC match found
3912900010,"(ALPHA)-CELLULOSE IN GRANULAR, MICROCRYSTALLINE OR POWDER FORMS",No plausible UCC match found
3914002000,CROSS-LINKED POLYVINYLBENZYLTRIMETHYLAMMONIUM CHLORIDE (CHOLESTYRAMINE RESIN USP),No plausible UCC match found
3914006000,"ION-EXCHANGERS BASED ON POLYMERS OF HEADINGS 3901 TO 3913, IN PRIMARY FORMS, NESOI",No plausible UCC match found
3916902000,"RACQUET STRINGS,OF PLASTIC",No plausible UCC match found
3916903000,"MONOFILAMENT,CROSS-SEC DIMEN EXCEEDS 1MM",No plausible UCC match found
3917220000,"TUBES,PIPES & HOSES,RIGID,OF POLYMERS OF PROPYLENE",No plausible UCC match found
3917230000,"TUBES, PIPES & HOSES, RIGID, OF POLYMERS OF VINYL CHLORIDE",No plausible UCC match found
3917310000,"FLEXIBLE TUBES, PIPES & HOSES, HAVING A MINIMUM BURST PRESSURE OF 27.6 MPA",No plausible UCC match found
3920594000,TRANSPARENT SHEETING CONTAINING 30% OR MORE BY WEIGHT OF LEAD,No plausible UCC match found
3922100000,"BATHS,SHOWER BATHS & WASHBASINS,OF PLASTIC",No plausible UCC match found
3922200000,"LAVATORY SEATS & COVER,OF PLASTIC",No plausible UCC match found
3922900000,"BIDETS,LAVATORY PANS,FLUSHING CISTERNS & SIMILAR SANITARY WARE,OF PLASTIC",No plausible UCC match found
3923400000,"SPOOLS, COPS, BOBBINS & SIMILAR SUPPORTS OF PLASTICS",No plausible UCC match found
3923400050,"SPOOLS,COPS,BOBBINS & SIMILAR SUPPORTS,PLAST,NESOI",No plausible UCC match found
3924103000,"TRAYS,OF PLASTIC",No plausible UCC match found
3924902000,PICTURE FRAMES OF PLASTICS,No plausible UCC match found
3925100000,"RESERVOIRS, TANKS, VATS & SIMILAR CONTAINERS OF PLASTICS, OF A CAPACITY EXCEEDING 300 LITERS",No plausible UCC match found
3925200091,DOOR THRESHOLDS OF PLASTICS,No plausible UCC match found
3925900000,"BUILDERS' WARE OF PLASTICS,NESOI",No plausible UCC match found
3926202000,BASEBALL & SOFTBALL GLOVES & MITS OF PLASTIC,No plausible UCC match found
3926204000,"GLOVES,OF PLASTIC,NESOI",No plausible UCC match found
3926204010,"DISPOSABLE GLOVES OF PLASTIC,NESOI",No plausible UCC match found
3926204050,"GLOVES,OF PLASTIC,NESOI",No plausible UCC match found
3926209010,"APRONS,OF PLASTIC",No plausible UCC match found
3926901000,"BUCKETS & PAILS,OF PLASTIC",No plausible UCC match found
3926901600,PACIFIERS,No plausible UCC match found
3926902500,"HANDLES & KNOBS,OF PLASTIC,NESOI",No plausible UCC match found
3926903300,"HANDBAGS OF BEADS,BUGLES & SPANGLES",No plausible UCC match found
3926904510,O-RINGS,No plausible UCC match found
3926906550,"CLOTHESPINS,SPRING TYPE,VAL  GT $1.70 PR GROSS",No plausible UCC match found
3926907000,"CLOTHESPINS,NESOI",No plausible UCC match found
3926909905,ELASTIC BANDS MADE WHOLLY OF PLASTICS,No plausible UCC match found
3926909910,LABORATORY WARE,No plausible UCC match found
4001300020,CHICLE,No plausible UCC match found
4002110000,LATEX OF STYRENE-BUTADIENE RUBBER (SBR); CARBOXYLATED STYRENE-BUTADIENE RUBBER (XSBR),No plausible UCC match found
4002190014,"STYRENE-BUTADIENE-STYRENE BLOCK COPOLYMERS PRODUCED BY SOLUTION POLYMERIZATION (SBS, THERMOPLASTIC ELASTOMERS), IN GRANULES, CRUMBS OR POWDERS",No plausible UCC match found
4002190016,"STYRENE-BUTADIENE RUBBER, PRODUCED BY SOLUTION POLYMERIZATION (S-SBR) IN BALES",No plausible UCC match found
4002191400,"STYRENE-BUTADIENE-STYRENE BLOCK COPOLYMERS PRODUCED BY SOLUTION POLYMERIZATION (SBS, THERMOPLASTIC ELASTOMERS), IN GRANULES, CRUMBS OR POWDERS",No plausible UCC match found
4002191600,"STYRENE-BUTADIENE RUBBER PRODUCED BY SOLUTION POLYMERIZATION (S-SBR), IN BALES",No plausible UCC match found
4002200000,BUTADIENE RUBBER (BR),No plausible UCC match found
4002310000,ISOBUTENE-ISOPRENE (BUTYL) RUBBER (IIR),No plausible UCC match found
4002390000,"HALO-ISOBUTENE-ISOPRENE RUBBER (CIIR OR BIIR), NESOI",No plausible UCC match found
4002410000,LATEX OF CHLOROPRENE (CHLOROBUTADIENE) RUBBER (CR),No plausible UCC match found
4002490000,"CHLOROPRENE (CHLOROBUTADIENE) RUBBER (CR), EXC LATEX, NESOI",No plausible UCC match found
4002510000,LATEX OF ACRYLONITRILE-BUTADIENE RUBBER (NBR),No plausible UCC match found
4002590000,"ACRYLONITRILE-BUTADIENE RUBBER (NBR), EXC LATEX, NESOI",No plausible UCC match found
4002600000,ISOPRENE RUBBER (IR),No plausible UCC match found
4002700000,ETHYLENE-PROPYLENE-NONCONJUGATED DIENE RUBBER (EPDM),No plausible UCC match found
4003000000,"RECLAIMED RUBBER IN PRIMARY FORMS OR IN PLATES, SHEETS OR STRIP",No plausible UCC match found
4005990000,"COMPOUNDED RUBBER, UNVULCANIZED, IN PRIMARY FORMS, NESOI",No plausible UCC match found
4008292000,PROFILE SHAPES OF NONCELLULAR RUBBER,No plausible UCC match found
4010190100,"CONVEYOR BELTS OR BELTING OF VULCANIZED RUBBER, NESOI",No plausible UCC match found
4010199100,"CONVEYOR BELTS OR BELTING, OF VULCANIZED RUBBER, NESOI",No plausible UCC match found
4013900000,"INNER TUBES, OF RUBBER, NESOI",No plausible UCC match found
4015110100,"GLOVES, SURGICAL, OF VULCANIZED RUBBER EXCEPT HARD RUBBER",No plausible UCC match found
4015191050,GLOVES SEAMLESS EXCEPT DISPOSABLE,No plausible UCC match found
4114203000,PATENT LEATHER,No plausible UCC match found
4202213000,"HANDBAGS,OF REPTILE LEATHER",No plausible UCC match found
4202910010,"GOLF BAGS,OUTER SURFACE LEATHER,COMPOSITION LEATHER OR PATENT LEATHER",No plausible UCC match found
4202911000,"GOLF BAGS,OUTER SURFACE LEATHER,COMPOSITION LEATHER OR PATENT LEATHER",No plausible UCC match found
4202923020,"BACKPACKS, OF MAN-MADE FIBER",No plausible UCC match found
4202923120,"BACKPACKS, OF MAN-MADE FIBER",No plausible UCC match found
4203104010,"ANORAKS,OF LEATHER OR COMPOSITION LEATHER",No plausible UCC match found
4203212000,BATTING GLOVES,No plausible UCC match found
4203214000,BASEBALL & SOFTBALL GLOVES & MITS (EXCEPT BATTING GLOVES),No plausible UCC match found
4203216000,"SKI GLOVES, NESOI",No plausible UCC match found
4203218030,GOLF GLOVES,No plausible UCC match found
4203290800,"GLOVES OF HORSEHIDE OR COWHIDE(EXCEPT CALFSKIN)LEATHER,WHOLLY OF LEATHER,NESOI",No plausible UCC match found
4206001910,"RACQUET STRINGS, OF CATGUT",No plausible UCC match found
4403200004,"PULPWOOD OF BALSAM, FIR OR SPRUCE",No plausible UCC match found
4403200005,"PULPWOOD, CONIFEROUS",No plausible UCC match found
4403200008,"PULPWOOD, CONIFEROUS NESOI",No plausible UCC match found
4403990020,"PULPWOOD, NONCONIFEROUS",No plausible UCC match found
4403990022,"PULPWOOD OF POPLAR, ASPEN OR COTTONWOOD",No plausible UCC match found
4403990023,"PULPWOOD, NONCONIFEROUS NESOI",No plausible UCC match found
4403990024,"PULPWOOD, NONCONIFEROUS NESOI",No plausible UCC match found
4406900000,"RAILWAY OR TRAMWAY SLEEPERS (CROSS-TIES) OF WOODS, NESOI",No plausible UCC match found
4407100115,"MIXTURES OF SPRUCE/PINE/FIR (S-P-F) SAWN/CHIPPED LENGTHWISE, SLICED/PEELED, WH/NT PLANED/SANDED, THICKNESS OVER 6 MM, NT TREATED EX FINGER-JOINTED",No plausible UCC match found
4407290106,"ACAJOU D'AFRIQUE AKA AFRICAN MAHOGANY, SAWN OR CHIPPED LENGTHWISE, SLICED OR PEELED, OF A THICKNESS EXCEEDING 6 MM",No plausible UCC match found
4407290111,"ANINGRE AKA ANIEGRE OR ANEGRE, SAWN OR CHIPPED LENGTHWISE, SLICED OR PEELED, OF A THICKNESS EXCEEDING 6 MM",No plausible UCC match found
4409106000,"WOODEN DOWEL RODS, PLAIN, CONIFEROUS",No plausible UCC match found
4409296000,"WOODEN DOWEL RODS, PLAIN, NONCONIFEROUS",No plausible UCC match found
4409296100,"WOODEN DOWEL RODS, PLAIN, NONCONIFEROUS",No plausible UCC match found
4409296500,"WOODEN DOWEL RODS, SANDED, GROOVED OR OTHERWISE ADVANCED IN CONDITION, NONCONIFEROUS",No plausible UCC match found
4409296600,"WOODEN DOWEL RODS, SANDED, GROOVED OR OTHERWISE ADVANCED IN CONDITION, NONCONIFEROUS",No plausible UCC match found
4412100500,PLYWOOD OF BAMBOO,No plausible UCC match found
4412999000,"PLYWOOD, NESOI",No plausible UCC match found
4418500010,WESTERN RED CEDAR SHINGLES,No plausible UCC match found
4418902500,DRILLED OR NOTCHED LUMBER STUDS,No plausible UCC match found
4418911000,DRILLED OR NOTCHED LUMBER STUDS OF BAMBOO,No plausible UCC match found
4418919010,"ARCHES, LAMINATED OF BAMBOO",No plausible UCC match found
4418991000,"DRILLED OR NOTCHED LUMBER STUDS, NESOI",No plausible UCC match found
4419120000,"CHOPSTICKS, OF BAMBOO",No plausible UCC match found
4421909400,EDGE-GLUED LUMBER,No plausible UCC match found
4421915000,"TOOTHPICKS, OF BAMBOO",No plausible UCC match found
4421918033,"CLOTHESPINS, SPRING-TYPE, OF BAMBOO, VALUED OVER $1.70 GROSS",No plausible UCC match found
4421918500,"CLOTHESPINS, OF BAMBOO, NESOI",No plausible UCC match found
4421918800,CANOE PADDLES OF BAMBOO,No plausible UCC match found
4421919400,EDGE-GLUED LUMBER OF BAMBOO,No plausible UCC match found
4421919720,"PENCIL SLATS, OF BAMBOO",No plausible UCC match found
4421919730,BURIAL CASKETS OF BAMBOO,No plausible UCC match found
4421999400,"EDGE-GLUED LUMBER, NESOI",No plausible UCC match found
4501902000,WASTE CORK,No plausible UCC match found
4701000000,MECHANICAL WOODPULP,No plausible UCC match found
4702000020,"CHEMICAL WOODPULP, SULFITE, DISSOLVING GRADES",No plausible UCC match found
4706100000,COTTON LINTERS PULP,No plausible UCC match found
4706300000,PULPS OF BAMBOO,No plausible UCC match found
4901990010,TEXTBOOKS,No plausible UCC match found
4901990030,DIRECTORIES,No plausible UCC match found
4905100000,"GLOBES, PRINTED",No plausible UCC match found
4908100000,"TRANSFERS (DECALOMANIAS), VITRIFIABLE",No plausible UCC match found
4908900000,"TRANSFERS (DECALOMANIAS), NESOI",No plausible UCC match found
4909002000,"POSTCARDS, PRINTED OR ILLUSTRATED",No plausible UCC match found
4911100050,"CATALOGS, PRINTED",No plausible UCC match found
4911910020,"POSTERS, PRINTED",No plausible UCC match found
4911990000,"PRINTED MATTER, NESOI",No plausible UCC match found
4911998000,"PRINTED MATTER, NESOI",No plausible UCC match found
5007100000,WOVEN FABRICS OF SILK OR SILK WASTE - NOIL SILK,No plausible UCC match found
5007103090,"WOVEN FABRICS OF SILK OR OF SILK WASTE; FABRICS OF NOIL SILK, JACQUARD WOVEN, CONTAINING 85 PERCENT OR MORE BY WEIGHT OF SILK OR SILK WASTE",No plausible UCC match found
5007106010,"WOVEN FABRICS OF SILK OR OF SILK WASTE; NOIL SILK: YARNS OF DIFFERENT COLORS, SUBJECT TO COTTON RESTRAINT; SUBJECT TO MAN-MADE FIBERS RESTRAINT;",No plausible UCC match found
5112113060,"COMBED WOVEN FABRIC OF WOOL YARNS W/ AN AVG FIBER DIAM LT=18.5 MICRONS, OF A WEIGHT LT=200G/M2, CONT GT=85% BY WEIGHT OF WOOL",No plausible UCC match found
5202990000,COTTON WASTE: NSPF,No plausible UCC match found
5202991000,"COTTON WASTE, CARD STRIPS MADE FROM COTTON HAVING A STAPLE LENGTH UNDER 30.1625MM & LAP, SLIVER, ROVING WASTE, DSCRBD IN ADD'L US NOTE 9 OF THIS CHAP.",No plausible UCC match found
5203000000,"COTTON, CARDED OR COMBED",No plausible UCC match found
5203005000,"COTTON, CARDED OR COMBED, NESOI.",No plausible UCC match found
5208314040,WOVEN FABRIC OF COTTON CONTAINING 85% OR GT BY WEIGHT OF COTTON WEIGHING LE 100 G/M2 DYED PLAIN WEAVE OF NUMBER 42 OR LESS SHEETING,No plausible UCC match found
5208316020,WOVEN FABRIC OF COTTON CONTAINING 85% OR GT BY WEIGHT OF COTTON WEIGHING LT 100 G/M2 DYED PLAIN WEAVE OF NUMBERS 43-68 POPLIN OR BROADCLOTH,No plausible UCC match found
5208316040,WOVEN FABRIC OF COTTON CONTAINING 85% OR GT BY WEIGHT OF COTTON WEIGHING LE 100 G/M2 DYED PLAIN WEAVE OF NUMBERS 43-68 SHEETING,No plausible UCC match found
5208318020,WOVEN FABRIC OF COTTON CONTAINING 85% OR GT BY WEIGHT OF COTTON WEIGHING LT 100 G/M2 DYED PLAIN WEAVE OF NUMBERS GE 69 POPLIN OR BROADCLOTH,No plausible UCC match found
5208323020,WOVEN FABRIC OF COTTON CONTAINING 85% OR GT BY WEIGHT OF COTTON WEIGHING GT 100G/M2 DYED PLAIN WEAVE OF NUMBER 42 OR LESS POPLIN OR BROADCLOTH,No plausible UCC match found
5208324020,WOVEN FABRIC OF COTTON CONTAINING 85% OR GT BY WEIGHT OF COTTON WEIGHING GT 100 G/M2 DYED PLAIN WEAVE OF NUMBERS 43-68 POPLIN OR BROADCLOTH,No plausible UCC match found
5208324040,WOVEN FABRIC OF COTTON CONTAINING 85% OR GT BY WEIGHT OF COTTON WEIGHING GT 100 G/M2 DYED PLAIN WEAVE OF NUMBERS 43-68 SHEETING,No plausible UCC match found
5208324060,WOVEN FABRIC OF COTTON CONTAINING 85% OR GT BY WEIGHT OF COTTON WEIGHING GT 100 G/M2 DYED PLAIN WEAVE OF NUMBERS 43-68 PRINTCLOTH,No plausible UCC match found
5208325020,WOVEN FABRIC OF COTTON CONTAINING 85% OR GT BY WEIGHT OF COTTON WEIGHING GT 100 G/M2 DYED PLAIN WEAVE OF NUMBERS GE 69 POPLIN OR BROADCLOTH,No plausible UCC match found
5208430000,"WOVEN FABRIC OF COTTON CONTAINING >= 85% BY WEIGHT OF COTTON, WEIGHING <=200G/M2 YARNS OF DIFFERENT COLORS 3/4 THREAD TWILL (INC CROSS TWILL)",No plausible UCC match found
5208514020,WOVEN FABRIC OF COTTON CONTAINING >=85% BY WEIGHT OF COTTON PRINTED PLAIN WEAVE WEIGHING <=100 G/M2 OF NUMBER 42 OR LESS POPLIN/BROADCLOTH,No plausible UCC match found
5208516020,WOVEN FABRIC OF COTTON CONTAINING >=85% BY WEIGHT OF COTTON PLAIN WEAVE WEIGHING <=100 G/M2 OF NUMBERS 43-68 PRINTED POPLIN OR BROADCLOTH,No plausible UCC match found
5208523020,"WOVEN FABRIC OF COTTON CONTAINING >= 85% WEIGHT OF COTTON, PLAIN WEAVE WEIGHING 101-200 G/M2, <=#42 PRINTED POPLIN OR BROADCLOTH",No plausible UCC match found
5208523040,WOVEN FABRIC OF COTTON CONTAINING 85% OR GT BY WEIGHT OF COTTON WEIGHING 100-200 G/M2 PRINTED PLAIN WEAVE OF NUMBER 43 OR LT SHEETING,No plausible UCC match found
5208524020,"WOVEN FABRIC OF COTTON CONTAINING >= 85% WEIGHT OF COTTON, PLAIN WEAVE WEIGHING 101-200 G/M2, #43-68 PRINTED POPLIN OR BROADCLOTH",No plausible UCC match found
5208524040,WOVEN FABRIC OF COTTON CONTAINING 85% OR MORE BY WEIGHT OF COTTON WEIGHING 100-200G/M2 PRINTED PLAIN WEAVE OF NUMBERS #43-68 SHEETING,No plausible UCC match found
5208524060,WOVEN FABRIC OF COTTON CONTAINING 85% OR MORE BY WEIGHT OF COTTON WEIGHING 100-200 G/M2  PRINTED PLAIN WEAVE OF NUMBERS 43-68 PRINTCLOTH,No plausible UCC match found
5208525020,"WOVEN FABRIC OF COTTON CONTAINING >= 85% WEIGHT OF COTTON, PLAIN WEAVE WEIGHING 101-200 G/M2 >=#69 PRINTED POPLIN OR BROADCLOTH",No plausible UCC match found
5209316020,"WOVEN FABRIC OF COTTON CONTAINING >= 85% BY WEIGHT OF COTTON, PLAIN WEAVE WEIGHING > 200G/M2, DYED POPLIN OR BROADCLOTH",No plausible UCC match found
5209316040,"WOVEN FABRICS OF COTTON, 85% OR MORE COTTON BY WEIGHT, DYED PLAIN WOVEN DUCK, WEIGHING OVER 200 G/M2(5.898 OZ/SQ YD) SHEETING",No plausible UCC match found
5209316090,"WOVEN FABRIC OF COTTON CONTAINING >= 85% BY WEIGHT OF COTTON, PLAIN WEAVE WEIGHING > 200G/M2, DYED PLAIN WEAVE DUCK",No plausible UCC match found
5209390030,"WOVEN FABRICS OF COTTON, 85% OR MORE COTTON BY WEIGHT, DYED SATIN OR TWILL NESOI, WEIGHING OVER 200 G/M2",No plausible UCC match found
5209390070,"WOVEN FABRICS OF COTTON, 85% OR MORE COTTON BY WEIGHT, DYED FABRICS, EXCEPT OF PLAIN WEAVE NESOI, WEIGHING OVER 200 G/M2",No plausible UCC match found
5209420030,WOVEN FABRIC OF COTTON CONTAINING 85% OR GT BY WEIGHT OF COTTON WEIGHING GT 200G/M2 OF YARNS OF DIFFERENT COLORS DENIM WEIGHING LE 360G/M2,No plausible UCC match found
5209420050,WOVEN FABRIC OF COTTON CONTAINING 85% OR MORE BY WEIGHT OF COTTON WEIGHING 360 G/M2 OF YARNS OF DIFFERENT COLORS DENIM,No plausible UCC match found
5209516090,"WOVEN FABRIC OF COTTON CONTAINING >=85% BY WEIGHT OF COTTON, PLAIN WEAVE WEIGHING > 200G/M2 PRINTED PLAIN WEAVE DUCK",No plausible UCC match found
5209590030,"WOVEN FABRICS OF COTTON, 85% OR MORE COTTON BY WEIGHT, PRINTED SATIN OR TWILL NESOI, WEIGHING OVER 200 G/M2",No plausible UCC match found
5209590070,"WOVEN FABRICS OF COTTON, 85% OR MORE COTTON BY WEIGHT, PRINTED FABRICS, EXCEPT OF PLAIN WEAVE NESOI, WEIGHING OVER 200 G/M2",No plausible UCC match found
5210316020,"WOVEN FABRIC OF COTTON CONTAINING < 85% BY WEIGHT OF COTTON, MIXED MAINLY OR SOLELY W/ MAN-MADE FIBERS, WEIGHING < 200G/M2 DYED #43-68 POPLN/BRDCLTH",No plausible UCC match found
5212230000,"WOVEN COTTON FABRICS, UNDER 85% COTTON BY WEIGHT NESOI, DYED FABRICS, WEIGHING OVER 200 G/M2",No plausible UCC match found
5212250000,"WOVEN COTTON FABRICS, UNDER 85% COTTON BY WEIGHT NESOI, PRINTED FABRICS, WEIGHING OVER 200 G/M2",No plausible UCC match found
5306200000,FLAX YARN: MULTIPLE (FOLDED) OR CABLED,No plausible UCC match found
5407300000,WOVEN FABRICS OF SYNTHETIC FILAMENT YARN SPECIFICALLY BONDED IN LAYERS,No plausible UCC match found
5407301000,WOVEN FABRICS OF SYNTHETIC FILAMENT YARN; FABRICS SPECIFIED IN NOTE 9 TO SECTION XI: OVER 60 PERCENT BY WEIGHT OF PLASTIC,No plausible UCC match found
5407520000,"WOVEN FABRICS OF SYNTHETIC FILAMENTS NESOI, 85% OR MORE BY WEIGHT OF TEXTURED POLYESTER FILAMENTS, DYED",No plausible UCC match found
5407530000,"WOVEN FABRICS OF SYNTHETIC FILAMENTS NESOI, 85% OR MORE BY WEIGHT OF TEXTURED POLYESTER FILAMENTS, OF YARNS OF DIFFERENT COLORS",No plausible UCC match found
5407540000,"WOVEN FABRICS OF SYNTHETIC FILAMENTS NESOI, 85% OR MORE BY WEIGHT OF TEXTURED POLYESTER FILAMENTS, PRINTED",No plausible UCC match found
5407610000,"WOVEN FABRICS OF SYNTHETIC FILAMENT YARN, CONTAINING 85% OR MORE BY WEIGHT OF NONTEXTURED POLYESTER FILAMENTS",No plausible UCC match found
5407692000,"WOVEN FABRICS OF SYNTHETIC FILAMENT YARN, CONTAINING 85% OR MORE BY WEIGHT OF POLYESTER FILAMENTS; DYED",No plausible UCC match found
5408231100,"YARNS OF DIFFERENT COLORS NECKTIE FABRIC,GT=85% BY WGT OF ART FIBERS,LT 69 THRD LT 142/ CM IN WP,LT 31 THRD CT LT 71 IN FILLING, OF CUPRAMMONIUM RAYON",No plausible UCC match found
5501200000,"SYNTHETIC FILAMENT TOW, OF POLYESTERS",No plausible UCC match found
5501300000,SYNTHETIC FILAMENT TOW OF ACRYLIC OR MODACRYLIC,No plausible UCC match found
5501300090,"SYNTHETIC FILAMENT TOW OF ACRYLIC OR MODACRYLIC, NESOI",No plausible UCC match found
5501400000,SYNTHETIC FILAMENT TOW: OF POLYPROPYLENE,No plausible UCC match found
5501900100,SYNTHETIC FILAMENT TOW: NESOI,No plausible UCC match found
5513110000,WOVEN FABRICS OF SYNTHETIC STAPLE FIBERS CONTAINING LT 85% BY WGT OF SUCH FIBER MIXED M/S W/COTTON OF A WEIGHT LE 170G/M2 UBL/BLC PLY STP FB PLAI N WV,No plausible UCC match found
5513120000,WOV FAB OF SYN STAPLE FIBERS <85% BY WT OF SUCH FIBERS MIXED M/S COTTON OF WT <=170 G/M2 UNBL/BLC 3-4 THRD TWL INCL CROSS TWL OF PLYST STAPLE FIBERS,No plausible UCC match found
5513310000,WOVEN FABRICS OF SYNTHETIC STAPLE FIBERS <85% BY WEIGHT OF SUCH FIBER MIXED M/S COTTON WGHT <=170G/M2 YRN OF DF COLOR POLY STAPLE FIBER PLAIN WEAVE,No plausible UCC match found
5513410000,WOVEN FABRICS OF SYNTHETIC STAPLE FIBER CONTAINING LT 85% BY WEIGHT OF SUCH FIBER MIXED M/S COTTON WEIGHT LE 170G/M2 PRINTED POLY STPL FIB PLAIN WEAVE,No plausible UCC match found
5513491000,WOV FABRICS OF SYN STAPLE FIBERS <85% BY WT OF SUCH FIBERS MIXED M/S COTTON WT <=170G/M2 PRINTED 3-4 THRD TWL INCL CROSS TWL OF PLYST STAPLE FIBERS,No plausible UCC match found
5513492000,WOVEN FABRICS OF SYNTHETIC STAPLE FIBER CONTAINING LT 85% BY WGHT SUCH FIBER MIXED M/S COTTON WEIGHT LE 170G/M2 PRINTED OTH WOV FAB POLY STAPLE FIBER,No plausible UCC match found
5514120000,WOVEN FABRICS OF SYNTHETIC STAPLE FIBERS LT 85% BY WGHT OF SUCH FIB MIXED M/S COTTON WEIGHING GT 170G/M2 UNBL/BLC 3-4 THREAD TWILL INC CRS TWL PLYST F,No plausible UCC match found
5514220000,WOVEN FABRICS OF SYNTHETIC STAPLE FIBERS LT 85% BY WEIGHT OF SUCH FIBMIXED M/S COTTON WEIGHTING GT 170G/M2 DYED 3-4 THREAD TWILL INC CRS TWL PLY STA F,No plausible UCC match found
5514303100,"WOV FABRICS OF SYN STAPLE FIBERS <85% BY WT OF SUCH FIBERS MIXED M/S COTTON WEIGHING >170G/M2 YARNS OF DIFF CLRS PLYST STAPLE FIBERS, PLAIN WEAVE",No plausible UCC match found
5514303200,WOVEN FABRICS OF SYNTHETIC STAPLE FIBER CONTAINING LT 85% BY WGHT SUCH FIBER MIXED M/S COTTON WGHT GT 170G/M2 YRN DIF COLORS 3-4 THD TWL IC CR TWPSF,No plausible UCC match found
5514303300,WOVEN FABRICS OF SYNTHETIC STAPLE FIBER CONTAINING LT 85% BY WGHT SUCH FIBER MIXED M/S COTTON WGHT GT 170G/M2 YRN DIF COLORS OTH WOV FAB POLY STAP FIB,No plausible UCC match found
5514410000,WOVEN FABRICS OF SYNTHETIC STAPLE FIBER CONTAINING LT 85% BY WEIGHT SUCH FIBER MIXED M/S COTTON WEIGHT GT 170G/M2 PRINTED POLY STP FIB PLAIN WEAVE,No plausible UCC match found
5514420000,WOVEN FABRICS OF SYNTHETIC STAPLE FIBERS LT 85% BY WGHT OF SUCH FIB MIXED M/S COTTON WEIGHING GT 170G/M2 PRINTED 3-4 THREAD TWILL INC CRS TWL PLY ST F,No plausible UCC match found
5514430000,WOVEN FABRICS OF SYNTHETIC STAPLE FIBER CONTAINING LT 85% BY WGHT SUCH FIBER MIXED M/S COTTON WEIGHT GT 170G/M2 PRINTED OTH WOV FAB POLY STAPLE FIBER,No plausible UCC match found
5806321095,"RIBBONS OF MAN-MADE FIBERS, OF A WIDTH EXCEEDING 12 CM, NESOI",No plausible UCC match found
6001100000,"LONG PILE FABRICS, KNITTED OR CROCHETED",No plausible UCC match found
6004100000,"KNITTED OR CROCHETED FABRICS OF A WIDTH EXCEEDING 30 CM (12 INCHES), CONTAINING BY WEIGHT 5 PERCENT OR MORE OF ELASTOMERIC YARN BUT W/O RUBBER THREAD",No plausible UCC match found
6213200000,"HANDKERCHIEFS, OF COTTON",No plausible UCC match found
6213900600,"HANDKERCHIEFS, OF SILK OR SILK WASTE",No plausible UCC match found
6302100000,"BED LINEN, KNITTED OR CROCHETED",No plausible UCC match found
6302400000,"TABLE LINEN, KNITTED OR CROCHETED",No plausible UCC match found
6302402010,"TABLE LINEN: KNITTED OR CROCHETED, OF COTTON",No plausible UCC match found
6302514000,"TABLE LINEN OF COTTON, NESOI",No plausible UCC match found
6306191100,"TARPAULINS, AWNINGS, SUNBLINDS, OF COTTON",No plausible UCC match found
6306221000,"TENTS, OF SYNTHETIC FIBERS, BACKPACKING TENTS",No plausible UCC match found
6306291100,"TENTS, OF COTTON",No plausible UCC match found
6306300010,"SAILS, OF SYNTHETIC FIBERS",No plausible UCC match found
6306404100,PNEUMATIC MATTRESSES: OF COTTON,No plausible UCC match found
6307908945,COTTON PILLOW SHELLS,No plausible UCC match found
6307908950,COTTON SLEEPING BAG SHELLS,No plausible UCC match found
6406901530,LEG WARMERS,No plausible UCC match found
6601910000,UMBRELLAS HAVING A TELESCOPIC SHAFT,No plausible UCC match found
6601990000,"UMBRELLAS, NESOI",No plausible UCC match found
6802100000,TILES CUBES A SIMLR ARTCLS LRGST SURF AREA CAPL O BNG ENCL I A SQ THESDE O WHCH LSS THN 7CM; ARTFCLLY CLRD GRNLS CHPPGS A POWDER,No plausible UCC match found
6802211000,"TRAVERTINE MON OR BLDG, SMPLY CUT OR SAWN W FLAT OR EVEN SURFACE",No plausible UCC match found
6802215000,MARBLE A ALABASTER MNMNTL BLDG SMPLY CT O SWN W FLAT O EVN SURFACE,No plausible UCC match found
6802230000,GRANITE MON OR BLDG STONE SMPLY CUT OR SAWN W FLAT OR EVN SURFACE,No plausible UCC match found
6802299000,"STONE, NESOI MON OR BLDG SMPLY CUT OR SWN W FLAT OR EVN SURFACE",No plausible UCC match found
6802910500,MARBLE SLABS,No plausible UCC match found
6802912500,"TRAVERTINE, FURTHER WORKED",No plausible UCC match found
6802913000,"ALABASTER, NESOI",No plausible UCC match found
6802930090,"GRANITE, NESOI",No plausible UCC match found
6804224000,ABRASIVE WHEELS OF AGGLOM ABRSVS OR OF CERAMICS,No plausible UCC match found
6812800000,FABRICATED ASBESTOS FIBERS OF CROCIDOLITE,No plausible UCC match found
6812990004,ASBESTOS WOVEN OR KNITTED FABRIC,No plausible UCC match found
6815910010,"ARTCLES OF MAGNESITE, DOLOMITE OR CHROMITE CONTN BY WGHT >TH 70 PRCNT MAGNESIA (MGO), CARBN CONTENT TRACE TO <TH 30 PRCNT, CHEM BOND BY RESN OR PITCH",No plausible UCC match found
6902101000,MAGNESITE BRICKS,No plausible UCC match found
6902201010,ALUMINA BRICKS,No plausible UCC match found
6904100015,SOLID CERAMIC BUILDING BRICKS,No plausible UCC match found
6904100090,HOLLOW CERAMIC BUILDING BRICKS,No plausible UCC match found
6907401000,UNGLAZED FINISHED CERAMICS,No plausible UCC match found
6909191000,FERRITE CORE MEMORIES,No plausible UCC match found
6909195010,CERAMIC BEARINGS,No plausible UCC match found
6910100015,FLUSH TANKS OF PORCELAIN OR CHINA,No plausible UCC match found
6912004600,"SERVIETTE RINGS, EARTHENWARE OR STONEWARE",No plausible UCC match found
7002200000,"GLASS RODS, UNWORKED",No plausible UCC match found
7002390090,"TUBES OF GLASS NESOI, UNWORKED",No plausible UCC match found
7005290000,NONWIRED GLASS NESOI,No plausible UCC match found
7007211000,WINDSHIELDS OF LAMINATED SAFETY GLASS,No plausible UCC match found
7009915000,"GLASS MIRRORS, UNFRAMED, OVER 929 SQUARE CM IN REFLECTING AREA",No plausible UCC match found
7009915090,"GLASS MIRRORS, UNFRAMED, OVER 929 SQUARE CM IN REFLECTING AREA, NESOI",No plausible UCC match found
7009925000,"GLASS MIRRORS, FRAMED, OVER 929 SQUARE CM IN REFLECTING AREA",No plausible UCC match found
7009925090,"GLASS MIRRORS, FRAMED, OVER 929 SQUARE CM IN REFLECTING AREA, NESOI",No plausible UCC match found
7013220000,STEMWARE DRINKING GLASSES OF LEAD CRYSTAL,No plausible UCC match found
7013225000,LEAD CRYSTAL STEMWARE DRINKING GLASSES VALUED OVER $5 EACH,No plausible UCC match found
7013330000,DRINKING GLASSES OF LEAD CRYSTAL,No plausible UCC match found
7013335000,"LEAD CRYSTAL DRINKING GLASSES VALUED OVER $5 EACH, NESOI",No plausible UCC match found
7013993500,GLASS VOTIVE-CANDLE HOLDERS,No plausible UCC match found
7019192000,"GLASS FIBER YARN, NESOI",No plausible UCC match found
7019192800,"GLASS FIBER YARN, COLORED, NESOI",No plausible UCC match found
7019194000,SLIVERS OF GLASS FIBERS,No plausible UCC match found
7019199000,"GLASS FIBER SLIVERS, NESOI",No plausible UCC match found
7019310000,"MATS, NONWOVEN, OF GLASS FIBERS",No plausible UCC match found
7019320000,"THIN SHEETS (VOILES), NONWOVEN, OF GLASS FIBERS",No plausible UCC match found
7019391010,BATTS OF NONWOVEN GLASS FIBERS,No plausible UCC match found
7019400000,"NARROW FABRICS, WOVEN, OF GLASS FIBER ROVINGS",No plausible UCC match found
7019400500,FIBERGLASS TIRE CORD FABRIC OF ROVINGS SPECIFICALLY WOVEN FROM FILAMENTS 9-11 MICRONS IN DIAM & IMPREGNATED W/ RESORCINAL FORMALDEHYDE LATEX TREATMENT,No plausible UCC match found
7019407000,"WOVEN FABRICS OF ROVINGS, FIBERGLASS TIRE CORD FABRIC, COLORED, FROM FILAMENTS 9-11 MICRONS IN DIAMETER, WIDTH EXCEEDING 30 CM",No plausible UCC match found
7019529096,"WOVEN GLASS FIBERS OF A WIDTH EXCEEDING 30 CM, COLORED, NESOI",No plausible UCC match found
7019599096,"WOVEN GLASS FIBERS, COLORED, NESOI",No plausible UCC match found
7019905020,GLASS FIBERS IN BULK,No plausible UCC match found
7102100000,"DIAMONDS, UNSORTED",No plausible UCC match found
7102210000,"INDUSTRIAL DIAMONDS, UNWORKED OR SIMPLY SAWN, CLEAVED OR BRUTED",No plausible UCC match found
7102211010,"DIAMONDS, INDUSTRIAL MINERS CARBONADOS, UNWORKED OR SIMPLY SAWN, CLEAVED OR BRUTED",No plausible UCC match found
7102211020,"INDUSTRIAL MINER'S DIAMONDS NESOI UNWORKED OR SIMPLY SAWN, CLVD, BRTD",No plausible UCC match found
7102213000,"INDUSTRIAL DIAMONDS (EXCEPT MINERS) SIMPLY SAWN, CLEAVED OR BRUTED",No plausible UCC match found
7102214000,"INDUSTRIAL DIAMONDS UNWORKED, NESOI",No plausible UCC match found
7102290000,"INDUSTRIAL DIAMONDS, WORKED",No plausible UCC match found
7102290010,INDUSTRIAL DIAMONDS (MINERS CARBONADOS) WORKED,No plausible UCC match found
7102290020,INDUSTRIAL MINERS DIAMONDS NESOI WORKED,No plausible UCC match found
7102290050,INDUSTRIAL DIAMONDS EXCEPT MINERS DIAMONDS NESOI WORKED,No plausible UCC match found
7102310000,"DIAMONDS EXCEPT INDUSTRIAL, UNWORKED OR SIMPLY SAWN, CLEAVED OR BRUTD",No plausible UCC match found
7102390010,NONINDUSTRIAL DIAMONDS WEIGHING </=  0.5CT EACH,No plausible UCC match found
7102390050,NONINDUSTRIAL DIAMONDS WEIGHING > 0.5CT EACH,No plausible UCC match found
7103102010,UNWORKED RUBIES,No plausible UCC match found
7103102020,UNWORKED JADEITE,No plausible UCC match found
7103104010,SAWN OR ROUGHLY SHAPED RUBIES,No plausible UCC match found
7103104020,SAWN OR ROUGHLY SHAPED JADEITE,No plausible UCC match found
7104200000,SYNTHETIC OR RECONSTRUCTED GEMSTONES UNWORKED OR SIMPLY SAWN OR ROUGHLY SHAPED,No plausible UCC match found
7105100025,DIAMOND DUST OR POWDER SYNTHETIC,No plausible UCC match found
7106100000,SILVER POWDER,No plausible UCC match found
7106911010,"SILVER BULLION, UNWROUGHT",No plausible UCC match found
7106911020,SILVER DORE,No plausible UCC match found
7106915000,"UNWROUGHT SILVER, NESOI",No plausible UCC match found
7106920000,"SILVER, SEMIMANUFACTURED",No plausible UCC match found
7108110000,"GOLD POWDER, NONMONETARY",No plausible UCC match found
7108121010,"GOLD BULLION UNWROUGHT, NONMONETARY",No plausible UCC match found
7108121017,"GOLD BULLION, NONMONETARY, NESOI: GOLD CONTENT",No plausible UCC match found
7108121020,"GOLD DORE, UNWROUGHT, NONMONETARY",No plausible UCC match found
7108125000,"GOLD, NESOI, UNWROUGHT, NONMONETARY",No plausible UCC match found
7108125050,"GOLD, NESOI, UNWROUGHT, NONMONETARY: GOLD CONTENT",No plausible UCC match found
7108131000,GOLD LEAF,No plausible UCC match found
7108137000,"GOLD, SEMIMANUFACTURED, NESOI, NONMONETARY",No plausible UCC match found
7110110000,"PLATINUM, UNWROUGHT OR POWDER",No plausible UCC match found
7110110050,PLATINUM METAL UNWROUGHT NESOI,No plausible UCC match found
7110190000,PLATINUM METAL SEMIMANUFACTURED,No plausible UCC match found
7110210000,"PALLADIUM, UNWROUGHT OR IN POWDER FORM",No plausible UCC match found
7110290000,"PALLADIUM, SEMIMANUFACTURED",No plausible UCC match found
7110310000,"RHODIUM, UNWROUGHT OR IN POWDER FORM",No plausible UCC match found
7110390000,"RHODIUM, SEMIMANUFACTURED",No plausible UCC match found
7110410010,"IRIDIUM, UNWROUGHT OR IN POWDER FORM, SEPARATELY",No plausible UCC match found
7110410020,"OSMIUM, UNWROUGHT OR IN POWDER FORM, SEPARATELY",No plausible UCC match found
7110410030,"RUTHENIUM, UNWROUGHT OR IN POWDER FORM, SEPARATELY",No plausible UCC match found
7110490010,"IRIDIUM, SEMINANUFACTURED",No plausible UCC match found
7112300000,ASH CONTAINING PRECIOUS METAL OR PRECIOUS METAL COMPOUNDS,No plausible UCC match found
7113195025,PLATINUM (ISO STANDARD) RINGS,No plausible UCC match found
7113195030,PLATINUM (ISO STANDARD) EARRINGS,No plausible UCC match found
7116203500,FIGURINES OF SEMIPRECIOUS STONE (EXCEPT ROCK CRYSTAL),No plausible UCC match found
7201100000,NONALLOY PIG IRON CONTAINING 0.5 PERCENT OR LESS PHOSPHORUS,No plausible UCC match found
7201503000,ALLOY PIG IRON,No plausible UCC match found
7201506000,SPIEGELEISEN,No plausible UCC match found
7202115000,FERROMANGANESE OVER 4 PERCENT CARBON,No plausible UCC match found
7202190000,"FERROMANGANESE, 2 PERCENT OR LESS CARBON",No plausible UCC match found
7202219000,FERROSILICON OVER 90 PERCENT SILICON,No plausible UCC match found
7202290000,"FERROSILICON, 55 PERCENT OR LESS SILICON",No plausible UCC match found
7202290010,"FERROSILICON OVER 2 PERCENT MAGNESIUM, 55 PERCENT OR LESS SILICON",No plausible UCC match found
7202290050,"FERROSILICON 2 PERCENT OR LESS MAGNESIUM, 55 PERCENT OR LESS SILICON",No plausible UCC match found
7202300000,FERROSILICON MANGANESE,No plausible UCC match found
7202410000,FERROCHROMIUM OVER 4 PERCENT CARBON,No plausible UCC match found
7202490000,"FERROCHROMIUM, 4 PERCENT OR LESS CARBON",No plausible UCC match found
7202495090,"FERROCHROMIUM, CONTAINING <=0.5 PERCENT CARBON, NESOI",No plausible UCC match found
7202500000,FERROSILICON CHROMIUM,No plausible UCC match found
7202600000,FERRONICKEL,No plausible UCC match found
7202700000,FERROMOLYBDENUM,No plausible UCC match found
7202920000,FERROVANADIUM,No plausible UCC match found
7202930000,FERRONIOBIUM,No plausible UCC match found
7202938000,"FERRONIOBIUM, NESOI",No plausible UCC match found
7202991000,FERROZIRCONIUM,No plausible UCC match found
7202992000,CALCIUM SILICON,No plausible UCC match found
7202995020,FERROPHOSPHORUS,No plausible UCC match found
7202995040,FERROALLOYS NESOI,No plausible UCC match found
7202998020,FERROPHOSPHORUS,No plausible UCC match found
7202998040,FERROALLOYS NESOI,No plausible UCC match found
7204410020,NO 1 BUNDLES STEEL SCRAP,No plausible UCC match found
7204410040,NO 2 BUNDLES STEEL SCRAP,No plausible UCC match found
7204490020,NO 1 HEAVY MELTING STEEL SCRAP,No plausible UCC match found
7204490040,NO 2 HEAVY MELTING STEEL SCRAP,No plausible UCC match found
7204490070,SHREDDED STEEL SCRAP,No plausible UCC match found
7204500000,"REMELTING SCRAP INGOTS, FERROUS SCRAP",No plausible UCC match found
7205100000,"GRANULES, IRON OR STEEL",No plausible UCC match found
7205210000,ALLOY STEEL POWDERS,No plausible UCC match found
7205290000,"POWDERS, IRON OR NONALLOY STEEL",No plausible UCC match found
7210901000,"FLAT-ROLLED IRON OR NONALLOY STEEL, 600MM OR MORE WIDE, CLAD, NESOI",No plausible UCC match found
7213913011,"TIRE CORD-QLTY RODS, STAT NOTE 4, IRON/NONALLOY STEEL, IRREG COILS, CIRC SECTION <14MM DIAMETER; NT TEMPERED,TREATED/MFG,U.S. NOTE 9,SUBCHP3,CHP99",No plausible UCC match found
7218990030,"SEMIFINISHED STAINLESS STEEL, SQUARE CROSS-SECTION, CROSS-SECTIONAL AREA OF 232 CM SQUARED OR MORE",No plausible UCC match found
7218990060,"SEMIFINISHED STAINLESS STEEL, CIRCULAR CROSS-SECTION,CROSS-SECTIONAL AREA OF 232 CM SQU ARED OR MORE",No plausible UCC match found
7219130031,"FLAT-ROLLED STAINLESS STEEL 1370MM WDE OR MORE HOT-ROLLED COILED 3 TO UNDER 4.75MM THICK, NESOI",No plausible UCC match found
7219140065,HI-NICKEL STAINLESS STL FLT-RLD 600-1370MM WIDE HR COILS UN 3MM THCK,No plausible UCC match found
7219310000,"FLAT-ROLLED STAINLESS STEEL 600MM OR MORE WIDE, COLD-ROLLED, 4.75MM OR MORE THICK",No plausible UCC match found
7219310010,"FLAT-ROLLED STAINLESS STEEL 600MM WIDE OR MORE COLD-ROLLED, 4.75MM ORMORE THICK COILS",No plausible UCC match found
7219320005,HI-NICKEL STAINLESS STL FR 1370MM OR MORE W CR 3-U4.75MM THK COILS,No plausible UCC match found
7219320020,"FLAT-ROLLED STAINLESS STEEL COILS, 1370MM OR MORE WIDE, COLD-ROLLED, 3 TO UNDER 4.75MM THK, OVER 0.5 PERCENT NICKEL",No plausible UCC match found
7219320035,HI-NICKEL STAINLESS STL FR 600-UN 1370MM W CR 3-UN 4.75MM THK COILS,No plausible UCC match found
7219320036,"FLAT-ROLLED STAINLESS STEEL COILS,600-UNDER 1370MM WIDE,COLD-ROLLED,3-UNDER 4.75MM THICK,OVER 0.5 PERCENT NICKEL,OVER 1.5 BUT UNDER 5 PERCENT MOLYBDEN",No plausible UCC match found
7219320038,"FLAT-ROLLED STAINLESS STEEL COILS, 600-UNDER 1370MM WIDE, COLD-ROLLED,3-UNDER 4.75MM THICK, OVER 0.5 PERCENT NICKEL, MOLYBDENUM CONTENT NESOI",No plausible UCC match found
7219330036,"FLAT-ROLLED STAINLESS STEEL COILS, 600-UNDER 1370MM WIDE, COLD-ROLLED, OVER 1MM-UNDER 3MM THICK, OVER 0.5% NICKEL, OVER 1.5-UNDER 5 PERCENT MOLYBDENUM",No plausible UCC match found
7219340000,"FLAT-ROLLED STAINLESS STEEL 600MM OR MORE WIDE, COLD-ROLLED, OF A THICKNESS OF 0.5MM OR MORE BUT EXCEEDING 1MM",No plausible UCC match found
7219340020,"FLAT-ROLLED STAINLESS STEEL COILS, 600MM OR MORE WIDE, COLD-ROLLED, 0.5-1MM THICK, OVER 5 PERCENT NICKEL, OVER 1.5-UNDER 5 PERCENT MOLYBDENUM",No plausible UCC match found
7219340030,"FLAT-ROLLED STAINLESS STEEL COILS, 600MM OR MORE WIDE, COLD-ROLLED, 0.5MM TO 1MM THICK, UNDER 15 PERCENT CHROMIUM",No plausible UCC match found
7219340035,"FLAT-ROLLED STAINLESS STEEL COILS, 600MM OR MORE WIDE, COLD-ROLLED, 0.5MM TO 1MM THICK, NESOI",No plausible UCC match found
7219350005,"FLAT-ROLLED STAINLESS STEEL COILS,600MM OR MORE WIDE,COLD-ROLLED,UNDER 0.5MM THICK,OVER 0.5-UNDER 24% NICKEL, OVER 1.5-UNDER 5% MOLYBDENUM",No plausible UCC match found
7219900000,"FLAT-ROLLED STAINLESS STEEL 600MM OR MORE WIDE, NESOI",No plausible UCC match found
7220121000,FLAT-ROLLED STAINLESS STEEL 300 TO UNDER 600MM WIDE HOT-ROLLED UNDER 4.75MM THICK,No plausible UCC match found
7220201010,"FLAT-ROLLED STAINLESS STEEL, 300MM TO UNDER 600MM WIDE, COLD-ROLLED, OVER 0.5 TO UNDER 24 PERCENT NICKEL, OVER 1.5 BUT UNDER 5 PERCENT MOLYBDENUM",No plausible UCC match found
7220201015,"FLAT-ROLLED STAINLESS STEEL, 300 TO UNDER 600MM WIDE, COLD-ROLLED, OVER 0.5 PERCENT BUT UNDER 24 PERCENT NICKEL, NESOI",No plausible UCC match found
7220201060,"FLAT-ROLLED STAINLESS STEEL, 300 TO UNDER 600MM WIDE, COLD-ROLLED, NICKEL CONTENT NESOI, UNDER 15 PERCENT CHROMIUM",No plausible UCC match found
7220201080,"FLAT-ROLLED STAINLESS STEEL, 300 TO UNDER 600MM WIDE, COLD-ROLLED, NESOI",No plausible UCC match found
7220206010,"FLAT-ROLLED STAINLESS STEEL, UNDER 300MM WIDE, COLD-ROLLED, OVER 1.25MM THICK, OVER 0.5 PERCENT NICKEL, OVER 1.5 BUT UNDER 5 PERCENT MOLYBDENUM",No plausible UCC match found
7220206015,"FLAT-ROLLED STAINLESS STEEL, UNDER 300MM WIDE, COLD-ROLLED, OVER 1.25MM THICK, OVER 0.5 PERCENT NICKEL, NESOI",No plausible UCC match found
7220206060,"FLAT-ROLLED STAINLESS STEEL, UNDER 300MM WIDE, COLD-ROLLED, OVER 1.25MM THICK, 0.5 PERCENT OR LESS NICKEL, UNDER 15 PERCENT CHROMIUM",No plausible UCC match found
7220206080,"FLAT-ROLLED STAINLESS STEEL, UNDER 300MM WIDE, COLD-ROLLED, OVER 1.25MM THICK, NESOI",No plausible UCC match found
7220207010,"FLAT-ROLLED STAINLESS STEEL, UNDER 300MM WIDE, COLD-ROLLED, OVER 0.25-1.25MM THICK, OVER 0.5 PERCENT NICKEL, OV 1.5-UNDER 5 PERCENT MOLYBDENUM",No plausible UCC match found
7220207015,"FLAT-ROLLED STAINLESS STEEL, UNDER 300M,M WIDE, COLD-ROLLED, OVER 0.25MM TO 1.25MM THICK, OVER 0.5 PERCENT NICKEL, NESOI",No plausible UCC match found
7220207060,"FLAT-ROLLED STAINLESS STEEL, UNDER 300MM WIDE, COLD-ROLLED, OVER 0.25-1.25MM THICK, 0.5 PERCENT OR LESS NICKEL, UNDER 15 PERCENT CHROMIUM",No plausible UCC match found
7223000000,WIRE OF STAINLESS STEEL,No plausible UCC match found
7223005000,WIRE STAINLESS STEEL FLAT,No plausible UCC match found
7225506000,FLAT-ROLLD OTHR ALLOY STEEL 600MM WIDE AO COLD-RLLD 4.75MM AO THICK,No plausible UCC match found
7226910500,FLAT-ROLLD CHIPPER KNIFE STEEL LESS THEN 600MM WIDE HOT-ROLLED,No plausible UCC match found
7226911530,FLAT-ROLLD BALL-BEARING STEEL 300 TO UNDER 600MM WIDE HOT-ROLLED,No plausible UCC match found
7226912530,FLAT-ROLLED BALL-BEARING STEEL UNDER 300MM WIDE HOT-ROLLED,No plausible UCC match found
7226921030,FLAT-ROLLED BALL-BEARING STEEL 300 TO UNDER 600MM WIDE COLD-ROLLED,No plausible UCC match found
7226921060,FLAT-ROLLD OTHR TOOL STEEL 300 TO UNDR 600MM WIDE COLD-ROLLED,No plausible UCC match found
7226923030,FLAT-ROLLED BALL-BEARING STEEL UNDER 300MM WIDE COLD-ROLLED,No plausible UCC match found
7229200000,WIRE OF SILICO-MANGANESE STEEL,No plausible UCC match found
7229200090,"WIRE OF SILICO-MANGANESE STEEL, NESOI",No plausible UCC match found
7302105000,RAILS OF ALLOY STEEL,No plausible UCC match found
7302901000,SLEEPERS (CROSS-TIES) OF IRON OR STEEL,No plausible UCC match found
7303000030,SOIL PIPE OF CAST IRON,No plausible UCC match found
7304390024,"OTH PIPES/TUBES/HOLLOW PROF, SEAMLESS, IRON/NONALLOY STL, CIR X-SECT, NT CLD-TREATED, NT GALVANIZED, OUTSIDE DIAM 38.1-114.3MM, WALLS LS THN 6.4MM THK",No plausible UCC match found
7304390028,"OTH PIPES/TUBES/HOLLOW PROF, SEAMLESS, IRON/NONALLOY STEEL, CIRC X-SECTION, NT COLD-TREATED, NT GALVANIZED, O/DIAM 38.1-114.3MM, WALLS 6.4-12.7MM THK",No plausible UCC match found
7304390032,"OTH PIPES/TUBES/HOLLOW PROF, SEAMLESS, IRON/NONALLOY STEEL, CIRC X-SECT, NT CLD-TREATED, NT GALVNZED, OUTSIDE DIAM 38.1-114.3MM, WALLS OVER 12.7MM THK",No plausible UCC match found
7304390036,"OTH PIPES/TUBES/HOLLOW PROF, SMLS, IRON/NONALLOY STL, CIR X-SECT, NT CLD-TREAT, NT GLVNZD, OUTSIDE DIAM OV 114.3MM BUT UN 190.5MM, WALLS UN 12.7MM THK",No plausible UCC match found
7304390040,"OTH PIPES/TUBES/HOLLOW PROF, SMLS, IRON/NONALLOY STL, CIR X-SECT, NT CLD TREAT, NT GLVNZD, O/DIAM OV 114.3 BUT UN 190.5MM, WALLS 12.7 A OV BUT UN 19MM",No plausible UCC match found
7304390044,"OTH PIPES/TUBES/HOLLOW PROF, SMLS, IRON/NONALLOY STL, CIRC X-SECT, NT COLD-TREAT, NT GLVNZD, OUTSIDE DIAM OV 114.3 BUT UN 190.5MM, WALLS 19MM A OV THK",No plausible UCC match found
7304416045,"TUBES, PIPES, HOLLOW PROFILES, SEAMLESS, CIRCULAR CROSS-SECTION, STAINLESS STEEL, COLD-ROLLED, NESOI, EXTERNAL DIAMETER 19MM OR MORE",No plausible UCC match found
7306405062,"OTH STAINLS STEEL TUBES,PIPES,HOLLOW PROFILES,CIRC CS,WALLS 1.65MM AO THCK, OUTSDE DIAM NOV 114.3MM, 0.5 BUT UNDER 24% NICKEL,OV 1.5-UN 5% MOLYBDENUM",No plausible UCC match found
7307110060,CAST FITTINGS OF NONMALLEABLE CAST IRON NESOI,No plausible UCC match found
7307193000,"DUCTILE FITTINGS OF IRON OR STEEL, CAST",No plausible UCC match found
7307193060,"DUCTILE FITTINGS, THREADED, OF IRON OR STEEL, CAST",No plausible UCC match found
7307193085,"DUCTILE FITTINGS, NESOI, OF IRON OR STEEL, CAST",No plausible UCC match found
7307199030,"UNIONS, PIPE, OF IRON OR STEEL, CAST",No plausible UCC match found
7307210000,STAINLESS STEEL FLANGES,No plausible UCC match found
7307215000,"STAINLESS STEEL FLANGES, MACHINED, TOOLED OR OTHWISE PROCSD AFT FRGNG",No plausible UCC match found
7307221000,STAINLESS STEEL SLEEVES (PIPE COUPLINGS),No plausible UCC match found
7307230000,STAINLESS STEEL TUBE OR PIPE BUTT WELDING FITTINGS,No plausible UCC match found
7307290000,STAINLESS STEEL TUBE OR PIPE FITTINGS NESOI,No plausible UCC match found
7307912000,FLANGES OF IRON OR NONALLOY STEEL,No plausible UCC match found
7307923010,SLEEVES (PIPE COUPLINGS) OF IRON OR NONALLOY STEEL,No plausible UCC match found
7307923030,SLEEVES (PIPE COUPLINGS) OF ALLOY STEEL (EXCEPT STAINLESS),No plausible UCC match found
7307931000,BUTT WELDING FITTINGS OF IRON OR NONALLOY STEEL,No plausible UCC match found
7308305050,DOORS OF IRON OR STEEL EXCEPT STAINLESS STEEL,No plausible UCC match found
7308907000,STEEL GRATING,No plausible UCC match found
7312101030,TIRE CORD OF STAINLESS STEEL STRANDED WIRE,No plausible UCC match found
7312101050,"STRANDD WIRE OF STNLS STL, NT WTH FITTNGS O IN ARTCLS, NT TRE CRD, NT ELCTRCL INSLTD,W LAY/TWST NOV 1 REV FR LNGTH EQUL STRND DIAM X 8.5",No plausible UCC match found
7312103005,"TIRE CORD OF STRANDED WIRE, IRON OR STEEL, EXCEPT STAINLESS",No plausible UCC match found
7312103500,"STRANDED WIRE OF IRON OR STEEL, NESOI",No plausible UCC match found
7314120000,ENDLESS BANDS OF STAINLESS STEEL,No plausible UCC match found
7314500000,"EXPANDED METAL, IRON OR STEEL",No plausible UCC match found
7315110000,ROLLER CHAIN OF IRON OR STEEL,No plausible UCC match found
7315120040,"WELDED STEEL ARTICULATED LINK CHAIN, NESOI",No plausible UCC match found
7315120080,ARTICULATED LINK CHAIN OF IRON OR STEEL NESOI,No plausible UCC match found
7315200000,SKID CHAIN OF IRON OR STEEL,No plausible UCC match found
7315205000,SKID CHAIN OF IRON OR STEEL OVER 8MM IN DIAMETER,No plausible UCC match found
7315810000,STUD LINK CHAIN OF IRON OR STEEL,No plausible UCC match found
7315822000,"WELDED LINK CHAIN OF ALLOY STEEL, NESOI",No plausible UCC match found
7315823000,"WELDED LINK CHAIN, NESOI, OF ALLOY STEEL, OVER 10 MM IN DIAMETER",No plausible UCC match found
7315826000,WELDED LINK CHAIN OF IRON OR NONALLOY STEEL NESOI,No plausible UCC match found
7315827000,"WELDED LINK CHAIN, NESOI, OF IRON OR NONALLOY STEEL, OVER 10 MM IN DIAMETER",No plausible UCC match found
7318110000,"COACH SCREWS, THREADED, OF IRON OR STEEL",No plausible UCC match found
7318140000,SELF-TAPPING SCREWS OF IRON OR STEEL,No plausible UCC match found
7318155000,"STUDS OF IRON OR STEEL, THREADED",No plausible UCC match found
7318155030,"STUDS OF STAINLESS STEEL, THREADED",No plausible UCC match found
7318159000,THREADED FASTENERS NESOI OF IRON OR STEEL,No plausible UCC match found
7318160030,LOCKING LUGNUTS OF IRON OR STEEL,No plausible UCC match found
7318160045,"LUGNUTS OF IRON OR STEEL, NESOI",No plausible UCC match found
7318230000,RIVETS OF IRON OR STEEL,No plausible UCC match found
7319402000,SAFETY PINS OF IRON OR STEEL,No plausible UCC match found
7319403000,"DRESSMAKERS' OR COMMON PINS, IRON OR STEEL",No plausible UCC match found
7319405010,PUSH PINS OF IRON OR STEEL,No plausible UCC match found
7319405050,"PINS OF IRON OR STEEL, NESOI",No plausible UCC match found
7319409000,PINS OF IRON OR STEEL NESOI,No plausible UCC match found
7320901000,HAIRSPRINGS OF IRON OR STEEL,No plausible UCC match found
7321890010,FIREPLACE GRATES OF CAST IRON,No plausible UCC match found
7325100035,METER BOXES OF NONMALLEABLE CAST IRON,No plausible UCC match found
7326200020,GARMENT WIRE HANGERS OF IRON OR STEEL,No plausible UCC match found
7326908560,LADDERS OF IRON OR STEEL,No plausible UCC match found
7326908577,BURIAL CASKETS OF IRON OR STEEL,No plausible UCC match found
7326908660,LADDERS OF IRON OR STEEL,No plausible UCC match found
7326908677,BURIAL CASKETS OF IRON OR STEEL,No plausible UCC match found
7401000000,"COPPER MATTES, CEMENT COPPER (PRECIPITATED COPPER)",No plausible UCC match found
7401000010,COPPER MATTES,No plausible UCC match found
7401000050,CEMENT COPPER (PRECIPITATED COPPER),No plausible UCC match found
7403120000,"REFINED COPPER WIRE BARS, UNWROUGHT",No plausible UCC match found
7403130000,"BILLETS, REFINED COPPER, UNWROUGHT",No plausible UCC match found
7403190000,UNWROUGHT REFINED COPPER NESOI,No plausible UCC match found
7403210000,UNWROUGHT COPPER-ZINC BASED ALLOYS (BRASS),No plausible UCC match found
7403220000,UNWROUGHT COPPER-TIN BASED ALLOYS (BRONZE),No plausible UCC match found
7403290110,UNWROUGHT COPPER-NICKEL BASE ALLOYS (CUPRO-NICKEL) OR UNWROUGHT COPPER-NICKEL-ZINC BASE ALLOYS (NICKEL SILVER),No plausible UCC match found
7403290180,"UNWROUGHT COPPER ALLOYS, NESOI",No plausible UCC match found
7404003020,SPENT ANODES OF REFINED COPPER,No plausible UCC match found
7405000000,MASTER ALLOYS OF COPPER,No plausible UCC match found
7405006030,BERYLLIUM COPPER MASTER ALLOY,No plausible UCC match found
7405006050,"MASTER ALLOYS OF COPPER, NESOI",No plausible UCC match found
7406200000,COPPER POWDERS OF LAMELLAR STRUCTURE; FLAKES,No plausible UCC match found
7407101500,HOLLOW PROFILES OF REFINED COPPER,No plausible UCC match found
7407211500,HOLLOW PROFILES OF COPPER-ZINC BASE ALLOYS (BRASS),No plausible UCC match found
7407215000,LOW FUMING BRAZING RODS OF BRASS,No plausible UCC match found
7407291610,"HOLLOW PROFILES, OF COPPER-NICKEL BASE ALLOYS (CUPRO-NICKEL) OR COPPER-NICKEL-ZINC BASE ALLOYS (NICKEL SILVER)",No plausible UCC match found
7407291680,"HOLLOW PROFILES, OF COPPER ALLOYS, NESOI",No plausible UCC match found
7407293400,"PROFILES, OF COPPER-NICKEL BASE ALLOYS (CUPRO-NICKEL) OR COPPER-NICKEL-ZINC BASE ALLOYS (NICKEL SILVER), NESOI",No plausible UCC match found
7407293800,"PROFILES, OF COPPER ALLOYS, NESOI",No plausible UCC match found
7408190060,REFINED COPPER WIRE NESOI,No plausible UCC match found
7408210000,WIRE OF COPPER-ZINC BASE ALLOYS (BRASS),No plausible UCC match found
7408220000,WIRE OF COPPER-NICKEL BASE ALLOYS (CUPRO-NICKEL) OR COPPER-NICKEL-ZINC BASE ALLOYS (NICKEL-SILVER),No plausible UCC match found
7409115010,"REFINED COPPER PLATES, SHEET OR STRIP UNDER 5MM THICK, WIDTH OF 500MMOR OVER, IN COILS",No plausible UCC match found
7409210050,"BRASS PLATE, SHEET, STRIP, IN COILS, UN 5MM THICK 500MM OR OV WIDE",No plausible UCC match found
7409210075,"BRASS PLATE, SHEET, STRIP, IN COILS, UNDER 500MM WIDE, UNDER 1.6MM THICK",No plausible UCC match found
7409210090,"BRASS PLATE, SHEET, STRIP, IN COILS, UNDER 500MM WIDE, OVER 1.6MM THICK",No plausible UCC match found
7409901030,BERYLLIUM COPPER PLATES SHEET STRIP AT LEAST 5 MM THICK,No plausible UCC match found
7409905030,"BERYLLIUM COPPER PLATES SHEET STRIP UN 5MM THICK, 500 MM A OV WIDE",No plausible UCC match found
7409909030,BERYL CU PL SHT STR UN 5 MM TH UN 500 MM WIDE,No plausible UCC match found
7410213000,COPPER CLAD LAMINATES,No plausible UCC match found
7410213020,"COPPER FOIL, BACKED, OF REFINED COPPER CLAD LAMINATES, HAVG A BASE OFWHOLLY OF PLSTCS IMPRGNTD GLASS A COPPER ON ONE SIDE ONLY",No plausible UCC match found
7410213040,"CU FOIL OF REF CU CLAD LAMNTS, BASE OF PLSTCS IMPRGNTED GLASS, HAVG COPPER ON BOTH SIDES",No plausible UCC match found
7410213060,COPPER FOIL BACKED OF REF CU CPPR CLAD LAMINATES NESOI,No plausible UCC match found
7410216000,"FOIL OF REFINED COPPER, BACKED, NESOI",No plausible UCC match found
7410220000,"COPPER FOIL, BACKED, OF COPPER ALLOYS",No plausible UCC match found
7412200000,COPPER ALLOY TUBE OR PIPE FITTINGS,No plausible UCC match found
7415331000,"MUNTZ OR YELLOW METAL BOLTS, COPPER",No plausible UCC match found
7419990100,CLOTH COPPER WIRE,No plausible UCC match found
7419990660,"FOURDRINIER WIRES, COPPER CLOTH, NESOI",No plausible UCC match found
7419990680,"COPPER CLOTH, NESOI",No plausible UCC match found
7501100000,NICKEL MATTES,No plausible UCC match found
7502200000,UNWROUGHT NICKEL ALLOYS,No plausible UCC match found
7504000010,NICKEL POWDERS,No plausible UCC match found
7504000050,NICKEL FLAKES,No plausible UCC match found
7505125000,PROFILES OF NICKEL ALLOYS,No plausible UCC match found
7505220000,WIRE OF NICKEL ALLOYS,No plausible UCC match found
7505221000,"NICKEL WIRE, ALLOYED, COLD-FORMED",No plausible UCC match found
7506205000,"FOIL, NICKEL ALLOY",No plausible UCC match found
7507200000,TUBE OR PIPE FITTINGS OF NICKEL,No plausible UCC match found
7508901000,STRANDED WIRE OF NICKEL,No plausible UCC match found
7601209030,UNWROUGHT ALUMINUM VANADIUM MASTER ALLOY,No plausible UCC match found
7601209075,"REMELT SCRAP INGOT, ALUM ALLOY",No plausible UCC match found
7601209090,ALMN ALLOY UNWRT NESOI,No plausible UCC match found
7603200000,"ALUMINUM POWDERS OF LAMELLAR STRUCTURE, FLAKES",No plausible UCC match found
7604210000,ALUMINUM ALLOY HOLLOW PROFILES,No plausible UCC match found
7606916040,ALUM PLT SHT STP NT ALY NESOI CLAD OVER 6.3MM THICK,No plausible UCC match found
7606916080,ALUM PLT SHT STP NT ALY NESOI CLAD 6.3MM OR LESS THICK,No plausible UCC match found
7606923060,ALUM PLT SHT STP ALY NESOI OVER 6.3MM THICK,No plausible UCC match found
7606923090,ALUM PLT SHT STP ALY NESOI NT CLAD 6.3MM OR LESS THICK,No plausible UCC match found
7606926040,ALUMINUM ALY PLT SHT STP CLAD NESOI OVER 6.3MM THICK,No plausible UCC match found
7606926080,OTHR ALUM ALY PLT SHT STP NESOI CLAD OV 0.2 BUT UNDER 6.3MM THICK,No plausible UCC match found
7607116000,AL FOIL NT BCKD ROLLD NT FRTHR WRKD OV 0.01MM BT NT OV 0.15MM THCK,No plausible UCC match found
7609000000,"ALUMINUM TUBE OR PIPE FITTINGS (COUPLINGS,ELBOWS SLEEVES)",No plausible UCC match found
7610100030,ALUMINUM DOORS,No plausible UCC match found
7611000090,"ALUMINUM CONTAINERS, NESOI CAPACITY EXCEEDING 300 LITERS",No plausible UCC match found
7612100000,ALUMINUM COLLAPSIBLE TUBULAR CONTAINERS CAP NT OV 300 LITERS,No plausible UCC match found
7612901090,ALUM CANS NESOI W CAPACITY 3.8 LITERS BT NT OV 20L,No plausible UCC match found
7612905000,"ALUMINUM CONTAINERS, NESOI",No plausible UCC match found
7616103000,ALUMINUM RIVETS,No plausible UCC match found
7616106000,THREADED FASTENERS OF ALUMINUM,No plausible UCC match found
7616107030,THREADED FASTENERS ALUMINUM HAVING THREADS SHANKS OR HOLES OVER 6 MM IN DIAMETER,No plausible UCC match found
7616995030,ALUMINUM LADDERS,No plausible UCC match found
7616995060,ALUMINUM CASTINGS,No plausible UCC match found
7616995070,ALUMINUM FORGINGS,No plausible UCC match found
7616995130,ALUMINUM LADDERS,No plausible UCC match found
7616995160,ALUMINUM CASTINGS,No plausible UCC match found
7616995170,ALUMINUM FORGINGS,No plausible UCC match found
7801100000,"REFINED LEAD, UNWROUGHT",No plausible UCC match found
7801993000,"LEAD BULLION, UNWROUGHT",No plausible UCC match found
7801999030,"LEAD ALLOYS, UNWROUGHT",No plausible UCC match found
7806000500,LEAD PIPES A TUBES INCL FITTINGS THEREFOR,No plausible UCC match found
7901121000,"ZINC, UNWRGHT, NT ALLOYD, CNTG UN 99.99 PC ZNC CSTG GRD",No plausible UCC match found
7901200000,"ZINC ALLOYS, UNWROUGHT",No plausible UCC match found
7903100000,ZINC DUST,No plausible UCC match found
7903903000,ZINC POWDERS,No plausible UCC match found
7903906000,ZINC FLAKES,No plausible UCC match found
8001200000,UNWROUGHT TIN ALLOYS,No plausible UCC match found
8001200010,TIN ALLOYS UNWROUGHT CONTAINING BY WEIGHT 5 PERCENT OR LESS LEAD,No plausible UCC match found
8001200090,TIN AL UNWR CNTG X WGHT 25 PERCNT OR MORE OF LEAD,No plausible UCC match found
8007005000,"TIN ARTCLS NESOI SUCH AS: CONTNRS, COLLPSBL TBS, PEWTR ARTLS, CAPCTY MEASURS, ANODES",No plausible UCC match found
8101100000,TUNGSTEN (WOLFRAM) POWDERS,No plausible UCC match found
8101960000,TUNGSTEN WIRE,No plausible UCC match found
8101998000,"TUNGSTEN, WROUGHT, NESOI",No plausible UCC match found
8102100000,MOLYBDENUM POWDERS,No plausible UCC match found
8102960000,MOLYBDENUM WIRE,No plausible UCC match found
8102990000,"MOLYBDENUM, WROUGHT",No plausible UCC match found
8103200030,TANTALUM POWDERS,No plausible UCC match found
8103900000,"TANTALUM, WROUGHT",No plausible UCC match found
8104110000,"UNWROUGHT MAGNESIUM, CONTAINING AT LEAST 99.8 PERCENT BY WEIGHT OF MAGNESIUM",No plausible UCC match found
8104900000,"MAGNESIUM, WROUGHT",No plausible UCC match found
8105203000,UNWROUGHT COBALT ALLOYS,No plausible UCC match found
8105206000,"UNWROUGHT COBALT EXC ALLOYS, INCL POWDERS",No plausible UCC match found
8107200000,UNWROUGHT CADMIUM; POWDERS,No plausible UCC match found
8108200010,"SPONGE, TITANIUM",No plausible UCC match found
8108200015,TITANIUM POWDERS,No plausible UCC match found
8108200030,"INGOTS, TITANIUM",No plausible UCC match found
8108903030,TITANIUM CASTINGS,No plausible UCC match found
8109200000,"UNWROUGHT ZIRCONIUM, POWDERS",No plausible UCC match found
8110100000,UNWROUGHT ANTIMONY; POWDERS,No plausible UCC match found
8111004700,UNWROUGHT MANGANESE FLAKE CONTAINING AT LEAST 99.5 PERCENT BY WEIGHT MANGANESE,No plausible UCC match found
8111004910,"UNWROUGHT MANGANESE, POWDER, CONTAINING AT LEAST 99.5% BY WEIGHT OF MANGANESE",No plausible UCC match found
8111004990,"UNWROUGHT MANGANESE, NESOI",No plausible UCC match found
8112210000,UNWROUGHT CHROMIUM; POWDERS,No plausible UCC match found
8112510000,UNWROUGHT THALLIUM; POWDERS,No plausible UCC match found
8112921000,UNWROUGHT GALLIUM INCL POWDERS,No plausible UCC match found
8112922000,UNWROUGHT HAFNIUM INCL POWDERS,No plausible UCC match found
8112923000,UNWROUGHT INDIUM INCL POWDERS,No plausible UCC match found
8112924000,UNWROUGHT NIOBIUM (COLUMBIUM) INCL POWDERS,No plausible UCC match found
8112925000,UNWROUGHT RHENIUM INCL POWDERS,No plausible UCC match found
8112926000,GERMANIUM UNWROUGHT,No plausible UCC match found
8112926500,GERMANIUM POWDER,No plausible UCC match found
8112929000,"BASE METALS, POWDERS, NESOI",No plausible UCC match found
8202200030,METAL CUTTING BANDSAW BLADES OF BASE METAL,No plausible UCC match found
8202913000,HACKSAW BLADES OF BASE METAL,No plausible UCC match found
8203202000,TWEEZERS BASE METAL,No plausible UCC match found
8203204000,"SLIP JOINT PLIERS, BASE METAL",No plausible UCC match found
8203205000,PLIERS OF BASE METAL,No plausible UCC match found
8203206030,"PLIERS EXCEPT SLIP JOINT, BASE METAL",No plausible UCC match found
8205593010,CROWBARS OF BASE METAL,No plausible UCC match found
8205594500,CAULKING GUNS OF IRON OR STEEL,No plausible UCC match found
8205700010,VISES OF BASE METAL,No plausible UCC match found
8205700030,PIPE VISES,No plausible UCC match found
8207600030,BROACHES,No plausible UCC match found
8207600035,"REAMERS, EXCEPT GUN REAMERS",No plausible UCC match found
8207704000,ROUTER BITS,No plausible UCC match found
8208403000,LAWNMOWER BLADES,No plausible UCC match found
8211910001,TABLE KNIVES HAVING FIXED BLADES,No plausible UCC match found
8211911000,TABLE KNIVES FIXED BLADE SILVER-PLATED HANDLES,No plausible UCC match found
8211914000,"TABLE KNIVES, FIXED BLADE, STAINLESS STEEL HANDLES, NESOI",No plausible UCC match found
8211924050,SHEATH-TYPE KNIVES FIXED BLADE RUBBER OR PLASTIC HANDLES,No plausible UCC match found
8211959000,"HANDLES OF BASE METAL, NESOI",No plausible UCC match found
8212100000,RAZORS,No plausible UCC match found
8213006000,"PINKING SHEARS OVER $30/DOZEN,INCL BS MTL PRTS",No plausible UCC match found
8301100000,PADLOCKS OF BASE METAL,No plausible UCC match found
8301700000,KEYS PRESENTED SEPARATELY,No plausible UCC match found
8302603000,AUTOMATIC DOOR CLOSERS OF BASE METAL,No plausible UCC match found
8305200000,"STAPLES IN STRIPS, OF BASE METAL",No plausible UCC match found
8307100000,FLEXIBLE TUBING OF IRON OR STEEL,No plausible UCC match found
8308200000,TUBULAR OR BIFURCATED RIVETS OF BASE METAL,No plausible UCC match found
8401100000,NUCLEAR REACTORS,No plausible UCC match found
8407345000,"SPARK-IGNITION RECIPROCATING PISTON ENGINES EXCEEDING 1000 CC, NESOI",No plausible UCC match found
8407909050,"SPARK-IGNITION RECIPROCATING OR ROTARY INTERNAL COMBUSTION PISTON ENGINES, NESOI",No plausible UCC match found
8407909080,"SPARK-IGNITION INTERNAL COMBUSTION PISTON TYPE ENGINES, NESOI, EXCEEDING 18.65 KW",No plausible UCC match found
8408909050,"COMPRESSION-IGNITION INTERNAL COMBUSTION PISTON ENGINES,NESOI,EXCEEDING 1,119 KW",No plausible UCC match found
8413400000,CONCRETE PUMPS,No plausible UCC match found
8413500050,"DIAPHRAGM PUMPS, RECIPROCATING POSITIVE DISPLACEMENT",No plausible UCC match found
8413500090,"RECIPROCATING POSITIVE DISPLACEMENT PUMPS, NESOI",No plausible UCC match found
8413600070,"ROLLER PUMPS, ROTARY POSITIVE DISPLACEMENT",No plausible UCC match found
8413600090,"ROTARY POSITIVE DISPLACEMENT PUMPS, NESOI",No plausible UCC match found
8413702004,"SUBMERSIBLE PUMPS, CENTRIFUGAL",No plausible UCC match found
8413810020,"TURBINE PUMPS, NESOI",No plausible UCC match found
8413820000,LIQUID ELEVATORS,No plausible UCC match found
8418100055,"FRENCH DOORS REFRIG-FREEZR COMBO, W/ BOTTM FREEZR COMPARTMT, FIT W/ SEPERATE EXTERNL DOOR, EXC 87CM, NT EXC 95 CM COMPRS TYP, VL 382 LTRS & OVR. NESOI",No plausible UCC match found
8419200020,LABORATORY STERILIZERS,No plausible UCC match found
8421394000,CATALYTIC CONVERTERS,No plausible UCC match found
8422409181,"PACKING OR WRAPPING MACHINERY, NESOI",No plausible UCC match found
8423890000,"WEIGHING MACHINERY, NESOI",No plausible UCC match found
8426200000,TOWER CRANES,No plausible UCC match found
8426300000,PORTAL OR PEDESTAL JIB CRANES,No plausible UCC match found
8426490010,"CABLE OPERATED LIFTING MACHINERY, SELF-PROPELLED,NESOI",No plausible UCC match found
8426490090,"LIFTING MACHINERY SELF-PROPELLED, NESOI",No plausible UCC match found
8426990000,"LIFTING MACHINERY, NESOI",No plausible UCC match found
8428200010,"CONVEYORS,PNEUMATIC,NESOI",No plausible UCC match found
8428200050,"ELEVATORS, PNEUMATIC, NESOI",No plausible UCC match found
8430200030,"SNOWBLOWERS, ATTACHMENT TYPE",No plausible UCC match found
8430200060,"SNOWBLOWERS, EXCEPT ATTACHMENT TYPE",No plausible UCC match found
8430200090,SNOWPLOWS,No plausible UCC match found
8430410000,"BORING OR SINKING MACHINERY, SELF-PROPELLED",No plausible UCC match found
8430498050,"BORING OR SINKING MACHINERY, NESOI",No plausible UCC match found
8431410020,SHOVEL ATTACHMENTS,No plausible UCC match found
8431410060,DRAGLINE BUCKETS,No plausible UCC match found
8431420000,BULLDOZER OR ANGLEDOZER BLADES,No plausible UCC match found
8431499050,TRACK LINKS,No plausible UCC match found
8432100020,MOLDBOARD PLOWS EXCEPT LISTERS,No plausible UCC match found
8432100060,"PLOWS, NESOI",No plausible UCC match found
8432300090,SEEDERS,No plausible UCC match found
8432310090,NO-TILL DIRECT SEEDERS,No plausible UCC match found
8432410000,MANURE SPREADERS,No plausible UCC match found
8432420000,FERTILIZER DISTRIBUTORS,No plausible UCC match found
8433190010,GREENS MOWERS,No plausible UCC match found
8433510010,"COMBINE HARVESTER-THRESHERS, SELF-PROPELLED",No plausible UCC match found
8433510090,"COMBINE HARVESTER-THRESHERS, EXCEPT SELF-PROPELLED",No plausible UCC match found
8433520000,"THRESHING MACHINERY, EXCEPT COMBINE HARVESTER-THRESHERS",No plausible UCC match found
8433590010,FIELD FORAGE HARVESTERS,No plausible UCC match found
8433590090,"HARVESTING MACHINERY OR THRESHING MACHINERY, NESOI",No plausible UCC match found
8436800020,FORESTRY MACHINERY,No plausible UCC match found
8436800070,BEE-KEEPING MACHINERY,No plausible UCC match found
8438400000,BREWERY MACHINERY,No plausible UCC match found
8443110000,REEL-FED OFFSET PRINTING MACHINERY,No plausible UCC match found
8443111000,"REEL-FED OFFSET PRINTING MACHINERY, DOUBLE-WIDTH NEWSPAPER PRINTING PRESSES",No plausible UCC match found
8443115000,"REEL-FED OFFSET PRINTING MACHINERY, NESOI",No plausible UCC match found
8443130000,"OFFSET PRINTING MACHINERY, NESOI",No plausible UCC match found
8443160000,FLEXOGRAPHIC PRINTING MACHINERY,No plausible UCC match found
8443170000,GRAVURE PRINTING MACHINERY,No plausible UCC match found
8443192000,TEXTILE PRINTING MACHINERY,No plausible UCC match found
8443395000,THERMOCOPYING APPARATUS,No plausible UCC match found
8445190040,COTTON GINS,No plausible UCC match found
8448491000,SHUTTLES,No plausible UCC match found
8451800000,"MACHINERY OF HEADING 8451, NESOI",No plausible UCC match found
8455100000,TUBE ROLLING MILLS,No plausible UCC match found
8455220000,COLD ROLLING MILLS EXCEPT TUBE ROLLING,No plausible UCC match found
8465960015,"LOG SPLITTERS,WOODWORKING MACHINERY",No plausible UCC match found
8465960025,"CHIPPERS,WOODWORKING MACHINERY",No plausible UCC match found
8465960030,"HOGS,WOODWORKING MACHINERY",No plausible UCC match found
8472904000,PENCIL SHARPENERS,No plausible UCC match found
8474310000,CONCRETE OR MORTAR MIXERS,No plausible UCC match found
8477904501,BARREL SCREWS,No plausible UCC match found
8479500000,"INDUSTRIAL ROBOTS, NESOI",No plausible UCC match found
8479897000,CARPET SWEEPERS,No plausible UCC match found
8479899465,HYDRAULIC ACCUMULATORS,No plausible UCC match found
8479899495,INDUSTRIAL VIBRATORS,No plausible UCC match found
8479899496,TOW BEHIND SWEEPERS,No plausible UCC match found
8479899865,HYDRAULIC ACCUMULATORS,No plausible UCC match found
8479899895,INDUSTRIAL VIBRATORS,No plausible UCC match found
8479899896,TOW BEHIND SWEEPERS,No plausible UCC match found
8480200000,MOLD BASES,No plausible UCC match found
8480300000,MOLDING PATTERNS,No plausible UCC match found
8481100090,"PRESSURE-REDUCING VALVES, NESOI",No plausible UCC match found
8481200050,"HYDRAULIC VALVES, NESOI",No plausible UCC match found
8481200080,"PNEUMATIC VALVES, NESOI",No plausible UCC match found
8481301010,CHECK VALVES OF COPPER HAVING A PRESSURE RATING UNDER 850 KPA,No plausible UCC match found
8481301090,CHECK VALVES OF COPPER HAVING A PRESSURE RATING OF 850 KPA OR OVER,No plausible UCC match found
8481302010,CHECK VALVES OF IRON,No plausible UCC match found
8481302090,CHECK VALVES OF STEEL,No plausible UCC match found
8481400000,SAFETY OR RELIEF VALVES,No plausible UCC match found
8481805040,PRESSURE SPRAY CAN VALVES,No plausible UCC match found
8481809005,SOLENOID VALVES,No plausible UCC match found
8481809010,BALLCOCK MECHANISMS,No plausible UCC match found
8481909060,"VALVE BODIES, NESOI",No plausible UCC match found
8482105004,UNGROUND BEARINGS,No plausible UCC match found
8482105008,THRUST BALL BEARINGS,No plausible UCC match found
8482105012,LINEAR BALL BEARINGS,No plausible UCC match found
8482105060,"DOUBLE ROW BALL BEARINGS,RADIAL",No plausible UCC match found
8482105064,"RADIAL BALL BEARINGS, NESOI",No plausible UCC match found
8482105068,"BALL BEARINGS, NESOI",No plausible UCC match found
8482200090,"TAPERED ROLLER BEARINGS,CONE ASSEMBLIES ENTERED SEPARATELY, EXCEEDING 203 MM",No plausible UCC match found
8482400000,NEEDLE ROLLER BEARINGS,No plausible UCC match found
8482800020,COMBINED BALL & SPHERICAL ROLLER BEARINGS,No plausible UCC match found
8482800040,COMBINED BALL & NEEDLE ROLLER BEARINGS,No plausible UCC match found
8483200010,HOUSED BEARINGS INCORPORATING BALL BEARINGS,No plausible UCC match found
8483200050,HOUSED BEARINGS INCORPORATING ROLLER BEARINGS,No plausible UCC match found
8483305020,"BEARING HOUSINGS, BALL OR ROLLER BEARING TYPE",No plausible UCC match found
8483305040,BEARING HOUSINGS EXCEPT BALL OR ROLLER BEARING TYPE,No plausible UCC match found
8483308020,"BEARING HOUSINGS, BALL OR ROLLER BEARING TYPE",No plausible UCC match found
8483308040,"BEARING HOUSINGS, NESOI",No plausible UCC match found
8483401000,TORQUE CONVERTERS,No plausible UCC match found
8483404010,"FIXED RATIO SPEED CHANGERS, EACH RATIO SELECTED BY MANUAL MANIPULATION",No plausible UCC match found
8483405010,"FIXED RATIO SPEED CHANGERS, NESOI",No plausible UCC match found
8483407000,"SPEED CHANGERS, NESOI",No plausible UCC match found
8483408000,BALL OR ROLLER SCREWS,No plausible UCC match found
8483506000,"FLYWHEELS,  NESOI",No plausible UCC match found
8483508030,"GROOVED PULLEYS, NESOI",No plausible UCC match found
8483509040,"GROOVED PULLEYS, NESOI",No plausible UCC match found
8483608000,"SHAFT COUPLINGS, EXCEPT UNIVERSAL JOINTS",No plausible UCC match found
8484200000,MECHANICAL SEALS,No plausible UCC match found
8501346000,DC GENERATORS OF AN OUTPUT EXCEEDING 375 KW,No plausible UCC match found
8501640050,"AC GENERATORS (ALTERNATORS), OUTPUT EXCEEDING 40,000 KVA",No plausible UCC match found
8504409570,INVERTERS (STATIC CONVERTERS),No plausible UCC match found
8504409580,"STATIC CONVERTERS, NESOI",No plausible UCC match found
8504500000,"INDUCTORS, NESOI",No plausible UCC match found
8504508000,"INDUCTORS, NESOI",No plausible UCC match found
8504909530,"FERRITES, NESOI",No plausible UCC match found
8504909630,"FERRITES, NESOI",No plausible UCC match found
8505191000,"MAGNETS, FLEXIBLE, PERMANENT, EXCEPT OF METAL",No plausible UCC match found
8505903000,ELECTROMAGNETIC LIFTING HEADS,No plausible UCC match found
8506305000,"PRIMARY BATTERIES HAVING AN EXTERNAL VOLUME EXCEEDING 300 CM3, MERCURIAL OXIDE",No plausible UCC match found
8506405000,"PRIMARY BATTERIES HAVING AN EXTERNAL VOLUME EXCEEDING 300 CM3, SILVER OXIDE",No plausible UCC match found
8506500000,"PRIMARY BATTERIES , LITHIUM",No plausible UCC match found
8509805060,"ELECTRICHUMIDIFIERS, DOMESTIC",No plausible UCC match found
8509805070,"ULTRASONIC HUMIDIFERS, DOMESTIC",No plausible UCC match found
8511200000,IGNITION MAGNETOS; MAGNETO-DYNAMOS; MAGNETIC FLYWHEELS,No plausible UCC match found
8513102000,FLASHLIGHTS,No plausible UCC match found
8516320040,"ELECTROTHERMIC HAIRDRESSING APPARATUS, NESOI",No plausible UCC match found
8517180010,VIDEOPHONES,No plausible UCC match found
8517610000,BASE STATIONS,No plausible UCC match found
8518108030,"MICROPHONES, NESOI",No plausible UCC match found
8519302000,"TURNTABLES, NESOI",No plausible UCC match found
8523298000,"MAGNETIC TAPE RECORDINGS OF A WIDTH EXCEEDING 6.5 MM,NESOI",No plausible UCC match found
8525501000,TELEVISION SET TOP BOXES WHICH HAVE A COMMUNICATION FUNCTION,No plausible UCC match found
8525507010,RADIO BROADCAST TRANSMITTERS,No plausible UCC match found
8525601010,"RADIO TRANSCEIVERS, CITIZENS BAND (CB) TYPE",No plausible UCC match found
8525601040,"RADIO TRANSCIEVERS, MARINE VHF-FM",No plausible UCC match found
8525601045,"RADIO TRANSCIEVERS, MARINE VHF-FM",No plausible UCC match found
8525800035,"TELEVISION CAMERAS, COLOR",No plausible UCC match found
8525800045,"TELEVISION CAMERAS, EXCEPT COLOR",No plausible UCC match found
8525801000,GYROSTABLIZED TELEVISION CAMERAS,No plausible UCC match found
8525803010,"TELEVISION CAMERAS, COLOR, NESOI",No plausible UCC match found
8525803050,"TELEVISION CAMERAS, EXCEPT COLOR, NESOI",No plausible UCC match found
8525805010,8MM CAMCORDERS,No plausible UCC match found
8525805020,CAMCORDERS EXCEPT 8MM,No plausible UCC match found
8526100070,RADAR APPARATUS NESOI,No plausible UCC match found
8526910020,"RADIO NAVIGATIONAL AID APPARATUS, RECEPTION ONLY TYPE",No plausible UCC match found
8526910030,"RADIO NAVIGATIONAL AID APPARATUS, RECEPTION ONLY TYPE",No plausible UCC match found
8526910040,"RADIO NAVIGATIONAL AID APPARATUS, NESOI",No plausible UCC match found
8526910070,"RADIO NAVIGATIONAL AID APPARATUS,NESOI",No plausible UCC match found
8527132000,"RADIOBROADCAST RECEIVERS, BATTERY TYPE, RADIO-TAPE RECORDER COMBINATIONS",No plausible UCC match found
8527132015,"RADIO-TAPE RECORDER COMBINATIONS, BATTERY, CASSETTE",No plausible UCC match found
8527134000,"RADIO-PHONOGRAPH COMBINATIONS, BATTERY",No plausible UCC match found
8527136080,"RADIOBROADCAST RECEIVER COMBINATIONS, BATTERY, NESOI",No plausible UCC match found
8527190000,"RADIOBROADCAST RECEIVERS, BATTERY TYPE, NESOI",No plausible UCC match found
8527195010,"RADIOBROADCAST RECEIVERS, BATTERY, FM OR AM/FM ONLY",No plausible UCC match found
8527195025,"RADIOBROADCAST RECEIVERS, BATTERY, NESOI",No plausible UCC match found
8527915000,RADIOBROADCAST RECEIVER-TAPE RECORDER COMBINATIONS,No plausible UCC match found
8527991500,RADIO RECEIVERS NESOI,No plausible UCC match found
8527995030,"RECEPTION APPARATUS, NESOI",No plausible UCC match found
8528726040,"TV RECEPTION APPARATUS, COLOR, HAVING A PICTURE TUBE, EXCEEDING 52 CM (20 INCHES)",No plausible UCC match found
8528729700,"TV RECEPTION APPARATUS, COLOR, NESOI",No plausible UCC match found
8529900100,TUNERS OF TELEVISION APPARATUS PRINTED CIRCUIT ASSEMBLIES,No plausible UCC match found
8529900400,"TUNERS OF TELEVISION APPARATUS PRINTED CIRCUIT ASSEMBLIES, NESOI",No plausible UCC match found
8529901000,TELEVISION TUNERS,No plausible UCC match found
8529901300,"PRINTED CIRUIT ASSEMBLIES, OF TELEVISION APPARATUS, NESOI",No plausible UCC match found
8529901920,"PRINTED CIRCUIT ASSEMBLIES, OF RADAR APPARATUS, NESOI",No plausible UCC match found
8529901940,"PRINTED CIRCUIT ASSEMBLIES, OF RADIO NAVIGATIONAL AID APPARATUS, NESOI",No plausible UCC match found
8529904300,"COMBINATN OF PRTS SPECIFD IN ADD U.S. NOTE 10 TO THIS CHPT:SUBASSEM,FR CLR TV RECVRS,CONTNG GT=2 PC BRDS OR CERAMC SUBSTRAT W/COMPNT,ENTRD W/COMPNTS",No plausible UCC match found
8529904600,"COMBINATN OF PRTS SPECIFD IN ADD U.S. NOTE 10 TO THIS CHPT: SUBASSEM,FR CLR TV RCVR,CONTNG GT=2 PC BRDS OR CERAMC SUBSTRAT W/COMPNT ASSEMLD, NESOI",No plausible UCC match found
8531100015,"SMOKE DETECTORS, BATTERY POWERED",No plausible UCC match found
8531100025,"SMOKE DETECTORS, NESOI",No plausible UCC match found
8532210020,"FIXED CAPACITORS, TANTALUM ELECTROLYTIC, METAL CASE",No plausible UCC match found
8532210080,"FIXED CAPACITORS, TANTALUM ELECTROLYTIC, NESOI",No plausible UCC match found
8532220085,"FIXED CAPACITORS, ALUMINUM ELECTROLYTIC,EXCEEDING 51 MM IN DIAMETER",No plausible UCC match found
8532240040,"FIXED CAPACITORS, CERAMIC DIELECTRIC, MULTILAYER, AXIAL LEADS",No plausible UCC match found
8532240060,"FIXED CAPACITORS, CERAMIC DIELECTRIC, MULTILAYER, RADIAL LEADS",No plausible UCC match found
8532290020,"FIXED CAPACITORS, MICA DIELECTRIC, NESOI",No plausible UCC match found
8532290040,"FIXED CAPACITORS, NESOI",No plausible UCC match found
8532300010,"VARIABLE OR ADJUSTABLE (PRESET) CAPACITORS, MICA, CERAMIC OR GLASS DIELECTRIC",No plausible UCC match found
8532300090,"VARIABLE OR ADJUSTABLE CAPACITORS, NESOI",No plausible UCC match found
8533100060,"FIXED RESISTORS, CARBON COMPOSITION, HAVING TWO LEADS",No plausible UCC match found
8533390040,"WIREWOUND VARIABLE RESISTORS, DIMMERS",No plausible UCC match found
8533390080,"WIREWOUND VARIABLE RESISTORS, NESOI",No plausible UCC match found
8533404000,METAL OXIDE VARISTORS,No plausible UCC match found
8533408050,"VARIABLE RESISTORS/ POTENTIOMETERS CERMET, NESOI",No plausible UCC match found
8533408060,"VARIABLE RESISTORS/ POTENTIOMETERS, METAL GLAZE",No plausible UCC match found
8533408070,"VARIABLE RESISTORS, POTENTIOMETERS, NESOI",No plausible UCC match found
8534000070,"PRINTED CIRCUITS, PLASTICS IMPREGNATED, NESOI",No plausible UCC match found
8534000080,"PRINTED CIRCUITS, FLEXIBLE TYPE",No plausible UCC match found
8534000085,PRINTED CIRCUITS HAVING A CERAMIC BASE,No plausible UCC match found
8534000095,"PRINTED CIRCUITS, NESOI",No plausible UCC match found
8535100020,"FUSES IN CIRCUITS OF 2,300 V OR MORE",No plausible UCC match found
8535290020,AUTOMATIC CIRCUIT BREAKERS IN CIRCUITS OF 345 KV OR MORE,No plausible UCC match found
8536610000,LAMPHOLDERS,No plausible UCC match found
8540202040,"TV CAMERA, CATHODE-RAY TUBES, COLOR",No plausible UCC match found
8540204000,"TV CAMERA, IMAGE INTENSIFIER & CONVERTER TUBES, NESOI",No plausible UCC match found
8540810000,RECIEVER OR AMPLIFIER TUBES,No plausible UCC match found
8540890060,LIGHT-SENSING TUBES,No plausible UCC match found
8540890080,"THERMIONIC, COLD CATHODE OR PHOTOCATHODE TUBES, NESOI",No plausible UCC match found
8541100050,ZENER DIODES,No plausible UCC match found
8541402000,LIGHT-EMITTING DIODES (LED'S),No plausible UCC match found
8541406025,"SOLAR CELLS, CRYSTALLINE SILICON PHOTOVOLTAIC CELLS OF A KIND DESCRIBED IN STAT NOTE 11 TO THIS CHAPTER, NESOI",No plausible UCC match found
8541406045,"SOLAR CELLS, NESOI",No plausible UCC match found
8541406050,"PHOTOSENSITIVE DIODES, NESOI",No plausible UCC match found
8541407080,"PHOTOSENSITIVE TRANSISTERS, NESOI",No plausible UCC match found
8541408000,OPTICAL COUPLED ISOLATORS,No plausible UCC match found
8541600080,"MOUNTED PIEZOELECTRIC CRYSTALS, EXCEPT QUARTZ",No plausible UCC match found
8543100000,"PARTICLE ACCELERATORS, NESOI",No plausible UCC match found
8543200000,SIGNAL GENERATORS,No plausible UCC match found
8543702000,"PHYSICAL VAPOR DEPOSITION (PVD) APPARATUS, NESOI",No plausible UCC match found
8543709610,AMPLIFIERS,No plausible UCC match found
8543709910,AMPLIFIERS,No plausible UCC match found
8544110050,"INSULATED WINDING WIRE, COPPER, NESOI",No plausible UCC match found
8544190000,"INSULATED WINDING WIRE, NESOI",No plausible UCC match found
8545190000,"CARBON ELECTRODES,NESOI",No plausible UCC match found
8545194000,"CARBON ELECTRODES, NESOI",No plausible UCC match found
8545902000,ARC LIGHT CARBONS,No plausible UCC match found
8602900000,"RAIL LOCOMOTIVES; LOCOMOTIVE TENDERS, NESOI",No plausible UCC match found
8703105030,GOLF CARTS,No plausible UCC match found
8703105060,"SPECIALLY DESIGNED VEHICLES, NESOI",No plausible UCC match found
8705300000,FIRE FIGHTING VEHICLES,No plausible UCC match found
8705900000,"SPECIAL PURPOSE VEHICLES, NESOI",No plausible UCC match found
8712005000,"CYCLES, NESOI",No plausible UCC match found
8713900000,"INVALID CARRIAGES, NESOI",No plausible UCC match found
8714933500,"HUBS, NESOI, OF HEADINGS 8711 TO 8713",No plausible UCC match found
8714943020,"CALIPER BRAKES, NESOI, OF HEADING 8711 TO 8713",No plausible UCC match found
8801000010,HANG GLIDERS,No plausible UCC match found
8802603000,COMMUNICATIONS SATELLITES,No plausible UCC match found
8901200000,TANKERS,No plausible UCC match found
8903920025,"MOTORBOATS INBOARD/OUTDRIVE POWERED,EXCEEDING 6.5 M IN LENGTH",No plausible UCC match found
8903920030,"CABIN CRUISERS,INBOARD/OUTDRIVE POWERED,EXCEEDING 6.5M IN LENGTH",No plausible UCC match found
8903920065,"CABIN CRUISERS, INBOARD POWERED, EXCEEDING 8 M IN LENGTH",No plausible UCC match found
8903920075,"INBOARD POWERED MOTORBOATS,EXCEEDING 8M IN LENGTH",No plausible UCC match found
8905100000,DREDGERS,No plausible UCC match found
8905200000,FLOATING OR SUBMERSIBLE DRILLING OR PRODUCTION PLATFORMS,No plausible UCC match found
8905901000,FLOATING DOCKS,No plausible UCC match found
8906900010,SHIPS' HULLS,No plausible UCC match found
8907100000,INFLATABLE RAFTS,No plausible UCC match found
8907900030,BUOYS,No plausible UCC match found
8907900060,TANKS,No plausible UCC match found
9001100050,"OPTICAL FIBERS, PLASTIC, NESOI",No plausible UCC match found
9001100070,"OPTICAL FIBERS EXCEPT OF PLASTIC, NESOI",No plausible UCC match found
9001905000,"PRISMS, UNMOUNTED, NESOI",No plausible UCC match found
9001906000,"MIRRORS, UNMOUNTED, NESOI",No plausible UCC match found
9001909000,"OPTICAL ELEMENTS, UNMOUNTED, NESOI",No plausible UCC match found
9002902000,"PRISMS MOUNTED, NESOI",No plausible UCC match found
9002904000,"MIRRORS MOUNTED, NESOI",No plausible UCC match found
9002909500,"OPTICAL ELEMENTS, NESOI",No plausible UCC match found
9004100000,SUNGLASSES,No plausible UCC match found
9005100040,PRISM BINOCULARS NESOI,No plausible UCC match found
9005100080,"BINOCULARS, NESOI",No plausible UCC match found
9006400000,INSTANT PRINT CAMERAS,No plausible UCC match found
9006404000,INSTANT PRINT CAMERAS FIXED FOCUS,No plausible UCC match found
9007208000,"PROJECTORS, NESOI",No plausible UCC match found
9008501000,SLIDE PROJECTORS,No plausible UCC match found
9010600000,PROJECTION SCREENS,No plausible UCC match found
9011100000,STEREOSCOPIC MICROSCOPES,No plausible UCC match found
9013804000,DOOR VIEWERS (DOOR EYES),No plausible UCC match found
9014101000,OPTICAL DIRECTION FINDING COMPASSES,No plausible UCC match found
9015100000,RANGEFINDERS,No plausible UCC match found
9015300000,LEVELS (SURVEYING),No plausible UCC match found
9015806000,SEISMOGRAPHS,No plausible UCC match found
9018113000,ELECTROCARDIOGRAPHS,No plausible UCC match found
9018120000,ULTRASONIC SCANNING APPARATUS,No plausible UCC match found
9018195500,PATIENT MONITORING SYSTEMS,No plausible UCC match found
9018200040,THERAPEUTIC ULTRAVIOLET OR INFRARED RAY APPARATUS,No plausible UCC match found
9018390020,RUBBER CATHETERS,No plausible UCC match found
9018494000,DENTAL BURS,No plausible UCC match found
9018906400,DEFIBRILLATORS,No plausible UCC match found
9019102030,MASSAGE APPARATUS; ELECTRICALLY OPERATED; BATTERY POWERED; NESOI,No plausible UCC match found
9019102035,"MASSAGE APPARATUS, POWERED BY AC ADAPTER",No plausible UCC match found
9019102045,"MASSAGE APPARATUS,ELECTRICALLY OPERATED (EXCEPT BATTERY POWERED OR POWERED BY AC ADAPTER), NESOI",No plausible UCC match found
9022120000,COMPUTED TOMOGRAPHY APPARATUS,No plausible UCC match found
9022300000,X-RAY TUBES,No plausible UCC match found
9026104000,FLOW METERS,No plausible UCC match found
9027206050,LIQUID CHROMATOGRAPHS,No plausible UCC match found
9027501000,EXPOSURE METERS,No plausible UCC match found
9027504050,PHOTOMETERS,No plausible UCC match found
9027902000,"MICROTOMES, NESOI",No plausible UCC match found
9028200000,LIQUID METERS,No plausible UCC match found
9029104000,TAXIMETERS,No plausible UCC match found
9029108000,"REVOLUTION COUNTERS, PRODUCTION COUNTERS, ODOMETERS, PEDOMETER, NESOI",No plausible UCC match found
9029202000,BICYCLE SPEEDOMETERS,No plausible UCC match found
9029206000,STROBOSCOPES,No plausible UCC match found
9031200000,TEST BENCHES,No plausible UCC match found
9031491000,PROFILE PROJECTORS,No plausible UCC match found
9032100000,THERMOSTATS,No plausible UCC match found
9032100090,"THERMOSTATS, NESOI",No plausible UCC match found
9032200000,MANOSTATS,No plausible UCC match found
9108110000,"WATCH MOVEMENTS,COMPLETE&ASSEMBLED,ELECTRICALLY OPER,W MECHANICAL DISPLAY ONLY,W A DEVICE WHICH A MEANICAL DISPLAY CAN BE INCORPORATED",No plausible UCC match found
9108190000,"WATCH MOVEMENTS, COMPLETE & ASSEMBLED, ELECTRICALLY OPERATED, NESOI",No plausible UCC match found
9108900010,"WATCH MOVEMENTS, COMPLETE & ASSEMBLED, MEASURING 33.8 MM (1.3 IN) OR LESS",No plausible UCC match found
9108900090,"WATCH MOVEMENTS, COMPLETE & ASSEMBLED, MEASURING OVER 33.8 MM",No plausible UCC match found
9108901000,"WATCH MOVEMENTS,COMPLETE&ASSEMBLED,MEASURING 33.8MM OR LESS, HAVING NO JEWELS OR ONLY ONE JEWEL",No plausible UCC match found
9108902000,"WATCH MOVEMENTS, COMPLETE & ASSEMBLED, HAVING NO JEWELS OR ONLY ONE JEWEL, MEASURING > 33.8 MM, NESOI",No plausible UCC match found
9108909000,"WATCH MOVEMENTS,COMPLETE & ASSEMBLED, MEASURING 33.8 MM OR LESS, HAV ING OVER 17 JEWELS",No plausible UCC match found
9108909500,"WATCH MOVEMENT,COMPLETE & ASSEMBLED,MEASURING OVER 33.8MM, HAVING OVER 17 JEWELS",No plausible UCC match found
9109906000,"CLOCK MOVEMENTS, COMPLETE & ASSEMBLED, MEASURING OVER 50MM IN WIDTH OR DIAMETER, VALUED OVER $5 EACH",No plausible UCC match found
9111202000,WATCH CASES OF BASE METAL GOLD OR SILVER PLATED,No plausible UCC match found
9111204000,"WATCH CASES OF BASE METAL,EXCEPT GOLD OR SILVER PLATED",No plausible UCC match found
9111800000,"WATCH CASES, NESOI",No plausible UCC match found
9112204000,CLOCK CASES OF METAL,No plausible UCC match found
9114300000,CLOCK OR WATCH DIALS,No plausible UCC match found
9114308000,CLOCK OR WATCH DIALS EXCEEDING 50MM IN WIDTH,No plausible UCC match found
9114901000,CLOCK OR WATCH JEWELS,No plausible UCC match found
9201100000,UPRIGHT PIANOS,No plausible UCC match found
9201100031,"UPRIGHT PIANOS, CONTAINING A CASE MEASURING 121.92CM OR MORE BUT LESS THATN 129.54CM IN HEIGHT, NESOI",No plausible UCC match found
9201100041,"UPRIGHT PIANOS, CONTAINING A CASE MEASURING 129.54 CM OR MORE IN HEIGHT, NESOI",No plausible UCC match found
9201200000,GRAND PIANOS,No plausible UCC match found
9201200051,"GRAND PIANOS, CONTAINING A CASE MEASURING 195.58 CM OR MORE IN LENGTH, NESOI",No plausible UCC match found
9202903000,GUITARS,No plausible UCC match found
9205901200,KEYBOARD PIPE ORGANS,No plausible UCC match found
9205901500,PIANO ACCORDIONS,No plausible UCC match found
9205901800,ACCORDIONS EXCEPT PIANO ACCORDIONS,No plausible UCC match found
9205901900,MOUTH ORGANS,No plausible UCC match found
9205902000,BAGPIPES,No plausible UCC match found
9205904020,CLARINETS,No plausible UCC match found
9205904040,SAXOPHONES,No plausible UCC match found
9206002000,DRUMS,No plausible UCC match found
9206004000,CYMBALS,No plausible UCC match found
9208100000,MUSIC BOXES,No plausible UCC match found
9301903000,MILITARY RIFLES,No plausible UCC match found
9301906000,MILITARY SHOTGUNS,No plausible UCC match found
9301909030,"MACHINE GUNS, MILITARY",No plausible UCC match found
9303100000,MUZZLE-LOADING FIREARMS,No plausible UCC match found
9303200020,AUTOLOADING SHOTGUNS,No plausible UCC match found
9303200030,"SHOTGUNS, PUMP ACTION, NESOI",No plausible UCC match found
9303200035,"SHOTGUNS, NESOI",No plausible UCC match found
9303200065,"SHOTGUNS, NESOI",No plausible UCC match found
9303200080,COMBINATION SHOTGUN-RIFLES,No plausible UCC match found
9303307010,"RIFLES, CENTERFIRE AUTOLOADING",No plausible UCC match found
9303307017,"RIFLES, CENTERFIRE BOLT ACTION, NESOI",No plausible UCC match found
9303307025,"RIFLES, CENTERFIRE, NESOI",No plausible UCC match found
9305201000,SHOTGUN BARRELS OF HEADING 9303,No plausible UCC match found
9306304130,"CARTRIDGES CONTAINING A PROJECTILE, NESOI",No plausible UCC match found
9306304150,"EMPTY CARTRIDGE SHELLS, NESOI",No plausible UCC match found
9306900020,GUIDED MISSLES,No plausible UCC match found
9306900041,PAINTBALLS,No plausible UCC match found
9401510000,SEATS OF BAMBOO OR RATTAN,No plausible UCC match found
9401520000,SEATS OF BAMBOO,No plausible UCC match found
9401530000,SEATS OF RATTAN,No plausible UCC match found
9401802031,"SEATS OF REINFORCED OR LAMINATED PLASTICS, NESOI",No plausible UCC match found
9401804046,"SEATS OF RUBBER OR PLASTICS, NESOI",No plausible UCC match found
9401806030,"SEATS, NESOI",No plausible UCC match found
9402900010,HOSPITAL BEDS,No plausible UCC match found
9403200016,METAL CRIBS,No plausible UCC match found
9403509041,WOODEN CRIBS,No plausible UCC match found
9403509045,"WOODEN BEDS, NESOI",No plausible UCC match found
9403704001,CRIBS OF REINFORCED OR LAMINATED PLASTICS,No plausible UCC match found
9403708001,"CRIBS OF PLASTICS, NESOI",No plausible UCC match found
9403810001,CRIBS OF BAMBOO OR RATTAN,No plausible UCC match found
9403820001,CRIBS OF BAMBOO,No plausible UCC match found
9403830001,CRIBS OF RATTAN,No plausible UCC match found
9404291090,"MATTRESSES OF COTTON, NESOI",No plausible UCC match found
9404291095,"MATTRESSES OF COTTON, NESOI",No plausible UCC match found
9404299091,"MATTRESSES, NESOI",No plausible UCC match found
9404300000,SLEEPING BAGS,No plausible UCC match found
9404908523,"QUILTS,EIDERDOWN,COMFORTRS OTR SHELL OF OTH TEXT MAT,CONT 85% OF SILK OR SILK WASTE, NESOI",No plausible UCC match found
9404908536,"QUILTS, EIDERDOWNS & COMFORTERS,OUTER SHELL OF OTH TEXT MATERL,NESOI",No plausible UCC match found
9405604000,"ILLUMINATED SIGNS, ILLUMINATED NAMEPLATES EXCEPT OF BRASS",No plausible UCC match found
9406008010,COMMERCIAL GREENHOUSES OF PREFABRICATED BUILDINGS OF METAL,No plausible UCC match found
9406008020,"GREENHOUSES OF PREFABRICATED BUILDINGS OF METAL, EXCEPT COMMERCIAL",No plausible UCC match found
9406008025,PREFABRICATED BUILDINGS OF METAL,No plausible UCC match found
9406008030,PREFABRICATED BUILDINGS OF METAL,No plausible UCC match found
9406008050,"ANIMAL SHEDS OF PLASTIC, PREFABRICATED BUILDINGS",No plausible UCC match found
9406008090,"PREFABRICATED BUILDINGS, NESOI",No plausible UCC match found
9406900010,COMMERCIAL GREENHOUSES OF PREFABRICATED BUILDINGS OF METAL,No plausible UCC match found
9406900020,"GREENHOUSES OF PREFABRICATED BUILDINGS OF METAL, EXCEPT COMMERCIAL",No plausible UCC match found
9406900025,PREFABRICATED BUILDINGS OF METAL,No plausible UCC match found
9406900030,PREFABRICATED BUILDINGS OF METAL,No plausible UCC match found
9406900050,"ANIMAL SHEDS OF PLASTIC, PREFABRICATED BUILDINGS",No plausible UCC match found
9406900090,"PREFABRICATED BUILDINGS, NESOI",No plausible UCC match found
9504202000,BILLIARD BALLS,No plausible UCC match found
9504204000,BILLIARD CHALK,No plausible UCC match found
9504909040,BOWLING BALLS,No plausible UCC match found
9505101000,CHRISTMAS ORNAMENTS OF GLASS,No plausible UCC match found
9506112000,CROSS-COUNTRY SKIS,No plausible UCC match found
9506114010,SNOWBOARDS,No plausible UCC match found
9506114080,"SNOW SKIS, NESOI",No plausible UCC match found
9506115000,SNOW-SKIS,No plausible UCC match found
9506214000,SAILBOARDS,No plausible UCC match found
9506290030,SURF-BOARDS,No plausible UCC match found
9506320000,GOLF BALLS,No plausible UCC match found
9506598020,RACQUETBALL RACKETS,No plausible UCC match found
9506598040,SQUASH RACKETS,No plausible UCC match found
9506624040,FOOTBALLS,No plausible UCC match found
9506624080,SOCCER BALLS,No plausible UCC match found
9506628020,BASKETBALLS,No plausible UCC match found
9506628040,VOLLEYBALLS,No plausible UCC match found
9506628060,"INFLATABLE BALLS, NESOI",No plausible UCC match found
9506629000,"INFLATABLE BALL, NESOI",No plausible UCC match found
9506692040,BASEBALLS,No plausible UCC match found
9506692080,SOFTBALLS,No plausible UCC match found
9506696010,POLO BALLS,No plausible UCC match found
9506910010,EXCERCISE CYCLES,No plausible UCC match found
9506990800,BADMINTON NET OF COTTON,No plausible UCC match found
9506992800,LACROSSE STICKS,No plausible UCC match found
9506993500,SKEET TARGETS,No plausible UCC match found
9507204000,SNELLED HOOKS,No plausible UCC match found
9602001040,UNFILLED GELATIN CAPSULES,No plausible UCC match found
9603210000,"TOOTHBRUSHES, INCL DENTAL-PLATE BRUSHES",No plausible UCC match found
9603298010,"HAIRBRUSHES, VALUED OVER .40 EACH",No plausible UCC match found
9603904000,FEATHER DUSTERS,No plausible UCC match found
9603908010,WISKBROOMS,No plausible UCC match found
9603908020,UPRIGHT BROOMS,No plausible UCC match found
9603908030,"PUSH BROOMS, 41 CM OR LESS IN WIDTH",No plausible UCC match found
9606290000,"BUTTONS, NESOI",No plausible UCC match found
9606296000,"BUTTONS,NESOI",No plausible UCC match found
9606304000,BUTTON BLANKS OF CASEIN,No plausible UCC match found
9607190000,"SLIDE FASTENERS, NESOI",No plausible UCC match found
9607190060,"SLIDE FASTENERS,NESOI",No plausible UCC match found
9608100000,BALL POINT PENS,No plausible UCC match found
9608300031,INDIA INK DRAWING PENS,No plausible UCC match found
9608408000,"PROPELLING OR SLIDING PENCILS,NESOI",No plausible UCC match found
9608992000,REFILL CARTRIDGES,No plausible UCC match found
9609200000,"PENCIL LEADS, BLACK OR COLORED",No plausible UCC match found
9609204000,"PENCIL LEADS,BLACK OR COLORED,OVER 1.5MM IN MAXIMUM CROSS-SECTIONAL DIMENSION",No plausible UCC match found
9609904000,TAILORS' CHALKS,No plausible UCC match found
9612109010,"TYPEWRITER RIBBONS WOVEN, OF MAN-MADE FIBERS",No plausible UCC match found
9612200000,INK PADS,No plausible UCC match found
9613801010,TABLE LIGHTERS,No plausible UCC match found
9613801040,"TABLE LIGHTERS,BUTANE",No plausible UCC match found
9613801080,"TABLE LIGHTERS,NESOI",No plausible UCC match found
9613801090,"LIGHTERS, NESOI",No plausible UCC match found
9615112000,"COMBS,VAL OVER $4.50 PR GROSS,OF HARD RUBBER",No plausible UCC match found
9615113000,"COMBS,VAL OVER $4.50 PR GROSS,PLASTIC",No plausible UCC match found
9615194000,"COMBS,VALUED OVER $4.50 PER GROSS,NESOI",No plausible UCC match found
9705000010,"GOLD NUMISMATIC (COLLECTORS') COINS, 250 YEARS OR MORE IN AGE",No plausible UCC match found
9705000030,GOLD NUMISMATIC (COLLECTORS') COINS,No plausible UCC match found
9705000040,"NUMISMATIC (COLLECTORS') COINS, EXCEPT GOLD, 250 YEARS OR MORE IN AGE",No plausible UCC match found
9705000050,"GOLD NUMISMATIC (COLLECTORS') COINS, NESOI",No plausible UCC match found
9705000060,"NUMISMATIC (COLLECTORS') COINS, EXCEPT GOLD",No plausible UCC match found
9705000065,"NUMISMATIC (COLLECTORS') COINS, EXCEPT GOLD, NESOI",No plausible UCC match found
9705000090,"COLLECTIONS & CLLCTRS' PCS OF ZOOLOGICAL,BOTANICAL,MINERALOGICAL,ANATOMICAL,HISTORICAL,ARCHAEOLOGICAL,PALAEONTOLOGICAL,ETHNOGRAPHIC INT EXC NUMISMATIC",No plausible UCC match found
9706000000,ANTIQUES OF AN AGE EXCEEDING ONE HUNDRED YEARS,No plausible UCC match found
9706000020,SILVERWARE OF AN AGE EXCEEDING 100 YEARS,No plausible UCC match found
9706000060,"ANTIQUES OF AGE EXCEEDING ONE HUNDRED YEARS, NESOI",No plausible UCC match found
9801002500,"ARTCLS REIMPTED & DUTY WAS PAID ON PREVI IMP IF (1) EXP IN 3 YRS AFTER DATE OF SUCH PREV IMP,(2) REIMP W/O ADV IN VALUE OR IMPROV IN COND....",No plausible UCC match found
9999950000,ESTIMATED IMPORTS OF LOW VALUED TRANSACTIONS,No plausible UCC match found
